serial,firm,permission_date,permission_date_raw,permission_no,drug_name,indication,dosage_form,permission_type,source_name,source_url,out_of_scope,out_of_scope_reason,retrieved_utc
1,M/s Reliance Life Sciences Pvt. Ltd.,2020-02-21,21-02-2020,MF/BIO/20/000009,Omalizumab powder for solution for Injection,Asthma Omalizumab is indicated for adult patients with moderate to severe persistent asthma who have a positive skin test or invitro reactivity to a perennial aeroallergen and whose symptoms are inadequately controlled with inhaled corticosteroids. Limitations of Use:  Omalizumab is not indicated for the relief of acute bronchospasm or status asthmaticus.  Omalizumab is not indicated for treatment of other allergic conditions. Chronic Idiopathic Urticaria (CIU) Omalizumab is indicated for the treatment of adult patients with chronic idiopathic urticaria who remain symptomatic despite H1 antihistamine treatment. Limitation of Use:  Omalizumab is not indicated for treatment of other forms of urticaria.,Dosage Form: Lyophilized Powder for solution for Injection; Strength: 150 mg. Omalizumab powder for solution for Injection (subcutaneous route) 1. Single Use Vial (Single vial containing lyophilized product in the strength of 150 mg) 2. Combikit,manufacture,CDSCO r-DNA register — CT-21 Approvals Jan 2020 - June 2026.pdf,https://cdsco.gov.in/opencms/opencms/en/biologicals/rDNA/,False,,2026-08-05T12:34:01+00:00
2,M/s Reliance Life Sciences Pvt. Ltd.,2020-02-26,26-02-2020,MF/BIO/20/000011,Omalizumab (new bulk drug substance) (90.00 mg/ml to 110.00 mg/ml),,Omalizumab (new bulk drug substance) (90.00 mg/ml to 110.00 mg/ml),manufacture,CDSCO r-DNA register — CT-21 Approvals Jan 2020 - June 2026.pdf,https://cdsco.gov.in/opencms/opencms/en/biologicals/rDNA/,False,,2026-08-05T12:34:01+00:00
3,M/s Reliance Life Sciences Pvt. Ltd,2020-03-30,30-03-2020,MF/BIO/20/000024,Ranibizumab Injection,Indicated for the Neovascular (Wet) Age-Related Macular Degeneration (AMD).,Dosage Form: Solution for Injection in vial. Strength: Ranibizumab 0.5 mg -10mg/ml (2.3 mg/0.23ml) - Ranibizumab 0.3 mg - 6mg/ml (1.38 mg /0.23 ml) 1. Single Use Vial (Single vial containing of 0.5 mg or o.3 mg Ranibizumab) 2. Combikit,manufacture,CDSCO r-DNA register — CT-21 Approvals Jan 2020 - June 2026.pdf,https://cdsco.gov.in/opencms/opencms/en/biologicals/rDNA/,False,,2026-08-05T12:34:01+00:00
4,M/s Reliance Life Sciences Pvt. Ltd,2020-04-03,3-04-2020,MF/BIO/20/000026,Ranibizumab bulk drug substance,,Ranibizumab bulk drug substance 12 mg/mL to 18 mg/mL,manufacture,CDSCO r-DNA register — CT-21 Approvals Jan 2020 - June 2026.pdf,https://cdsco.gov.in/opencms/opencms/en/biologicals/rDNA/,False,,2026-08-05T12:34:01+00:00
5,M/s USV Private Limited,2020-04-13,13-04-2020,MF/BIO/20/000030,Pegfilgrastim bulk drug substance,,Pegfilgrastim bulk drug substance,manufacture,CDSCO r-DNA register — CT-21 Approvals Jan 2020 - June 2026.pdf,https://cdsco.gov.in/opencms/opencms/en/biologicals/rDNA/,True,pegfilgrastim is an oncology molecule,2026-08-05T12:34:01+00:00
6,M/s Biocon Biologics India Limited,2020-09-21,21-09-2020,MF 378/2012,Itolizumab Injection (r- DNA origin) 100 mg/vial lyophilized powder, Treatment of patients with active moderate to severe chronic plaque psoriasis who are candidates for systemic therapy.  Restricted Emergency Use in the country for the treatment of Cytokine Release Syndrome (CRS) in moderate to severe Acute Respiratory Distress Syndrome (ARDS) patients due to COVID-19,Lyophilized powder for i.v injection. Each vial of Itolizumab Injection is reconstituted with approximately 1.1 mL of sterile water for injection. This results in a protein concentration of approximately 100 mg/mL Strength: 100mg/mL,manufacture,CDSCO r-DNA register — CT-21 Approvals Jan 2020 - June 2026.pdf,https://cdsco.gov.in/opencms/opencms/en/biologicals/rDNA/,False,,2026-08-05T12:34:01+00:00
7,M/s Biocon Biologics India Limited,2020-09-22,22-09-2020,BULK - 377/2012,Itolizumab bulk drug substance (r-DNA origin),,"Itolizumab bulk drug substance (r-DNA origin) 27±2 mg/mL, inhouse specification",manufacture,CDSCO r-DNA register — CT-21 Approvals Jan 2020 - June 2026.pdf,https://cdsco.gov.in/opencms/opencms/en/biologicals/rDNA/,False,,2026-08-05T12:34:01+00:00
8,M/s Mylan Pharmaceutical s Private Limited,2021-01-07,07-01-2021,MF/BIO/21/000005,Etanercept,"Rheumatoid Arthritis (RA)–□Etanercept in combination with methotrexate is indicated for the treatment of moderate to severe active rheumatoid arthritis in adults when the response to disease-modifying antirheumatic drugs, including methotrexate (unless contraindicated), has been inadequate.□Etanercept can be given as monotherapy in case of intolerance to methotrexate or when continued treatment with methotrexate is inappropriate□Etanercept is also indicated in the treatment of severe, active and progressive rheumatoid arthritis in adults not previously treated with methotrexate. □Etanercept, alone or in combination with methotrexate, has been shown to reduce the rate of progression of joint damage as measured by X-ray and to improve physical functionJuvenile Idiopathic Arthritis (JIA) – □Treatment of polyarthritis (rheumatoid factor positive or negative)and extended oligoarthritis in children and adolescents from the age of 2 years who have had aninadequate response to, or who have proved intolerant of, methotrexate.□Treatment of psoriatic arthritis in adolescents from the age of 12 years who have had an inadequate response to, or who have proved intolerant of, methotrexate.□Treatment of enthesitis-related arthritis in adolescents from the age of 12 years who have had an inadequate response to, or who have proved intolerant of, conventional therapy.□Etanercept has not been studied in children aged less than 2 years.Psoriatic Arthritis (PsA) –Treatment of active and progressive psoriatic arthritis in adults when the response to previous diseasemodifying antirheumatic drug therapy has been inadequate. Etanercept has been shown to improve physical function in patients with psoriatic arthritis, and to reduce the rate of progression of peripheral joint damage as measured by X-ray in patients with polyarticular symmetrical subtypes of the disease.Axial spondyloarthritisAnkylosing Spondylitis (AS)– Treatment of adults with severe active ankylosing spondylitis who have had an inadequate response to conventional therapy.Nonradiographic Axial Spondyloarthritis (nr-AxSpA)-Treatment of adults with severe non-radiographic axial spondyloarthritis with objective signs of inflammation as indicated by elevated C-reactive protein (CRP) and/or magnetic resonance imaging (MRI) evidence, who have had an inadequate response to nonsteroidal anti-inflammatory drugs (NSAIDs).Plaque Psoriasis (PsO) -Treatment of adults with moderate to severe plaque psoriasis who failed to respond to, or who have a contraindication to, or are intolerant to other systemic therapy, including ciclosporin, methotrexate or psoralenand ultraviolet-A light (PUVA).Pediatric Plaque Psoriasis-Treatment of chronic severe plaque psoriasis in children and adolescents from the age of 6 years who are inadequately controlled by, or are intolerant to, other systemic therapies or phototherapies.",Dosage Form: Solution for subcutaneous Injection (single use) Strength: Pre- filled syringe:(i)50 mg/mL in Prefilled Syringes (ii) 25 mg /0.5 mL in Pre- filled Syringes Pre-filled Pen: (i). 50 mg/mL Pre-filled pen,manufacture,CDSCO r-DNA register — CT-21 Approvals Jan 2020 - June 2026.pdf,https://cdsco.gov.in/opencms/opencms/en/biologicals/rDNA/,False,,2026-08-05T12:34:01+00:00
9,M/s Mylan Pharmaceutica l Private Limited,2021-01-11,11-01-21,Bulk-BIO/03/2021,Etanercept drug substance (r- DNA origin),NA,Protein Concentration 50 ± 5 mg/mL,manufacture,CDSCO r-DNA register — CT-21 Approvals Jan 2020 - June 2026.pdf,https://cdsco.gov.in/opencms/opencms/en/biologicals/rDNA/,False,,2026-08-05T12:34:01+00:00
10,M/s Cadila Healthcare Limited,2021-01-12,12-01-2021,MF/BIO/21/000008,"Trastuzumab emtansine, bulk",NA,"Trastuzumab emtansine (r-DNA origin) Bulk drug substance; (Protein Concentration18.00 –22.00 mg/mL), in-house specification",manufacture,CDSCO r-DNA register — CT-21 Approvals Jan 2020 - June 2026.pdf,https://cdsco.gov.in/opencms/opencms/en/biologicals/rDNA/,True,trastuzumab is an oncology molecule,2026-08-05T12:34:01+00:00
11,M/s Enzene Biosciences Limited,2021-01-28,28-01-2021,MF/BIO/21/000014,Teriparatide,Teriparatide is indicated in adults. Treatment of osteoporosis in postmenopausal women,i) Teriparatide Injection 600mcg/ 2.4 mL Pack style – 1 Disposable Pen of 600 mcg/2.4 mL (ii) Teriparatide Injection 750mcg/ 3 mLReusable pen with cartridge in blisters,manufacture,CDSCO r-DNA register — CT-21 Approvals Jan 2020 - June 2026.pdf,https://cdsco.gov.in/opencms/opencms/en/biologicals/rDNA/,False,,2026-08-05T12:34:01+00:00
12,M/s Cadila Healthcare Limited,2021-04-23,23-04-21,"MF-266/11, dated 21.06.2011",Pegylated Interferon alfa- 2b,Additional indication - Restricted Emergency Use in the country in emergency situation in the treatment of moderate COVID-19 infection in adults,"Pegylated Interferon alfa- 2b for Injection (r-DNA origin) 50 µg/0.5ml, 80 µg/0.5ml, 100 µg/0.5ml, 120 µg/0.5ml and 150 µg/0.5ml powder for concentrate for solution for infusion in single use vial (lyophilized vial for subcutaneous)",manufacture,CDSCO r-DNA register — CT-21 Approvals Jan 2020 - June 2026.pdf,https://cdsco.gov.in/opencms/opencms/en/biologicals/rDNA/,False,,2026-08-05T12:34:01+00:00
13,M/s Epygen Biotech Private Limited,2021-05-21,21-05-21,MF/BIO/21/000046,Biphasic Isophane Insulin Injection IP,Treatment of Diabetes mellitus,"Dosage form: Suspension for Injection for subcutaneous administration Strength: 40 IU/ml, 10 mL vials",manufacture,CDSCO r-DNA register — CT-21 Approvals Jan 2020 - June 2026.pdf,https://cdsco.gov.in/opencms/opencms/en/biologicals/rDNA/,False,,2026-08-05T12:34:01+00:00
14,M/s Enzene Biosciences Ltd,2021-07-01,01-07-21,MF/BIO/21/000056,Romiplostim injection,"Romiplostim is indicated for the treatment of primary immune thrombocytopenia (ITP) in adult patients who are refractory to other treatments (e.g. corticosteroids, immunoglobulins).","Dosage Form: Lyophilized powder for solution for injection in single use vial to be used as solution for Injection for subcutaneous use after reconstitution Strength: Romiplostim Injection (r-DNA Origin) 125 mcg/vial, 250 mcg/vial and 500 mcg/vial",manufacture,CDSCO r-DNA register — CT-21 Approvals Jan 2020 - June 2026.pdf,https://cdsco.gov.in/opencms/opencms/en/biologicals/rDNA/,True,romiplostim is an oncology molecule,2026-08-05T12:34:01+00:00
15,M/s Enzene Biosciences Ltd,2021-07-01,01-07-21,MF/BULK/BD/190/2 021,Recombinant Romiplostim drug substance,NA,Recombinant Romiplostim drug substance 0.50 ± 10% mg/mL (0.45 to 0.55 mg/mL),manufacture,CDSCO r-DNA register — CT-21 Approvals Jan 2020 - June 2026.pdf,https://cdsco.gov.in/opencms/opencms/en/biologicals/rDNA/,True,romiplostim is an oncology molecule,2026-08-05T12:34:01+00:00
16,"M/s Enzene Biosciences Ltd., Plot No. 165/1/26, Block ‘T’, Bhosari M.I.D.C Area, Bhosari, Pune – 411026, Maharashtra, India",2021-07-20,20-07-2021,MF/BIO/21/00006 2,Denosumab 60mg/ml (r- DNA origin),Denosumab is indicated for the treatment of osteoporosis in postmenopausal women.,solution for subcutaneous Injection in prefilled syringe Concentration: 60mg/ml,manufacture,CDSCO r-DNA register — CT-21 Approvals Jan 2020 - June 2026.pdf,https://cdsco.gov.in/opencms/opencms/en/biologicals/rDNA/,False,,2026-08-05T12:34:01+00:00
17,"M/s Enzene Biosciences Ltd., Plot No. 165/1/26, Block ‘T’, Bhosari M.I.D.C Area, Bhosari, Pune – 411026, Maharashtra, India",2021-07-20,20-07-2021,MF/BULK/BD/21 1/2021,Denosumab (r- DNA origin) drug substance,NA,Concentration: 90 ± 20 mg/mL (70 to 110 mg/mL),manufacture,CDSCO r-DNA register — CT-21 Approvals Jan 2020 - June 2026.pdf,https://cdsco.gov.in/opencms/opencms/en/biologicals/rDNA/,False,,2026-08-05T12:34:01+00:00
18,"M/s Bharat Serums and Vaccines Limited, 17th Floor, Hoechst House, NarimanPoi nt, Mumbai (India) - 400021",2021-08-16,16-08-2021,NOC for additional Strength & presentation-Pre Filled Syringe (PFS) vide F.No. BIO/MA/21/00005 2,Recombinant Human Follicle Stimulating Hormone I.P.,"For the treatment of an ovulation in women, non-responsive to clomiphene citrate.",Dosage Form: Solution for Injection in Prefilled Pen for multidose usage Strength:450 IU/0.75ml,manufacture,CDSCO r-DNA register — CT-21 Approvals Jan 2020 - June 2026.pdf,https://cdsco.gov.in/opencms/opencms/en/biologicals/rDNA/,False,,2026-08-05T12:34:01+00:00
19,"M/s Bharat Serums and Vaccines Limited, 17th Floor, Hoechst House, NarimanPoi nt, Mumbai (India) - 400021",2021-08-16,16-08-2021,NOC for additional Strength BIO/MA/21/00005,Recombinant Human Follicle Stimulating Hormone I.P.,"For the treatment of an ovulation in women, non-responsive to clomiphene citrate.",Dosage Form: Solution for Injection in Prefilled Pen for multidose usage Strength: 900 IU/1.5mL,manufacture,CDSCO r-DNA register — CT-21 Approvals Jan 2020 - June 2026.pdf,https://cdsco.gov.in/opencms/opencms/en/biologicals/rDNA/,False,,2026-08-05T12:34:01+00:00
20,"M/s. Intas Pharmaceu ticals Ltd Corporate House, Near Sola Bridge S.G. Highway, Thaltej Ahmedaba d Gujarat (India) – 380054",2021-08-22,22-08-2021,MF/BIO/21/00008 3,Denosumab," Prevention of skeletal related events in patients with advanced alignancies involving bone,  Prevention of skeletal related events in patients with multiple myeloma,  Treatment of adults and skeletally mature adolescents with giant cell tumour of bone that is unresectable or where surgical resection is likely to result in severe morbidity,  Treatment of hypercalcemia of alignancy refractory to bisphosphonate therapy",Dosage Form: Solution for injection in vial Strength: 70 mg/ml,manufacture,CDSCO r-DNA register — CT-21 Approvals Jan 2020 - June 2026.pdf,https://cdsco.gov.in/opencms/opencms/en/biologicals/rDNA/,False,,2026-08-05T12:34:01+00:00
21,"M/s Bharat Serums and Vaccines Limited, 17th Floor, Hoech st House, Narim an Point, Mumbai – 400 021, Maharashtra, India",2021-08-24,24-08-2021,NOC for additional strength vide F. No. BIO/MA/21/00004 6,Recombinant Anti Rho-D Immunoglobulin,"Indicated to prevent Rh Negative Women from forming antibodies to foetal rhesus positive red blood cells, that may pass in to the maternal blood during child birth, abortion or certain other sensitizing events",Dosage Form: Solution for injection for intramuscular administration only Strength: 150 mcg in 2 ml Vial,manufacture,CDSCO r-DNA register — CT-21 Approvals Jan 2020 - June 2026.pdf,https://cdsco.gov.in/opencms/opencms/en/biologicals/rDNA/,False,,2026-08-05T12:34:01+00:00
22,"M/s Biopharma Limited, H.No. 8-3- 166/1 & 2, 105 to 108, 1st Floor, G Block, East Wing, Challa Hyderabad - 500018, Telangana, India",,03-09- 2021,MF/BULK/BD/25 9 /2021,Tocilizumab drug substance (r-DNA origin),NA,Concentration: 20 mg/mL,manufacture,CDSCO r-DNA register — CT-21 Approvals Jan 2020 - June 2026.pdf,https://cdsco.gov.in/opencms/opencms/en/biologicals/rDNA/,False,,2026-08-05T12:34:01+00:00
23,"M/s Biopharma 105 to 108, 1st Floor, G Block, East Wing, Challa",2021-10-03,03-10-2021,MF/BIO/21/00010 4,Tocilizumab,"Indicated for Restricted use of the drug under emergency situation in the country to treat COVID-19 hospitalized adults who are receiving systemic corticosteroids and require supplemental oxygen, noninvasive or invasive mechanical ventilation, or extracorporeal membrane oxygenation (ECMO)",Dosage Form: Concentrate for solution for infusion in single use vial Strengths - (i) 80 mg/4 mL (ii) 200 mg/10 mL (iii) 400 mg/20 mL,manufacture,CDSCO r-DNA register — CT-21 Approvals Jan 2020 - June 2026.pdf,https://cdsco.gov.in/opencms/opencms/en/biologicals/rDNA/,False,,2026-08-05T12:34:01+00:00
24,"M/s Lupin Limited, Kalpataru Inspire, 3rd Maharashtra, India",2021-10-29,29-10-2021,MF/BULK/BD/31 4/2021,Ranibizumab drug substance (r-DNA origin),NA,Concentration: 9.5 –11 mg/mL,manufacture,CDSCO r-DNA register — CT-21 Approvals Jan 2020 - June 2026.pdf,https://cdsco.gov.in/opencms/opencms/en/biologicals/rDNA/,False,,2026-08-05T12:34:01+00:00
25,"M/s Lupin Limited, Kalpataru Inspire, 3rd Maharashtra, India",2021-10-29,29-10-2021,MF/BIO/21/00011 9,Ranibizumab,Indicated for the treatment of neovascular (wet) age – related macular degeneration (AMD),Dosage Form: Solution for intravitreal injection in vial Strength – 10 mg/mL,manufacture,CDSCO r-DNA register — CT-21 Approvals Jan 2020 - June 2026.pdf,https://cdsco.gov.in/opencms/opencms/en/biologicals/rDNA/,False,,2026-08-05T12:34:01+00:00
26,"M/s Biogenomics Limited, First Floor, Kothari Compound, Opposite Tiku-ji-ni- wadi, Maharashtra, India",,"29-10- 2021 Mandapa,",MF/BULK/BD/31 2/2021,Recombinant Insulin Aspart I.P. (r-DNA origin) drug substance,NA,lyophilized powder,manufacture,CDSCO r-DNA register — CT-21 Approvals Jan 2020 - June 2026.pdf,https://cdsco.gov.in/opencms/opencms/en/biologicals/rDNA/,False,,2026-08-05T12:34:01+00:00
27,"M/s Biogenomics Limited, First Floor, Kothari Compound, Opposite Tiku-ji-ni- wadi Mandapa, Thane West - 400610, Maharashtra , India",2021-10-29,29-10-2021,MF/BIO/21/00012 0,Recombinant Insulin Aspart I.P.,Indicated for treatment of diabetes mellitus (DM) in adults,Dosage Form: Solution for injection Strength - 100 U/mL or 3.5 mg/mL of Insulin aspart in 3 mL cartridge and 10 mL vial,manufacture,CDSCO r-DNA register — CT-21 Approvals Jan 2020 - June 2026.pdf,https://cdsco.gov.in/opencms/opencms/en/biologicals/rDNA/,False,,2026-08-05T12:34:01+00:00
28,M/s Cadila Healthcare Limited,2020-12-30,30.12.2020,MF/BIO/20/000102,Trastuzumab Emtansine,"1) Metastatic Breast Cancer (MBC) for the treatment of HER2-positive, unresectable locally advanced or metastatic breast cancer, in patients who had previously received trastuzumab and a taxane, separately or in combination. Such patients should have either i) received prior therapy for locally advanced or metastatic disease, or ii) developed a disease recurrence during or within six months of completing adjuvant therapy. 2) Early Breast Cancer (EBC) for the adjuvant treatment of patients with HER2-positive early breast cancer with residual invasive disease in the breast and/or lymph nodes after receiving neo-adjuvant taxanebased and HER2-targeted therapy",Dosage Form: Lyophilized Powder for concentrate for solution for Intravenous infusion in Vial Strength: 100 mg and 160 mg,manufacture,CDSCO r-DNA register — CT-21 Approvals Jan 2020 - June 2026.pdf,https://cdsco.gov.in/opencms/opencms/en/biologicals/rDNA/,True,trastuzumab is an oncology molecule,2026-08-05T12:34:01+00:00
29,"M/s Virchow Biotech Pvt Ltd., Plot No: 4, SV Cooperativ e, Industrial Estate, Jeedimetla Medchal – Malkajgiri (D), Telangana - 500055, India",2021-12-29,29-12-2021,MF/BIO/21/00014 0,Pegylated Recombinant Human Granulocyte Colony Stimulating factor injection,Reduction in the duration of neutropenia and the incidence of febrile neutropenia in patients treated with cytotoxic chemotherapy for malignancy (with the expectation of chronic myeloid leukemia and myelodysplastic syndromes).,Dosage Form: Solution for injection in pre- filled syringe Strength - 6mg/0.6ml.,manufacture,CDSCO r-DNA register — CT-21 Approvals Jan 2020 - June 2026.pdf,https://cdsco.gov.in/opencms/opencms/en/biologicals/rDNA/,True,indication names neutropenia,2026-08-05T12:34:01+00:00
30,"M/s Dr Reddys Laboratories Limited, Survey No. 47, Bachupally Village, Bachupally Mandal, Hyderabad (India) – 500090",2021-12-29,29-12-2021,MF/BIO/21/00014 1,Rituximab (r- DNA origin) Bulk FDS,NA,Frozen or liquid condition,manufacture,CDSCO r-DNA register — CT-21 Approvals Jan 2020 - June 2026.pdf,https://cdsco.gov.in/opencms/opencms/en/biologicals/rDNA/,True,rituximab is an oncology molecule,2026-08-05T12:34:01+00:00
31,"M/s Bharat Serums and Vaccines Limited, 17th Floor, Hoechst House, NarimanPoi nt, Mumbai (India) - 400021",2022-01-19,19-01-2022,NOC vide F. No. BIO/MA/21/00005 4,Recombinant Human Follicle Stimulating Hormone,"For the treatment of an ovulation in women, non-responsive to clomiphene citrate.",Dosage Form: Solution for injection in prefilled pen (Multidose) Strength - 1200 I.U. / 2.0 mL,manufacture,CDSCO r-DNA register — CT-21 Approvals Jan 2020 - June 2026.pdf,https://cdsco.gov.in/opencms/opencms/en/biologicals/rDNA/,False,,2026-08-05T12:34:01+00:00
32,M/s Dr Reddys Laboratories Limited,2022-04-20,20-04-2022,MF/BIO/22/00003 0,Bevacizumab Formulated Drug Substance in Liquid and Frozen form (r- DNA origin),NA,Concentration: 25 mg/mL,manufacture,CDSCO r-DNA register — CT-21 Approvals Jan 2020 - June 2026.pdf,https://cdsco.gov.in/opencms/opencms/en/biologicals/rDNA/,True,bevacizumab is an oncology molecule,2026-08-05T12:34:01+00:00
33,"M/s Anamay Biotech Private Limited, 2, Padmja",2022-05-23,23-05-2022,MF/BIO/22/00004 5,Recombinant Human Epidermal Growth Factor Aqueous Bulk,NA,Concentration: NLT 500 μg in 1 mL,manufacture,CDSCO r-DNA register — CT-21 Approvals Jan 2020 - June 2026.pdf,https://cdsco.gov.in/opencms/opencms/en/biologicals/rDNA/,False,,2026-08-05T12:34:01+00:00
34,"M/s Anamay Biotech Private Limited, 2, Padmja",2022-05-23,23-05-2022,MF/BIO/22/00004 6,"Recombinant Human Epidermal Growth Factor, Silver Sulfadiazine and Chlorohexidine Gluconate Cream",For the Treatment of burns,"Dosage Form: Topical Cream Strength: Quantity per gram:  Recombinant Human Epidermal Growth Factor - 10 mcg,  Silver Sulfadiazine- 1%  Chlorohexidi ne Gluconate- 0.2%",manufacture,CDSCO r-DNA register — CT-21 Approvals Jan 2020 - June 2026.pdf,https://cdsco.gov.in/opencms/opencms/en/biologicals/rDNA/,False,,2026-08-05T12:34:01+00:00
35,"M/s Anamay Biotech Private Limited, 2, Padmja",2022-05-24,24-05-2022,MF/BIO/22/00004 8,Recombinant Human Epidermal Growth Factor,"indicated for the topical healing of diabetic foot ulcers, donor site skin grafts and burn wounds","Dosage Form: Topical gel Strength: 10 μg, 60 μg and 150 μg Topical gel",manufacture,CDSCO r-DNA register — CT-21 Approvals Jan 2020 - June 2026.pdf,https://cdsco.gov.in/opencms/opencms/en/biologicals/rDNA/,False,,2026-08-05T12:34:01+00:00
36,"M/s Lupin Limited, Kalpataru Inspire, 3rd Floor, Off Western Express Highway, Santacruz (East), Mumbai – 400055, Maharashtra, India",2022-06-17,17-06-2022,NOC for additional indications vide F. No.,Ranibizumab,"1. The treatment of visual impairment due to diabetic macular oedema (DME), 2. The treatment of macular edema following retinal vein occlusion (RVO), 3. The treatment of visual impairment due to choroidal neovascularization (CNV) secondary to pathologic myopia (PM)",Dosage Form: Solution for injection in Vial Strength: 10 mg/ml,manufacture,CDSCO r-DNA register — CT-21 Approvals Jan 2020 - June 2026.pdf,https://cdsco.gov.in/opencms/opencms/en/biologicals/rDNA/,False,,2026-08-05T12:34:01+00:00
37,M/s Intas Pharmaceuti cals Limited,2022-07-06,06-07-2022,PAC for additional indication vide F.No. 4-93/Intas/ PAC-R- Ranibizumab/202 1- BD,Ranibizumab,"Ranibizumab is indicated in preterm infants for the treatment of retinopathy of prematurity (ROP) with zone I (stage 1+, 2+, 3 or 3+), Zone II (Satge 3+) or AP-ROP (aggressive posterior ROP) disease”.",Dosage Form: Solution for injection in vial Strength: 10 mg/mL,manufacture,CDSCO r-DNA register — CT-21 Approvals Jan 2020 - June 2026.pdf,https://cdsco.gov.in/opencms/opencms/en/biologicals/rDNA/,False,,2026-08-05T12:34:01+00:00
38,"M/s Bharat Serums and Vaccines Limited, 17th Floor, Hoechst House, India",2022-08-22,22-08-2022,NOC for new strength vide F. No. BIO/MA/22/00006 0,Recombinant Human Follicle Stimulating Hormone,"For the treatment of an ovulation in women, non-responsive to clomiphene citrate.",Dosage Form: Solution for Injection in Prefilled Pen for multidose usage Strength: 300 IU/0.5ml,manufacture,CDSCO r-DNA register — CT-21 Approvals Jan 2020 - June 2026.pdf,https://cdsco.gov.in/opencms/opencms/en/biologicals/rDNA/,False,,2026-08-05T12:34:01+00:00
39,"M/s Bharat Serums and Vaccines Limited, 17th",2022-09-29,29-09-2022,NOC for additional presentation-Pre Filled Syringe (PFS) vide F. No. BIO/MA/21/00011 5,Recombinant Anti Rho-D Immunoglobulin,"r-anti-D is indicated to prevent Rh Negative Women from forming antibodies to foetal rhesus positive red blood cells, that may pass in to the maternal blood during child birth, abortion or certain other sensitizing events.",Dosage Form: Solution for injection in Pre- filled syringe for intramuscular administration only Strength: 150 mcg / 1mL,manufacture,CDSCO r-DNA register — CT-21 Approvals Jan 2020 - June 2026.pdf,https://cdsco.gov.in/opencms/opencms/en/biologicals/rDNA/,False,,2026-08-05T12:34:01+00:00
40,M/s Enzene Biosciences Ltd.,2022-10-28,28-10-2022,MF/BIO/22/000100,Adalimumab (r-DNA Origin),Adalimumab is indicated for the treatment of adults with severe active ankylosing spondylitis who have had an inadequate response to conventional therapy.,Dosage Form: Solution for injection in PFS. Strength: 100 mg/mL,manufacture,CDSCO r-DNA register — CT-21 Approvals Jan 2020 - June 2026.pdf,https://cdsco.gov.in/opencms/opencms/en/biologicals/rDNA/,False,,2026-08-05T12:34:01+00:00
41,M/s Enzene Biosciences Ltd.,2022-12-08,08-12-2022,MF/BIO/21/000014,Teriparatide,1) Treatment of postmenopausal women with osteoporosis at high risk for fracture or patients who have failed or are intolerant to other available osteoporosis therapy. 2) Increase of bone mass in men with primary or hypogonadal osteoporosis at high risk for fracture,Dosage Form: Solution for subcutaneous Injection Strength: 600 mcg/2.4ml and 750 mcg/3ml or patients who have failed or are intolerant to other available osteoporosis therapy. 3) Treatment of men and women with osteoporosis associated with sustained systemic glucocorticoid therapy at high risk for fracture or patients who have failed or are intolerant to other available osteoporosis therapy.,manufacture,CDSCO r-DNA register — CT-21 Approvals Jan 2020 - June 2026.pdf,https://cdsco.gov.in/opencms/opencms/en/biologicals/rDNA/,False,,2026-08-05T12:34:01+00:00
42,M/s Reliance Life Sciences Private Limited,,,19-12-2022,MF/BIO/22/000133,Denosumab (r-DNA Origin),Denosumab is indicated for the treatment of postmenopausal women with osteoporosis at high risk for fracture.,manufacture,CDSCO r-DNA register — CT-21 Approvals Jan 2020 - June 2026.pdf,https://cdsco.gov.in/opencms/opencms/en/biologicals/rDNA/,False,,2026-08-05T12:34:01+00:00
43,M/s Biosciences Ltd.,,Enzene,16-01-2023,MF/BIO/23/000001,Cetuximab,Squamous cell cancer of the head and neck.,manufacture,CDSCO r-DNA register — CT-21 Approvals Jan 2020 - June 2026.pdf,https://cdsco.gov.in/opencms/opencms/en/biologicals/rDNA/,False,,2026-08-05T12:34:01+00:00
44,M/s. Hetero Biopharma Limited,,,31-01-2023,,Tenecteplase,Tenecteplase is indicated in adults for the thrombolytic treatment of suspected myocardial infarction with persistent ST elevation or recent left Bundle Branch Block within 6 hours after the onset of acute myocardial infarction (AMI) symptoms,manufacture,CDSCO r-DNA register — CT-21 Approvals Jan 2020 - June 2026.pdf,https://cdsco.gov.in/opencms/opencms/en/biologicals/rDNA/,False,,2026-08-05T12:34:01+00:00
45,M/s Wockhardt Limited,,,14-02-2023,,Erythropoietin,Anaemia associated with chronic renal failure in haemodialysis in adults or peritoneal dialysis and non- dialysed adults,manufacture,CDSCO r-DNA register — CT-21 Approvals Jan 2020 - June 2026.pdf,https://cdsco.gov.in/opencms/opencms/en/biologicals/rDNA/,False,,2026-08-05T12:34:01+00:00
46,M/s Enzene Biosciences Ltd.,,,21-02-2023,,Bevacizumab,Bevacizumab in combination with fluoropyrimidine- based chemotherapy is indicated for treatment of adult patients with metastatic carcinoma of the colon or rectum,manufacture,CDSCO r-DNA register — CT-21 Approvals Jan 2020 - June 2026.pdf,https://cdsco.gov.in/opencms/opencms/en/biologicals/rDNA/,False,,2026-08-05T12:34:01+00:00
47,M/s Sun Pharmaceutical Industries Limited,,,24-03-2023,,Ranibizumab,Indicated for the treatment of neovascular age-related macular degeneration (AMD),manufacture,CDSCO r-DNA register — CT-21 Approvals Jan 2020 - June 2026.pdf,https://cdsco.gov.in/opencms/opencms/en/biologicals/rDNA/,False,,2026-08-05T12:34:01+00:00
48,M/s Enzene Biosciences Ltd.,,,10-04-2023,MF/BIO/23/000031,Denosumab injection risk for fracture receiving androgen deprivation therapy for non-metastatic prostate cancer.  Treatment to increase bone mass in women at high risk for fracture receiving adjuvant aromatase inhibitor therapy for breast cancer, Treatment to increase bone mass in men with osteoporosis at high risk of fracture.  Treatment of bone loss associated with long-term systemic glucocorticoid therapy in adult patients at increased risk of fracture.  Treatment to increase bone mass in men at high,manufacture,CDSCO r-DNA register — CT-21 Approvals Jan 2020 - June 2026.pdf,https://cdsco.gov.in/opencms/opencms/en/biologicals/rDNA/,True,indication names metastatic,2026-08-05T12:34:01+00:00
49,M/s Reliance Life Sciences Pvt. Ltd.,2023-04-26,26-04-2023,MF/BIO/23/000038,Golimumab Injection,"Golimumab in combination with methotrexate (MTX), is indicated for the treatment of adult patients with moderately to severely active rheumatoid arthritis",Dosage Form: Solution for injection in Single use prefilled syringe for subcutaneous injection. Strength: 50 mg/0.5 mL and 100 mg/mL,manufacture,CDSCO r-DNA register — CT-21 Approvals Jan 2020 - June 2026.pdf,https://cdsco.gov.in/opencms/opencms/en/biologicals/rDNA/,False,,2026-08-05T12:34:01+00:00
50,M/s Reliance Life Sciences Pvt. Ltd.,2023-04-26,26-04-2023,,Ustekinumab,Ustekinumab is indicated for the treatment of adult patients with moderate to severe plaque psoriasis.,Dosage Form: Solution for injection in Single use prefilled syringe for subcutaneous injection. Strength: 45 mg/0.5 mL and 90 mg/mL,manufacture,CDSCO r-DNA register — CT-21 Approvals Jan 2020 - June 2026.pdf,https://cdsco.gov.in/opencms/opencms/en/biologicals/rDNA/,False,,2026-08-05T12:34:01+00:00
51,M/s Reliance Life Sciences Pvt. Ltd.,2023-05-16,16-05-2023,,Ustekinumab Drug Substance (Bulk),NA,Concentration: 95.00 to 125.00 mg/mL,manufacture,CDSCO r-DNA register — CT-21 Approvals Jan 2020 - June 2026.pdf,https://cdsco.gov.in/opencms/opencms/en/biologicals/rDNA/,False,,2026-08-05T12:34:01+00:00
52,M/s Reliance Life Sciences Pvt. Ltd.,2023-05-16,16-05-2023,,Golimumab Drug Substance (Bulk),NA,Concentration: NLT 110 mg/mL,manufacture,CDSCO r-DNA register — CT-21 Approvals Jan 2020 - June 2026.pdf,https://cdsco.gov.in/opencms/opencms/en/biologicals/rDNA/,False,,2026-08-05T12:34:01+00:00
53,M/s Shilpa Biologicals Private Limited,2023-06-22,22-06-2023,,,"Adalimumab is indicated for Rheumatoid Arthritis (RA) (in adults) • Moderate to severe, active RA • Severe, active and progressive RA",Dosage Form: Solution for Injection (Single use prefilled syringe for subcutaneous injection) Strength: 40 mg/0.4 mL,manufacture,CDSCO r-DNA register — CT-21 Approvals Jan 2020 - June 2026.pdf,https://cdsco.gov.in/opencms/opencms/en/biologicals/rDNA/,False,,2026-08-05T12:34:01+00:00
54,M/s Shilpa Biologicals Private Limited,2023-08-24,24-08-2023,MF/BIO/23/000078,Adalimumab Drug Substance (Bulk),NA,Concentration: 100 mg/ml,manufacture,CDSCO r-DNA register — CT-21 Approvals Jan 2020 - June 2026.pdf,https://cdsco.gov.in/opencms/opencms/en/biologicals/rDNA/,False,,2026-08-05T12:34:01+00:00
55,M/s Enzene Biosciences Ltd.,2023-08-29,29-08-2023,MF/BIO/23/000080,Ranibizumab Injection,Neovascular Age related Macular Degeneration,Dosage Form: Solution for injection in vial Strength: 10 mg/ml,manufacture,CDSCO r-DNA register — CT-21 Approvals Jan 2020 - June 2026.pdf,https://cdsco.gov.in/opencms/opencms/en/biologicals/rDNA/,False,,2026-08-05T12:34:01+00:00
56,M/s Levim Biotech LLP,2023-08-24,24-08-2023,MF/BIO/23/000076,Liraglutide,For the treatment of Type II Diabetes Mellitus.,Dosage Form: Solution for Injection in 3 ml cartridge (18mg/3mL) Strength: 10 mg/mL,manufacture,CDSCO r-DNA register — CT-21 Approvals Jan 2020 - June 2026.pdf,https://cdsco.gov.in/opencms/opencms/en/biologicals/rDNA/,False,,2026-08-05T12:34:01+00:00
57,M/s Zenotech Laboratories Limited,2023-10-05,05-10-2023,MF/BIO/23/000089,Ranibizumab,Indicated for the treatment of neovascular age- related macular degeneration (AMD)”,Dosage Form: Single- use glass vial for intravitreal injections Strength: 10 mg/ml,manufacture,CDSCO r-DNA register — CT-21 Approvals Jan 2020 - June 2026.pdf,https://cdsco.gov.in/opencms/opencms/en/biologicals/rDNA/,False,,2026-08-05T12:34:01+00:00
58,M/s Gennova Biopharmace uticals Limited,2023-10-27,27-10-2023,MF/BIO/23/000093,Tenecteplase,Revision of Approved Indication: Tenecteplase (TNK-t-PA) is indicated in thrombolytic treatment of the Acute Ischemic Stroke within 4.5 hrs of the stroke initiation,Dosage Form: powder for injection. Strength: 20 mg/10mL Vial,manufacture,CDSCO r-DNA register — CT-21 Approvals Jan 2020 - June 2026.pdf,https://cdsco.gov.in/opencms/opencms/en/biologicals/rDNA/,False,,2026-08-05T12:34:01+00:00
59,M/s Reliance Life Sciences Pvt. Ltd.,2023-11-29,29-11-2023,MF/BIO/23/000098 Note: Approval of Additional Indication.,Bevacizumab,Additional Indication: Hepatocellular Carcinoma (HCC) -Bevacizumab in combination with Atezolizumab for the treatment of patients with unresectable or metastatic HCC who have not received prior systemic therapy.,Dosage Form: Solution for infusion. Strength: 100 mg/4mL & 400mg/16mL,manufacture,CDSCO r-DNA register — CT-21 Approvals Jan 2020 - June 2026.pdf,https://cdsco.gov.in/opencms/opencms/en/biologicals/rDNA/,True,bevacizumab is an oncology molecule,2026-08-05T12:34:01+00:00
60,M/s Enzene Biosciences Ltd.,2024-01-08,08-01-2024,MF/BIO/24/000002,Ranibizumab Drug Substance,NA,Concentration: 13 mg/mL ±10%,manufacture,CDSCO r-DNA register — CT-21 Approvals Jan 2020 - June 2026.pdf,https://cdsco.gov.in/opencms/opencms/en/biologicals/rDNA/,False,,2026-08-05T12:34:01+00:00
61,M/s Sun Pharmaceuti cals Industries Limited,2024-01-18,18-01-2024,MF/BIO/24/000006 Note: Approval of Additional Indication.,Ranibizumab,Additional Indication: 1. Diabetic Macular Oedema (DME). 2. Macular Oedema following Retinal Vein Occlusion (RVO). 3. Visual impairment due to Choroidal Neovascularization (CNV) secondary to Pathogenic Myopia (PM).,Dosage Form: Single-use glass vial for intravitreal injections Strength: 10 mg/mL,manufacture,CDSCO r-DNA register — CT-21 Approvals Jan 2020 - June 2026.pdf,https://cdsco.gov.in/opencms/opencms/en/biologicals/rDNA/,False,,2026-08-05T12:34:01+00:00
62,M/s M.J. Biopharm Pvt. Ltd,2024-01-19,19-01-2024,MF/BIO/24/000011,Liraglutide,For the treatment of Type II Diabetes Mellitus.,Dosage Form: Single- use glass vial for intravitreal injection Solution for Injection in 3 ml cartridge Strength: 18 mg/3mL,manufacture,CDSCO r-DNA register — CT-21 Approvals Jan 2020 - June 2026.pdf,https://cdsco.gov.in/opencms/opencms/en/biologicals/rDNA/,False,,2026-08-05T12:34:01+00:00
63,M/s Enzene Biosciences Ltd.,2024-01-30,30-01-2024,MF/BIO/24/000014 Note: Approval of Additional Indication.,Bevacizumab,"Additional Indication: 1. Metastatic colorectal cancer, in combination with fluoropyrimidine irinotecan or fluoropyrimidine- oxaliplatin-based chemotherapy for second-line treatment in patients who have progressed on a first-line Bevacizumab-containing regimen. 2. Bevacizumab in combination with paclitaxel is indicated for first-line treatment of adult patients with metastatic breast cancer. 3. Bevacizumab in combination with capecitabine is indicated for first-line treatment of adult patients with metastatic breast cancer in whom treatment with other chemotherapy options including taxanes or anthracyclines is not considered appropriate.Patients who have received taxane and anthracycline containing regimens in the adjuvant setting within the last 12 months should be excluded from treatment with bevacizumab in combination with capecitabine 4. Bevacizumab in addition to platinum-based chemotherapy, is indicated for first-line treatment of adult patients with unresectable advanced, metastatic or recurrent non-small cell lung cancer other than predominantly squamous cell histology. 5. Bevacizumab in combination with interferon alfa- 2a is indicated for first line treatment of adult patients with advanced and/or metastatic renal cell cancer. 6. Bevacizumab in combination with carboplatin and paclitaxel is indicated for the front-line treatment of adult patients with advanced (International Federation of Gynecology and Obstetrics (FIGO) stages III B, III C and IV) epithelial ovarian, fallopian tube, or primary peritoneal cancer. 7. Bevacizumab in combination with carboplatin and gemcitabine or in combination with carboplatin and paclitaxel, is indicated for treatment of adult patients with first recurrence of platinum-sensitive epithelial ovarian, fallopian tube or primary peritoneal cancer who have not received prior therapy with bevacizumab or other VEGF inhibitors or VEGF receptor targeted agents. 8. Bevacizumab in combination with paclitaxel, topotecan, or pegylated liposomal doxorubicin is indicated for the treatment of adult patients with platinum-resistant recurrent epithelial ovarian, fallopian tube, or primary peritoneal cancer who received no more than two prior chemotherapy regimens and who have not received prior therapy with bevacizumab or other VEGF inhibitors or VEGF receptor targeted agents. 9. Bevacizumab in combination with paclitaxel and cisplatin or, alternatively, paclitaxel and topotecan in patients who cannot receive platinum therapy, is indicated for the treatment of adult patients with persistent, recurrent, or metastatic carcinoma of the cervix. 10. Recurrent glioblastoma in adults. 11. Hepatocellular Carcinoma (HCC) in combination with atezolizumab for the treatment of patients with unresectable or metastatic HCC who have not received prior systemic therapy.",Dosage Form: Concentrate for solution for infusion in Vial. Strength: 100mg/4mL & 400 mg/16mL,manufacture,CDSCO r-DNA register — CT-21 Approvals Jan 2020 - June 2026.pdf,https://cdsco.gov.in/opencms/opencms/en/biologicals/rDNA/,True,bevacizumab is an oncology molecule,2026-08-05T12:34:01+00:00
64,M/s M.J. Biopharm Pvt. Ltd,2024-03-27,27-03-2024,MF/BIO/24/000039,"Recombinant Insulin Glargine, Drug Substance IP/USP/Ph. Eur",NA,NA,manufacture,CDSCO r-DNA register — CT-21 Approvals Jan 2020 - June 2026.pdf,https://cdsco.gov.in/opencms/opencms/en/biologicals/rDNA/,False,,2026-08-05T12:34:01+00:00
65,M/s M.J. Biopharm Pvt. Ltd,2024-03-27,27-03-2024,MF/BIO/24/000037,Insulin Glargine Injection,For the treatment of patients diagnosed with Type 2 Diabetes Mellitus,Dosage Form: Solution for Injection in 10 ml vial and 3 ml cartridge Strength: 100 IU/mL,manufacture,CDSCO r-DNA register — CT-21 Approvals Jan 2020 - June 2026.pdf,https://cdsco.gov.in/opencms/opencms/en/biologicals/rDNA/,False,,2026-08-05T12:34:01+00:00
66,M/s Curateq Biologics Private Limited,2024-03-27,27-03-2024,MF/BIO/24/000036,Trastuzumab(r- DNA origin) drug substance,NA,Concentration: 22mg/ml±1mg/ml (Frozen liquid) and 25mg/ml ±2mg/ml (Frozen liquid),manufacture,CDSCO r-DNA register — CT-21 Approvals Jan 2020 - June 2026.pdf,https://cdsco.gov.in/opencms/opencms/en/biologicals/rDNA/,True,trastuzumab is an oncology molecule,2026-08-05T12:34:01+00:00
67,M/s Curateq Biologics Private Limited,2024-03-27,27-03-2024,MF/BIO/24/000036,Trastuzumab,For the treatment of HER2-positive metastatic breast cancer,Dosage Form: Powder for concentrate for Solution for Infusion. Strength: 150mg/vial & 420mg/vial,manufacture,CDSCO r-DNA register — CT-21 Approvals Jan 2020 - June 2026.pdf,https://cdsco.gov.in/opencms/opencms/en/biologicals/rDNA/,True,trastuzumab is an oncology molecule,2026-08-05T12:34:01+00:00
68,M/s Zydus Lifesciences Limited,2024-04-04,04-04-2024,MF/BIO/24/000041,Pertuzumab,For the treatment of metastatic breast cancer,Dosage Form: Single dose vial of concentrate solution for intravenous infusion Strength: 420mg/14mL (30mg/mL),manufacture,CDSCO r-DNA register — CT-21 Approvals Jan 2020 - June 2026.pdf,https://cdsco.gov.in/opencms/opencms/en/biologicals/rDNA/,True,pertuzumab is an oncology molecule,2026-08-05T12:34:01+00:00
69,M/s Enzene Biosciences Ltd.,2024-04-29,29-04-2024,MF/BIO/24/000046 Note:,Adalimumab Injection,1.Rheumatoid arthritis 2.Psoriatic arthritis 3.Hidradenitis suppurativa (HS) 4.Crohn's disease 5.Ulcerative colitis 6.Psoriasis 7. Juvenile idiopathic arthritis,"Dosage Form: Strength: 20 mg/ 0.2 mL PFS, 40 mg/ 0.4 mL PFS, 80 mg/ 0.8 mL PFS (100mg/mL)",manufacture,CDSCO r-DNA register — CT-21 Approvals Jan 2020 - June 2026.pdf,https://cdsco.gov.in/opencms/opencms/en/biologicals/rDNA/,False,,2026-08-05T12:34:01+00:00
70,M/s Biocon Biologics Limited,2024-04-30,30-04-2024,MF/BIO/24/000047,Etanercept Injection,"Rheumatoid Arthritis (RA) –  Etanercept in combination with methotrexate is indicated for the treatment of moderate to severe active rheumatoid arthritis in adults when the response to disease-modifying antirheumatic drugs, including methotrexate (unless contraindicated), has been inadequate.  Etanercept can be given as monotherapy in case of intolerance to methotrexate or when continued treatment with methotrexate is inappropriate  Etanercept is also indicated in the treatment of severe, active and progressive rheumatoid arthritis in adults not previously treated with methotrexate.  Etanercept, alone or in combination with methotrexate, has been shown to reduce the rate of progression of joint damage as measured by X-ray and to improve physical function Juvenile Idiopathic Arthritis (JIA) –  Treatment of polyarthritis (rheumatoid factor positive or negative) and extended oligoarthritis in children and adolescents from the age of 2 years who have had an inadequate response to, or who have proved intolerant of, methotrexate.  Treatment of psoriatic arthritis in adolescents from the age of 12 years who have had an inadequate response to, or who have proved intolerant of, methotrexate.  Treatment of enthesitis-related arthritis in adolescents from the age of 12 years who have had an inadequate response to, or who have proved intolerant of, conventional therapy.  Etanercept has not been studied in children aged less than 2 years. Psoriatic Arthritis (PsA) – Treatment of active and progressive psoriatic arthritis in adults when the response to previous disease modifying antirheumatic drug therapy has been inadequate. Etanercept has been shown to improve","Dosage Form: Solution for subcutaneous Injection (single use) Strength: 50mg/mL & 25mg/0.5mL in PFS and 50mg/mL in PFP physical function in patients with psoriatic arthritis, and to reduce the rate of progression of peripheral joint damage as measured by X-ray in patients with polyarticular symmetrical subtypes of the disease. Axial spondyloarthritis Ankylosing Spondylitis (AS) –Treatment of adults with severe active ankylosing spondylitis who have had an inadequate response to conventional therapy. Nonradiographic Axial Spondyloarthritis (nr- AxSpA) -Treatment of adults with severe non- radiographic axial spondyloarthritis with objective signs of inflammation as indicated by elevated C- reactive protein (CRP) and/or magnetic resonance imaging (MRI) evidence, who have had an inadequate response to nonsteroidal anti- inflammatory drugs (NSAIDs). Plaque Psoriasis (PsO) -Treatment of adults with moderate to severe plaque psoriasis who failed to respond to, or who have a contraindication to, or are intolerant to other systemic therapy, including ciclosporin, methotrexate or psoralen and ultraviolet- A light (PUVA). Pediatric Plaque Psoriasis -Treatment of chronic severe plaque psoriasis in children and adolescents from the age of 6 years who are inadequately controlled by, or are intolerant to, other systemic therapies or phototherapies.",manufacture,CDSCO r-DNA register — CT-21 Approvals Jan 2020 - June 2026.pdf,https://cdsco.gov.in/opencms/opencms/en/biologicals/rDNA/,False,,2026-08-05T12:34:01+00:00
71,M/s Biocon Biologics Limited,2024-04-30,30-04-2024,MF/BIO/24/000047,,Etanercept (r- DNA origin) drug substance (bulk);,Not Applicable,manufacture,CDSCO r-DNA register — CT-21 Approvals Jan 2020 - June 2026.pdf,https://cdsco.gov.in/opencms/opencms/en/biologicals/rDNA/,False,,2026-08-05T12:34:01+00:00
72,M/s Reliance Life Sciences Pvt Ltd,2024-07-09,09.07.2024,MF/BIO/24/000077 Note: Approval of Additional Indication,,Ranibizumab,1) Macular Edema Following Retinal Vein Occlusion (RVO) 2) Diabetic Macular Edema (DME) 3) Diabetic Retinopathy (DR) 4) Myopic Choroidal Neovascularization (mCNV),manufacture,CDSCO r-DNA register — CT-21 Approvals Jan 2020 - June 2026.pdf,https://cdsco.gov.in/opencms/opencms/en/biologicals/rDNA/,False,,2026-08-05T12:34:01+00:00
73,M/s Zydus Lifesciences Limited,2024-08-27,27.08.2024,MF/BIO/24/000091 Note: Approval of Additional Indication,,Pertuzumab,Early Breast Cancer Strength: 420 mg/14 mL (30mg/mL),manufacture,CDSCO r-DNA register — CT-21 Approvals Jan 2020 - June 2026.pdf,https://cdsco.gov.in/opencms/opencms/en/biologicals/rDNA/,False,,2026-08-05T12:34:01+00:00
74,M/s Bharat Serums And Vaccines Limited,2024-10-15,15.10.2024,MF/BIO/24/000107 Note: Revised Indication,Trinbelimab,"Trinbelimab Injection (r-anti-D) is indicated to prevent Rh negative women from forming antibodies to foetal Rh positive red blood cells, that may pass into the maternal blood during pregnancy, childbirth, abortion or certain other sensitizing events",Dosage Form: Solution for Injection in Vial and PFS Strength: 300 mcg & 150 mcg,manufacture,CDSCO r-DNA register — CT-21 Approvals Jan 2020 - June 2026.pdf,https://cdsco.gov.in/opencms/opencms/en/biologicals/rDNA/,False,,2026-08-05T12:34:01+00:00
75,M/s Reliance Life Sciences Pvt Ltd,2024-10-25,25.10.2024,MF/BIO/24/000111 Note: Approval of Additional Indication,Golimumab,"a) Golimumab alone or in combination with methotrexate,is indicated for the treatment of adult patients with active psoriatic arthritis. b) Golimumab is indicated for the treatment of adult patients with active ankylosing spondylitis. c) Golimumab is indicated in adult patients with moderately to severely active ulcerative colitis who have demonstrated corticosteroid dependence or who have had an inadequate response to or failed to tolerate oral amino salicylates, oral corticosteroids, azathioprine, or 6-mercaptopurine for: • inducing and maintaining clinical response • improving endoscopic appearance of the mucosa during induction • inducing clinical remission • achieving and sustaining clinical remission in induction responders",Dosage Form: Solution for injection in PFS. Strength: 50mg/0.5ml and 100mg/ml,manufacture,CDSCO r-DNA register — CT-21 Approvals Jan 2020 - June 2026.pdf,https://cdsco.gov.in/opencms/opencms/en/biologicals/rDNA/,False,,2026-08-05T12:34:01+00:00
76,M/s Cadila Pharmaceuti cals Limited,2024-11-27,27.11.2024,MF/BIO/24/000126,Biphasic Isophane Insulin Injection (30/70) IP,For the treatment of Diabetes Mellitus in patients who requires injectable insulin.,Dosage Form: Solution for injection in Vial. Strength: 40IU/mL,manufacture,CDSCO r-DNA register — CT-21 Approvals Jan 2020 - June 2026.pdf,https://cdsco.gov.in/opencms/opencms/en/biologicals/rDNA/,False,,2026-08-05T12:34:01+00:00
77,M/s. Hetero Biopharma Limited,2024-12-20,20.12.2024,MF/BIO/24/000132,Denosumab,"Denosumab 120 mg/ 1.7 ml (70 mg/mL) (r-DNA origin) is indicated for- 1. Prevention of skeletal related events (pathological fracture, radiation to bone, spinal cord compression or surgery to bone) in adults with advanced malignancies involving bone. 2. Treatment of adults and skeletally mature adolescents with giant cell tumour of bone that is unresectable or where surgical resection is likely to result in severe morbidity",Dosage Form: Subcutaneous (SC) Injection in Vial. Strength: 70mg/mL,manufacture,CDSCO r-DNA register — CT-21 Approvals Jan 2020 - June 2026.pdf,https://cdsco.gov.in/opencms/opencms/en/biologicals/rDNA/,False,,2026-08-05T12:34:01+00:00
78,M/s Reliance Life Sciences Pvt. Ltd.,2024-12-23,23.12.2024,MF/BIO/24/000133 Note:,Ustekinumab,1. Psoriatic Arthritis (PsA) UstekiRel® is indicated for the treatment of adult patients with active psoriatic arthritis. UstekiRel® can be used alone or in combination with methotrexate (MTX). 2. Crohn's Disease (CD) UstekiRel® is indicated for the maintenance treatment of adult patients with moderately to severely active Crohn's disease. 3. Ulcerative Colitis (UC) UstekiRel® is indicated for the maintenance treatment of adult patients with moderately to severely active ulcerative colitis,Dosage Form: Solution for injection in PFS. Strength: 45 mg/0.5ml & 90 mg/ml,manufacture,CDSCO r-DNA register — CT-21 Approvals Jan 2020 - June 2026.pdf,https://cdsco.gov.in/opencms/opencms/en/biologicals/rDNA/,False,,2026-08-05T12:34:01+00:00
79,M/s Zydus Lifesciences Limited,2024-12-27,27.12.2024,MF/BIO/24/000136,Nivolumab,"1. Metastatic Non-Small Cell Lung Cancer Nivolumab as a single agent is indicated for the treatment of locally advanced or metastatic non- small cell lung cancer (NSCLC) after prior chemotherapy. Nivolumab, in combination with ipilimumab, is indicated for the first-line treatment of adult patients with metastatic non-small cell lung cancer (NSCLC) whose tumors express PD-L1 (≥1%) as determined by a validated test, with no EGFR or ALK genomic tumor aberrations. Nivolumab, in combination with ipilimumab and 2 cycles of platinum-doublet chemotherapy, is indicated for the first-line treatment of adult patients with metastatic or recurrent non-small cell lung cancer (NSCLC), with no EGFR or ALK genomic tumor aberrations. Nivolumab, in combination with platinum-doublet chemotherapy, is indicated as neoadjuvant treatment of adult patients with resectable (tumors ≥4 cm or node positive) non-small cell lungcancer (NSCLC). 2.Renal Cell Carcinoma Nivolumab as a single agent is indicated for the treatment of patients with advanced renal cell carcinoma (RCC) after prior therapy in adults. Nivolumab is indicated for the treatment of patients with intermediate or poor risk, previously untreated advanced renal cell carcinoma, in combination with ipilimumab. Nivolumab, in combination with cabozantinib, is indicated for the first-line treatment of patients with advanced Renal cell carcinoma (RCC). 3.Squamous Cell Carcinoma of the Head and Neck (SCCHN) Nivolumab as monotherapy is indicated for the treatment of recurrent or metastatic squamous cell carcinoma of the head and neck after platinum- based therapy. 4. Melanoma Nivolumab as a single agent is indicated for the treatment of patients with BRAF V600 wildtype unresectable or metastatic melanoma Nivolumab as a single agent is indicated for the treatment of patients with BRAF V600 mutation positive unresectable or metastatic melanoma. Nivolumab is indicated for the treatment of patients with melanoma with lymph node involvement or metastatic disease who have undergone complete resection, in the adjuvant settings. 5.Classical Hodgkin Lymphoma Nivolumab is indicated for the treatment of adult patients with classical Hodgkin lymphoma (cHL) that has relapsed or progressed after: -autologous hematopoietic stem cell transplantation (HSCT) and brentuximab vedotin, or -3 or more lines of systemic therapy that includes autologous HSCT. 6. Urothelial Carcinoma Nivolumab is indicated for the adjuvant treatment of adult patients with urothelial carcinoma (UC) who are at high risk of recurrence after undergoing radical resection of UC. Nivolumab is indicated for the treatment of patients with locally advanced or metastatic urothelial carcinoma who: -have disease progression during or following platinum-containing chemotherapy. -have disease progression within 12 months of neoadjuvant or adjuvant treatment with platinum containing chemotherapy. 7. Colorectal Cancer (CRC) Nivolumab as monotherapy is indicated for the treatment of adult and pediatric (12 years and older) patients with microsatellite instability-high (MSI-H) or mismatch repair deficient (dMMR) metastatic colorectal cancer that has progressed following treatment with a fluoropyrimidine, oxaliplatin, and irinotecan. 8. Esophageal squamous cell carcinoma (ESCC) Nivolumab is indicated for the treatment of unresectable advanced, recurrent, or metastatic esophageal squamous cell carcinoma (ESCC) after prior fluoropyrimidine-and platinum-based chemotherapy. Nivolumab, in combination with fluoropyrimidine-and platinum-containing chemotherapy, is indicated for the first-line treatment of adult patients with unresectable advanced or metastatic esophageal squamous cell carcinoma (ESCC). 9. Gastric Cancer, Gastroesophageal Junction Cancer and Esophageal Adenocarcinoma Nivolumab, in combination with fluoropyrimidine-and platinum-containing chemotherapy, is indicated for the treatment of patients with advanced or metastatic gastric cancer, gastroesophageal junction cancer, and esophageal adenocarcinoma. 10. Adjuvant treatment of Resected Esophageal or Gastroesophageal Junction Cancer (EC or GEJC) Nivolumab is indicated for the adjuvant treatment of completely resected esophageal or gastroesophageal junction cancer with residual pathologic disease in patients who have received neoadjuvant chemoradiotherapy (CRT).",Dosage Form: concentrate for solution for infusion. Strength: 40 mg/4 mL and 100mg/10mL (10mg/mL),manufacture,CDSCO r-DNA register — CT-21 Approvals Jan 2020 - June 2026.pdf,https://cdsco.gov.in/opencms/opencms/en/biologicals/rDNA/,True,nivolumab is an oncology molecule,2026-08-05T12:34:01+00:00
80,M/s Intas Pharmaceuti cals Ltd.,2025-01-17,17.01.2025,MF/BIO/25/000006,"Pertuzumab, drug substance and drug product","For the treatment of HER2-positive Metastatic Breast Cancer -Pertuzumab is indicated in combination with trastuzumab and docetaxel for patients with HER2- positive metastatic or locally recurrent unresectable breast cancer, who have not yet received any chemotherapy for their metastatic disease",Dosage Form: Concentrate for Solution for Infusion in vial. Strength: 420 mg/14 mL (30 mg/mL),manufacture,CDSCO r-DNA register — CT-21 Approvals Jan 2020 - June 2026.pdf,https://cdsco.gov.in/opencms/opencms/en/biologicals/rDNA/,True,pertuzumab is an oncology molecule,2026-08-05T12:34:01+00:00
81,M/s Shilpa Biologicals Private Limited,2025-01-17,17.01.2025,MF/BIO/25/000005,Adalimumab,1. Psoriasis: Moderate to severe chronic plaque psoriasis in adult patients. 2. Hidradenitis Suppurativa (HS): Active moderate to severe hidradenitis suppurativa (acne inversa) in adults with an inadequate response to conventional systemic HS therapy. 3. Crohn’s disease (CD): Adult patients with moderate to severe active CD who have had inadequate response to conventional therapy or who are intolerant to or have medical contraindications for,Dosage Form: Solution for Injection (Single use prefilled syringe for subcutaneous injection) Strength: 40 mg/0.4 mL,manufacture,CDSCO r-DNA register — CT-21 Approvals Jan 2020 - June 2026.pdf,https://cdsco.gov.in/opencms/opencms/en/biologicals/rDNA/,False,,2026-08-05T12:34:01+00:00
82,M/s Levim Lifetech Private Limited,2025-02-28,28.02.2025,MF/BIO/25/000028,,,"Liraglutide Drug Substance origin), Liraglutide 6.0 mg/ml solution for injection",manufacture,CDSCO r-DNA register — CT-21 Approvals Jan 2020 - June 2026.pdf,https://cdsco.gov.in/opencms/opencms/en/biologicals/rDNA/,False,,2026-08-05T12:34:01+00:00
83,M/s Levim Lifetech Private Limited,2025-04-01,01.04.2025,MF/BIO/25/000031,,,"Streptokinase Bulk Solution (r-DNA) origin (Ready-to-fill), Recombinant Streptokinase for Injection, I.P. 15,00,000 IU",manufacture,CDSCO r-DNA register — CT-21 Approvals Jan 2020 - June 2026.pdf,https://cdsco.gov.in/opencms/opencms/en/biologicals/rDNA/,False,,2026-08-05T12:34:01+00:00
84,M/s Reliance Life Sciences Pvt Ltd,2025-04-28,28.04.2025,MF/BIO/25/000062,,,Denosumab,manufacture,CDSCO r-DNA register — CT-21 Approvals Jan 2020 - June 2026.pdf,https://cdsco.gov.in/opencms/opencms/en/biologicals/rDNA/,False,,2026-08-05T12:34:01+00:00
85,M/s Enzene Biosciences Ltd.,2025-06-13,13.06.2025,MF/BIO/25/000085,,,Pertuzumab injection (rDNA origin) 420 mg/14mL (Single dose vial with a concentration of 30mg/mL,manufacture,CDSCO r-DNA register — CT-21 Approvals Jan 2020 - June 2026.pdf,https://cdsco.gov.in/opencms/opencms/en/biologicals/rDNA/,False,,2026-08-05T12:34:01+00:00
86,"M/s. Zydus Lifesciences Limited,",2025-06-19,19.06.2025,MF/BIO/25/000092,,,Aflibercept 40 mg/mL (2mg/0.05mL) (r- DNA origin),manufacture,CDSCO r-DNA register — CT-21 Approvals Jan 2020 - June 2026.pdf,https://cdsco.gov.in/opencms/opencms/en/biologicals/rDNA/,False,,2026-08-05T12:34:01+00:00
87,M/s Regenix Biosciences Limited,2025-06-23,23.06.2025,MF/BIO/25/000096,,,Insulin Glargine Injection IP 100IU/mL (r-DNA Origin),manufacture,CDSCO r-DNA register — CT-21 Approvals Jan 2020 - June 2026.pdf,https://cdsco.gov.in/opencms/opencms/en/biologicals/rDNA/,False,,2026-08-05T12:34:01+00:00
88,M/s. Zydus Lifesciences Limited,2025-06-23,23.06.2025,MF/BIO/25/000093,Rituximab 100 mg/10 mL and 500mg/50mL (10mg/mL) (r-DNA origin),,,manufacture,CDSCO r-DNA register — CT-21 Approvals Jan 2020 - June 2026.pdf,https://cdsco.gov.in/opencms/opencms/en/biologicals/rDNA/,True,rituximab is an oncology molecule,2026-08-05T12:34:01+00:00
89,M/s. Hetero Biopharma Limited,2025-07-03,03.07.2025,MF/BIO/25/000099,Denosumab Formulated Drug Substance (r-DNA origin) 70mg/mL,,,manufacture,CDSCO r-DNA register — CT-21 Approvals Jan 2020 - June 2026.pdf,https://cdsco.gov.in/opencms/opencms/en/biologicals/rDNA/,False,,2026-08-05T12:34:01+00:00
90,M/s Virchow Biotech Private Limited,2025-08-04,04-08-2025,MF/BIO/25/000114,,,,manufacture,CDSCO r-DNA register — CT-21 Approvals Jan 2020 - June 2026.pdf,https://cdsco.gov.in/opencms/opencms/en/biologicals/rDNA/,False,,2026-08-05T12:34:01+00:00
91,M/s Biogenomics Limited,2025-08-29,29.08.2025,MF/BIO/25/000127,,,,manufacture,CDSCO r-DNA register — CT-21 Approvals Jan 2020 - June 2026.pdf,https://cdsco.gov.in/opencms/opencms/en/biologicals/rDNA/,False,,2026-08-05T12:34:01+00:00
92,M/s Biocon Biologics Limited,2025-11-14,14.11.2025,MF/BIO/25/000156,Dosage Form: Solution for infusion (Intravenous) in 10mL and 50mL vial. Strength: 500mg/50mL and 100 mg/10mL Dosage form: Suspension for injection for s. c. use. Strength: 100 IU/ml in 3ml Cartridge and VD Pen 60 Dosage form: Lyophilized powder for solution for injection. Strength: 150 mg / 440 mg containing 1.1% Benzyl alcohol. (2 x 10 mL Bacteriostatic Water for Injection will be supplied along with the product).,treatment of patients with HER2- overexpressing metastatic gastric or gastroesophageal junction adenocarcinoma who have not received prior treatment for metastatic disease.,,manufacture,CDSCO r-DNA register — CT-21 Approvals Jan 2020 - June 2026.pdf,https://cdsco.gov.in/opencms/opencms/en/biologicals/rDNA/,True,indication names metastatic,2026-08-05T12:34:01+00:00
93,M/s Zydus Lifesciences Limited,2025-11-28,28.11.2025,MF/BIO/25/000160 Note: Approval for additional Strength,Bevacizumab,-,-,manufacture,CDSCO r-DNA register — CT-21 Approvals Jan 2020 - June 2026.pdf,https://cdsco.gov.in/opencms/opencms/en/biologicals/rDNA/,True,bevacizumab is an oncology molecule,2026-08-05T12:34:01+00:00
94,M/s Eris Lifesciences Limited,2025-12-16,16.12.2025,MF/BIO/25/000164,Isophane Insulin Injection,For the treatment of diabetes mellitus in patients who requires injectable insulin.,Dosage form: Lyophilized powder for solution for injection. Strength: 150 mg / 440 mg,manufacture,CDSCO r-DNA register — CT-21 Approvals Jan 2020 - June 2026.pdf,https://cdsco.gov.in/opencms/opencms/en/biologicals/rDNA/,False,,2026-08-05T12:34:01+00:00
95,M/s Eris Lifesciences Limited,2025-12-16,16.12.2025,MF/BIO/25/000165,"Insulin Injection IP Soluble Insulin, Neutral (Regular)",For the treatment of diabetes mellitus in patients who requires injectable insulin.,"Dosage form: Solution for injection Strength: 100 IU/mL, 3 ml Cartridge",manufacture,CDSCO r-DNA register — CT-21 Approvals Jan 2020 - June 2026.pdf,https://cdsco.gov.in/opencms/opencms/en/biologicals/rDNA/,False,,2026-08-05T12:34:01+00:00
96,M/s Eris Lifesciences Limited,2025-12-16,16.12.2025,MF/BIO/25/000174,Biphasic Isophane Insulin Injection,For the treatment of diabetes mellitus in patients who requires injectable insulin,"Dosage form: Solution for injection Strength: 100 IU/mL, 3 ml Cartridge",manufacture,CDSCO r-DNA register — CT-21 Approvals Jan 2020 - June 2026.pdf,https://cdsco.gov.in/opencms/opencms/en/biologicals/rDNA/,False,,2026-08-05T12:34:01+00:00
97,M/s Eris Lifesciences Limited,2025-12-16,16.12.2025,MF/BIO/25/000179,"Insulin Injection IP Soluble Insulin, Neutral (Regular)",For the treatment of Diabetes Mellitus,Dosage form: Solution for injection Strength: 100 IU/mL 10 mL Vial,manufacture,CDSCO r-DNA register — CT-21 Approvals Jan 2020 - June 2026.pdf,https://cdsco.gov.in/opencms/opencms/en/biologicals/rDNA/,False,,2026-08-05T12:34:01+00:00
98,M/s Eris Lifesciences Limited,2025-12-16,16.12.2025,MF/BIO/25/000177,Insulin Glargine Injection IP,"For the treatment of adults, adolescents and children of 6 years or above with diabetes mellitus, where treatment with insulin is required","Dosage form: Solution for injection Strength: 100 IU/mL (3 ml cartridge, 3 ml vial and 5 ml vial)",manufacture,CDSCO r-DNA register — CT-21 Approvals Jan 2020 - June 2026.pdf,https://cdsco.gov.in/opencms/opencms/en/biologicals/rDNA/,False,,2026-08-05T12:34:01+00:00
99,M/s Eris Lifesciences Limited,2025-12-16,16.12.2025,MF/BIO/25/000175,1. Biphasic Isophane Insulin Injection 2. Biphasic Isophane Insulin Injection,Treatment of diabetes mellitus,"Dosage form: Suspension for Injection Strength: (30/70) 40 IU/mL, 10 mL vial / (50/50) 40 IU/mL, 10 mL vial",manufacture,CDSCO r-DNA register — CT-21 Approvals Jan 2020 - June 2026.pdf,https://cdsco.gov.in/opencms/opencms/en/biologicals/rDNA/,False,,2026-08-05T12:34:01+00:00
100,M/s Eris Lifesciences Limited,2025-12-16,16.12.2025,MF/BIO/25/000176,1. Biphasic Isophane Insulin Injection 2. Biphasic Isophane Insulin Injection,Treatment of diabetes mellitus,"Dosage form: Suspension for Injection Strength: (30/70) 100 IU/mL, 10 mL Vial / 50/50)",manufacture,CDSCO r-DNA register — CT-21 Approvals Jan 2020 - June 2026.pdf,https://cdsco.gov.in/opencms/opencms/en/biologicals/rDNA/,False,,2026-08-05T12:34:01+00:00
101,M/s Eris Lifesciences Limited,,,17.12.2025,MF/BIO/25/000168,1. Insulin Glargine IP (rDNA Origin) and 2. Insulin Glargine IP (rDNA Origin),"For the treatment of adults, adolescents and children of 6 years or above with Diabetes mellitus, where treatment with insulin is required.",manufacture,CDSCO r-DNA register — CT-21 Approvals Jan 2020 - June 2026.pdf,https://cdsco.gov.in/opencms/opencms/en/biologicals/rDNA/,False,,2026-08-05T12:34:01+00:00
102,M/s Eris Lifesciences Limited,,,17.12.2025,MF/BIO/25/000167,Insulin Injection IP Soluble Insulin (Neutral),For the treatment of diabetes mellitus in patients who requires injectable insulin.,manufacture,CDSCO r-DNA register — CT-21 Approvals Jan 2020 - June 2026.pdf,https://cdsco.gov.in/opencms/opencms/en/biologicals/rDNA/,False,,2026-08-05T12:34:01+00:00
103,M/s Eris Lifesciences Limited,,,17.12.2025,MF/BIO/25/000178,Nimotuzumab Injection (Humanized Anti-EGFR monoclonal antibody),For the treatment of head and neck cancer,manufacture,CDSCO r-DNA register — CT-21 Approvals Jan 2020 - June 2026.pdf,https://cdsco.gov.in/opencms/opencms/en/biologicals/rDNA/,False,,2026-08-05T12:34:01+00:00
104,M/s Biosciences Ltd.,,Enzene,19.12.2025,MF/BIO/23/000001 Note: Approval for Additional Indication,Cetuximab,"1.Head and Neck Cancer: Treatment of patients with squamous cell cancer of the head and neck in combination with radiation therapy for locally advanced disease. 2. Colorectal Cancer: Treatment of patients with epidermal growth factor receptor (EGFR)- expressing, RAS wild-type metastatic colorectal cancer  in combination with Irinotecan based chemotherapy  in first-line in combination with FOLFOX  as a single agent in patients who have failed oxaliplatin and irinotecan-based therapy and who are intolerant to irinotecan.",manufacture,CDSCO r-DNA register — CT-21 Approvals Jan 2020 - June 2026.pdf,https://cdsco.gov.in/opencms/opencms/en/biologicals/rDNA/,False,,2026-08-05T12:34:01+00:00
105,M/s Eris Lifesciences Limited,,,19.12.2025,MF/BIO/25/000182,Isophane Insulin Injection,For the treatment of diabetes mellitus in patients who requires injectable insulin.,manufacture,CDSCO r-DNA register — CT-21 Approvals Jan 2020 - June 2026.pdf,https://cdsco.gov.in/opencms/opencms/en/biologicals/rDNA/,False,,2026-08-05T12:34:01+00:00
106,M/s Genesys Biologics Pvt. Ltd.,,,29.12.2025,MF/BIO/25/000186,Insulin Glargine Injection,For the Treatment of Type II Diabetes Mellitus in Adults only,manufacture,CDSCO r-DNA register — CT-21 Approvals Jan 2020 - June 2026.pdf,https://cdsco.gov.in/opencms/opencms/en/biologicals/rDNA/,False,,2026-08-05T12:34:01+00:00
107,M/s Genesys Biologics Pvt. Ltd.,,,29.12.2025,MF/BIO/25/000187,Insulin Glargine I.P (r-DNA Origin) Drug Substance,-,manufacture,CDSCO r-DNA register — CT-21 Approvals Jan 2020 - June 2026.pdf,https://cdsco.gov.in/opencms/opencms/en/biologicals/rDNA/,False,,2026-08-05T12:34:01+00:00
108,M/s Intas Pharmaceuti cals Ltd.,,,05.02.2026,MF/BIO/26/000006 Note: Note: drug product,"Pertuzumab, drug substance and early-stage breast cancer (either >2 cm in diameter or node positive) as part of a complete treatment regimen for early breast cancer. 2. The adjuvant treatment of adult patients with HER2-positive early breast cancer at high risk of recurrence.","1. The neoadjuvant treatment of patients with HER2-positive, locally advanced, inflammatory, or Solution for Infusion in vial. Strength: 420 mg/14 Ml (30 mg/Ml)",manufacture,CDSCO r-DNA register — CT-21 Approvals Jan 2020 - June 2026.pdf,https://cdsco.gov.in/opencms/opencms/en/biologicals/rDNA/,True,indication names cancer,2026-08-05T12:34:01+00:00
109,M/s Eris Bionxt Private Limited,2026-02-10,10.02.2026,MF/BIO/26/000012,"Insulin Injection IP Soluble Insulin, Neutral",For the treatment of diabetes mellitus in patients who requires injectable insulin.,"Dosage Form: Solution for injection Strength: 40 IU/mL, 10 mL Vials",manufacture,CDSCO r-DNA register — CT-21 Approvals Jan 2020 - June 2026.pdf,https://cdsco.gov.in/opencms/opencms/en/biologicals/rDNA/,False,,2026-08-05T12:34:01+00:00
110,M/s Lupin Limited,2026-02-18,18.02.2026,MF/BIO/26/000016 Note:,Ranibizumab,"1. The treatment of proliferative diabetic retinopathy (PDR) and 2. Indicated in preterm infants for: The treatment of retinopathy of prematurity (ROP) with zone I (stage 1+, 2+, 3 or 3+), zone II (stage 3+) or AP-ROP (aggressive posterior ROP) disease.",Dosage Form: Solution for injection in Vial Strength:10 mg/ml,manufacture,CDSCO r-DNA register — CT-21 Approvals Jan 2020 - June 2026.pdf,https://cdsco.gov.in/opencms/opencms/en/biologicals/rDNA/,False,,2026-08-05T12:34:01+00:00
111,M/s. Eris Bionxt Private Limited,2026-02-23,23.02.2026,MF/BIO/26/000018,Isophane Insulin Injection IP (NPH),For the treatment of diabetes mellitus in patients who requires injectable insulin.,"Dosage Form: Suspension for injection Strength: 100 IU/mL, 10mL vial",manufacture,CDSCO r-DNA register — CT-21 Approvals Jan 2020 - June 2026.pdf,https://cdsco.gov.in/opencms/opencms/en/biologicals/rDNA/,False,,2026-08-05T12:34:01+00:00
112,M/s Eris Bionxt Private Limited,2026-03-11,11.03.2026,MF/BIO/26/000026,Isophane Insulin Injection IP (NPH),For the treatment of diabetes mellitus in patients who requires injectable insulin.,Dosage Form: Suspension for injection Strength: 40 IU/mL – 10 mL Vial,manufacture,CDSCO r-DNA register — CT-21 Approvals Jan 2020 - June 2026.pdf,https://cdsco.gov.in/opencms/opencms/en/biologicals/rDNA/,False,,2026-08-05T12:34:01+00:00
113,M/s Eris Bionxt Private Limited,2026-03-11,11.03.2026,MF/BIO/26/000029,Biphasic Isophane Insulin Injection IP (30/70 Biphasic),For the treatment of diabetes mellitus in patients who requires injectable insulin.,Dosage Form: Suspension for injection Strength: 40 IU/mL – 10 mL Vial,manufacture,CDSCO r-DNA register — CT-21 Approvals Jan 2020 - June 2026.pdf,https://cdsco.gov.in/opencms/opencms/en/biologicals/rDNA/,False,,2026-08-05T12:34:01+00:00
114,M/s. Dr. Reddys Laboratories Limited,2026-03-23,23-03-2026,MF/BIO/26/000035,Semaglutide Tablets (r-DNA origin),Indicated as an adjunct to diet and exercise to improve glycemic control in adults with type 2 diabetes mellitus. Limitations of Use • Has not been studied in patients with a history of pancreatitis. Consider other antidiabetic therapies in patients with a history of pancreatitis. • Not indicated for use in patients with type 1 diabetes mellitus,"Dosage Form: Suspension for Oral tablets Strength: 3 mg, 7 mg and 14 mg",manufacture,CDSCO r-DNA register — CT-21 Approvals Jan 2020 - June 2026.pdf,https://cdsco.gov.in/opencms/opencms/en/biologicals/rDNA/,False,,2026-08-05T12:34:01+00:00
115,"M/s. Dr. Reddy's Laboratories Limited,",2026-04-10,10.04.2026,MF/BIO/26/000041,Nivolumab,"1.Metastatic Non-Small Cell Lung Cancer (NSCLC) Nivolumab as a single agent is indicated for the treatment of locally advanced or metastatic non-small cell lung cancer (NSCLC) after prior chemotherapy. Nivolumab, in combination with ipilimumab, is indicated for the first-line treatment of adult patients with metastatic non-small cell lung cancer (NSCLC) whose tumors express PD-L1 (≥1%) as determined by a validated test, with no EGFR or ALK genomic tumor aberrations. Nivolumab, in combination with ipilimumab and 2 cycles of platinum-doublet chemotherapy, is indicated for the first-line treatment of adult patients with metastatic or recurrent non-small cell lung cancer (NSCLC), with no EGFR or ALK genomic tumor aberrations. Nivolumab, in combination with platinum-doublet chemotherapy, is indicated as neoadjuvant treatment of adult patients with resectable (tumors ≥4 cm or node positive) non-small cell lung cancer (NSCLC). 2.Renal Cell Carcinoma Nivolumab as a single agent is indicated for the treatment of patients with advanced renal cell carcinoma (RCC) after prior therapy in adults. Nivolumab is indicated for the treatment of patients with intermediate or poor risk, previously untreated advanced renal cell carcinoma, in combination with ipilimumab. Nivolumab, in combination with Cabozantinib, is indicated for the first-line treatment of patients with advanced Renal cell carcinoma (RCC). 3.Squamous Cell Carcinoma of the Head and Neck (SCCHN) Nivolumab as monotherapy is indicated for the treatment of recurrent or metastatic squamous cell carcinoma of the head and neck after platinum-based therapy. 4. Melanoma Nivolumab as a single agent is indicated for the treatment of patients with BRAF V600 wildtype unresectable or metastatic melanoma. Nivolumab as a single agent is indicated for the treatment of patients with BRAF V600 mutation positive unresectable or metastatic melanoma. Nivolumab is indicated for the treatment of patients with melanoma with lymph node involvement or metastatic disease who have undergone complete resection, in the adjuvant settings. 5.Classical Hodgkin Lymphoma (cHL) Nivolumab is indicated for the treatment of adult patients with classical Hodgkin lymphoma (cHL) that has relapsed or progressed after: -autologous hematopoietic stem cell transplantation (HSCT) and brentuximab vedotin, or -3 or more lines of systemic therapy that includes autologous HSCT. 6. Urothelial Carcinoma (UC) Nivolumab is indicated for the adjuvant treatment of adult patients with urothelial carcinoma (UC) who are at high risk of recurrence after undergoing radical resection of UC. Nivolumab is indicated for the treatment of patients with locally advanced or metastatic urothelial carcinoma who: -have disease progression during or following platinum-containing chemotherapy -have disease progression within 12 months of neoadjuvant or adjuvant treatment with platinum containing chemotherapy 7. Colorectal Cancer (CRC) Nivolumab as monotherapy is indicated for the treatment of adult and pediatric (12 years and older) patients with microsatellite instability-high (MSI-H) or mismatch repair deficient (dMMR) metastatic colorectal cancer that hasprogressed following treatment with a fluoropyrimidine, oxaliplatin, and irinotecan. 8. Esophageal squamous cell carcinoma (ESCC) Nivolumab is indicated for the treatment of unresectable advanced, recurrent, or metastatic esophageal squamous cell carcinoma (ESCC) after prior fluoropyrimidine-and platinum-based chemotherapy. Nivolumab, in combination with fluoropyrimidine-and platinum-containing chemotherapy, is indicated for the first-line treatment of adult patients with unresectable advanced or metastatic esophageal squamous cell carcinoma (ESCC). 9. Gastric Cancer, Gastroesophageal Junction Cancer and Esophageal Adenocarcinoma (GC, GEJC or EAC) Nivolumab, in combination with fluoropyrimidine-and platinum-containing chemotherapy, is indicated for the treatment of patients with advanced or metastatic gastric cancer, gastroesophageal junction cancer, and esophageal adenocarcinoma. 10. Adjuvant treatment of Resected Esophageal or Gastroesophageal Junction Cancer (EC or GEJC) Nivolumab is indicated for the adjuvant treatment of completely resected esophageal or gastroesophageal junction cancer with residual pathologic disease in patients who have received neoadjuvant chemoradiotherapy (CRT). 11. Malignant Pleural Mesothelioma Nivolumab, in combination with ipilimumab, is indicated for the first-line treatment of adult patients with unresectable malignant pleural mesothelioma. 12. Hepatocellular Carcinoma Nivolumab, in combination with ipilimumab, is indicated for the first-line treatment of adult patients with unresectable or metastatic hepatocellular carcinoma (HCC). Nivolumab, in combination with ipilimumab, is indicated for the treatment of adult patients with unresectable or metastatic HCC who have been previously treated with sorafenib.","Dosage form: Single dose vial, Concentrate for solution for infusion. Strength: 40mg/4mL, 100mg/10mL & 240mg/24ml (10mg/mL)",manufacture,CDSCO r-DNA register — CT-21 Approvals Jan 2020 - June 2026.pdf,https://cdsco.gov.in/opencms/opencms/en/biologicals/rDNA/,True,nivolumab is an oncology molecule,2026-08-05T12:34:01+00:00
116,M/s Regenix Drugs Ltd,2026-04-24,24.04.2026,MF/BIO/26/000050,Biphasic Isophane Insulin Injection IP,To improve glycemic control in adults with diabetes mellitus,"Dosage form: Suspension for injections Strength: 100 IU/ml (30/70) in 03 presentations: 10 ml vial, 3 ml cartridge, and 3 ml cartridge in a disposable pen",manufacture,CDSCO r-DNA register — CT-21 Approvals Jan 2020 - June 2026.pdf,https://cdsco.gov.in/opencms/opencms/en/biologicals/rDNA/,False,,2026-08-05T12:34:01+00:00
117,M/s Eris Bionxt Private Limited,2026-04-24,24.04.2026,MF/BIO/26/000047,Biphasic Isophane Insulin Injection IP,For the treatment of diabetes mellitus,"Dosage form: Suspension for injection Strength: 30/70, 100 IU/mL, 10 mL Vial",manufacture,CDSCO r-DNA register — CT-21 Approvals Jan 2020 - June 2026.pdf,https://cdsco.gov.in/opencms/opencms/en/biologicals/rDNA/,False,,2026-08-05T12:34:01+00:00
118,M/s Eris Bionxt Private Limited,2026-04-24,24.04.2026,MF/BIO/26/000046,"Insulin Injection I.P Soluble Insulin, Neutral",For the treatment of diabetes mellitus,"Dosage form: Solution for injection Strength: 100 IU/ml, 10 mL Vial",manufacture,CDSCO r-DNA register — CT-21 Approvals Jan 2020 - June 2026.pdf,https://cdsco.gov.in/opencms/opencms/en/biologicals/rDNA/,False,,2026-08-05T12:34:01+00:00
119,M/s Curateq Biologics Private Limited,2026-05-05,05.05.2026,MF/BIO/26/000049 Note: Approval of Additional Indication.,Trastuzumab, Treatment of HER2-positive Early Breast Cancer (EBC).  Treatment of HER2-positive Metastatic Gastric Cancer (MGC),Dosage Form: Powder for concentrate for Solution for Infusion. Strength: 150mg/vial & 420mg/vial,manufacture,CDSCO r-DNA register — CT-21 Approvals Jan 2020 - June 2026.pdf,https://cdsco.gov.in/opencms/opencms/en/biologicals/rDNA/,True,trastuzumab is an oncology molecule,2026-08-05T12:34:01+00:00
120,M/s Regenix Drugs Ltd,2026-05-11,11.05.2026,MF/BIO/26/000055,Insulin Injection IP,To improve glycemic control in patients with diabetes mellitus.,"Dosage form: Solution for injection Strength: 100IU/ml, Soluble (Neutral)",manufacture,CDSCO r-DNA register — CT-21 Approvals Jan 2020 - June 2026.pdf,https://cdsco.gov.in/opencms/opencms/en/biologicals/rDNA/,False,,2026-08-05T12:34:01+00:00
121,M/s Curateq Biologics Private Limited,2026-05-14,14-05-2026,MF/BIO/26/000060,Bevacizumab,Metastatic carcinoma of the colon or rectum: Bevacizumab in combination with fluoropyrimidine- based chemotherapy is indicated for treatment of adult patients with metastatic carcinoma of the colon or rectum.,Dosage form: Concentrate for solution for infusion Strength: 5 mg/mL (100 mg/4 Ml & 400 mg/16 mL vial),manufacture,CDSCO r-DNA register — CT-21 Approvals Jan 2020 - June 2026.pdf,https://cdsco.gov.in/opencms/opencms/en/biologicals/rDNA/,True,bevacizumab is an oncology molecule,2026-08-05T12:34:01+00:00
122,M/s Dr Reddys Laboratories Limited,2026-06-10,10.06.2026,MF/BIO/26/000076 Note: Approval of Additional Indication,Bevacizumab,Bevacizumab in combination with atezolizumab for the treatment of patients with unresectable or metastatic Hepatocellular Carcinoma (HCC) who have not received prior systemic therapy.,Dosage form: concentrate for solution for infusion Strength: 400 mg/16ml (25 mg/ml) and 100 mg/4ml (25 mg/ml) in Via,manufacture,CDSCO r-DNA register — CT-21 Approvals Jan 2020 - June 2026.pdf,https://cdsco.gov.in/opencms/opencms/en/biologicals/rDNA/,True,bevacizumab is an oncology molecule,2026-08-05T12:34:01+00:00
123,M/s. Lupin Limited,2026-06-29,29.06.2026,MF/BIO/26/00008 4,Denosumab Injection,1. Treatment of postmenopausal women with osteoporosis at high risk of fracture. 2. Treatment to increase bone mass in men with osteoporosis at high risk of fracture. 3. Treatment to increase bone mass in men at high risk for fracture receiving androgen deprivation therapy for non metastatic prostate cancer. 4. Treatment to increase bone mass in women at high risk for fracture receiving adjuvant aromatase inhibitor therapy for breast cancer,Dosage form: Solution for injection in single use prefilled syringe Strength: 60 mg/mL,manufacture,CDSCO r-DNA register — CT-21 Approvals Jan 2020 - June 2026.pdf,https://cdsco.gov.in/opencms/opencms/en/biologicals/rDNA/,False,,2026-08-05T12:34:01+00:00
124,M/s Eris Bionxt Private Limited,2026-06-30,30.06.2026,MF/BIO/26/00008 7,Insulin Glargine Injection IP,"For the treatment of adults, adolescents and children of 2 years of above with Diabetes mellitus, where treatment with insulin is required.",Dosage form: Solution for injection Strength: 100 IU/mL in 10 mL Vials,manufacture,CDSCO r-DNA register — CT-21 Approvals Jan 2020 - June 2026.pdf,https://cdsco.gov.in/opencms/opencms/en/biologicals/rDNA/,False,,2026-08-05T12:34:01+00:00
125,M/s Eris Bionxt PrivateLtd.,2026-06-30,30.06.2026,MF/BIO/26/00008 6,Insulin Glargine Injection IP,"For the treatment of adults, adolescents and children of 2 years of above with Diabetes mellitus, where treatment with insulin is require",Dosage form: Solution for injection Strength: 100 IU/mL in 5 mL Vials,manufacture,CDSCO r-DNA register — CT-21 Approvals Jan 2020 - June 2026.pdf,https://cdsco.gov.in/opencms/opencms/en/biologicals/rDNA/,False,,2026-08-05T12:34:01+00:00
1,M/s Bristol- Myers Squibb India Pvt. Ltd.,2020-02-21,21-02-2020,IMP/BIO/20/000008,"Ipilimumab Injection, 50 mg/10 mL (5 mg/mL), Single use vial","Renal Cell Carcinoma (RCC) Ipilimumab is indicated for treatment of patients with intermediate or poor risk, previously untreated advanced renal cell carcinoma, in combination with Nivolumab. Recommended dosage Combination phase: The recommended dose during the combination phase is Ipilimumab 1 mg/kg administered intravenously over a period of 30 minutes every 3 weeks for the first 4 doses in combination with Nivolumab 3 mg/kg administered intravenously over a period of 30 minutes, followed by the single-agent phase. Single- agent phase: The recommended dose of Nivolumab during the single- agent phase is 3 mg/kg every two weeks administered intravenously over a period of 30 minutes.",Dosage Form: concentrate for solution for infusion for intravenous injection Strength: 5 mg/mL,import,"CDSCO r-DNA register — CT-18 Approvals Jan, 2020 - June 2026.pdf",https://cdsco.gov.in/opencms/opencms/en/biologicals/rDNA/,True,ipilimumab is an oncology molecule,2026-08-05T12:34:01+00:00
2,M/s Sandoz Private Limited,2020-03-15,15.03.2020,IMP/BIO/19/000001 (Initial approval granted on 18.02.2019),Ranibizumab Solution for injection in vial 10mg/mL + filter needle,"Ranibizumab is indicated in preterm inf ants for: The treatment of retinopathy of prematurity (ROP) with zone I (stage1+, 2+, 3 or 3+), zone II (stage 3+) or AP-ROP (aggressive posterior ROP) disease (Additional Indication)","Solution for injection. Each Vial contains 2.3 mg of Ranibizumab in 0.23 mL solution. Strength: 10 mg/mL,",import,"CDSCO r-DNA register — CT-18 Approvals Jan, 2020 - June 2026.pdf",https://cdsco.gov.in/opencms/opencms/en/biologicals/rDNA/,False,,2026-08-05T12:34:01+00:00
3,M/s Sandoz Private Limited,2020-03-26,26-03-2020,IMP/BIO/20/000026,Crizanlizumab Concentrate for solution for infusion 10 mg/mL (100mg/10mL),Crizanlizumab is indicated to reduce the frequency of vasoocclusive crises in adults and pediatric patients aged 16 years and older with sickle cell disease.,Dosage Form: Concentrate for solution for infusion Strength: 10mg/mL,import,"CDSCO r-DNA register — CT-18 Approvals Jan, 2020 - June 2026.pdf",https://cdsco.gov.in/opencms/opencms/en/biologicals/rDNA/,False,,2026-08-05T12:34:01+00:00
4,M/s Dr. Reddy’s Laboratories Ltd,2020-04-03,3-04-2020,IMP/BIO/20/000029,Evolocumab Solution for Injection 140mg/ml (r-DNA origin),"1) Homozygous familial hypercholesterolaemia: Evolocumab is indicated in adults and adolescents aged 12 years and over with homozygous familial hypercholesterolaemia in combination with other lipid- lowering therapies. 2) Hypercholesterolaemia and mixed dyslipidaemia: Evolocumab is indicated in adults with primary hypercholesterolaemia (heterozygous familial and non-familial) or mixed dyslipidaemia, as an adjunct to diet: □ in combination with a statin or statin with other lipid lowering therapies in patients unable to reach LDL-C goals with the maximum tolerated dose of a statin or, □ alone or in combination with other lipid- lowering therapies in patients who are statin- intolerant, or for whom a statin is contraindicated., 3) Evolocumab is indicated in adults with Established atherosclerotic cardiovascular disease (myocardial infarction, stroke or peripheral arterial disease) to reduce cardiovascular risk by lowering LDL-C levels, as an adjunct to correction of other risk factors: □ in combination with the maximum tolerated dose of a statin with or without other lipid- lowering therapies or,",Dosage Form: Solution for Injection. Each single use Prefilled Syringe / Prefilled Autoinjector Strength: Evolocumab Injection 140 mg/mL,import,"CDSCO r-DNA register — CT-18 Approvals Jan, 2020 - June 2026.pdf",https://cdsco.gov.in/opencms/opencms/en/biologicals/rDNA/,False,,2026-08-05T12:34:01+00:00
5,M/s Sandoz Private Limited,2020-07-01,1-07-2020,IMP/BIO/20/000056,Brolucizumab solution for injection 120 mg/mL (r-DNA origin),For the treatment of neovascular (wet) age-related macular degeneration (AMD),Dosage Form: Solution for Injection (1 Vial + 1 filter needle) Strength: 120 mg/mL,import,"CDSCO r-DNA register — CT-18 Approvals Jan, 2020 - June 2026.pdf",https://cdsco.gov.in/opencms/opencms/en/biologicals/rDNA/,False,,2026-08-05T12:34:01+00:00
6,M/s Novo Nordisk India Pvt Ltd,2020-07-16,16-07-2020,IMP/BIO/20/000059,Catridecacog (recombinant coagulation factor XIII) 2500 IU (Novo Thirteen),Long term prophylactic treatment of bleeding in patients with congenital factor XIII A subunit deficiency. Novo Thirteen can be used for all age groups,Dosage Form: Lyophilized Powder for solution for injection in vial Strength: 2500 IU,import,"CDSCO r-DNA register — CT-18 Approvals Jan, 2020 - June 2026.pdf",https://cdsco.gov.in/opencms/opencms/en/biologicals/rDNA/,False,,2026-08-05T12:34:01+00:00
7,M/s Novo Nordisk India Pvt Ltd,2020-07-27,27-07-2020,IMP/BIO/20/000060,Semaglutide,Semaglutide is indicated as an adjunct to diet and exercise to improve glycemic control in adults with type 2 diabetes mellitus • as monotherapy when metformin is considered inappropriate due to intolerance or contraindications; • in combination with other medicinal products for the treatment of diabetes,"Dosage Form: Solid oral (tablets). Semaglutide Strength 3 mg Tablets, 7 mg Tablets and 14 mg Tablets",import,"CDSCO r-DNA register — CT-18 Approvals Jan, 2020 - June 2026.pdf",https://cdsco.gov.in/opencms/opencms/en/biologicals/rDNA/,False,,2026-08-05T12:34:01+00:00
8,M/s Novo Nordisk India Pvt Ltd,2020-08-05,5-08-2020,IMP/BIO/20/000063,Nonacog beta pegol,Nonacog beta pegol is indicated for treatment and prophylaxis of bleeding in pretreated patients with haemophilia B (congenital factor IX deficiency,"Dosage Form: Lyophilized Powder for solution for injection. Nonacog beta pegol Strength: 500.0 IU/Vial , 1000.0 IU/Vial and 2000.0 IU/Vial",import,"CDSCO r-DNA register — CT-18 Approvals Jan, 2020 - June 2026.pdf",https://cdsco.gov.in/opencms/opencms/en/biologicals/rDNA/,False,,2026-08-05T12:34:01+00:00
9,M/s Baxalta Bioscience India Pvt.Ltd,2020-09-09,9-09-2020,IMP/BIO/20/000068,Rurioctocog alfa pegol (PEGylated recombinant human FVIII),Rurioctocog alfa pegol (Adynovate) is a human antihemophilic factor indicated in children and adults with Hemophilia A (congenital factor VIII deficiency) for: □ On-demand treatment and control of bleeding episodes □ Perioperative management □ Routine prophylaxis to reduce the frequency of bleeding episodes,"Dosage Form: Lyophilized Powder for solution for injection, Strength: 250 IU/500 IU/750 IU/1000 IU/1500 IU/2000 IU vials",import,"CDSCO r-DNA register — CT-18 Approvals Jan, 2020 - June 2026.pdf",https://cdsco.gov.in/opencms/opencms/en/biologicals/rDNA/,False,,2026-08-05T12:34:01+00:00
10,M/s Cipla Limited,2020-10-27,27-10-2020,IMP/BIO/20/000082,"Recombinant Human Growth Hormone (Somatropin) Injection 4 IU, (IP)","Long term, treatment of children who have growth failure due to endogenous growth hormone and for treatment of short stature in children with Turner's syndrome confirmed by Chromosomal analysis",Dosage Form: Powder for solution for Injection. Each vial of Recombinant human Growth Hormone (EUTROPIN) contains 4 IU of Recombinant Human Growth Hormone (somatropin). The pack is supplied with 1 mL vial for injection for subcutaneous use,import,"CDSCO r-DNA register — CT-18 Approvals Jan, 2020 - June 2026.pdf",https://cdsco.gov.in/opencms/opencms/en/biologicals/rDNA/,False,,2026-08-05T12:34:01+00:00
11,M/s Merck Specialities Private Limited,2020-10-29,29-10-2020,IMP/BIO/20/000085,Follitropin alfa (r- DNA origin) and Lutropin alfa (r- DNA origin) Injection (Brand Name: Pergoveris),Pergoveris is indicated for the stimulation of follicular development in adult women with severe LH and FSH deficiency,Dosage Form: Solution for Injection in Prefilled Pen Strength: 1. Pergoveris (300 IU rhFSH + 150 IU r- hLH)/0.48 mL; 2. Pergoveris (450 IU rhFSH + 225 IU r-hLH)/0.72 mL; 3. Pergoveris (900 IU rhFSH + 450 IU r- hLH)/1.44 mL.,import,"CDSCO r-DNA register — CT-18 Approvals Jan, 2020 - June 2026.pdf",https://cdsco.gov.in/opencms/opencms/en/biologicals/rDNA/,False,,2026-08-05T12:34:01+00:00
12,M/s AstraZeneca Pharma India Limited,2020-12-16,16-12-2020,IMP/BIO/20/000097,Benralizumab,"Benralizumab is indicated as an add-on maintenance treatment for severe asthma with an eosinophilic phenotype in adult patients. The recommended dose is 30 mg of Benralizumab by subcutaneous injection every 4 weeks for the first 3 doses, and then every 8 weeks thereafter",Dosage Form: Solution for injection in a single dose prefilled syringe (with Needle Safety Guard) for Subcutaneous administration only Strength: 30 mg/mL,import,"CDSCO r-DNA register — CT-18 Approvals Jan, 2020 - June 2026.pdf",https://cdsco.gov.in/opencms/opencms/en/biologicals/rDNA/,False,,2026-08-05T12:34:01+00:00
13,M/s Novo Nordisk India Private Limited,2021-03-02,02-03-2021,IMP/BIO/21/000001,Turoctocog Alfa Pegol,"Turoctocog alfa pegol [antihemophilic factor (recombinant), glycopegylated-exei] is a recombinant DNA-derived coagulation Factor VIII concentrate indicated for use in adults and children with hemophilia A for: □ On-demand treatment and control of bleeding episodes □ Perioperative management of bleeding □ Routine prophylaxis to reduce the frequency of bleeding episodes Limitation of Use: Turoctocog alfa pegol is not indicated for the treatment of von Willebrand disease","Dosage Form: Turoctocog alfa pegol lyophilised powder for reconstitution into a solution for injection for intravenous use Strengths: 500 IU/vial, 1000 IU/vial, 1500 IU/vial, 2000 IU/vial and 3000 IU/vial; single dose vial pack for single use administration",import,"CDSCO r-DNA register — CT-18 Approvals Jan, 2020 - June 2026.pdf",https://cdsco.gov.in/opencms/opencms/en/biologicals/rDNA/,False,,2026-08-05T12:34:01+00:00
14,M/s Novartis Healthcare Private Limited,2021-03-12,12-03-2021,IMP/BIO/21/000004 PAC- IMP/BIO/25/000140 for approval of additional pack presentation,Ofatumumab,"Treatment of relapsing forms of multiple sclerosis (MS), to include clinically isolated syndrome, relapsing-remitting disease, and active secondary progressive disease, in adults.",Dosage Form: Solution for injection in pre-filled syringe/ pre-filled pen Strength: Ofatumumab 20 mg/0.4 mL,import,"CDSCO r-DNA register — CT-18 Approvals Jan, 2020 - June 2026.pdf",https://cdsco.gov.in/opencms/opencms/en/biologicals/rDNA/,True,ofatumumab is an oncology molecule,2026-08-05T12:34:01+00:00
15,M/s Novartis Healthcare Private Limited,2021-03-26,,"Import 6200/05 dated 26.10.2005, 12-57/05-",Omalizumab,Additional indication - Omalizuamb is indicated as an add-on therapy with intranasal corticosteroids (INC) for the treatment of adults (18 years and above) with severe Chronic rhinosinusitis with nasal polyps for whom therapy with INC does not provide adequate disease control,(a) Omalizumab powder and solvent for solution for injection 75 mg & 150 mg single-use vial (b) Omalizumab solution for injection in a pre- filled syringe 75 mg/0.5 mL and 150 mg/1.0 mL single-use pre-filled syringe; for subcutaneous administration only,import,"CDSCO r-DNA register — CT-18 Approvals Jan, 2020 - June 2026.pdf",https://cdsco.gov.in/opencms/opencms/en/biologicals/rDNA/,False,,2026-08-05T12:34:01+00:00
16,M/s Sanofi- synthelabo (India) Pvt. Ltd.,2021-04-08,IM 08-04-2021,P-119/2016 dated 02-Aug-2016,Agalsidase Beta,Agalsidase Beta is indicated for long term enzyme replacement therapy in patients with a confirmed diagnosis of Fabry Disease (α- galactosidase A deficiency),"additional strength Agalsidase Beta (r-DNA origin) 5 mg Vial, Dosage Form: Powder for Concentrate for Solution for Infusion",import,"CDSCO r-DNA register — CT-18 Approvals Jan, 2020 - June 2026.pdf",https://cdsco.gov.in/opencms/opencms/en/biologicals/rDNA/,False,,2026-08-05T12:34:01+00:00
17,M/s Roche Products (India) Pvt. Ltd,2021-05-03,03-05-2021,IMP/BIO/21/000017,Casirivimab (r- DNA origin) and Imdevimab (r- DNA origin),"Combination of Casirivimab and Imdevimab indicated for restricted use in emergency situation, for the treatment of mild to moderate corona virus disease 2019 (COVID-19) in adults and pediatric patients (12 years of age and older weighing at least 40 kg) with laboratory confirmed SARS- COV2 infection and who are at high risk of severe COVID-19 and does not require oxygen.","Casirivimab is a sterile, preservative-free, clear to slightly opalescent, color less to pale yellow solution. Imdevimab is a sterile, preservative- free, clear to slightly opalescent, color less to pale yellow solution with a pH of 6.0. Casirivimab and Imdevimab are each supplied in individual single-dose vials. Casirivimab and Imdevimab is approved at combine dose of 1200 mg (600 mg of each drug) administered by intravenous infusion or subcutaneous route.",import,"CDSCO r-DNA register — CT-18 Approvals Jan, 2020 - June 2026.pdf",https://cdsco.gov.in/opencms/opencms/en/biologicals/rDNA/,False,,2026-08-05T12:34:01+00:00
18,"M/s Amgen Technology Private Limited,",2021-05-04,04-05-2021,IMP/BIO/21/000018,Romosozumab,"Treatment of Postmenopausal Women with Osteoporosis at High Risk for Fracture Romosozumab is indicated for the treatment of osteoporosis in postmenopausal women at high risk for fracture, defined as a history of osteoporotic fracture, or multiple risk factors for fracture; or patients who have failed or are intolerant to other available osteoporosis therapy.","Romosozumab (r-DNA origin) Injection 90 mg/mL. 105 mg/1.17mL clear to opalescent, colorless to light yellow solution for injection in a single- use prefilled syringe for Subcutaneous use Strength: 90mg/mL",import,"CDSCO r-DNA register — CT-18 Approvals Jan, 2020 - June 2026.pdf",https://cdsco.gov.in/opencms/opencms/en/biologicals/rDNA/,False,,2026-08-05T12:34:01+00:00
19,M/s Johnson & Johnson Pvt. Ltd,2021-06-01,01-06-2021,IMP/BIO/21/000027,Daratumumab,"a) In combination with lenalidomide and dexamethasone or with bortezomib, melphalan and prednisone for the treatment of adult patients with newly diagnosed multiple myeloma who are ineligible for autologous stem cell transplant. b) In combination with bortezomib, thalidomide and dexamethasone for the treatment of adult patients with newly diagnosed multiple myeloma who are eligible for autologous stem cell transplant. c) For the treatment of patients with multiple myeloma who have received at least one prior therapy. d) For the treatment of patients with relapsed and refractory multiple myeloma, whose prior therapy included a proteasome inhibitor and an immunomodulatory agent.","Daratumumab 1800 mg (120 mg/mL). The product is supplied in vial as a sterile, 120mg/mL liquid for subcutaneous injection. Each vial contains 1800 mg of Daratumumab in a 15mL nominal fill volume and an excess volume of at least 1.3mL. The Drug Product contains no preservatives and is for single use only.",import,"CDSCO r-DNA register — CT-18 Approvals Jan, 2020 - June 2026.pdf",https://cdsco.gov.in/opencms/opencms/en/biologicals/rDNA/,True,daratumumab is an oncology molecule,2026-08-05T12:34:01+00:00
20,M/s Merck Specialities Private Limited,2021-06-02,02-06-2021,IMP/BIO/19/000052 (Drug originally approved on 31-,Avelumab,Additional indication - 1) Avelumab is indicated as monotherapy for the first-line maintenance treatment of adult patients with locally advanced or metastatic urothelial carcinoma (UC) whose disease has not progressed with first-line platinum-based induction chemotherapy. 2) Avelumab in combination with axitinib is indicated for the first-line treatment of adult patients with advanced renal cell carcinoma (RCC),Avelumab concentrate for solution for infusion (Intravenous Infusion) Strength: 20 mg/ml vial,import,"CDSCO r-DNA register — CT-18 Approvals Jan, 2020 - June 2026.pdf",https://cdsco.gov.in/opencms/opencms/en/biologicals/rDNA/,True,indication names metastatic,2026-08-05T12:34:01+00:00
21,M/s Roche Products (India) Pvt. Ltd,2021-06-09,09-06-2021,IMP/BIO/21/000030,Satralizumab,Satralizumab is indicated as monotherapy or in combination with immunosuppressants for the treatment of adult and adolescent patients with neuromyelitis optica spectrum disorders (NMOSD).,Satralizumab Injection 120 mg/ml pre-filled syringe (PFS) with needle safety device (NSD) for subcutaneous use for single dose administration,import,"CDSCO r-DNA register — CT-18 Approvals Jan, 2020 - June 2026.pdf",https://cdsco.gov.in/opencms/opencms/en/biologicals/rDNA/,False,,2026-08-05T12:34:01+00:00
22,M/s Eli Lilly and Company (India) Pvt. Ltd.,2021-07-06,06-07-2021,IMP/BIO/21/000038,Insulin Lispro Ultrarapid,Treatment of diabetes mellitus in adults.,"Solution for Injection 100 units/ml and 200 units/ml Presentations: 1. Insulin Lispro Ultrarapid Injection 100 units/ml, 3ml cartridge & 3ml prefilled pen 2. Insulin Lispro Ultrarapid Injection 100 units/mL, 10ml vial, multiple dose for Subcutaneous and Intravenous use 3. Insulin lispro Ultrarapid Injection 200 units/ml, 3ml prefilled pen",import,"CDSCO r-DNA register — CT-18 Approvals Jan, 2020 - June 2026.pdf",https://cdsco.gov.in/opencms/opencms/en/biologicals/rDNA/,False,,2026-08-05T12:34:01+00:00
23,M/s Pfizer Limited,2021-09-29,29-09-2021,MP/BIO/21/000080,Infliximab,"Crohn’s Disease  Infliximab is indicated for reducing signs and symptoms and inducing and maintaining clinical remission in adult patients with moderately to severely active disease who have had an inadequate response to conventional therapy. Infliximab is indicated for reducing the number of draining enterocutaneous and rectovaginal fistulas and maintaining fistula closure in adult patients with fistulizing Crohn’s disease. Pediatric Crohn’s Disease  Infliximab is indicated for reducing signs and symptoms and inducing and maintaining clinical remission in pediatric patients 6 years of age and older with moderately to severely active disease who have had an inadequate response to conventional therapy. Ulcerative Colitis  Infliximab is indicated for reducing signs and symptoms, inducing and maintaining clinical remission and mucosal healing, and eliminating corticosteroid use in adult patients with moderately to severely active ulcerative colitis who have had an inadequate response to conventional therapy. Pediatric Ulcerative Colitis  Infliximab is indicated for reducing signs and symptoms and inducing and maintaining clinical remission in pediatric patients 6 years of age and older with moderately to severely active ulcerative colitis who have had an inadequate response to conventional therapy. Rheumatoid Arthritis  Infliximab, in combination with methotrexate, is indicated for reducing signs and symptoms, inhibiting the progression of structural damage, and improving physical function in patients with moderately to severely active rheumatoid arthritis. Ankylosing Spondylitis  Infliximab is indicated for reducing signs and symptoms in patients with active ankylosing spondylitis. Psoriatic Arthritis  Infliximab is indicated for reducing signs and symptoms of active arthritis, inhibiting the progression of structural damage, and improving physical function in patients with psoriatic arthritis.",Lyophilized Powder for Concentrate for Solution for Intravenous Infusion; Strength: 100 mg powder per vial,import,"CDSCO r-DNA register — CT-18 Approvals Jan, 2020 - June 2026.pdf",https://cdsco.gov.in/opencms/opencms/en/biologicals/rDNA/,False,,2026-08-05T12:34:01+00:00
24,M/s Roche Products (India) Pvt. Ltd.,2021-10-01,01-10-2021,IMP/BIO/21/00 0082,Pertuzumab- Trastuzumab,"1. Early Breast Cancer (EBC) Pertuzumab- Trastuzumab Injection is indicated for use in combination with chemotherapy for:  The neoadjuvant treatment of adult patients with HER2-positive, locally advanced, inflammatory, or early stage breast cancer (either greater than 2 cm in diameter or node positive) as part of a complete treatment regimen for early breast cancer.  The adjuvant treatment of adult patients with HER2- positive early breast cancer at high risk of recurrence. 2. Metastatic Breast Cancer (MBC) Pertuzumab-Trastuzumab Injection is indicated for use in combination with docetaxel for the treatment of adult patients with HER2-positive metastatic breast cancer who have not received prior anti-HER2 therapy or chemotherapy for metastatic disease",Solution for subcutaneous injection Strength: 600mg Pertuzumab + 600mg Trastuzumab [10ml/15cc vial] and 1200mg Pertuzumab + 600mg Trastuzumab vial [15ml/20cc vial],import,"CDSCO r-DNA register — CT-18 Approvals Jan, 2020 - June 2026.pdf",https://cdsco.gov.in/opencms/opencms/en/biologicals/rDNA/,True,pertuzumab is an oncology molecule,2026-08-05T12:34:01+00:00
25,M/s Bristol- Myers Squibb India Pvt. Ltd.,2016-06-09,09-06-2016,IMP-88/2016,Nivolumab,"1. Non-small cell lung cancer (NSCLC):  Nivolumab as a single agent is indicated for the treatment of locally advanced or metastatic non-small cell lung cancer (NSCLC) after prior chemotherapy (approved on 09.06.2016).  Nivolumab, in combination with ipilimumab, is indicated for the first-line treatment of adult patients with metastatic non-small cell lung cancer (NSCLC) whose tumors express PD-L1 (≥1%) as determined by a validated test, with no EGFR or ALK genomic tumor aberrations (additional indication approved on 09.04.2021).  Nivolumab, in combination with ipilimumab and 2 cycles of platinum- doublet chemotherapy, is indicated for the first- line treatment of adult patients with metastatic or recurrent non-small cell lung cancer (NSCLC), with no EGFR or ALK genomic tumor aberrations (additional indication approved on 09.04.2021) 2) Renal cell carcinoma (RCC):  Nivolumab as a single agent is indicated for the treatment of patients with advanced renal cell carcinoma (RCC) after prior therapy in adults (approved on 09.06.2016).  Ipilimumab is indicated for treatment of patients with intermediate or poor risk, previously untreated advanced renal cell carcinoma, in combination with Nivolumab (additional indication approved on 04.06.2020). 3) Squamous Cell Carcinoma of the Head and Neck (SCCHN): Nivolumab as monotherapy is indicated for the treatment of recurrent or metastatic squamous cell carcinoma of the head and neck after platinum based therapy (additional indication approved on 04.10.2017). 4) Melanoma:  Nivolumab as a single agent is indicated for the treatment of patients with BRAF V600 wild type unresectable or metastatic melanoma (additional indication approved on 12.06.2018) Nivolumab as a single agent is indicated for the treatment of patients with BRAF V600 Mutation positive unresectable or metastatic melanoma (approved on 02.07.2018)  Nivolumab is indicated for the treatment of patients with melanoma with lymph node involvement or metastatic disease who have undergone complete resection, in the adjuvant settings (additional indication approved on 18.04.2019) 5) Classical Hodgkin Lymphoma (cHL) (additional indication approved on 12.06.2018): Nivolumab is indicated for the treatment of adult patients with classical Hodgkin lymphoma (cHL) that has relapsed or progressed after:  autologous hematopoietic stem cell transplantation (HSCT) and brentuximab vedotin, or  3 or more lines of systemic therapy that includes autologous HSCT. 6) Urothelial Carcinoma (UC) (additional indication approved on 18.04.2019)- Nivolumab is indicated for the treatment of patients with locally advanced or metastatic urothelial carcinoma who:  have disease progression during or following platinum- containing chemotherapy.  have disease progression within 12 months of neoadjuvant or adjuvant treatment with platinum- containing chemotherapy 7) Colorectal Cancer (CRC) - Nivolumab as monotherapy is indicated for the treatment of adult and pediatric (12 years and older) patients with microsatellite instability-high (MSI-H) or mismatch repair deficient (dMMR) metastatic colorectal cancer (CRC) that has progressed following treatment with a fluoropyrimidine, oxaliplatin, and irinotecan (additional indication approved on 18.04.2019). 8) Esophageal squamous cell carcinoma (ESCC): Nivolumab is indicated for the treatment of unresectable advanced, recurrent, or metastatic esophageal squamous cell carcinoma (ESCC) after prior fluoropyrimidine and platinum- based Chemotherapy (additional indication approved on 04.08.2021). 9) Gastric Cancer Gastroesophageal Junction Cancer and Esophageal Adenocarcinoma (Gastric, GEJC or EAC): Nivolumab in combination with fluoropyrimidine and platinum- containing chemotherapy is indicated for the treatment of patients with advanced or metastatic gastric cancer, gastroesophageal junction cancer, and esophageal adenocarcinoma (additional indication approved on 30.11.2021). 10) Adjuvant treatment of Resected Junction Cancer (EC or GEJC) Esophageal or Gastroesophageal: Nivolumab is indicated for the adjuvant treatment of esophageal or completely resected gastroesophageal junction cancer with residual pathologic disease in patients, who have received neoadjuvant chemoradiotherapy (CRT) (additional indication approved on 30.11.2021).",Nivolumab concentrate for solution for infusion; 40 mg and 100 mg Strength: 10 mg/mL,import,"CDSCO r-DNA register — CT-18 Approvals Jan, 2020 - June 2026.pdf",https://cdsco.gov.in/opencms/opencms/en/biologicals/rDNA/,True,nivolumab is an oncology molecule,2026-08-05T12:34:01+00:00
26,M/s Cipla Limited,2021-10-14,14-10-2021,IMP/BIO/21/000085,Insulin Lispro I.P.,Diabetes mellitus,"Suspension for Injection Strength: 100 IU/mL, Cartridge and prefilled pen and 200U/ml, prefilled pen",import,"CDSCO r-DNA register — CT-18 Approvals Jan, 2020 - June 2026.pdf",https://cdsco.gov.in/opencms/opencms/en/biologicals/rDNA/,False,,2026-08-05T12:34:01+00:00
27,M/s Cipla Limited,2021-09-30,30-09-2021,IMP/BIO/21/000084,Insulin Lispro Biphasic Injection I.P. (25% Insulin Lispro and 75% Insulin Lispro Protamine),Diabetes mellitus,Suspension for Injection in Cartridge and prefilled pen Strength: 100IU/mL,import,"CDSCO r-DNA register — CT-18 Approvals Jan, 2020 - June 2026.pdf",https://cdsco.gov.in/opencms/opencms/en/biologicals/rDNA/,False,,2026-08-05T12:34:01+00:00
28,M/s Takeda Pharmaceutical s India Pvt. Ltd.,2021-10-20,20-10-2021,IMP/BIO/21/000089,Brentuximab 1. Vedotin,"Previously untreated Stage III or IV classical Hodgkin lymphoma (cHL), in combination with chemotherapy 2. Classical Hodgkin lymphoma (cHL) consolidation 3. Relapsed classical Hodgkin lymphoma(cHL) 4. Previously untreated systemic anaplastic large cell lymphoma (sALCL) or other CD30-expressing peripheral T-cell lymphomas (PTCL), in combination with chemotherapy 5. Relapsed systemic anaplastic large cell lymphoma (sALCL) 6. Relapsed primary cutaneous anaplastic large cell lymphoma (pcALCL) or CD30-expressing mycosis fungoides (MF)",Powder for concentrate for solution for infusion in vial Strength: 50 mg,import,"CDSCO r-DNA register — CT-18 Approvals Jan, 2020 - June 2026.pdf",https://cdsco.gov.in/opencms/opencms/en/biologicals/rDNA/,True,brentuximab is an oncology molecule,2026-08-05T12:34:01+00:00
29,M/s Cipla Limited,2021-11-29,29-11-2021,IMP/BIO/21/000096,Recombinant Human Erythropoietin injection I.P.,For treatment of anemia in chronic renal failure patients,"Solution for injection Strength: 2000 IU/0.5 ml, 3000 IU/0.3 ml, 4000 IU/0.4 ml, 6000 IU/0.6 ml, 8000 IU/0.8 ml and 10000 IU/1.0ml Solution for injection in pre-filled syringe",import,"CDSCO r-DNA register — CT-18 Approvals Jan, 2020 - June 2026.pdf",https://cdsco.gov.in/opencms/opencms/en/biologicals/rDNA/,False,,2026-08-05T12:34:01+00:00
30,M/s Cipla Limited,2021-12-09,09-12-2021,IMP/BIO/21/000100,Insulin Lispro Biphasic Injection I.P. (50% Insulin Lispro and 50% Insulin Lispro Protamine suspension) Injection (r-DNA origin),For the treatment of patients with diabetes mellitus who require insulin for the maintenance of normal glucose homeostasis,Suspension for injection in Cartridge & prefilled pen Strength:100 IU/mL,import,"CDSCO r-DNA register — CT-18 Approvals Jan, 2020 - June 2026.pdf",https://cdsco.gov.in/opencms/opencms/en/biologicals/rDNA/,False,,2026-08-05T12:34:01+00:00
31,M/s Cipla Limited,2021-12-22,22-12-2021,IMP/BIO/21/000106,Recombinant Human Erythropoietin injection I.P.,For treatment of anemia in chronic renal failure patients,"Solution for injection in vial Strength:10,000 IU/ 1mL, 20,000 IU/2mL",import,"CDSCO r-DNA register — CT-18 Approvals Jan, 2020 - June 2026.pdf",https://cdsco.gov.in/opencms/opencms/en/biologicals/rDNA/,False,,2026-08-05T12:34:01+00:00
32,M/s Dr. Reddy’s Laboratories Limited,2022-01-05,05-01-2022,IMP/BIO/22/000001,Romosozumab,"Treatment of Postmenopausal Women with Osteoporosis at High Risk for Fracture Romosozumab is indicated for the treatment of osteoporosis in postmenopausal women at high risk for fracture, defined as a history of osteoporotic fracture, or multiple risk factors for fracture; or patients who have failed or are intolerant to other available osteoporosis therapy. Limitations of Use The anabolic effect of Romosozumab wanes after 12 monthly doses of therapy. Therefore, the duration of Romosozumab use should be limited to 12 monthly doses. If osteoporosis therapy remains warranted, continued therapy with an anti-resorptive agent should be considered. Two 105 mg/1.17 mL single use prefilled syringes are required to administer the recommended 210 mg dose of Romosozumab",Solution for injection in a single-use prefilled syringe for Subcutaneous use. Strength: 90 mg/mL,import,"CDSCO r-DNA register — CT-18 Approvals Jan, 2020 - June 2026.pdf",https://cdsco.gov.in/opencms/opencms/en/biologicals/rDNA/,False,,2026-08-05T12:34:01+00:00
33,M/s Bristol- Myers Squibb India Pvt. Ltd.,2022-01-12,12-01-2022,IMP/BIO/22/000002,Luspatercept,"Myelodysplastic syndromes (MDS): Luspatercept is indicated for the treatment of adult patients with transfusion-dependent anaemia due to very low, low and intermediate- risk myelodysplastic syndromes (MDS) with ring sideroblasts, who had an unsatisfactory response to or are ineligible for erythropoietin- based therapy. β-thalassemia: Luspatercept is indicated for the treatment of adult patients with transfusion-dependent anaemia associated with beta- thalassaemia.",Lyophilized Powder for solution for injection in vial. Strength: 25 mg and 75 mg,import,"CDSCO r-DNA register — CT-18 Approvals Jan, 2020 - June 2026.pdf",https://cdsco.gov.in/opencms/opencms/en/biologicals/rDNA/,False,,2026-08-05T12:34:01+00:00
34,M/s Cipla Limited,2022-02-04,04-02-2022,IMP/BIO/22/000006,Dulaglutide,"Dulaglutide is a glucagon-like peptide-1 (GLP-1) receptor agonist indicated: 1. as an adjunct to diet and exercise to improve glycemic control in adults with type 2 diabetes mellitus. 2. to reduce the risk of major adverse cardiovascular events (cardiovascular death, non-fatal myocardial infarction, or non-fatal stroke) in adults with type 2 diabetes mellitus who have established cardiovascular disease or multiple cardiovascular risk factors.",Dosage Form: Solution for Injection Strength: 0.75 mg/0.5 ml in Prefilled Pen and 1.5 mg/0.5 ml,import,"CDSCO r-DNA register — CT-18 Approvals Jan, 2020 - June 2026.pdf",https://cdsco.gov.in/opencms/opencms/en/biologicals/rDNA/,False,,2026-08-05T12:34:01+00:00
35,"M/s Johnson & Johnson Pvt. Ltd.,",2017-01-02,02-01-2017,IMP-223/2016,Daratumumab,"1. In combination with lenalidomide and dexamethasone or with bortezomib, melphalan and prednisone for the treatment of adult patients with newly diagnosed multiple myeloma who are ineligible for autologous stem cell transplant. 2. For the treatment of patients with relapsed and refractory multiple myeloma, whose prior therapy included a proteasome inhibitor and an immunomodulatory agent. 3. In combination with lenalidomide and dexamethasone, or bortezomib and dexamethasone for the treatment of adult patients with multiple myeloma who have received at least one prior therapy (indication approved on 08.02.2022). 4. As monotherapy for the treatment of adult patients with relapsed and refractory multiple myeloma, whose prior therapy included a proteasome inhibitor and an immunomodulatory agent and who have demonstrated disease progression on the last therapy (indication approved on 08.02.2022).",Concentrate for solution for infusion Strength: 20 mg/mL,import,"CDSCO r-DNA register — CT-18 Approvals Jan, 2020 - June 2026.pdf",https://cdsco.gov.in/opencms/opencms/en/biologicals/rDNA/,True,daratumumab is an oncology molecule,2026-08-05T12:34:01+00:00
36,M/s Eli Lilly and Company (India) Pvt. Ltd.,2022-02-07,07-02-2022,IMP/BIO/22/00 0012,Ixekizumab,"1. Psoriatic Arthritis: Ixekizumab, is indicated for the treatment of adult patients with active psoriatic arthritis., 2. Plaque Psoriasis: Ixekizumab is indicated for the treatment of adult patients with moderate-to severe plaque psoriasis who are candidates for systemic therapy or phototherapy",Solution for Injection in Prefilled Autoinjector and Prefilled Syringe Strength: 80 mg/mL,import,"CDSCO r-DNA register — CT-18 Approvals Jan, 2020 - June 2026.pdf",https://cdsco.gov.in/opencms/opencms/en/biologicals/rDNA/,False,,2026-08-05T12:34:01+00:00
37,M/s Johnson & Johnson Pvt. Ltd.,2022-02-08,08-02-2022,IMP/BIO/22/000013,Amivantamab,Treatment of patients with locally advanced or metastatic non-small cell lung cancer (NSCLC) with activating epidermal-growth factor receptor (EGFR) Exon 20 insertion mutations whose disease has progressed on or after platinum- based chemo- therapy.,Liquid concentrate for infusion Strength: 50 mg/mL,import,"CDSCO r-DNA register — CT-18 Approvals Jan, 2020 - June 2026.pdf",https://cdsco.gov.in/opencms/opencms/en/biologicals/rDNA/,True,indication names metastatic,2026-08-05T12:34:01+00:00
38,M/s Cipla Limited,2022-02-07,07-02-2022,IMP/BIO/22/000011,Recombinant Human Follicle stimulating Hormone solution for injection I.P.,Treatment of female infertility,"Solution for injection Strengths: 75IU/ 0.15mL, 150 IU/0.3mL, 225 IU/0.45mL, 300 IU/0.6mL Solution for injection in prefilled syringe",import,"CDSCO r-DNA register — CT-18 Approvals Jan, 2020 - June 2026.pdf",https://cdsco.gov.in/opencms/opencms/en/biologicals/rDNA/,False,,2026-08-05T12:34:01+00:00
39,M/s GlaxoSmithKlin e Pharmaceutical s Limited,2018-06-12,12-06-2018,IMP147/2018,Mepolizumab,Eosinophilic granulomatosis with polyangiitis (EGPA) Mepolizumab is indicated as an add-on treatment for adult patients with relapsingremitting or refractory eosinophilic granulomatosis with polyangiitis (EGPA). Hypereosinophilic syndrome (HES) Mepolizumab is indicated as an add-on treatment for adult patients with inadequately controlled hypereosinophilic syndrome without an identifiable nonhaematologic secondary cause (additional indication approved on 15.03.2022),Solution for injection in pre-filled pen (auto- injector) or pre-filled syringe (safety syringe) Strength:100 mg/mL,import,"CDSCO r-DNA register — CT-18 Approvals Jan, 2020 - June 2026.pdf",https://cdsco.gov.in/opencms/opencms/en/biologicals/rDNA/,False,,2026-08-05T12:34:01+00:00
40,M/s Johnson & Johnson Pvt. Ltd.,2022-03-10,10-03-2022,IMP/BIO/22/000020,Ustekinumab,"Ustekinumab is indicated for:  Inducing and maintaining clinical response,  Inducing and maintaining clinical remission,  Eliminating corticosteroid use,  Inducing endoscopic healing,  Improving health-related quality of life in adults with moderately to severely active Crohn’s disease who:  have failed or were intolerant to immunomodulators or corticosteroids or  were corticosteroid dependent or  have failed or were intolerant to one or more anti-TNF treatment","1. Concentrate solution for IV infusion in single use vial; Strength: 130 mg/ 26 ml, 2. Solution for injection (Sub cutaneous) in pre- filled syringe; Strength: 45 mg/0.5 ml, Strength: 90 mg/ml",import,"CDSCO r-DNA register — CT-18 Approvals Jan, 2020 - June 2026.pdf",https://cdsco.gov.in/opencms/opencms/en/biologicals/rDNA/,False,,2026-08-05T12:34:01+00:00
41,M/s Novo Nordisk India Pvt. Ltd.,2022-04-20,20-04-2022,IMP/BIO/22/000031,Semaglutide,"It is indicated as an adjunct to a reduced calorie diet and increased physical activity for chronic weight management in adults with an initial body mass index (BMI) of 2  30 kg/m or greater (obesity) or 2  27 kg/m or greater (overweight) in the presence of at least one weight-related comorbid condition (e.g., hypertension, type 2 diabetes mellitus, or dyslipidemia) Limitations of Use:  It contains semaglutide and should not be co- administered with other semaglutide containing products or with any other GLP-1 receptor agonist.  The safety and effectiveness of semaglutide in combination with other products intended for weight loss, including prescription drugs, over-the- counter drugs, and herbal preparations, have not been established.  It has not been studied in patients with a history of pancreatitis.","Solution for injection (in prefilled pen (Single dose Pen injector) Strength: Each pre- filled pen contains 1. 0.25 mg Semaglutide in 0.5 mL, 2. 0.5 mg semaglutide in 0.5 mL, 3. 1.0 mg semaglutide in 0.5 mL, 4. 1.7 mg semaglutide in 0.75 mL and, 5. 2.4 mg semaglutide in 0.75 mL",import,"CDSCO r-DNA register — CT-18 Approvals Jan, 2020 - June 2026.pdf",https://cdsco.gov.in/opencms/opencms/en/biologicals/rDNA/,False,,2026-08-05T12:34:01+00:00
42,M/s Takeda Pharmaceutical s India Pvt. Ltd.,2022-07-26,26-07-2022,IMP/BIO/22/000053,Vedolizumab,"Vedolizumab 108mg is indicated as only for maintenance treatment by subcutaneous route once every 2 weeks, following at least 2 intravenous infusions (Vedolizumab IV 300 mg), for the following indications: Ulcerative colitis Vedolizumab is indicated for the treatment of adult patients with moderately to severely active ulcerative colitis who have had an inadequate response with lost response to or were intolerant to either conventional therapy or a tumor necrosis factor-alpha (TNFα) antagonist. Crohn’s disease Vedolizumab is indicated for the treatment of adult patients with moderately to severely active Crohn’s disease who have had an inadequate response with lost response to or were intolerant to either conventional therapy or a tumor necrosis factor- alpha (TNFα) antagonist",Solution for injection in Pre-filled syringe with Needle safety device & Pre-filled syringe with Autoinjector Strength: 108 mg,import,"CDSCO r-DNA register — CT-18 Approvals Jan, 2020 - June 2026.pdf",https://cdsco.gov.in/opencms/opencms/en/biologicals/rDNA/,True,indication names tumor,2026-08-05T12:34:01+00:00
43,M/s Pfizer Products India Private Limited,2022-08-12,12-08-2022,IMP/BIO/22/000055,Somatrogon,Indicated for the treatment of children and adolescents from 3 years of age with growth disturbance due to insufficient secretion of growth hormone,Solution for injection Strength: Each Prefilled pen contains: 1. 24mg/mL and. 2. 60mg/1.2mL solution for injection in prefilled pen.,import,"CDSCO r-DNA register — CT-18 Approvals Jan, 2020 - June 2026.pdf",https://cdsco.gov.in/opencms/opencms/en/biologicals/rDNA/,False,,2026-08-05T12:34:01+00:00
44,M/s Novo Nordisk India Pvt. Ltd.,2022-10-17,17-10-2022,IMP/BIO/22/000068,Semaglutide,"It is indicated as an adjunct to a reduced calorie diet and increased physical activity for chronic weight management in adults with an initial body mass index (BMI) of 1. 30 kg/m2 or greater (obesity) or 2. 27 kg/m2 or greater (overweight) in the presence of at least one weight-related comorbid condition (e.g., hypertension, type 2 diabetes mellitus, or dyslipidemia) Limitations of Use: 1. It contains semaglutide and should not be co- administered with other semaglutide containing products or with any other GLP-1 receptor agonist. 2. The safety and effectiveness of semaglutide in combination with other products intended for weight loss, including prescription drugs, over-the- counter drugs, and herbal preparations, have not been established. 3. It has not been studied in patients with a history of pancreatitis.",Solution for Injection in Prefilled Pen Strength: 0.25mg/0.5mg/1mg/1.7mg/ 2.4mg,import,"CDSCO r-DNA register — CT-18 Approvals Jan, 2020 - June 2026.pdf",https://cdsco.gov.in/opencms/opencms/en/biologicals/rDNA/,False,,2026-08-05T12:34:01+00:00
45,M/s Bristol- Myers Squibb India Pvt. Ltd.,2022-11-02,02-11-2022,IMP-88/2016,Nivolumab,"1. Nivolumab as a single agent is indicated for the treatment of locally advanced or metastatic non- small cell lung cancer (NSCLC) after prior chemotherapy. 2. Nivolumab as a single agent is indicated for the treatment of patients with advanced renal cell carcinoma (RCC) after prior therapy in adults 3. Nivolumab as monotherapy is indicated for the treatment of recurrent or metastatic squamous cell carcinoma of the head and neck after platinum based therapy 4. Nivolumab as a single agent is indicated for the treatment of patients with BRAF V600 wildtype unresectable or metastatic melanoma 5. Nivolumab as a single agent is indicated for the treatment of patients with BRAF V600 mutation positive unresectable or metastatic melanoma 6. Nivolumab is indicated for the treatment of adult patients with classical Hodgkin lymphoma (cHL) that has relapsed or progressed after:  autologous hematopoietic stem cell transplantation (HSCT) and brentuximab vedotin, or  3 or more lines of systemic therapy that includes autologous HSCT. 7. Nivolumab is indicated for the treatment of patients with locally advanced or metastatic urothelial carcinoma who:  have disease progression during or following platinum containing chemotherapy.  have disease progression within 12 months of neoadjuvant or adjuvant treatment with platinum containing chemotherapy 8. Nivolumab as monotherapy is indicated for the treatment of adult and pediatric (12 years and older) pati ents with microsatellite instability-high (MSI-H) or mismatch repair deficient (dMMR) metastatic colorectal cancer (CRC) that has progressed following treatment with a fluoropyrimidine, oxaliplatin, and irinotecan 9. Nivolumab is indicated for the treatment of patients with melanoma with lymph node involvement or metastatic disease who have undergone complete resection, in the adjuvant settings 10. Nivolumab is indicated for treatment of patients with intermediate or poor risk, previously untreated advanced renal cell carcinoma, in combination with Ipilimumab",Concentrate for solution for infusion in vial Strength: 240 mg in vial (10 mg/ml),import,"CDSCO r-DNA register — CT-18 Approvals Jan, 2020 - June 2026.pdf",https://cdsco.gov.in/opencms/opencms/en/biologicals/rDNA/,True,nivolumab is an oncology molecule,2026-08-05T12:34:01+00:00
46,M/s MSD Pharmaceutical s Private Limited,2022-11-25,25-11-2022,IMP-093/2016,Pembrolizumab,"1. Cervical Cancer: Pembrolizumab, in combination with chemotherapy with or without Bevacizumab, is indicated for the treatment of persistent, recurrent, or metastatic cervical cancer in adults whose tumours express PD-L1 with a CPS 1. 2. Esophageal Cancer: Pembrolizumab, in combination with platinum and Fluoropyrimidine- based chemotherapy, is indicated for the first-line treatment of locally advanced unresectable or metastatic carcinoma of the esophagus or HER-2 negative gastroesophageal junction adenocarcinoma, in adults whose tumours express PD-L1 with a CPS 10",Solution for infusion Strength: 100 mg/4mL (25 mg/ml),import,"CDSCO r-DNA register — CT-18 Approvals Jan, 2020 - June 2026.pdf",https://cdsco.gov.in/opencms/opencms/en/biologicals/rDNA/,True,pembrolizumab is an oncology molecule,2026-08-05T12:34:01+00:00
47,M/s Sandoz Private Limited,2022-12-13,13-12-2022,IMP/BIO/20/000056,Brolucizumab,Indicated for the treatment of DME (Diabetic Macular Edema),Solution for injection in vial + filter needle Strength: 120 mg/ml,import,"CDSCO r-DNA register — CT-18 Approvals Jan, 2020 - June 2026.pdf",https://cdsco.gov.in/opencms/opencms/en/biologicals/rDNA/,False,,2026-08-05T12:34:01+00:00
48,M/s Takeda Biopharmaceut icals India Pvt. Ltd.,2023-01-31,31-01-2023,IMP/BIO/23/000001,Vedolizumab,"Vedolizumab is indicated for the treatment of:  Adult patients with moderately to severely active Ulcerative Colitis who have had an inadequate response with, lost response to or were intolerant to either conventional therapy or tumor necrosis factor-alpha (TNF-α) antagonist.","Dosage Form: Powder for concentrate for solution for infusion. Strength: 300 mg  Treatment of adult patients with moderately to severely active Crohn’s Disease who have had an inadequate response with, lost response to or were intolerant to either conventional therapy or tumor necrosis factor-alpha (TNF-α) antagonist.",import,"CDSCO r-DNA register — CT-18 Approvals Jan, 2020 - June 2026.pdf",https://cdsco.gov.in/opencms/opencms/en/biologicals/rDNA/,True,indication names tumor,2026-08-05T12:34:01+00:00
49,M/s Biopharmaceut icals India Pvt. Ltd.,,Takeda,31-01-2023,IMP/BIO/23/000002 Note: Due to name change MA is re- issued.,Recombinant Antihemophilic Factor VIII (r-AHF- VIII),For supplementing blood coagulation factor VIII and suppresses bleeding tendency in congenital blood coagulation factor VIII deficient patients (Haemophilia A).,import,"CDSCO r-DNA register — CT-18 Approvals Jan, 2020 - June 2026.pdf",https://cdsco.gov.in/opencms/opencms/en/biologicals/rDNA/,False,,2026-08-05T12:34:01+00:00
50,M/s Biopharmaceut icals India Pvt. Ltd.,,Takeda,31-01-2023,,,Coagulation Factor IX (Recombinant) is an antihemophilic factor indicated for:  Control and prevention of bleeding episodes in adults and children with haemophilia B.  Perioperative management in adults and children with haemophilia B.  Routine prophylaxis to prevent or reduce the frequency of bleeding episodes in adults and children with haemophilia B,import,"CDSCO r-DNA register — CT-18 Approvals Jan, 2020 - June 2026.pdf",https://cdsco.gov.in/opencms/opencms/en/biologicals/rDNA/,False,,2026-08-05T12:34:01+00:00
51,M/s Eli Lilly and Company (India) Pvt. Ltd.,,,06-02-2023,,Galcanezumab,Galcanezumab is indicated for the preventive treatment of migraine in adults.,import,"CDSCO r-DNA register — CT-18 Approvals Jan, 2020 - June 2026.pdf",https://cdsco.gov.in/opencms/opencms/en/biologicals/rDNA/,False,,2026-08-05T12:34:01+00:00
52,M/s AstraZeneca AstraZeneca Pharma India Limited. Coagulation Factor IX (Recombinant),,,06-02-2023,,Durvalumab,Durvalumab (IMFINZI) in combination with chemotherapy is indicated for the treatment of patients with locally advanced or metastatic biliary tract cancer (BTC),import,"CDSCO r-DNA register — CT-18 Approvals Jan, 2020 - June 2026.pdf",https://cdsco.gov.in/opencms/opencms/en/biologicals/rDNA/,False,,2026-08-05T12:34:01+00:00
53,M/s Takeda Biopharmaceut icals India Pvt. Ltd.,,,07-02-2023,,,,import,"CDSCO r-DNA register — CT-18 Approvals Jan, 2020 - June 2026.pdf",https://cdsco.gov.in/opencms/opencms/en/biologicals/rDNA/,False,,2026-08-05T12:34:01+00:00
54,M/s Biopharmaceut icals India Pvt. Ltd,,Takeda,08-02-2023,,,,import,"CDSCO r-DNA register — CT-18 Approvals Jan, 2020 - June 2026.pdf",https://cdsco.gov.in/opencms/opencms/en/biologicals/rDNA/,False,,2026-08-05T12:34:01+00:00
55,M/s Biopharmaceut icals India Pvt. Ltd,,Takeda,13-02-2023,,,,import,"CDSCO r-DNA register — CT-18 Approvals Jan, 2020 - June 2026.pdf",https://cdsco.gov.in/opencms/opencms/en/biologicals/rDNA/,False,,2026-08-05T12:34:01+00:00
56,M/s Biopharmaceut icals India Pvt. Ltd,,Takeda,13-02-2023,,,,import,"CDSCO r-DNA register — CT-18 Approvals Jan, 2020 - June 2026.pdf",https://cdsco.gov.in/opencms/opencms/en/biologicals/rDNA/,False,,2026-08-05T12:34:01+00:00
57,M/s Biopharmaceut icals India Pvt. Ltd,,Takeda,13-02-2023,"Dosage Form: Concentrate for Solution for (IV) Infusion. Strength: 2mg/ ml Dosage Form: Powder for Solution for Infusion in single use vial. Strength: 400 units Dosage Form: Concentrate solution for intravenous infusion Strength: 1mg/ml Dosage Form: Solution for injection in Pre-filled syringe with Needle safety device & Pre-filled syringe with Autoinjector Strength: 108mg Dosage Form: Lyophilized Powder for solution for injection Strength: 250IU/vial,",,episodes.  Perioperative management.  Routine prophylaxis to reduce the frequency of bleeding episodes.,import,"CDSCO r-DNA register — CT-18 Approvals Jan, 2020 - June 2026.pdf",https://cdsco.gov.in/opencms/opencms/en/biologicals/rDNA/,False,,2026-08-05T12:34:01+00:00
58,M/s Sanofi Healthcare India Private Limited,,,21-02-2023,IMP/BIO/23/000016,Insulin Glargine + Lixisenatide,"For treatment of adults patients with Obesity with insufficiently controlled type 2 diabetes mellitus to improve glycemic control as an adjunct to diet and exercise in addition to metformin with or without SGLT2 inhibitors, when this has not been provided by metformin alone or metformin combined with another oral glucose lowering medicinal product (sulfonylurea, glinide, DPP-4 inhibitors or gliptins, and Sodium- glucose co-transporter 2 (SGLT2) inhibitors or gliflozins) or with basal insulin or with glucagon-like peptide-1 (GLP-1) receptor agonist",import,"CDSCO r-DNA register — CT-18 Approvals Jan, 2020 - June 2026.pdf",https://cdsco.gov.in/opencms/opencms/en/biologicals/rDNA/,False,,2026-08-05T12:34:01+00:00
59,M/s Biopharmaceut icals India Pvt. Ltd,,Takeda,22-03-2023,,,Treatment and prophylaxis of bleeding in patients with Haemophilia A (Congenital factor VIII deficiency) in all age groups.,import,"CDSCO r-DNA register — CT-18 Approvals Jan, 2020 - June 2026.pdf",https://cdsco.gov.in/opencms/opencms/en/biologicals/rDNA/,False,,2026-08-05T12:34:01+00:00
60,M/s Biopharmaceut icals India Pvt. Ltd Coagulation Factor VIII (Recombinant) rFVIII Brentuximab Vedotin,,Takeda,24-03-2023,,," Previously untreated Stage III or IV classical Hodgkin lymphoma (cHL), in combination with chemotherapy.  Classical Hodgkin lymphoma (cHL) consolidation.  Relapsed classical Hodgkin lymphoma(cHL).  Previously untreated systemic anaplastic large cell lymphoma (sALCL) or other CD30-expressing peripheral T-cell lymphomas (PTCL), in combination with chemotherapy.  Relapsed systemic anaplastic large cell lymphoma (sALCL).  Relapsed primary cutaneous anaplastic large cell lymphoma (pcALCL) or CD30-expressing mycosis",import,"CDSCO r-DNA register — CT-18 Approvals Jan, 2020 - June 2026.pdf",https://cdsco.gov.in/opencms/opencms/en/biologicals/rDNA/,False,,2026-08-05T12:34:01+00:00
61,M/s Roche Products (india) Private Limited,,,,24-03-2023,IMP/BIO/23/000032,Faricimab,import,"CDSCO r-DNA register — CT-18 Approvals Jan, 2020 - June 2026.pdf",https://cdsco.gov.in/opencms/opencms/en/biologicals/rDNA/,False,,2026-08-05T12:34:01+00:00
62,M/s Roche Products (India) Private Limited,,,,24-03-2023,,,import,"CDSCO r-DNA register — CT-18 Approvals Jan, 2020 - June 2026.pdf",https://cdsco.gov.in/opencms/opencms/en/biologicals/rDNA/,False,,2026-08-05T12:34:01+00:00
63,M/s Ingelheim India Private Limited,,Boehringer,,24-03-2023,,,import,"CDSCO r-DNA register — CT-18 Approvals Jan, 2020 - June 2026.pdf",https://cdsco.gov.in/opencms/opencms/en/biologicals/rDNA/,False,,2026-08-05T12:34:01+00:00
64,M/s Pharma India Private Limited,,,GSK,26-04-2023,,,import,"CDSCO r-DNA register — CT-18 Approvals Jan, 2020 - June 2026.pdf",https://cdsco.gov.in/opencms/opencms/en/biologicals/rDNA/,False,,2026-08-05T12:34:01+00:00
65,M/s Limited,,,Cipla,26-04-2023,IMP/BIO/23/000049 Note: Additional Marketing Authorization,Insulin Lispro Ultrarapid (UR) Injection pen,import,"CDSCO r-DNA register — CT-18 Approvals Jan, 2020 - June 2026.pdf",https://cdsco.gov.in/opencms/opencms/en/biologicals/rDNA/,False,,2026-08-05T12:34:01+00:00
66,M/s AstraZeneca Pharma India Limited,2023-05-01,01-05-2023,IMP/BIO/23/000054,Trastuzumab deruxtecan,Trastuzumab deruxtecan is indicated for the treatment of adult patients with unresectable or metastatic HER2-positive breast cancer who have received a prior anti-HER2-based regimen,"Dosage Form: Single use sterile, lyophilized powder for concentrate for solution for infusion Strength: 100 mg/ 5 ml",import,"CDSCO r-DNA register — CT-18 Approvals Jan, 2020 - June 2026.pdf",https://cdsco.gov.in/opencms/opencms/en/biologicals/rDNA/,True,trastuzumab is an oncology molecule,2026-08-05T12:34:01+00:00
67,M/s Sanofi India Limited,2023-05-16,16-05-2023,IMP/BIO/23/000058,Biphasic Insulin Aspart Injection IP,"Biphasic Insulin Aspart Injection I.P. is indicated for treatment of diabetes mellitus in adults, adolescents and children aged 10 years and above.",Dosage Form: 30% Soluble insulin aspart IP and 70 % protamine- crystallised insulin aspart IP; suspension for injection. Strength: 100 IU/mL in 3 mL cartridge and 3 mL cartridge in pen injector.,import,"CDSCO r-DNA register — CT-18 Approvals Jan, 2020 - June 2026.pdf",https://cdsco.gov.in/opencms/opencms/en/biologicals/rDNA/,False,,2026-08-05T12:34:01+00:00
68,M/s AstraZeneca Pharma India Limited,2023-05-26,26-05-2023,,,Tremelimumab in combination with durvalumab is indicated for the treatment of patients with unresectable hepatocellular carcinoma (uHCC),Dosage Form: 25mg/ 1.25mL and 300 mg/ 15mL Solution for infusion in single dose vial Strength: 20 mg/mL,import,"CDSCO r-DNA register — CT-18 Approvals Jan, 2020 - June 2026.pdf",https://cdsco.gov.in/opencms/opencms/en/biologicals/rDNA/,False,,2026-08-05T12:34:01+00:00
69,M/s MSD Pharmaceutical Private Limited,2023-05-31,31-05-2023,,,"1. Pembrolizumab, in combination with axitinib, is indicated for the first-line treatment of advanced renal cell carcinoma in adults. 2. Pembrolizumab, as monotherapy, is indicated for the adjuvant treatment of adults with renal cell carcinoma at increased risk of recurrence following nephrectomy or following nephrectomy and resection of metastatic lesions. 3. Pembrolizumab, in combination with chemotherapy, is indicated for the treatment of locally recurrent unresectable or metastatic triple- negative breast cancer in adults whose tumours express PD-L1 with a CPS ≥ 10 and who have not","Dosage Form: Solution in single vial Strength: 25 mg/mL received prior chemotherapy for metastatic disease. 4. Pembrolizumab, in combination with chemotherapy as neoadjuvant treatment, and then continued as monotherapy as adjuvant treatment after surgery, is indicated for the treatment of adults with locally advanced, or early-stage triple- negative breast cancer at high risk of recurrence.",import,"CDSCO r-DNA register — CT-18 Approvals Jan, 2020 - June 2026.pdf",https://cdsco.gov.in/opencms/opencms/en/biologicals/rDNA/,False,,2026-08-05T12:34:01+00:00
70,M/s Sanofi Healthcare India Private Limited,,,14-06-2023,IMP/BIO/23/000066,Avalglucosidase Alfa,Avalglucosidase Alfa is indicated for the treatment of long-term enzyme replacement therapy for the treatment of patients with Pompe disease (acid - glucosidase deficiency),import,"CDSCO r-DNA register — CT-18 Approvals Jan, 2020 - June 2026.pdf",https://cdsco.gov.in/opencms/opencms/en/biologicals/rDNA/,False,,2026-08-05T12:34:01+00:00
71,M/s Cipla Limited,,Cipla,01-08-2023,,,"Insulin Glargine is indicated for the treatment of diabetes mellitus in adults, adolescents and children aged 2 years and above.",import,"CDSCO r-DNA register — CT-18 Approvals Jan, 2020 - June 2026.pdf",https://cdsco.gov.in/opencms/opencms/en/biologicals/rDNA/,False,,2026-08-05T12:34:01+00:00
72,M/s Bristol- Mayer Squibb India Pvt. Ltd.,,,01-09-2023,IMP/BIO/23/000083,Nivolumab,"Additional Indication: Renal Cell Carcinoma (RCC) Nivolumab in combination with cabozantinib, is indicated for the first line treatment of patients with advanced Renal Cell Carcinoma (RCC).",import,"CDSCO r-DNA register — CT-18 Approvals Jan, 2020 - June 2026.pdf",https://cdsco.gov.in/opencms/opencms/en/biologicals/rDNA/,False,,2026-08-05T12:34:01+00:00
73,M/s Roche Products (India) Private Limited,,,04-09-2023,IMP/BIO/23/000087,Polatuzumab Vedotin,"Polatuzumab vedotin in combination with rituximab, cyclophosphamide, doxorubicin, and prednisone (R- CHP) is indicated for the treatment of adult patients with previously untreated diffuse large B-cell lymphoma (DLBCL)",import,"CDSCO r-DNA register — CT-18 Approvals Jan, 2020 - June 2026.pdf",https://cdsco.gov.in/opencms/opencms/en/biologicals/rDNA/,False,,2026-08-05T12:34:01+00:00
74,M/s Johnson & Johnson Pvt. Ltd.,,,11-09-2023,IMP/BIO/23/000090,Teclistamab,"Teclistamab is indicated as monotherapy for the treatment of adult patients with relapsed and refractory multiple myeloma, who have received at least three prior therapies, including an immunomodulatory agent, a proteasome inhibitor, and an anti-CD38 antibody and have demonstrated disease progression on the last therapy.",import,"CDSCO r-DNA register — CT-18 Approvals Jan, 2020 - June 2026.pdf",https://cdsco.gov.in/opencms/opencms/en/biologicals/rDNA/,False,,2026-08-05T12:34:01+00:00
75,M/s AstraZeneca Pharma India Limited,2023-09-25,25-09-2023,IMP/BIO/23/000092,Palivizumab,Palivizumab is indicated for the prevention of serious lower respiratory tract disease requiring hospitalization caused by respiratory syncytial virus (RSV) in children at high risk for RSV disease:  Infants born at 35 weeks of gestation or less and less than 6 months of age at the onset of the RSV season.  Children less than 2 years of age and requiring treatment for bronchopulmonary dysplasia (BPD) within the last 6 months.  Children less than 2 years of age and with haemodynamically significant congenital heart disease (CHD).,Dosage Form: single dose vials administered through intramuscular route. Strength: 100 mg/mL,import,"CDSCO r-DNA register — CT-18 Approvals Jan, 2020 - June 2026.pdf",https://cdsco.gov.in/opencms/opencms/en/biologicals/rDNA/,False,,2026-08-05T12:34:01+00:00
76,M/s Novo Nordisk India Pvt. Ltd.,2023-11-22,22-11-2023,IMP/BIO/23/000104,Somapacitan,Somapacitan is indicated for the replacement of endogenous growth hormone (GH) in children and adolescents with growth failure due to growth hormone deficiency (paediatric GHD (GHD)) and in adults with growth hormone deficiency (adult GHD (AGHD)),Dosage Form: Solution for Injection in pre-filled pen Strength: 10 mg/1.5ml; 15 mg/1.5ml,import,"CDSCO r-DNA register — CT-18 Approvals Jan, 2020 - June 2026.pdf",https://cdsco.gov.in/opencms/opencms/en/biologicals/rDNA/,False,,2026-08-05T12:34:01+00:00
77,M/s Pfizer Products (India) Private Limited,2023-11-28,28-11-2023,"IMP/BIO/23/000105 Note: This product was initially approved on 05.09.2018. Based on the application, the modification of approved indication is approved.",Nonacog Alfa (Recombinant human coagulation factor IX),Revised Therapeutic Indication: Nonacog alfa (recombinant coagulation factor IX) is a recombinant human blood coagulation factor IX indicated for adults and children with hemophilia B (congenital factor IX deficiency or Christmas disease) for:  On-demand treatment and control of bleeding episodes.  Perioperative management of bleeding.  Routine prophylaxis to reduce the frequency of bleeding episodes. Limitations of Use: Nonacog alfa (recombinant coagulation factor IX) is not indicated for induction of immune tolerance in patients with hemophilia B,"Dosage Form: powder and solvent for solution for injection Strength: 250IU, 500IU, 1000IU, 2000IU and 3000 IU",import,"CDSCO r-DNA register — CT-18 Approvals Jan, 2020 - June 2026.pdf",https://cdsco.gov.in/opencms/opencms/en/biologicals/rDNA/,False,,2026-08-05T12:34:01+00:00
78,M/s Sanofi Healthcare India Private Limited,2023-12-22,22-12-2023,IMP/BIO/23/000110,Olipudase alfa,Olipudase alfa is indicated as enzyme replacement therapy for long-term treatment of non-central nervous system (CNS) manifestations of acid sphingomyelinase deficiency (ASMD) in pediatric and adult patients.,Dosage Form: Powder for concentrate for solution for infusion. Strength: 21.2 mg/ Vial,import,"CDSCO r-DNA register — CT-18 Approvals Jan, 2020 - June 2026.pdf",https://cdsco.gov.in/opencms/opencms/en/biologicals/rDNA/,False,,2026-08-05T12:34:01+00:00
79,M/s Astellas Pharma India Pvt. Ltd.,2024-01-08,08-01-2024,IMP/BIO/24/000001,Enfortumab vedotin,Enfortumab vedotin as monotherapy is indicated for the treatment of adult patients with locally advanced or metastatic urothelial cancer who have previously received a platinum-containing chemotherapy and a programmed death receptor 1 or programmed death ligand 1 inhibitor,"Dosage Form: Powder for concentrate for solution for infusion. Strength: 20 mg/vial & 30mg/vial After reconstitution, each mL of solution contains 10mg of Enfortumab vedotin",import,"CDSCO r-DNA register — CT-18 Approvals Jan, 2020 - June 2026.pdf",https://cdsco.gov.in/opencms/opencms/en/biologicals/rDNA/,True,enfortumab is an oncology molecule,2026-08-05T12:34:01+00:00
80,M/s Bristol- Myers Squibb India Pvt. Ltd.,2024-01-17,17-01-2024,IMP/BIO/24/000006 Note: Approval of Additional Indication.,Nivolumab,"Additional Indication: 1. Nivolumab, in combination with fluoropyrimidine- and platinum-containing chemotherapy is indicated for the first-line treatment of adult patients with unresectable advanced or metastatic esophageal squamous cell carcinoma (ESCC). 2. Nivolumab for the adjuvant treatment of adult patients with urothelial carcinoma (UC) who are at high risk of recurrence after undergoing radical resection of UC]",Dosage Form: concentrate for solution for infusion. Strength: 10 mg/mL,import,"CDSCO r-DNA register — CT-18 Approvals Jan, 2020 - June 2026.pdf",https://cdsco.gov.in/opencms/opencms/en/biologicals/rDNA/,True,nivolumab is an oncology molecule,2026-08-05T12:34:01+00:00
81,M/s Novo Nordisk India Private Limited,2024-01-17,17-01-2024,"IMP/BIO/24/000005 Note: This product was initially approved on 27.07.2020. Based on the application, the modification of approved indication is approved",Semaglutide tablets,Revised Therapeutic Indication: RYBELSUS is indicated as an adjunct to diet and exercise to improve glycemic control in adults with type 2 diabetes mellitus. Limitations of Use 1. RYBELSUS has not been studied in patients with a history of pancreatitis. Consider other antidiabetic therapies in patients with a history of pancreatitis. 2. RYBELSUS is not indicated for use in patients with type 1 diabetes mellitus.,Dosage Form: Tablets. Strength: 3mg. 7mg & 14mg.,import,"CDSCO r-DNA register — CT-18 Approvals Jan, 2020 - June 2026.pdf",https://cdsco.gov.in/opencms/opencms/en/biologicals/rDNA/,False,,2026-08-05T12:34:01+00:00
82,M/s AstraZeneca Pharma India Limited,2024-01-19,19-01-2024,IMP/BIO/24/000004,Andexanet alfa,Andexanet alfa is indicated for patients treated with FXa inhibitors (apixaban or rivaroxaban) when reversal of anticoagulation is needed due to life- threatening or uncontrolled bleeding.,Dosage Form: Powder for solution for infusion. Strength: 200mg/ 20mL Vial,import,"CDSCO r-DNA register — CT-18 Approvals Jan, 2020 - June 2026.pdf",https://cdsco.gov.in/opencms/opencms/en/biologicals/rDNA/,False,,2026-08-05T12:34:01+00:00
83,M/s. Lupin Limited,2024-01-19,19-01-2024,IMP/BIO/24/000009,Biphasic Isophane Insulin Injection I.P. (30% Soluble insulin and 70% Isophane insulin) (Note: The permission is granted to the firm additionally to the original MA holder M/s Eli Lilly),For the treatment of patients with diabetes mellitus who require insulin for the maintenance of glucose homeostasis.,Dosage Form: Suspension for injection in cartridge administered through subcutaneous route. Strength: 100IU/mL (3mL Cartridge),import,"CDSCO r-DNA register — CT-18 Approvals Jan, 2020 - June 2026.pdf",https://cdsco.gov.in/opencms/opencms/en/biologicals/rDNA/,False,,2026-08-05T12:34:01+00:00
84,M/s. Lupin Limited,2024-01-19,19-01-2024,IMP/BIO/24/000008,Isophane Insulin Injection I.P. (Note: The permission is granted to the firm additionally to the original MA holder M/s Eli Lilly),For the treatment of patients with diabetes mellitus who require insulin for the maintenance of glucose homeostasis,Dosage Form: Suspension for injection in cartridge administered through subcutaneous route. Strength: 100IU/mL (3mL Cartridge),import,"CDSCO r-DNA register — CT-18 Approvals Jan, 2020 - June 2026.pdf",https://cdsco.gov.in/opencms/opencms/en/biologicals/rDNA/,False,,2026-08-05T12:34:01+00:00
85,M/s Johnson and Johnson Private Limited,2024-02-15,15-02-2024,IMP/BIO/24/000018,Guselkumab,Guselkumab is indicated for the treatment of adult patients with active psoriatic arthritis,Dosage Form: Single-use pre-filled syringe & single- use pre-filled pen for subcutaneous administration. Strength: 100 mg/mL,import,"CDSCO r-DNA register — CT-18 Approvals Jan, 2020 - June 2026.pdf",https://cdsco.gov.in/opencms/opencms/en/biologicals/rDNA/,False,,2026-08-05T12:34:01+00:00
86,M/s MSD Pharmaceutical s Private Limited,2024-03-06,06-03-2024,IMP/BIO/24/000025 Note: Approval of Additional Indication.,Pembrolizumab,Additional Indication: 1. Pembrolizumab as a monotherapy is indicated for the adjuvant treatment of adults with Stage III melanoma and lymph node involvement who have undergone complete resection. 2. Pembrolizumab as a monotherapy is indicated for the first-line treatment of metastatic microsatellite instability-high (MSI-H) or mismatch repair deficient (MMR) colorectal cancer in adults. 3. Pembrolizumab as a monotherapy is indicated for the treatment of adult with relapsed or refractory classical Hodgkin lymphoma who have failed autologous stem cell transplant (ASCT) or following at least two prior therapies when ASCT is not a treatment option.,Dosage Form: Solution in single vial Strength: 25mg/mL,import,"CDSCO r-DNA register — CT-18 Approvals Jan, 2020 - June 2026.pdf",https://cdsco.gov.in/opencms/opencms/en/biologicals/rDNA/,True,pembrolizumab is an oncology molecule,2026-08-05T12:34:01+00:00
87,M/s Astrazeneca Pharma India Limited,2024-03-26,26-03-2024,IMP/BIO/24/000035 Note: Approval of Additional Indication.,Trastuzumab deruxtecan,Additional Indication: Locally Advanced or Metastatic Gastric Cancer Trastuzumab deruxtecan is indicated for the treatment of adult patients with locally advanced or metastatic HER2-positive gastric or gastroesophageal junction (GEJ) adenocarcinoma who have received a prior trastuzumab based regimen.,"Dosage Form: Single use sterile, lyophilized powder for concentrate for solution for infusion Strength: 100mg/5mL",import,"CDSCO r-DNA register — CT-18 Approvals Jan, 2020 - June 2026.pdf",https://cdsco.gov.in/opencms/opencms/en/biologicals/rDNA/,True,trastuzumab is an oncology molecule,2026-08-05T12:34:01+00:00
88,M/s Astrazeneca Pharma India Limited,2024-03-26,26-03-2024,IMP/BIO/24/000036 Note: Approval of Additional Indication.,Trastuzumab deruxtecan,Additional Indication: HER2-Low Metastatic Breast Cancer Trastuzumab deruxtecan is indicated for the treatment of adult patients with unresectable or metastatic HER2-Low (IHC 1+ or IHC 2+/ISH-) breast cancer who have received a prior chemo therapy in the metastatic setting or developed disease recurrence during or within 6 months of completing adjuvant chemotherapy.,"Dosage Form: Single use sterile, lyophilized powder for concentrate for solution for infusion Strength: 100mg/5mL",import,"CDSCO r-DNA register — CT-18 Approvals Jan, 2020 - June 2026.pdf",https://cdsco.gov.in/opencms/opencms/en/biologicals/rDNA/,True,trastuzumab is an oncology molecule,2026-08-05T12:34:01+00:00
89,M/s Novartis Healthcare Private Limited,2024-03-26,26-03-2024,IMP/BIO/24/000032 PAC- IMP/BIO/25/000147 for approval of additional pack presentation,Erenumab,Prophylaxis of migraine,Dosage Form: Solution for injection/prefilled pen. Strength: 70mg/mL,import,"CDSCO r-DNA register — CT-18 Approvals Jan, 2020 - June 2026.pdf",https://cdsco.gov.in/opencms/opencms/en/biologicals/rDNA/,False,,2026-08-05T12:34:01+00:00
90,M/s. Lupin Limited,2024-04-08,08-04-2024,IMP/BIO/24/000040,Dulaglutide,"Dulaglutide is a glucagon-like peptide-1 (GLP-1) receptor agonist indicated:  As an adjunct to diet and exercise to improve glycemic control in adults with type 2 diabetes mellitus.  To reduce the risk of major adverse cardiovascular events (cardiovascular death, non-fatal myocardial infarction, or non-fatal stroke) in adults with type 2 diabetes mellitus who have established cardiovascular disease or multiple cardiovascular risk factors",Dosage Form: Solution for Injection in a single use prefilled pen. Strength: 0.75 mg/0.5 ml in Prefilled Pen and 1.5 mg/0.5 ml,import,"CDSCO r-DNA register — CT-18 Approvals Jan, 2020 - June 2026.pdf",https://cdsco.gov.in/opencms/opencms/en/biologicals/rDNA/,False,,2026-08-05T12:34:01+00:00
91,M/s. Lupin Limited,2024-04-08,08-04-2024,IMP/BIO/24/000038,Insulin Lispro Injection I.P.,Treatment of patients with Diabetes Mellitus,Dosage Form: 3mL Cartridge and 3mL Prefilled Pen.,import,"CDSCO r-DNA register — CT-18 Approvals Jan, 2020 - June 2026.pdf",https://cdsco.gov.in/opencms/opencms/en/biologicals/rDNA/,False,,2026-08-05T12:34:01+00:00
92,M/s. Lupin Limited,2024-04-09,09-04-2024,IMP/BIO/24/000039,Insulin Lispro Biphasic Injection I.P. (25% Insulin Lispro and 75% Insulin Lispro Protamine suspension),Treatment of patients with Diabetes Mellitus.,Dosage Form: Suspension for injection in 3mL Cartridge & in 3mL prefilled pen Strength: 100 IU/mL,import,"CDSCO r-DNA register — CT-18 Approvals Jan, 2020 - June 2026.pdf",https://cdsco.gov.in/opencms/opencms/en/biologicals/rDNA/,False,,2026-08-05T12:34:01+00:00
93,M/s. Lupin Limited,2024-04-09,09-04-2024,IMP/BIO/24/000037,Insulin Lispro Biphasic Injection I.P. (50% Insulin Lispro and 50% Insulin Lispro Protamine suspension),Indicated for treatment of patients with Diabetes Mellitus.,Dosage Form: Suspension for injection in 3mL Cartridge & in 3mL prefilled pen. Strength: 100 IU/mL,import,"CDSCO r-DNA register — CT-18 Approvals Jan, 2020 - June 2026.pdf",https://cdsco.gov.in/opencms/opencms/en/biologicals/rDNA/,False,,2026-08-05T12:34:01+00:00
94,M/s. Lupin Limited,2024-04-09,09-04-2024,IMP/BIO/24/000041,Insulin Human I.P.,Indicated for treatment of patients with Diabetes Mellitus.,Dosage Form: Concentrate solution for IV infusion in single use vial Solution for injection (Sub cutaneous) in pre-filled syringe. Strength: 100 IU/mL,import,"CDSCO r-DNA register — CT-18 Approvals Jan, 2020 - June 2026.pdf",https://cdsco.gov.in/opencms/opencms/en/biologicals/rDNA/,False,,2026-08-05T12:34:01+00:00
95,M/s Johnson & Johnson Pvt. Ltd.,2024-04-16,16-04-2024,BIO/IMP/20/000067 Note: Approval of Additional Indication,Ustekinumab,Ustekinumab is indicated for the treatment of adult patients with moderately to severely active ulcerative colitis,"Dosage Form: Suspension for injection in 3mL Cartridge. Strength: 130 mg/ 26 ml in vial 45 mg/0.5 ml, 90 mg/ml in PFS",import,"CDSCO r-DNA register — CT-18 Approvals Jan, 2020 - June 2026.pdf",https://cdsco.gov.in/opencms/opencms/en/biologicals/rDNA/,False,,2026-08-05T12:34:01+00:00
96,"M/s Dr. Reddy’s Laboratories Limited,",2024-05-10,10.05.2024,IMP/BIO/24/000049,Toripalimab,"1. Toripalimab is indicated, in combination with cisplatin and gemcitabine, for first line treatment of adults with metastatic or with recurrent, locally advanced nasopharyngeal carcinoma (NPC). 2. Toripalimab is indicated, as a single agent, for the treatment of adults with recurrent unresectable or metastatic NPC with disease progression on or after a platinum-containing chemotherapy.",Dosage Form: Intravenous Solution for Infusion in 6mL vial. Strength: 240mg/6mL,import,"CDSCO r-DNA register — CT-18 Approvals Jan, 2020 - June 2026.pdf",https://cdsco.gov.in/opencms/opencms/en/biologicals/rDNA/,True,indication names metastatic,2026-08-05T12:34:01+00:00
97,M/s Bristol- Myers Squibb India Pvt. Ltd.,2024-05-22,22.05.2024,IMP/BIO/24/000051 Note: Approval of Additional Indication,Nivolumab,"Non-Small Cell Lung Cancer (NSCLC) - Nivolumab, in combination with platinum-doublet chemotherapy, is indicated as neoadjuvant treatment of adult patients with resectable (tumours ≥ 4cm or node positive) non-small cell lung cancer (NSCLC)",Dosage Form: concentrate for solution for infusion. Strength: 10 mg/ml,import,"CDSCO r-DNA register — CT-18 Approvals Jan, 2020 - June 2026.pdf",https://cdsco.gov.in/opencms/opencms/en/biologicals/rDNA/,True,nivolumab is an oncology molecule,2026-08-05T12:34:01+00:00
98,M/s Sanofi India Limited,2024-06-10,10.06.2024,IMP/BIO/24/000058,Nirsevimab,Nirsevimab Indicated for the prevention of Respiratory Syncytial Virus (RSV) lower respiratory tract disease in:  Neonates and infants born during or entering their first RSV season.  Children up to 24 months of age who remain vulnerable to severe RSV disease through their second RSV season.,Dosage Form: Solution for injection in pre-filled syringe Strength: 50mg/PFS and 100mg/PFS,import,"CDSCO r-DNA register — CT-18 Approvals Jan, 2020 - June 2026.pdf",https://cdsco.gov.in/opencms/opencms/en/biologicals/rDNA/,False,,2026-08-05T12:34:01+00:00
99,M/s Eli Lilly And Company (India) Pvt. Ltd.,2024-07-09,09.07.2024,IMP/BIO/24/000068,Mirikizumab,Mirikizumab is indicated for the treatment of moderately to severely active ulcerative colitis in adults.,Dosage Form: Solution for subcutaneous administration in Pre-filled Pen Strength: 20mg/mL (300mg/15mL) in Vial and 100mg/mL in Pre-filled Pen,import,"CDSCO r-DNA register — CT-18 Approvals Jan, 2020 - June 2026.pdf",https://cdsco.gov.in/opencms/opencms/en/biologicals/rDNA/,False,,2026-08-05T12:34:01+00:00
100,M/s Novartis Healthcare Private Limited,2024-07-30,30.07.2024,IMP/BIO/24/000073 Note: Approval of,Secukinumab," Psoriatic arthritis Secukinumab alone or in combination with methotrexate (MTX), is indicated for the treatment of active psoriatic arthritis in adult patients when the response to previous disease-modifying anti- rheumatic drug (DMARD) therapy has been inadequate.  Ankylosing spondylitis For the treatment of active ankylosing spondylitis in adults who have responded inadequately to conventional therapy.  Non-radiographic axial spondyloarthritis (nr- axSpA) Indicated for the treatment of active non- radiographic axial spondyloarthritis with objective signs of inflammation as indicated by elevated C- reactive protein (CRP) and/or magnetic resonance imaging (MRI) evidence in adults who have responded inadequately to non-steroidal anti- inflammatory drugs (NSAIDs).",Dosage Form: solution for injection in pre filled pen Strength: 150mg/mL,import,"CDSCO r-DNA register — CT-18 Approvals Jan, 2020 - June 2026.pdf",https://cdsco.gov.in/opencms/opencms/en/biologicals/rDNA/,False,,2026-08-05T12:34:01+00:00
101,M/s AstraZeneca Pharma India Limited,2024-09-20,20.09.2024,IMP/BIO/24/000085 Note: Approval of Additional Indication,Durvalumab,"Durvalumab (IMFINZI) in combination with chemotherapy as neoadjuvant treatment, followed by IMFINZI as monotherapy after surgery, is indicated for the treatment of patients with resectable (tumours 4 cm and/or node positive) NSCLC and no known epidermal growth factor receptor (EGFR) mutations or anaplastic lymphoma kinase (ALK) rearrangements.",Dosage Form: Solution for Infusion in Vial. Strength: 120 mg/2.4mL and 500mg/10mL (50mg/mL),import,"CDSCO r-DNA register — CT-18 Approvals Jan, 2020 - June 2026.pdf",https://cdsco.gov.in/opencms/opencms/en/biologicals/rDNA/,True,durvalumab is an oncology molecule,2026-08-05T12:34:01+00:00
102,M/s AstraZeneca Pharma India Limited,2024-10-09,09.10.2024,IMP/BIO/24/000094 Note: Approval of New Presentation,Benralizumab,Benralizumab is indicated as an add-on maintenance treatment for severe asthma with an eosinophilic phenotype in adult patients. The recommended dose is 30 mg Benralizumab administered by subcutaneous injection every 4 weeks for the first 3 doses and then every 8 weeks thereafter.,Dosage Form: Solution for Injection in an Autoinjector Strength: 30mg/mL,import,"CDSCO r-DNA register — CT-18 Approvals Jan, 2020 - June 2026.pdf",https://cdsco.gov.in/opencms/opencms/en/biologicals/rDNA/,False,,2026-08-05T12:34:01+00:00
103,M/s Bristol- Mayer Squibb India Pvt. Ltd.,2024-10-25,25.10.2024,IMP/BIO/24/000098 Note: Approval of Additional Indication,Ipilimumab,"Esophageal Squamous Cell Carcinoma (ESCC) Ipilimumab, in combination with nivolumab, is indicated for the first-line treatment of adult patients with unresectable advanced or metastatic esophageal squamous cell carcinoma (ESCC)).","Dosage Form: concentrate for solution for infusion for intravenous injection, Single use vial Strength: 50mg/10mL (5mg/mL)",import,"CDSCO r-DNA register — CT-18 Approvals Jan, 2020 - June 2026.pdf",https://cdsco.gov.in/opencms/opencms/en/biologicals/rDNA/,True,ipilimumab is an oncology molecule,2026-08-05T12:34:01+00:00
104,M/s Astrazeneca Pharma India Limited,2025-01-14,14.01.2025,IMP/BIO/25/000001,Eculizumab,For the treatment of patients with 1. Paroxysmal nocturnal hemoglobinuria (PNH ) 2. Atypical hemolytic uremic syndrome (aHUS) to inhibit complementmediated thrombotic microangiopathy,Dosage Form: Concentrate for solution for infusion in vial Strength: 300 mg (10mg/ml),import,"CDSCO r-DNA register — CT-18 Approvals Jan, 2020 - June 2026.pdf",https://cdsco.gov.in/opencms/opencms/en/biologicals/rDNA/,False,,2026-08-05T12:34:01+00:00
105,M/s Roche Products (India) Private Limited,2025-01-29,29.01.2025,IMP/BIO/25/000008 Note: Approval of Additional Indication,Polatuzumab Vedotin,Polatuzumab vedotin in combination with bendamustine and rituximab is indicated for the treatment of adult patients with diffuse large B-cell lymphoma who have received at least one prior therapy,Dosage Form: Powder for concentrate for solution for infusion Strength: 30 mg/Vial and 140 mg/Vial,import,"CDSCO r-DNA register — CT-18 Approvals Jan, 2020 - June 2026.pdf",https://cdsco.gov.in/opencms/opencms/en/biologicals/rDNA/,True,polatuzumab is an oncology molecule,2026-08-05T12:34:01+00:00
106,M/s Roche Products (India) Private Limited,2025-01-29,29.01.2025,IMP/BIO/25/000007 Note: Approval of Additional Indication,Atezolizumab,Tecentriq as monotherapy is indicated for the first- line treatment of adult patients with advanced NSCLC who are ineligible for platinum-based therapy.,Dosage Form: Concentrate for solution for infusion Strength: 840mg/14ml vial,import,"CDSCO r-DNA register — CT-18 Approvals Jan, 2020 - June 2026.pdf",https://cdsco.gov.in/opencms/opencms/en/biologicals/rDNA/,True,atezolizumab is an oncology molecule,2026-08-05T12:34:01+00:00
107,M/s Novo Nordisk India Pvt Ltd,2025-02-11,11.02.2025,IMP/BIO/25/000010,Insulin Icodec,Treatment of diabetes mellitus in adults.,"Dosage Form: Solution for Injection in pre-filled pen Strength: 700U/1 mL, 1050U/1.5 mL & 2100 U/3 mL",import,"CDSCO r-DNA register — CT-18 Approvals Jan, 2020 - June 2026.pdf",https://cdsco.gov.in/opencms/opencms/en/biologicals/rDNA/,False,,2026-08-05T12:34:01+00:00
108,M/s Novo Nordisk India Private Limited,2025-02-25,25.02.2025,IMP/BIO/25/000014 Note: Approval of Additional Indication,Semaglutide Injection,"Semaglutide Injection is indicated to reduce the risk of major adverse cardiovascular events (cardiovascular death, non-fatal myocardial infarction, or non-fatal stroke) in adults with established cardiovascular disease and either obesity or overweight.",Dosage Form: Solution for injection in prefilled pen (single dose and multi-dose pen injector) Strength: 0.25mg / 0.5mg / 1mg / 1.7mg / 2.4 mg,import,"CDSCO r-DNA register — CT-18 Approvals Jan, 2020 - June 2026.pdf",https://cdsco.gov.in/opencms/opencms/en/biologicals/rDNA/,False,,2026-08-05T12:34:01+00:00
109,M/s AstraZeneca Pharma India Limited,2025-02-25,25.02.2025,IMP/BIO/25/000016 Note: Approval of Additional Indication,Durvalumab,Durvalumab in combination with Tremelimumab is indicated for the treatment of patients with unresectable hepatocellular carcinoma (uHCC),Dosage Form: Solution for Infusion. Strength: 120 mg/2.4mL and 500mg/10mL.,import,"CDSCO r-DNA register — CT-18 Approvals Jan, 2020 - June 2026.pdf",https://cdsco.gov.in/opencms/opencms/en/biologicals/rDNA/,True,durvalumab is an oncology molecule,2026-08-05T12:34:01+00:00
110,M/s MSD Pharmaceutical s Private Limited,2025-02-20,20.02.2025,IMP/BIO/25/000015,Sotatercept,"Sotatercept in combination with standard pulmonary arterial hypertension (PAH) therapy, is indicated for the treatment of adults with PAH, (World Health Organization [WHO] Group 1) to increase exercise capacity, improve WHO functional class (FC), and reduce the risk of clinical worsening events.",Dosage Form: Powder for solution for injection in single dose vial. Strength: 45 mg & 60 mg Single-dose vial,import,"CDSCO r-DNA register — CT-18 Approvals Jan, 2020 - June 2026.pdf",https://cdsco.gov.in/opencms/opencms/en/biologicals/rDNA/,False,,2026-08-05T12:34:01+00:00
111,M/s Astrazeneca Pharma India Limited,2025-03-06,06.03.2025,IMP/BIO/25/000022 Note: Approval of Additional Indication,Durvalumab,Durvalumab is indicated for the treatment of patients with limited-stage small cell lung cancer (LS-SCLC) whose disease has not progressed following platinum-based chemoradiation therapy (CRT).,Dosage Form: Solution for Infusion. Strength: 120mg/2.4ml & 500 mg/10ml,import,"CDSCO r-DNA register — CT-18 Approvals Jan, 2020 - June 2026.pdf",https://cdsco.gov.in/opencms/opencms/en/biologicals/rDNA/,True,durvalumab is an oncology molecule,2026-08-05T12:34:01+00:00
112,M/s Roche Products (India) Pvt. Ltd.,2025-03-19,19.03.2025,IMP/BIO/25/000026,Crovalimab,Crovalimabis a complement C5 inhibitor indicated for the treatment of adult and pediatric patients 13 years and older with paroxysmal nocturnal hemoglobinuria (PNH) and body weight of at least 40 kg.,Dosage Form: Solution for infusion in a single- dose vial Strength:340mg/2ml (170mg/ml),import,"CDSCO r-DNA register — CT-18 Approvals Jan, 2020 - June 2026.pdf",https://cdsco.gov.in/opencms/opencms/en/biologicals/rDNA/,False,,2026-08-05T12:34:01+00:00
113,M/s MSD Pharmaceutical s Private Limited,2025-04-21,21.04.2025,IMP/BIO/25/000043 Note: Approval of Additional Indication,Pembrolizumab,"1. Pembrolizumab as monotherapy is indicated for the adjuvant treatment of adults with non-small cell lung carcinoma who are at high risk of recurrence following complete resection and platinum-based chemotherapy. 2. Pembrolizumab) in combination with platinum- containing chemotherapy as neoadjuvant treatment, and then continued as monotherapy as adjuvant treatment, is indicated for the treatment of resectable non-small cell lung carcinoma at high risk of recurrence in adults. (For selection criteria, see clinical studies)",Dosage Form: Solution for infusion Strength: 100 mg/4mL (25 mg/ml),import,"CDSCO r-DNA register — CT-18 Approvals Jan, 2020 - June 2026.pdf",https://cdsco.gov.in/opencms/opencms/en/biologicals/rDNA/,True,pembrolizumab is an oncology molecule,2026-08-05T12:34:01+00:00
114,M/s Novo Nordisk India Private Limited,2025-04-28,28.04.2025,IMP/BIO/25/000048,Concizumab,Concizumab injection is indicated for routine prophylaxis of bleeding in patients with 1. Haemophilia A (congenital factor VIII deficiency) with FVIII inhibitors and of 12 years of age or more. 2. Haemophilia B (congenital factor IX deficiency) with FIX inhibitors and of 12 years of age or more.,"Dosage Form: Solution for Injection in pre-filled pen. Strength: 15mg/1.5mL, 60mg/1.5mL, 150mg/1.5mL and 300mg/3mL",import,"CDSCO r-DNA register — CT-18 Approvals Jan, 2020 - June 2026.pdf",https://cdsco.gov.in/opencms/opencms/en/biologicals/rDNA/,False,,2026-08-05T12:34:01+00:00
115,M/s Glenmark Pharmaceutical s Ltd.,2025-05-02,02.05.2025,IMP/BIO/25/000052,Tislelizumab,"1. Tislelizumab as monotherapy is indicated for the treatment of adult patients with unresectable, recurrent, locally advanced or metastatic esophageal squamous cellcarcinoma (ESCC) after prior chemotherapy. Tislelizumab in combination with pemetrexed and platinum containing chemotherapy is indicated for the first-line treatment of patients with locally advanced or metastatic non- squamous non-small cell lung cancer (NSCLC), with PD-L1 expression ≥50% but no epidermal growth factor receptor (EGFR) or anaplastic lymphoma kinase (ALK) genomic tumour aberrations. Tislelizumab in combination with carboplatin and either paclitaxel or nab-paclitaxel is indicated for the first-line treatment of patients with locally advanced or metastatic squamous NSCLC. 4. Tislelizumab as monotherapy is indicated for the treatment of patients with locally advanced or metastatic NSCLC after prior chemotherapy","Dosage form: Concentrate for solution for infusion Strength: 100 mg/10ml, in Vial",import,"CDSCO r-DNA register — CT-18 Approvals Jan, 2020 - June 2026.pdf",https://cdsco.gov.in/opencms/opencms/en/biologicals/rDNA/,True,tislelizumab is an oncology molecule,2026-08-05T12:34:01+00:00
116,M/s AstraZeneca Pharma India Limited,2025-05-07,07.05.2025,IMP/BIO/25/000053 Note: Approval of Additional Indication,Trastuzumab Deruxtecan,"HER 2 low and HER 2 ultralow breast cancer: Enhertu is indicated as a monotherapy for the treatment of adult patients with unresectable or metastatic HER2- low (IHC 1+ and IHC 2+/ISH-) or HER2- ultralow (IHC0 with membrane staining) BC, who have received at least one endocrine therapy in metastatic setting","Dosage Form: Single use sterile, lyophilized powder for concentrate for solution for infusion Strength: 100 mg/ 5 ml",import,"CDSCO r-DNA register — CT-18 Approvals Jan, 2020 - June 2026.pdf",https://cdsco.gov.in/opencms/opencms/en/biologicals/rDNA/,True,trastuzumab is an oncology molecule,2026-08-05T12:34:01+00:00
117,"M/s Johnson & Johnson Pvt. Ltd.,",2025-05-15,15.05.2025,IMP/BIO/25/000057 Note: Approval of Additional Indication,Amivantamab,Amivantamab in combination with carboplatin and pemetrexed for the first-line treatment of adult patients with locally advanced or metastatic non- small cell lung cancer(NSCLC) with activating epidermal-growth factor receptor (EGFR) Exon 20 insertion mutations,Dosage Form: Liquid concentrate for infusion. Strength: 350 mg,import,"CDSCO r-DNA register — CT-18 Approvals Jan, 2020 - June 2026.pdf",https://cdsco.gov.in/opencms/opencms/en/biologicals/rDNA/,True,indication names metastatic,2026-08-05T12:34:01+00:00
118,M/s AstraZeneca Pharma India Limited,2025-05-28,28.05.2025,IMP/BIO/25/000066 Note: Approval of Additional Indication,Benralizumab,Benralizumab is indicated as an add-on treatment for adult patients with relapsing or refractory eosinophilic granulomatosis with polyangiitis (EGPA).,Dosage Form: Solution for injection Strength: 30mg/mL,import,"CDSCO r-DNA register — CT-18 Approvals Jan, 2020 - June 2026.pdf",https://cdsco.gov.in/opencms/opencms/en/biologicals/rDNA/,False,,2026-08-05T12:34:01+00:00
119,M/s Johnson & Johnson Pvt. Ltd.,2025-05-30,30.05.2025,IMP/BIO/25/000059 Note: Approval of Additional Indication,Ustekinumab,Ustekinumab injection indicated for the treatment of adult patients with moderate to severe plaque psoriasis (PsO) who are candidates for phototherapy or systemic therapy.,"Dosage Form: Solution for injection Strength: 45 mg/0.5 ml, 90 mg/ml in a single dose PFS.",import,"CDSCO r-DNA register — CT-18 Approvals Jan, 2020 - June 2026.pdf",https://cdsco.gov.in/opencms/opencms/en/biologicals/rDNA/,False,,2026-08-05T12:34:01+00:00
120,M/s Bayer Pharmaceutic als Pvt. Ltd.,2025-05-30,30.05.2025,IMP/BIO/25/000058,"Antihemophilic Factor (Recombinant Factor VIII) PEGylated-aucl 500IU, 1000IU, 2000IU & 3000IU",Indicated for use in previously treated adults and adolescents (12 years of age and older) with hemophilia A (congenital Factor VIII deficiency) for:  On-demand treatment and control of bleeding episodes.  Perioperative management of bleeding  Routine prophylaxis to reduce the frequency of bleeding episodes.,"Dosage Form: Lyophilized powder for solution for injection along with vial adapter Strength: 500IU, 1000IU, 2000IU & 3000IU",import,"CDSCO r-DNA register — CT-18 Approvals Jan, 2020 - June 2026.pdf",https://cdsco.gov.in/opencms/opencms/en/biologicals/rDNA/,False,,2026-08-05T12:34:01+00:00
121,"M/s Intas Pharmaceutical s Ltd,",2025-05-30,30.05.2025,IMP/BIO/25/000065,Serplulimab,Small Cell Lung Cancer: Serplulimab in combination with carboplatin and etoposide is indicated for the first-line treatment for adult patients with extensive stage small cell lung cancer (ES-SCLC),Dosage Form: Concentrate for solution for infusion. Strength: 10 mg/ml,import,"CDSCO r-DNA register — CT-18 Approvals Jan, 2020 - June 2026.pdf",https://cdsco.gov.in/opencms/opencms/en/biologicals/rDNA/,True,indication names cancer,2026-08-05T12:34:01+00:00
122,M/s AstraZeneca Pharma India Limited,2025-07-01,01.07.2025,IMP/BIO/25/000077 Note: Approval of Additional Indication,Durvalumab,Durvalumab in combination with carboplatin and paclitaxel is indicated for the first line treatment of adults with primary advanced or recurrent endometrial cancer who are candidates for systemic therapy followed by maintenance treatment with Durvalumab in combination with olaparib in endometrial cancer that is mismatch repair proficient (pMMR).,Dosage Form: Solution for Infusion. Strength: 120mg/2.4ml & 500 mg/10ml,import,"CDSCO r-DNA register — CT-18 Approvals Jan, 2020 - June 2026.pdf",https://cdsco.gov.in/opencms/opencms/en/biologicals/rDNA/,True,durvalumab is an oncology molecule,2026-08-05T12:34:01+00:00
123,M/s Sun Pharmaceutical Industries Limited,2025-07-02,02.07.2025,IMP/BIO/25/000082,Tildrakizumab Injection (r-DNA origin),Indicated for the treatment of adults with moderate- to-severe plaque psoriasis who are candidates for systemic therapy or phototherapy.,Dosage Form: Single Dose Pre-filled Syringe with stalked needle and rigid needle shield and closed with a plunger stopper. Strength: 100mg/ml,import,"CDSCO r-DNA register — CT-18 Approvals Jan, 2020 - June 2026.pdf",https://cdsco.gov.in/opencms/opencms/en/biologicals/rDNA/,False,,2026-08-05T12:34:01+00:00
124,M/s Bristol- Myers Squibb India Pvt. Ltd.,2025-07-04,04.07.2025,IMP/BIO/25/000081 Note: Approval of Additional Indication,Luspatercept,"Luspatercept is indicated in adults for the treatment of transfusion-dependentanaemia due to very low, low and intermediate-risk myelodysplastic syndromes.",Lyophilized Powder for solution for injection in vial. Strength: 25 mg and 75 mg,import,"CDSCO r-DNA register — CT-18 Approvals Jan, 2020 - June 2026.pdf",https://cdsco.gov.in/opencms/opencms/en/biologicals/rDNA/,False,,2026-08-05T12:34:01+00:00
125,M/s Novartis Healthcare Private Limited,2025-07-04,04.07.2025,IMP/BIO/25/000083 Note:,Secukinumab,Secukinumab is indicated for the treatment of active moderate to severe hidradenitis suppurativa (acne inversa) in adults with an inadequate response to conventional systemic HS therapy.,Dosage Form: solution for injection in pre filled pen Strength: 150mg/mL,import,"CDSCO r-DNA register — CT-18 Approvals Jan, 2020 - June 2026.pdf",https://cdsco.gov.in/opencms/opencms/en/biologicals/rDNA/,False,,2026-08-05T12:34:01+00:00
126,M/s AstraZeneca Pharma India Limited,2025-07-11,11.07.2025,IMP/BIO/25/000087 Note: Approval of Additional Indication,Durvalumab,"Imfinzi in combination with gemcitabine and cisplatin as neoadjuvant treatment, followed by single agent IMFINZI as adjuvant treatment following radical cystectomy, for the treatment of adult patients with muscle invasive bladder cancer (MIBC)",Dosage Form: Solution for Infusion. Strength: 120mg/2.4ml & 500 mg/10ml,import,"CDSCO r-DNA register — CT-18 Approvals Jan, 2020 - June 2026.pdf",https://cdsco.gov.in/opencms/opencms/en/biologicals/rDNA/,True,durvalumab is an oncology molecule,2026-08-05T12:34:01+00:00
127,M/s Bayer Pharmaceutic als Pvt. Ltd.,2025-07-22,22.07.2025,IMP/BIO/25/000088,"Antihemophilic Factor (Recombinant Factor VIII) I.P. 250 IU, 500 IU, 1000 IU, 2000 IU, 3000 IU vial",Indicated for use in previously treated adults and adolescents (12 years of age and older) with hemophilia A (congenital Factor VIII deficiency) for:  On-demand treatment and control of bleeding episodes.  Perioperative management of bleeding  Routine prophylaxis to reduce the frequency of bleeding episodes.,"Dosage Form: Lyophilized powder for solution for injection along with vial adapter Additional Strength: 250 IU, 500 IU, 1000 IU, 2000 IU, 3000 IU vial",import,"CDSCO r-DNA register — CT-18 Approvals Jan, 2020 - June 2026.pdf",https://cdsco.gov.in/opencms/opencms/en/biologicals/rDNA/,False,,2026-08-05T12:34:01+00:00
128,M/s Pfizer Products India Private Limited,2025-07-25,25.07.2025,IMP/BIO/25/000090,Marstacimab,"Indicated for routine prophylaxis to prevent or reduce the frequency of bleeding episodes in adult and pediatric patients 12 years of age and older with: • hemophilia A (congenital factor VIII deficiency) without factor VIII inhibitors, or • hemophilia B (congenital factor IX deficiency) without factor IX inhibitors.",Dosage Form: Solution for Injection in pre-filled pen Strength: 150mg/ml,import,"CDSCO r-DNA register — CT-18 Approvals Jan, 2020 - June 2026.pdf",https://cdsco.gov.in/opencms/opencms/en/biologicals/rDNA/,False,,2026-08-05T12:34:01+00:00
129,M/s Eisai Pharmaceutical s India Private Limited,2025-07-25,25.07.2025,IMP/BIO/25/000091,Lecanamab,To slow the progression of mild cognitive impairment and mild dementia due to Alzheimer’s disease.,Dosage Form: Concentrate for solution for infusion Strength: 100 mg/mL,import,"CDSCO r-DNA register — CT-18 Approvals Jan, 2020 - June 2026.pdf",https://cdsco.gov.in/opencms/opencms/en/biologicals/rDNA/,False,,2026-08-05T12:34:01+00:00
130,M/s Pfizer Products India Private Limited,2025-08-22,22.08.2025,IMP/BIO/25/000101,Elranatamab,"Indicated as monotherapy for the treatment of adult patients with relapsed and refractory multiple myeloma, who have received at least four prior therapies, including an immunomodulatory agent, a proteasome inhibitor, and an anti-CD38 antibody and have demonstrated disease progression on the last therapy.",Dosage Form: Solution for injection in a single dose vial. Strength: 44mg/1.1 mL (40mg/mL) and 76mg/1.9mL (40mg/mL),import,"CDSCO r-DNA register — CT-18 Approvals Jan, 2020 - June 2026.pdf",https://cdsco.gov.in/opencms/opencms/en/biologicals/rDNA/,True,indication names myeloma,2026-08-05T12:34:01+00:00
131,M/s Bristol- Myers Squibb India Pvt. Ltd.,2025-08-26,26.08.2025,IMP/BIO/25/000103,FDC of Nivolumab and Relatlimab,For the treatment of adult & pediatric patients 12 years of age or older with unresectable or metastatic melanoma,Dosage form: Concentrate for Solution for Infusion. Strength: 240mg/80mg (r-DNA origin) in 20 ml,import,"CDSCO r-DNA register — CT-18 Approvals Jan, 2020 - June 2026.pdf",https://cdsco.gov.in/opencms/opencms/en/biologicals/rDNA/,True,nivolumab is an oncology molecule,2026-08-05T12:34:01+00:00
132,M/s Johnson & Johnson Pvt. Ltd.,2025-09-03,03.09.2025,IMP/BIO/25/000108 Note: Approval of Additional Indication,Amivantamab,"Amivantamab in combination with carboplatin and pemetrexed for the treatment of patients with locally advanced or metastatic NSCLC with EGFR exon 19 deletions or exon 21 L858R substitution mutations, whose disease has progressed on or after treatment with osimertinib",Dosage Form: Liquid concentrate for infusion. Strength: 350 mg,import,"CDSCO r-DNA register — CT-18 Approvals Jan, 2020 - June 2026.pdf",https://cdsco.gov.in/opencms/opencms/en/biologicals/rDNA/,True,indication names metastatic,2026-08-05T12:34:01+00:00
133,M/s Biocon Biologics Limited,2025-09-18,18.09.2025,IMP/BIO/25/000112,Aflibercept,1. Indicated for treatment of neovascular (wet) age- related macular degeneration (AMD) 2. Indicated for adults for the treatment of visual impairment due to macular oedema secondary to retinal vein occlusion (branch RVO or central RVO) 3. Indicated for adults for the treatment of visual impairment due to diabetic macular oedema (DME) 4. Indicated for adults for the treatment of visual impairment due to myopic choroidal neovascularisation.,Dosage Form: Solution for injection (Intravitreal use). Strength: 40 mg/ml,import,"CDSCO r-DNA register — CT-18 Approvals Jan, 2020 - June 2026.pdf",https://cdsco.gov.in/opencms/opencms/en/biologicals/rDNA/,False,,2026-08-05T12:34:01+00:00
134,M/s Novo Nordisk India Private Limited,2025-09-19,19.09.2025,IMP/BIO/25/000115,Semaglutide Injection,"Semaglutide injection is indicated as an adjunct to diet and exercise to improve glycemic control in adults with type 2 diabetes mellitus  To reduce the risk of major adverse cardiovascular events in adults with type 2 diabetes mellitus and established cardiovascular disease  To reduce the risk of sustained eGFR decline, end-stage kidney disease and cardiovascular death in adults with type 2 diabetes mellitus and chronic kidney disease.","Dosage Form: Solution for Injection in pre-filled pen Strength: 0.25 mg, 0.5 mg, 1 mg",import,"CDSCO r-DNA register — CT-18 Approvals Jan, 2020 - June 2026.pdf",https://cdsco.gov.in/opencms/opencms/en/biologicals/rDNA/,False,,2026-08-05T12:34:01+00:00
135,M/s AstraZeneca Pharma India Limited,2025-09-30,30.09.2025,IMP/BIO/25/000120 Note: Approval of Additional Indication,Trastuzumab Deruxtecan,Trastuzumab Deruxtecan 100mg/5mL vial lyophilized powder for concentrate for solution for infusion is indicated for the treatment of adult patients with unresectable or metastatic HER2-positive (IHC3+) solid tumors who have received prior systemic treatment and have no satisfactory alternative treatment options,"Dosage Form: Single use sterile, lyophilized powder for concentrate for solution for infusion Strength: 100 mg/ 5 ml",import,"CDSCO r-DNA register — CT-18 Approvals Jan, 2020 - June 2026.pdf",https://cdsco.gov.in/opencms/opencms/en/biologicals/rDNA/,True,trastuzumab is an oncology molecule,2026-08-05T12:34:01+00:00
136,M/s Bristol- Myers Squibb India Pvt. Ltd.,2025-10-01,01.10.2025,IMP/BIO/25/000116 Note:,Nivolumab,"Nivolumab, in combination with platinum-doublet chemotherapy, is indicated for the neoadjuvant treatment of adult patients with resectable (tumors ≥4 cm or node positive) NSCLC and no known epidermal growth factor receptor (EGFR) mutations or anaplastic lymphoma kinase (ALK) rearrangements, followed by single-agent Nivolumab as adjuvant treatment after surgery.",Dosage Form: concentrate for solution for infusion. Strength: 10 mg/ml,import,"CDSCO r-DNA register — CT-18 Approvals Jan, 2020 - June 2026.pdf",https://cdsco.gov.in/opencms/opencms/en/biologicals/rDNA/,True,nivolumab is an oncology molecule,2026-08-05T12:34:01+00:00
137,M/s Ferring Pharmaceutical s Pvt. Ltd.,2025-10-03,03.10.2025,IMP/BIO/25/000119,Follitropin Delta,Controlled ovarian stimulation for the development of multiple follicles in women undergoing assisted reproductive technologies (ART) such as an in vitro fertilisation (IVF) or intracytoplasmic sperm injection (ICSI) cycle,"Dosage Form: Solution for Injection in a pre-filled pen for subcutaneous use Strength: 12mcg per 0.36mL, 36mcg per 1.08mL and 72mcg per 2.16 mL",import,"CDSCO r-DNA register — CT-18 Approvals Jan, 2020 - June 2026.pdf",https://cdsco.gov.in/opencms/opencms/en/biologicals/rDNA/,False,,2026-08-05T12:34:01+00:00
138,M/s Eli Lilly And Company (India) Pvt. Ltd.,2025-10-03,03.10.2025,IMP/BIO/25/000117,Donanemab,"For the treatment of Alzheimer’s disease. Treatment with donanemab should be initiated in patients with mild cognitive impairment or mild dementia stage of disease, the population in which treatment was initiated in the clinical trials",Dosage Form: Solution for intravenous infusion. Strength: 350 mg/20 mL (17.5 mg/mL),import,"CDSCO r-DNA register — CT-18 Approvals Jan, 2020 - June 2026.pdf",https://cdsco.gov.in/opencms/opencms/en/biologicals/rDNA/,False,,2026-08-05T12:34:01+00:00
139,M/s Johnson & Johnson Pvt. Ltd,2025-10-30,30.10.2025,IMP/BIO/25/000130 Note: Approval of Additional Indication,Daratumumab,"Daratumumab in combination with bortezomib, lenalidomide and dexamethasone for the treatment of adult patients with newly diagnosed multiple myeloma who are eligible for autologous stem cell transplant.",Dosage Form- liquid for subcutaneous injection. Strength: 1800 mg (120 mg/mL).,import,"CDSCO r-DNA register — CT-18 Approvals Jan, 2020 - June 2026.pdf",https://cdsco.gov.in/opencms/opencms/en/biologicals/rDNA/,True,daratumumab is an oncology molecule,2026-08-05T12:34:01+00:00
140,M/s Bristol- Myers Squibb India Pvt. Ltd.,2025-11-17,17.11.2025,IMP/BIO/25/000138 Note: Approval of Additional Indication,Nivolumab,"1. Hepatocellular Carcinoma:- Nivolumab, in combination with ipilimumab, is indicated for the first-line treatment of adult patients with unresectable or metastatic hepatocellular carcinoma (HCC). 2. Melanoma:- Nivolumab, in combination with ipilimumab, is indicated for the treatment of patients with unresectable or metastatic melanoma",Dosage Form: concentrate for solution for infusion. Strength: 10 mg/ml,import,"CDSCO r-DNA register — CT-18 Approvals Jan, 2020 - June 2026.pdf",https://cdsco.gov.in/opencms/opencms/en/biologicals/rDNA/,True,nivolumab is an oncology molecule,2026-08-05T12:34:01+00:00
141,M/s Bristol- Myers Squibb India Pvt. Ltd.,2025-11-17,17.11.2025,IMP/BIO/25/000139 Note: Approval of Additional Indication,Nivolumab,"1. Colorectal Cancer (CRC): Nivolumab, in combination with ipilimumab, is indicated for the treatment of adult and pediatric patients 12 years and older with unresectable or metastatic microsatellite instability-high (MSI- H) or mismatch repair deficient (dMMR) metastatic colorectal cancer (CRC). 2. Malignant Pleural Mesothelioma: Nivolumab, in combination with ipilimumab, is indicated for the first-line treatment of adult patients with unresectable malignant pleural mesothelioma.",Dosage Form: concentrate for solution for infusion. Strength: 10 mg/ml,import,"CDSCO r-DNA register — CT-18 Approvals Jan, 2020 - June 2026.pdf",https://cdsco.gov.in/opencms/opencms/en/biologicals/rDNA/,True,nivolumab is an oncology molecule,2026-08-05T12:34:01+00:00
142,M/s MSD Pharmaceutical s Private Limited,2025-11-18,18.11.2025,IMP/BIO/25/000141 Note: Approval of Additional Indication,Pembrolizumab,"1. KEYTRUDA® (pembrolizumab) in combination with chemoradiotherapy (external beam radiation therapy followed by brachytherapy), is indicated for the treatment of FIGO 2014 Stage III -IVA locally advanced cervical cancer in adults who have not received prior definitive therapy. 2. KEYTRUDA® (pembrolizumab), in combination with fluoropyrimidine and platinum- containing chemotherapy, is indicated for the first-line treatment of locally advanced unresectable or metastatic HER2-negative gastric or gastro-oesophageal junction adenocarcinoma in adults whose tumours express PD-L1 with a CPS≥1 3. KEYTRUDA® (pembrolizumab), in combination with gemcitabine and cisplatin, is indicated for the first-line treatment of locally advanced unresectable or metastatic biliary tract carcinoma in adults.",Dosage Form: Solution for infusion Strength: 100 mg/4mL (25 mg/ml),import,"CDSCO r-DNA register — CT-18 Approvals Jan, 2020 - June 2026.pdf",https://cdsco.gov.in/opencms/opencms/en/biologicals/rDNA/,True,pembrolizumab is an oncology molecule,2026-08-05T12:34:01+00:00
143,M/s Bristol- Mayer Squibb India Pvt. Ltd.,2024-11-24,24.11.2024,IMP/BIO/25/000144 Note: Approval of Additional Indication,Ipilimumab,"1. Colorectal Cancer (CRC): Ipilimumab, in combination with nivolumab, is indicated for the treatment of adult and pediatric patients 12 years and older with unresectable or metastatic microsatellite instability-high (MSI-H) or mismatch repair deficient (dMMR) metastatic colorectal cancer (CRC). 2. Malignant Pleural Mesothelioma: Ipilimumab, in combination with nivolumab, is indicated for the first- line treatment of adult patients with unresectable malignant pleural mesothelioma.","Dosage Form: concentrate for solution for infusion for intravenous injection, Single use vial Strength: 50mg/10Ml (5mg/Ml)",import,"CDSCO r-DNA register — CT-18 Approvals Jan, 2020 - June 2026.pdf",https://cdsco.gov.in/opencms/opencms/en/biologicals/rDNA/,True,ipilimumab is an oncology molecule,2026-08-05T12:34:01+00:00
144,M/s Sun Pharma Distributors Limited,2025-12-02,02.12.2025,IMP/BIO/25/000150,Tildrakizumab,Indicated for the treatment of adults with moderate- to-severe plaque psoriasis who are candidates for systemic therapy or phototherapy.,Dosage Form: Single Dose Pre-filled Syringe with stalked needle and,import,"CDSCO r-DNA register — CT-18 Approvals Jan, 2020 - June 2026.pdf",https://cdsco.gov.in/opencms/opencms/en/biologicals/rDNA/,False,,2026-08-05T12:34:01+00:00
145,M/s Pharma India Private Limited,,GSK,15.12.2025,IMP/BIO/25/000160,Dostarlimab,Dostarlimab is indicated in combination with carboplatin and paclitaxel for the first-line treatment of adult patients with primary advanced or recurrent endometrial cancer (EC) who are candidates for systemic therapy,import,"CDSCO r-DNA register — CT-18 Approvals Jan, 2020 - June 2026.pdf",https://cdsco.gov.in/opencms/opencms/en/biologicals/rDNA/,False,,2026-08-05T12:34:01+00:00
146,M/s. Astrazeneca Pharma India Limited,,,16.12.2025,,,"For the treatment of adult patients with unresectable or metastatic, hormone receptor (HR)- positive, human epidermal growth factor receptor 2 (HER2)-negative (IHC 0, IHC 1+, or IHC 2+/ISH-) breast cancer who have received prior endocrine-based therapy and chemotherapy for unresectable or metastatic disease",import,"CDSCO r-DNA register — CT-18 Approvals Jan, 2020 - June 2026.pdf",https://cdsco.gov.in/opencms/opencms/en/biologicals/rDNA/,False,,2026-08-05T12:34:01+00:00
147,M/s Bristol- Mayer Squibb India Pvt. Ltd.,,,19.12.2025,IMP/BIO/25/000162 Note: Approval of Additional Indication,Ipilimumab,"1. Hepatocellular Carcinoma: - Ipilimumab, in combination with nivolumab, is indicated for the first line treatment of adult patients with unresectable or metastatic hepatocellular carcinoma (HCC). 2. Melanoma: - Ipilimumab, in combination with Nivolumab, is indicated for the treatment of unresectable or metastatic melanoma in adult patients.",import,"CDSCO r-DNA register — CT-18 Approvals Jan, 2020 - June 2026.pdf",https://cdsco.gov.in/opencms/opencms/en/biologicals/rDNA/,False,,2026-08-05T12:34:01+00:00
148,M/s Astellas Pharma India Pvt. Ltd.,,,19.12.2025,IMP/BIO/25/000163,Zolbetuximab,"Zolbetuximab in combination with fluoropyrimidine and platinum- containing chemotherapy, is indicated for the first-line treatment of adult patients with locally advanced unresectable or metastatic human epidermal growth factor receptor 2 (HER2)-negative gastric or gastroesophageal junction (GEJ) adenocarcinoma whose tumors are Claudin (CLDN) 18.2 positive.",import,"CDSCO r-DNA register — CT-18 Approvals Jan, 2020 - June 2026.pdf",https://cdsco.gov.in/opencms/opencms/en/biologicals/rDNA/,False,,2026-08-05T12:34:01+00:00
150,M/s AstraZeneca Pharma India Limited,,,30.01.2026,IMP/BIO/26/000007 Note: Approval of,"Durvalumab treatment, followed by single-agent Durvalumab, is indicated for the treatment of adult patients with resectable gastric or gastroesophageal junction adenocarcinoma (GC/GEJC).","Durvalumab in combination with fluorouracil, leucovorin, oxaliplatin and docetaxel (FLOT) chemotherapy as neoadjuvant and adjuvant Strength: 120mg/2.4ml & 500 mg/10ml",import,"CDSCO r-DNA register — CT-18 Approvals Jan, 2020 - June 2026.pdf",https://cdsco.gov.in/opencms/opencms/en/biologicals/rDNA/,False,,2026-08-05T12:34:01+00:00
152,M/s AstraZeneca Pharma India Limited,2026-02-09,09.02.2026,IMP/BIO/26/000006 Note: Approval of Additional Indication,Durvalumab,"Durvalumab in combination with carboplatin and paclitaxel is indicated for the first-line treatment of adults with primary advanced or recurrent endometrial cancer who are candidates for systemic therapy, followed by maintenance treatment with: -- Durvalumab as monotherapy in endometrial cancer that is mismatch repair deficient (Dmmr).",Dosage Form: Solution for Infusion. Strength: 120mg/2.4ml & 500 mg/10ml,import,"CDSCO r-DNA register — CT-18 Approvals Jan, 2020 - June 2026.pdf",https://cdsco.gov.in/opencms/opencms/en/biologicals/rDNA/,True,durvalumab is an oncology molecule,2026-08-05T12:34:01+00:00
152,M/s Johnson & Johnson Pvt. Ltd,2026-03-16,16.03.2026,IMP/BIO/26/000026,Talquetamab,"Treatment of adult patients with relapsed and refractory multiple myeloma, who have received at least 3 prior therapies, including an immunomodulatory agent, a proteasome inhibitor, and an anti-CD38 antibody and have demonstrated disease progression on the last therapy",Dosage Form: Solution for Injection for subcutaneous administration Strength; 3mg (2mg/ml) and Talquetamab solution for injection 40mg (40mg/ml) (r-DNA origin),import,"CDSCO r-DNA register — CT-18 Approvals Jan, 2020 - June 2026.pdf",https://cdsco.gov.in/opencms/opencms/en/biologicals/rDNA/,True,indication names myeloma,2026-08-05T12:34:01+00:00
153,M/s AstraZeneca AstraZeneca Pharma India Limited.,2026-03-16,16.03.2026,IMP/BIO/26/000028,Durvalumab,Durvalumab is indicated for the treatment of patients with unresectable hepatocellular carcinoma (uHCC) who have not received prior systemic therapy,Dosage Form: Solution for infusion Strength: 120 mg/2.4 mL and 500 mg/10 mL,import,"CDSCO r-DNA register — CT-18 Approvals Jan, 2020 - June 2026.pdf",https://cdsco.gov.in/opencms/opencms/en/biologicals/rDNA/,True,durvalumab is an oncology molecule,2026-08-05T12:34:01+00:00
154,M/s. Dr Reddys Laboratories Limited,2026-03-27,27.03.2026,,Semaglutide (r- DNA Origin) Drug Substance,-,-,import,"CDSCO r-DNA register — CT-18 Approvals Jan, 2020 - June 2026.pdf",https://cdsco.gov.in/opencms/opencms/en/biologicals/rDNA/,False,,2026-08-05T12:34:01+00:00
155,M/s. Glaxosmithklin e Pharmaceutical s Limited,2026-04-10,10.04.2026,,Belantamab Mafodotin powder for concentrate for solution for infusion,Belantamab mafodotin is indicated in adult patients for the treatment of relapsed or refractory multiple myeloma: (i) In combination with bortezomib and dexamethasone in patients who have received at least one prior therapy; and (ii) In combination with pomalidomide and dexamethasone in patients who have received at least one prior therapy including lenalidomide.,Dosage form: Powder for concentrate for solution for infusion. Strength: 70mg and 100 mg,import,"CDSCO r-DNA register — CT-18 Approvals Jan, 2020 - June 2026.pdf",https://cdsco.gov.in/opencms/opencms/en/biologicals/rDNA/,True,indication names myeloma,2026-08-05T12:34:01+00:00
156,M/s Johnson & Johnson Pvt. Ltd,2026-04-23,23.04.2026,IMP/BIO/26/000045 Note: Approval of Additional Indication,Daratumumab," In combination with lenalidomide and dexamethasone or with bortezomib, melphalan and prednisone for the treatment of adult patients with newly diagnosed multiple myeloma who are ineligible for autologous stem cell transplant.  In combination with bortezomib, thalidomide and dexamethasone for the treatment of adult patients with newly diagnosed multiple myeloma who are eligible for autologous stem cell transplant.  In combination with lenalidomide and dexamethasone, or bortezomib and dexamethasone for the treatment of adult patients with multiple myeloma who have received at least one prior therapy  As monotherapy for the treatment of adult patients with relapsed and refractory multiple myeloma, whose prior therapy included a proteasome inhibitor and an immunomodulatory agent and who have demonstrated disease progression on the last therapy.  In combination with pomalidomide and dexamethasone for the treatment of adult patients with multiple myeloma who have received one prior therapy containing a. proteasome inhibitor and lenalidomide and were lenalidomide-refractory, or who have received at least two prior therapies that included lenalidomide and a proteasome inhibitor and have demonstrated disease progression on or after the last therapy.",Dosage Form- liquid for subcutaneous injection. Strength: 1800 mg (120 mg/mL).,import,"CDSCO r-DNA register — CT-18 Approvals Jan, 2020 - June 2026.pdf",https://cdsco.gov.in/opencms/opencms/en/biologicals/rDNA/,True,daratumumab is an oncology molecule,2026-08-05T12:34:01+00:00
157,M/s Novo Nordisk India Private Limited,2026-05-05,05.05.2026,IMP/BIO/26/000044 Note: Approval of Additional Indication,Semaglutide Injection,Indicated as an adjunct to a reduced calorie diet and increased physical activity for weight management in adolescents aged 12 years & above with obesity and body weight above 60 kgs.,Dosage Form: Solution for injection in prefilled pen (single dose and multi-dose pen injector) Strength: 0.25mg / 0.5mg,import,"CDSCO r-DNA register — CT-18 Approvals Jan, 2020 - June 2026.pdf",https://cdsco.gov.in/opencms/opencms/en/biologicals/rDNA/,False,,2026-08-05T12:34:01+00:00
158,M/s Johnson and Johnson Private Limited,,,07.05.2026,IMP/BIO/26/000052 Note: Approval of Additional Indication,Guselkumab,Plaque Psoriasis: Guselkumab is indicated for the treatment of moderate to severe plaque psoriasis in adults who are candidates for systemic therapy,import,"CDSCO r-DNA register — CT-18 Approvals Jan, 2020 - June 2026.pdf",https://cdsco.gov.in/opencms/opencms/en/biologicals/rDNA/,False,,2026-08-05T12:34:01+00:00
159,M/s Regenix Drugs Ltd.,,,11.05.2026,IMP/BIO/26/000051,Human Insulin IP (rDNA origin) Drug Substance,-,import,"CDSCO r-DNA register — CT-18 Approvals Jan, 2020 - June 2026.pdf",https://cdsco.gov.in/opencms/opencms/en/biologicals/rDNA/,False,,2026-08-05T12:34:01+00:00
160,M/s AbbVie Healthcare India Private,,,12.05.2026,IMP/BIO/26/000050 Note: Approval of Additional Indication,Mirvetuximab soravtansine injection,"Elahere as monotherapy is indicated for the treatment of adult patients with folate receptor-alpha (FR) positive, platinum-resistant epithelial ovarian, fallopian tube, or primary peritoneal cancer, who have received one to three prior systemic treatment regimens.",import,"CDSCO r-DNA register — CT-18 Approvals Jan, 2020 - June 2026.pdf",https://cdsco.gov.in/opencms/opencms/en/biologicals/rDNA/,False,,2026-08-05T12:34:01+00:00
161,M/s Astellas Pharma India Pvt. Ltd.,,,12.05.2026,IMP/BIO/26/000055 Note: Approval of Additional Indication,Enfortumab vedotin,"Enfortumab vedotin 20 mg and 30 mg (Powder for concentrate for solution for infusion), in combination with pembrolizumab, is indicated for the first-line treatment of adult patients with unresectable or metastatic urothelial cancer who are eligible for platinum-containing chemotherapy.",import,"CDSCO r-DNA register — CT-18 Approvals Jan, 2020 - June 2026.pdf",https://cdsco.gov.in/opencms/opencms/en/biologicals/rDNA/,False,,2026-08-05T12:34:01+00:00
162,M/s Biopharmaceut icals India Pvt. Ltd,,Takeda,26.05.2026,IMP/BIO/26/000058 Note: Approval of a modification and expansion of the approved indication.,Brentuximab Vedotin,"Brentuximab vedotin is indicated for adult patients with previously untreated CD30+ Stage IIB with risk factors, Stage III or Stage IV HL in combination with etoposide, cyclophosphamide, doxorubicin, dacarbazine, dexamethasone (BrECADD)”",import,"CDSCO r-DNA register — CT-18 Approvals Jan, 2020 - June 2026.pdf",https://cdsco.gov.in/opencms/opencms/en/biologicals/rDNA/,False,,2026-08-05T12:34:01+00:00
163,M/s AstraZeneca Pharma India Limited,,,10.06.2026,IMP/BIO/26/000067 Note: Approval of Additional Indication,Trastuzumab Deruxtecan,Trastuzumab deruxtecan in combination with pertuzumab is indicated for the first-line treatment of adult patients with unresectable or metastatic HER2- positive (IHC3+ or ISH+) breast cancer.,import,"CDSCO r-DNA register — CT-18 Approvals Jan, 2020 - June 2026.pdf",https://cdsco.gov.in/opencms/opencms/en/biologicals/rDNA/,False,,2026-08-05T12:34:01+00:00
164,M/s Biopharmaceut icals India Pvt. Ltd.,,Takeda,10.06.2026,IMP/BIO/26/000066,Velaglucerase Alfa,"Velaglucerase alfa is indicated for long-term enzyme replacement therapy (ERT) in patients with type-1, and chronic neuronopathic (Type 3) Gaucher disease who exhibit clinically significant non-neurological manifestations of the disease”.",import,"CDSCO r-DNA register — CT-18 Approvals Jan, 2020 - June 2026.pdf",https://cdsco.gov.in/opencms/opencms/en/biologicals/rDNA/,False,,2026-08-05T12:34:01+00:00
165,M/s Johnson and Johnson Private Limited,2026-06-10,10.06.2026,IMP/BIO/26/000064 Note: Approval of Additional Indication,,Guselkumab,"1) Guselkumab is indicated for the treatment of adult patients with moderately to severely active ulcerative colitis who have had an inadequate response, lost response, or were intolerant to either conventional therapy, or a biologic treatment. 2) Guselkumab is indicated for the treatment of adult patients with moderately to severely active Crohn’s disease who have had an inadequate response, lost response, or were intolerant to either conventional therapy or a biologic treatment.",import,"CDSCO r-DNA register — CT-18 Approvals Jan, 2020 - June 2026.pdf",https://cdsco.gov.in/opencms/opencms/en/biologicals/rDNA/,False,,2026-08-05T12:34:01+00:00
1,Ethnor Limited,,r-hu-EPO,24-8-1993,Anaemia due to chronic renal failure,"each vial contains 2000 IU, 4000 IU, 10,000 IU",,import,CDSCO r-DNA register — Import and market permission till 2019.pdf,https://cdsco.gov.in/opencms/opencms/en/biologicals/rDNA/,False,,2026-08-05T12:34:01+00:00
2,Roche Products (India) Pvt.Ltd,,Granulocyte colony stimulating factor (Filgrastim ) (Neupogen),30-Sep-93,"filgrastim is indicated to Decrease the incidence of infection‚ as manifested by febrile neutropenia‚ in patients with nonmyeloid malignancies receiving myelosuppressive anti-cancer drugs associated with a significant incidence of severe neutropenia with fever □ Reduce the time to neutrophil recovery and the duration of fever, following induction or consolidation chemotherapy treatment of patients with acute myeloid leukemia (AML) □ Reduce the duration of neutropenia and neutropenia-related clinical sequelae‚ e.g.‚ febrile neutropenia, in patients with nonmyeloid malignancies undergoing myeloablative chemotherapy followed by bone marrow transplantation (BMT) □ Mobilize autologous hematopoietic progenitor cells into the peripheral blood for collection by leukapheresis □ Reduce the incidence and duration of sequelae of severe neutropenia (e.g.‚ fever‚ infections‚ oropharyngeal ulcers) in symptomatic patients with congenital neutropenia‚ cyclic neutropenia‚ or idiopathic neutropenia □ Increase survival in patients acutely exposed to myelosuppressive doses of radiation (Hematopoietic Syndrome of Acute Radiation Syndrome)",,,import,CDSCO r-DNA register — Import and market permission till 2019.pdf,https://cdsco.gov.in/opencms/opencms/en/biologicals/rDNA/,True,filgrastim is an oncology molecule,2026-08-05T12:34:01+00:00
3,Organon India,,FOLLITROPIN BETA (FSH-Recagon) Puregon,14-1-1996,"for the treatment of female infertility in the following situations: -anovulation (including polycystic ovarian disease, PCOD) in women who have been unresponsive to treatment with clomiphene citrate -controlled ovarian hyperstimulation to indice the development of multiple follicle in medically assisted reproduction programme (eg in vitro fertilization/embryo transfer (IVF/ET) , gamete intra fallopian transfer (FIFT) and intracytoplasmic sperm injection (ICSI))",,,import,CDSCO r-DNA register — Import and market permission till 2019.pdf,https://cdsco.gov.in/opencms/opencms/en/biologicals/rDNA/,False,,2026-08-05T12:34:01+00:00
4,Johnson & Johnson Ltd,,R-Hu-EPO,13-6-1996,treatment of anaemia due to chronic renal failure and end stage renal diseases,"each vial contains 2000 Units, 4000 Units, 10,000 Units",,import,CDSCO r-DNA register — Import and market permission till 2019.pdf,https://cdsco.gov.in/opencms/opencms/en/biologicals/rDNA/,False,,2026-08-05T12:34:01+00:00
5,Roche Products (India) Pvt.Ltd,,Erythropoeitin,09-Sep-97,"treatment of anaemia due to chronic renal failure and end stage renal diseases for treatment of symptomatic anaemia in adult patients, with non-myeloid malignancies receiving chemotherapy for prevention of anemia of prematurity in infants with birth weight of 750 gm to 1500 gm and gestational age of less than 34 weeks for increasing the yeild of autologus blood from patients in a pre-donation program",,,import,CDSCO r-DNA register — Import and market permission till 2019.pdf,https://cdsco.gov.in/opencms/opencms/en/biologicals/rDNA/,False,,2026-08-05T12:34:01+00:00
6,Eli Lilly and Company Pvt. Ltd,,Somatropin,4-2-1998,Long-term treatment of growth failure associated with chronic renal insuffciency up to the time of renal transplant and patients suffered from Turner's syndrome,"18 IU, 36 IU, 72 IU cartridge and 4 IU and 16 IU vials",,import,CDSCO r-DNA register — Import and market permission till 2019.pdf,https://cdsco.gov.in/opencms/opencms/en/biologicals/rDNA/,False,,2026-08-05T12:34:01+00:00
7,Serum Institute of India,,Somatropin (Saizen),17-2-1998,Growth Failure due to inadequate secretion of normal endogenous growth hormone,4 IU/10IU /Vial,,import,CDSCO r-DNA register — Import and market permission till 2019.pdf,https://cdsco.gov.in/opencms/opencms/en/biologicals/rDNA/,False,,2026-08-05T12:34:01+00:00
8,Eli Lilly and Company Pvt. Ltd,,Hu-Insulin,18-4-1998,Diabetes Mellitus.,"1) Hu-Insulin regular 40U/ml, 100U/ml, USP; 2) Hu-Insulin Ispohane insulin suspension (NPH), 40U/ml, 100U/ml; 3) Hu Insulin Zinc Suspension (lente), 40U/ml, 100U/ml; 4) Hu- Insulin Zinc Suspension (Ultralente), 40U/ml, 100U/ml; 5) Hu Insulin 10/90 (neutral solution & Isophane suspension), 40U/ml, 100U/ml; 6) Hu Insulin 20/80 (neutral solution & Isophane suspension), 40U/ml, 100U/ml; 7) Hu Insulin 30/70 (neutral solution & Isophane suspension), 40U/ml, 100U/ml; 8) Hu Insulin 40/60 (neutral solution & Isophane suspension), 40U/ml, 100U/ml; 9) Hu Insulin 50/50 (neutral solution & Isophane suspension), 40U/ml, 100U/ml",,import,CDSCO r-DNA register — Import and market permission till 2019.pdf,https://cdsco.gov.in/opencms/opencms/en/biologicals/rDNA/,False,,2026-08-05T12:34:01+00:00
9,Serum Institute of India,,Follitropin alfa (r-hu- FSH),21-7-1998,treatment of female infertility,75IU/150IU,,import,CDSCO r-DNA register — Import and market permission till 2019.pdf,https://cdsco.gov.in/opencms/opencms/en/biologicals/rDNA/,False,,2026-08-05T12:34:01+00:00
10,Novartis India Pvt Ltd,,Basiliximab Injection,26-5-1999,Prophylaxis of acute organ rejection in de novo renal transplantation and is to be used concomitantly with cyclosporin for microemulsion and coticosteroid based immune-suppression,each vial contains Basiliximab- 20 mg alongwith ampoule of 5 ml water for injection,,import,CDSCO r-DNA register — Import and market permission till 2019.pdf,https://cdsco.gov.in/opencms/opencms/en/biologicals/rDNA/,False,,2026-08-05T12:34:01+00:00
11,Eli Lilly and Company Pvt. Ltd,,Insulin Lispro Mixture,31-7-2000,Diabetes Mellitus,"100U/ml, 3ml cartridge, 100U/ml, 10ml vial; 100U/ml, 3ml cartridge",,import,CDSCO r-DNA register — Import and market permission till 2019.pdf,https://cdsco.gov.in/opencms/opencms/en/biologicals/rDNA/,False,,2026-08-05T12:34:01+00:00
12,Fulford India Ltd,,R-Hu-INF alfa 2b,27-12-2000,"Multiple myeloma, AIDS related kaposis sarcoma malignant melanoma hairycell leukemia, chronic myelogenous leukemia, laryngeal papillomatosis, condylomata, acuminata, superficial and nudulo-ulcerative basal cell carcinoma, chronic hepatitis B and Hepatitis C",Each vial contains: 3MIU/5MIU/10MIU/ 18MIU/25MIU,,import,CDSCO r-DNA register — Import and market permission till 2019.pdf,https://cdsco.gov.in/opencms/opencms/en/biologicals/rDNA/,False,,2026-08-05T12:34:01+00:00
13,Kee Pharma Ltd,,Hu-INF alpha 2b,2-1-2001,"treatment of multiple myeloma, kaposi's sarcoma in AIDS patients with malignant neoplasia,","3,5,10 MIU/vial",,import,CDSCO r-DNA register — Import and market permission till 2019.pdf,https://cdsco.gov.in/opencms/opencms/en/biologicals/rDNA/,False,,2026-08-05T12:34:01+00:00
14,Fulford India Ltd,,peg-INF alfa 2b Powder for injection,13-7-2001,treatment of chronic Hep C,"50, 80, 100, 120 & 150 mcg",,import,CDSCO r-DNA register — Import and market permission till 2019.pdf,https://cdsco.gov.in/opencms/opencms/en/biologicals/rDNA/,False,,2026-08-05T12:34:01+00:00
15,Kee Pharma Ltd,,r-hu-EPO,16-8-2001,Anaemia due to chronic renal failure and end stage renal disease,"each lyophilized vial contains 2000 IU, 4000 IU, 10,000 IU",,import,CDSCO r-DNA register — Import and market permission till 2019.pdf,https://cdsco.gov.in/opencms/opencms/en/biologicals/rDNA/,False,,2026-08-05T12:34:01+00:00
16,LG Chemical India Ltd,,INF alpha 2a,22-10-2001,"Treatment of multiple myeloma, kaposi's sarcoma, hairycell renal cell chronic myelogenous leukemia","3, 6, 9, MIU/vial",,import,CDSCO r-DNA register — Import and market permission till 2019.pdf,https://cdsco.gov.in/opencms/opencms/en/biologicals/rDNA/,False,,2026-08-05T12:34:01+00:00
17,Pharmacia India,,Somatropin (Recombinant),23-11-2001,Short stature due to inadequate or failed secretion of pitutory growth Hormone,36IU (12mg Powder),,import,CDSCO r-DNA register — Import and market permission till 2019.pdf,https://cdsco.gov.in/opencms/opencms/en/biologicals/rDNA/,False,,2026-08-05T12:34:01+00:00
18,Serum International Ltd,,R-hu-INF beta-1a,18-1-2002,treatment of patients with relapsing/remitting multiple seleresis,22mcg(6MIU/0.5ml)/44mcg (12MIU/ 0.5ml),,import,CDSCO r-DNA register — Import and market permission till 2019.pdf,https://cdsco.gov.in/opencms/opencms/en/biologicals/rDNA/,False,,2026-08-05T12:34:01+00:00
19,Aventis Pharma Ltd.,,"Insuman Rapid, Insuman Basal, Insuman 15/85, Insuman 25/75, Insuman 50/50",07-05-2002,Treatment of Type I and Type II Diabetes Mellitus,"Insuman Rapid.................(5 ml vial and 3 ml cartridge of strenght 100 IU/ml, 10 ml vial of strength 40 IU/ml), Insuman Basal(5 ml vial and 3 ml cartridge of strenght 100 IU/ml, 10 ml vial of strength 40 IU/ml), Insuman 15/85 (5 ml vial and 3 ml cartridge of strenght 100 IU/ml, 10 ml vial of strength 40 IU/ml), Insuman 25/75 (5 ml vial and 3 ml cartridge of strenght 100 IU/ml, 10 ml vial of strength 40 IU/ml), Insuman 50/50 (5 ml vial and 3 ml cartridge of strenght 100 IU/ml, 10 ml vial of strength 40 IU/ml)",,import,CDSCO r-DNA register — Import and market permission till 2019.pdf,https://cdsco.gov.in/opencms/opencms/en/biologicals/rDNA/,False,,2026-08-05T12:34:01+00:00
20,Glenmark laboratories Pvt Ltd,,INF alpha 2b,15-7-2002,"multiple myeloma, kaposi's sarcoma in AIDS patients with malignant neoplasia","3,5,10 MIU/vial",,import,CDSCO r-DNA register — Import and market permission till 2019.pdf,https://cdsco.gov.in/opencms/opencms/en/biologicals/rDNA/,False,,2026-08-05T12:34:01+00:00
21,L.G.Chemicals,,R-Hu-Growth Hormone (somatropin),27-8-2002,Long-term treatment of growth failure associated with chronic renal insuffciency up to the time of renal transplant and patients suffered from Turner's syndrome,4IU/vial,,import,CDSCO r-DNA register — Import and market permission till 2019.pdf,https://cdsco.gov.in/opencms/opencms/en/biologicals/rDNA/,False,,2026-08-05T12:34:01+00:00
22,Wyeth Lederle Ltd,,Gemtuzumab Ozogemicin (Lyophilized Powder),12-9-2002,treatment of acute myeloid leukemia,5mg/vial for IV use,,import,CDSCO r-DNA register — Import and market permission till 2019.pdf,https://cdsco.gov.in/opencms/opencms/en/biologicals/rDNA/,False,,2026-08-05T12:34:01+00:00
23,Roche Products (India) Pvt.Ltd,,Rituximab,08-Oct-02,Treatment of patients with release or chemo resistant indolent B cell,10mg/ml/vial,,import,CDSCO r-DNA register — Import and market permission till 2019.pdf,https://cdsco.gov.in/opencms/opencms/en/biologicals/rDNA/,False,,2026-08-05T12:34:01+00:00
24,Roche Products (India) Pvt.Ltd,,Daclizumab,11-Oct-02,the prophylaxis of acute organ rejection in patients receiving renal transplants,25mg in 5ml of solution for infusion,,import,CDSCO r-DNA register — Import and market permission till 2019.pdf,https://cdsco.gov.in/opencms/opencms/en/biologicals/rDNA/,False,,2026-08-05T12:34:01+00:00
25,Roche Products (India) Pvt.Ltd,,Trastuzumab,11-Oct-02,treatment of patinets with metastatic cancer who have tumors that overexpress human epidermal growth factor,440mg/vial,,import,CDSCO r-DNA register — Import and market permission till 2019.pdf,https://cdsco.gov.in/opencms/opencms/en/biologicals/rDNA/,False,,2026-08-05T12:34:01+00:00
26,Eli Lilly and Company Pvt. Ltd,,Teriparatide (r-Hu- Parathyroid Hormone),9-1-2003,For the treatment of patients with severe Osteoporosis,each Pre-filled Pen contains: 600 mcg/2.4 ml in PFP,,import,CDSCO r-DNA register — Import and market permission till 2019.pdf,https://cdsco.gov.in/opencms/opencms/en/biologicals/rDNA/,False,,2026-08-05T12:34:01+00:00
27,Novo Nordisk India Pvt Ltd,,r-hu-coagulation factor VIIa,14-1-2003,Treatment of bleeding episodes and prevention of excessive bleeding associated with surgery in patinets with inherited hemophilia to coagulation factors VII or IX,60KIU/120KIU/240KIU/vial,,import,CDSCO r-DNA register — Import and market permission till 2019.pdf,https://cdsco.gov.in/opencms/opencms/en/biologicals/rDNA/,False,,2026-08-05T12:34:01+00:00
28,Roche Products (India) Pvt.Ltd,,Interferon alpha 2a (Pegylated),13-Mar-03,"treatment of multiple myeloma, kaposi's sarcoma in AIDS patinets with malignant neoplasia, chronic active Hepatitis B & C.",0.5ml pre-filled syringe or 1ml vial contains 135mcg/ 180mcg respectively,,import,CDSCO r-DNA register — Import and market permission till 2019.pdf,https://cdsco.gov.in/opencms/opencms/en/biologicals/rDNA/,False,,2026-08-05T12:34:01+00:00
29,Torrent Pharmaceuticals Ltd.,,Insulin Crystals (Bulk),17-03-2003,…………………,-,,import,CDSCO r-DNA register — Import and market permission till 2019.pdf,https://cdsco.gov.in/opencms/opencms/en/biologicals/rDNA/,False,,2026-08-05T12:34:01+00:00
30,Novo Nordisk India Pvt Ltd,,Insulin aspart Biphasic (Recombinant DNA),2-5-2003,Treatment of type -I & II Diabetes Mellitus,100 units/ml in the ratio of 30:70,,import,CDSCO r-DNA register — Import and market permission till 2019.pdf,https://cdsco.gov.in/opencms/opencms/en/biologicals/rDNA/,False,,2026-08-05T12:34:01+00:00
31,Shreya Life Sciences,,Somatropin,11-3-2004,Long-term treatment of growth failure associated with chronic renal insuffciency up to the time of renal transplant and patients suffered from Turner's syndrome,4IU/12IU/18IU/vial,,import,CDSCO r-DNA register — Import and market permission till 2019.pdf,https://cdsco.gov.in/opencms/opencms/en/biologicals/rDNA/,False,,2026-08-05T12:34:01+00:00
32,Serum Institute of India,,r-hu-chorionic gonado tropin hormone (Chori onogonadotropin alfa),20-5-2004,treatment of women superovulation prior to assisted reproductive techniques,250mcg/vial,,import,CDSCO r-DNA register — Import and market permission till 2019.pdf,https://cdsco.gov.in/opencms/opencms/en/biologicals/rDNA/,False,,2026-08-05T12:34:01+00:00
33,Glenmark laboratories Pvt Ltd,,R-Hu-GCSF Injection,13-10-2004,For decreasing severity of chemotherapy induced neutropenia. Cancer patients receiving Myelosuppresice chemotherpay,"75mcg/0.30ml, 150mcgmcg/0.60ml & 300mcg/0.90ml",,import,CDSCO r-DNA register — Import and market permission till 2019.pdf,https://cdsco.gov.in/opencms/opencms/en/biologicals/rDNA/,False,,2026-08-05T12:34:01+00:00
34,Cadila Healthcare Ltd,,Recombinant Interferon β 1b Injection,14-10-2004,Relapsing-remitting and secondary progessive multiple sclerosis,Recombinant Interferon β 1b Injection---0.25mg,,import,CDSCO r-DNA register — Import and market permission till 2019.pdf,https://cdsco.gov.in/opencms/opencms/en/biologicals/rDNA/,False,,2026-08-05T12:34:01+00:00
35,Roche Products (India) Pvt.Ltd,,Bevacizumab Injection,17-Jan-05,"1. For the treatment of Metastatic Colorectal Cancer (mCRC) 2. For the treatment of First-Line Non-Squamous Non–Small Cell Lung Cancer (NSCLC) 3. For the treatment of Recurrent Glioblastoma (GBM) 4. For the treatment of Metastatic Renal Cell Carcinoma (mRCC) 5. For the treatment of Persistent, Recurrent, or Metastatic Cervical Cancer 6. For the treatment of Recurrent Epithelial Ovarian, Fallopian Tube, or Primary Peritoneal Cancer 7. For the treatment of Metastatic Breast Cancer",100mg/4ml,,import,CDSCO r-DNA register — Import and market permission till 2019.pdf,https://cdsco.gov.in/opencms/opencms/en/biologicals/rDNA/,False,,2026-08-05T12:34:01+00:00
36,Nicholas Piramal India Ltd/ Biogen Idec,,INF beta-1a (avonex),2-2-2005,treatment of ambulatory patients with replasing multiple sclerosis,Each pre-filled syringe 300mcg/ 0.5ml,,import,CDSCO r-DNA register — Import and market permission till 2019.pdf,https://cdsco.gov.in/opencms/opencms/en/biologicals/rDNA/,False,,2026-08-05T12:34:01+00:00
37,Novo Nordisk India Pvt Ltd,,Hu-somatropin hormone,29-3-2005,treatment of growth hormone deficiency,"5, 10, 15mg/1.5ml",,import,CDSCO r-DNA register — Import and market permission till 2019.pdf,https://cdsco.gov.in/opencms/opencms/en/biologicals/rDNA/,False,,2026-08-05T12:34:01+00:00
38,Novo Nordisk India Pvt Ltd,,R-Hu-Growth Hormone (somatropin),29-3-2005,Long-term treatment of growth failure associated with chronic renal insuffciency up to the time of renal transplant and patients suffered from Turner's syndrome,"1.5ml PFS 5,10,15mg",,import,CDSCO r-DNA register — Import and market permission till 2019.pdf,https://cdsco.gov.in/opencms/opencms/en/biologicals/rDNA/,False,,2026-08-05T12:34:01+00:00
39,Novo Nordisk India Pvt Ltd,,R-Insulin- Determir Injection,15-7-2005,for the treatment of patinets with diabetes Mellitus,100 units/ml,,import,CDSCO r-DNA register — Import and market permission till 2019.pdf,https://cdsco.gov.in/opencms/opencms/en/biologicals/rDNA/,False,,2026-08-05T12:34:01+00:00
40,Boehringer Ingelheim Pvt Ltd,,Alteplase,14-09-2005,"For fibrionlytic therapy in acute thrombolytic coronary artery occlusion, acute MI, acute ischaemic stroke, acute massive pulmonary embolism","Recombinant Human Tissue Type plasminogen activator Injection, 1 vial contains 20 mg or 50 mg",,import,CDSCO r-DNA register — Import and market permission till 2019.pdf,https://cdsco.gov.in/opencms/opencms/en/biologicals/rDNA/,False,,2026-08-05T12:34:01+00:00
41,Merck Specialities Pvt Ltd,,Cetuximab,2-2-2006,Treatment of patients with Epidermal growth factor,100mg in 50ml vial,,import,CDSCO r-DNA register — Import and market permission till 2019.pdf,https://cdsco.gov.in/opencms/opencms/en/biologicals/rDNA/,False,,2026-08-05T12:34:01+00:00
42,Biocon Limited,,Nimotuzumab,28-Jun-06,Treatment of Head & Neck Cancer,50mg/ml Vial,,import,CDSCO r-DNA register — Import and market permission till 2019.pdf,https://cdsco.gov.in/opencms/opencms/en/biologicals/rDNA/,False,,2026-08-05T12:34:01+00:00
43,VHB Life Sciences,,Erythropoietin,38932,For treatment of anemia and chronic renal failure,Injection ......... Each vial contains EPO --- 1000/2000/3000/4000/5000/1 0000/20000 and 40000 IU,,import,CDSCO r-DNA register — Import and market permission till 2019.pdf,https://cdsco.gov.in/opencms/opencms/en/biologicals/rDNA/,False,,2026-08-05T12:34:01+00:00
44,Biocon Limited,,Erythropoietin,31-Aug-06,"For the treatment of patinets with anaemia due to chronic renal failure, either on dialysis or non dialysis","Injection ...........Each 1 ml vial contains ......... 2000 IU, 4000 IU, 10,000 IU",,import,CDSCO r-DNA register — Import and market permission till 2019.pdf,https://cdsco.gov.in/opencms/opencms/en/biologicals/rDNA/,False,,2026-08-05T12:34:01+00:00
45,Roche Products (India) Pvt.Ltd,,Granulocyte colony stimulating factor (Peglyated) - Pegfilgrastim,12-Oct-06,For reduction in the duration of neutropenia and the incidence of febrile neutropenia in patients treated with cytotoxic chemotherapy for maliganancy (with the exception of chronic myeloid leukaemia and myelodysplastic syndromes),Each PFS (0.6 ML) conatins 6ML Peg- GCSF,,import,CDSCO r-DNA register — Import and market permission till 2019.pdf,https://cdsco.gov.in/opencms/opencms/en/biologicals/rDNA/,False,,2026-08-05T12:34:01+00:00
46,Hindustan Bio sciences Ltd,,r-hu-EPO Injection,31-Oct-06,Anaemia due to chronic renal failure,each vial of 1ml contains 2000/3000/4000 IU,,import,CDSCO r-DNA register — Import and market permission till 2019.pdf,https://cdsco.gov.in/opencms/opencms/en/biologicals/rDNA/,False,,2026-08-05T12:34:01+00:00
47,Taksal Pharma Pvt. Ltd.,,Granulocyte Colony Stimulating Factor,12-Dec-06,For reduction in the duration of neutropenia and the incidence of febrile neutropenia in patients treated with cytotoxic chemotherapy for maliganancy (with the exception of chronic myeloid leukaemia and myelodysplastic syndromes),Each PFS (0.6 ML) conatins 6ML Peg- GCSF,,import,CDSCO r-DNA register — Import and market permission till 2019.pdf,https://cdsco.gov.in/opencms/opencms/en/biologicals/rDNA/,False,,2026-08-05T12:34:01+00:00
48,Boehringer Ingelheim Pvt Ltd,,Tenecteplase (TNK- TPA),6-Feb-07,For thrombolytic treatment of acute Myocardial Infraction (AMI),each vial contains 40 mg/50mg,,import,CDSCO r-DNA register — Import and market permission till 2019.pdf,https://cdsco.gov.in/opencms/opencms/en/biologicals/rDNA/,False,,2026-08-05T12:34:01+00:00
49,Serum institute of Inida,,r-human- Efalizumab injection,25-Apr-07,Treatment of adult patients with moderate to severe plague psoriasis,100mg/ml,,import,CDSCO r-DNA register — Import and market permission till 2019.pdf,https://cdsco.gov.in/opencms/opencms/en/biologicals/rDNA/,False,,2026-08-05T12:34:01+00:00
50,LG Life sciences India,,R-Follicle stimulating hormone injection,3-5-2007,treatment of female infertility,each vial contains 75IU/150IU,,import,CDSCO r-DNA register — Import and market permission till 2019.pdf,https://cdsco.gov.in/opencms/opencms/en/biologicals/rDNA/,False,,2026-08-05T12:34:01+00:00
51,Biocon Limited,,Erythropoetin alpha (Bulk new drug substance),31-Jul-07,Not Applicable,> 4000 IU bulk,,import,CDSCO r-DNA register — Import and market permission till 2019.pdf,https://cdsco.gov.in/opencms/opencms/en/biologicals/rDNA/,False,,2026-08-05T12:34:01+00:00
52,Novartis India Pvt Ltd,,Ranibizumab,28-9-2006,"For improvement and maintenance of visual acuity and function and for reduction of vascular leakage and retinal oedema, in patients with neovascular age related macular degeneration (AMD)",each 1ml contains 10mg,,import,CDSCO r-DNA register — Import and market permission till 2019.pdf,https://cdsco.gov.in/opencms/opencms/en/biologicals/rDNA/,False,,2026-08-05T12:34:01+00:00
53,Biocon Limited,,Paclitaxel (Protein- bound particles),11-Oct-07,Treatment of breast cancer,100mg/20ml,,import,CDSCO r-DNA register — Import and market permission till 2019.pdf,https://cdsco.gov.in/opencms/opencms/en/biologicals/rDNA/,False,,2026-08-05T12:34:01+00:00
54,Generex Biotechnology,,Hu-Insulin Aerosol Suspension from M/s Farmacid S.A.Quito Ecuador),15-Oct-07,For the treatment of insulin dependent diabetes mellitus,Suspension for buccal administration Hu-Insulin 14.44 gm,,import,CDSCO r-DNA register — Import and market permission till 2019.pdf,https://cdsco.gov.in/opencms/opencms/en/biologicals/rDNA/,False,,2026-08-05T12:34:01+00:00
55,Aventis Pharma Ltd.,,r-Hu-Insulin,17-10-2007,Treatment of Diabetes Mellitus in adults patients only,"Each ml contains 3.5mg (100IU) Each Cartridge, pre-filled pen contains- 3ml equiv. to 300 IU insuliln Glulisine",,import,CDSCO r-DNA register — Import and market permission till 2019.pdf,https://cdsco.gov.in/opencms/opencms/en/biologicals/rDNA/,False,,2026-08-05T12:34:01+00:00
56,Taksal Pharma Pvt. Ltd.,,Methoxy Polyethylene Glycol- Erythropoietin beta,23-Nov-07,Treatment of anemia associated with chronic kidney disease,Injection. ................... Each 1ml vial contains 50µ/100µ/ 200µ/300µ/400µ & 600µ. ................... Each pre-filled syringe (0.3ml) contains: 50µ/75µ/ 100µ/150µ/200µ/250µ/400µ/6 00µ & 800µ,,import,CDSCO r-DNA register — Import and market permission till 2019.pdf,https://cdsco.gov.in/opencms/opencms/en/biologicals/rDNA/,False,,2026-08-05T12:34:01+00:00
57,Roche Products (India) Pvt.Ltd,,Methoxy Polyethylene Glycol- EPO beta,23-Nov-07,treatment of anaemia associated with chronic kidney disease,"each 1ml vial contains 50µ/100µ/ 200µ/300µ/400µ & 600µ, each pre-filled syringe (0.3ml) contains: 50µ /75µ / 100µ /150µ /200µ /250µ /400µ /600µ & 800µ",,import,CDSCO r-DNA register — Import and market permission till 2019.pdf,https://cdsco.gov.in/opencms/opencms/en/biologicals/rDNA/,False,,2026-08-05T12:34:01+00:00
58,Sudershan Biotech Ltd.,,Granulocyte Colony Stimulating Factor,17-1-2008,Treatment of neutrophilic granulocytopenia reduced by chemotherpy of cancer and bone marrow transplantation,Injection. .......................... 75/150 /300mcg/pre-filled syringe,,import,CDSCO r-DNA register — Import and market permission till 2019.pdf,https://cdsco.gov.in/opencms/opencms/en/biologicals/rDNA/,False,,2026-08-05T12:34:01+00:00
59,Lupin limited,,Abciximab,23-Jan-08,For the treatment of unstable angina and prevention of ischemic cardiac complications in patients undergoing Percutaneous Coronary Intervention(PTCA).,Injection… .............. Each 1ml of solution contains abciximab 2mg,,import,CDSCO r-DNA register — Import and market permission till 2019.pdf,https://cdsco.gov.in/opencms/opencms/en/biologicals/rDNA/,False,,2026-08-05T12:34:01+00:00
60,Reliance Biopharmaceuticals,,r-Hu-EPO,30-1-2008,For the treatment of anemia due to chronic renal failure patients.,"Each pre-filled syringe: r-Hu- EPO-10,000 IU/ml",,import,CDSCO r-DNA register — Import and market permission till 2019.pdf,https://cdsco.gov.in/opencms/opencms/en/biologicals/rDNA/,False,,2026-08-05T12:34:01+00:00
61,Reliance Biopharmaceuticals,,r-hu-EPO (Bulk),31-1-2008,,,,import,CDSCO r-DNA register — Import and market permission till 2019.pdf,https://cdsco.gov.in/opencms/opencms/en/biologicals/rDNA/,False,,2026-08-05T12:34:01+00:00
62,APC Pharmaceuticals and Chemicals,,Somatropin,28-Mar-08,Long-term treatment of growth failure associated with chronic renal insuffciency up to the time of renal transplant and patients suffered from Turner's syndrome,Injection .............. Each vial contains Somatropin 4IU(1.6mg) and 10IU(4.0mg),,import,CDSCO r-DNA register — Import and market permission till 2019.pdf,https://cdsco.gov.in/opencms/opencms/en/biologicals/rDNA/,False,,2026-08-05T12:34:01+00:00
63,Shreya Life Sciences,,R-Hu-Growth Hormone,5-9-2008,Long-term treatment of childrenn who have growth failure due to endogenous growth hormone and for treatment of short stature in children with turner's syndrome confirmed by chromosomal analysis.,"Powder for injection and Solution for injection. ..................... Each vial after reconstitution contains ..r- Growth hormone- 5.8mg/vial, .................Each cartridge of 1.5 ml contains ............ 5mg (15 IU) and 10mg (30 IU) solution for injection",,import,CDSCO r-DNA register — Import and market permission till 2019.pdf,https://cdsco.gov.in/opencms/opencms/en/biologicals/rDNA/,False,,2026-08-05T12:34:01+00:00
64,Taksal Pharma Pvt. Ltd.,,Tocilizumab,7-1-2009,"For disease which do not show sufficient response to the existing therapies - eg;- Rheumatoid Arthritis (including inhibition of progression of structual joint damage), polyarticular-course juvenile idiopathic arthritis and systemic juvenile idiopathic arthritis. Improvement of various symptoms (e.g- generalized fatigue) and laboratory findings (increased C-reactive protein, fibrinogen, and erythrocytic sedimentation rate decreased haemoglobin and albumin) associated with castleman's disease.","Injection. ................. Each vial of 4, 10, 20 ml contains Tocilizumab 20mg/mL",,import,CDSCO r-DNA register — Import and market permission till 2019.pdf,https://cdsco.gov.in/opencms/opencms/en/biologicals/rDNA/,False,,2026-08-05T12:34:01+00:00
65,Baxalta Bioscience India Pvt Ltd (Earlier Bayer),,Anti Haemophilic factor VIII,1-4-2009,for supplementing blood coagulation factor VIII and suppresses bleeding tendency in congenital blood coagulation Factor VIII deficient patients (Haemophilia A),Lyophilized powder for IV injection. .............. 250 IU OR 500 IU OR 1000 IU after recosntitution with 10 ml SWFI,,import,CDSCO r-DNA register — Import and market permission till 2019.pdf,https://cdsco.gov.in/opencms/opencms/en/biologicals/rDNA/,False,,2026-08-05T12:34:01+00:00
66,Merck Specialiteis Pvt Ltd,,Follitropin alfa (r-hu- FSH),1-4-2009,treatment of female infertility,"300IU/0.5ml, 450IU/0.75ml, 900IU/1.5ml",,import,CDSCO r-DNA register — Import and market permission till 2019.pdf,https://cdsco.gov.in/opencms/opencms/en/biologicals/rDNA/,False,,2026-08-05T12:34:01+00:00
67,Merck Specialiteis Pvt Ltd,,r-hu-chorionic gonadotropin hormone (ovitrelle),1-4-2009,Indicated in the treatemnt of women undergoing superovulation prior to assisted reporoductive techniques such as IVF & anovualtry or oligo-ovulatory patients after stimulation of follicular growth,solution for injection 250 mcg,,import,CDSCO r-DNA register — Import and market permission till 2019.pdf,https://cdsco.gov.in/opencms/opencms/en/biologicals/rDNA/,False,,2026-08-05T12:34:01+00:00
68,Merck Specialiteis Pvt Ltd,,Hu-somatropin hormone,22-4-2009,Growth deficiency associated with proven insufficient secretion of endogenous growth hormoe,1.33mg and 3.33mg,,import,CDSCO r-DNA register — Import and market permission till 2019.pdf,https://cdsco.gov.in/opencms/opencms/en/biologicals/rDNA/,False,,2026-08-05T12:34:01+00:00
69,Merck Specialiteis Pvt Ltd,,r-DNA Hu- Somatropin Hormone,22-4-2009,Growth deficiency associated with proven insufficient secretion of endogenous growth hormone,1.33mg/3.33mg,,import,CDSCO r-DNA register — Import and market permission till 2019.pdf,https://cdsco.gov.in/opencms/opencms/en/biologicals/rDNA/,False,,2026-08-05T12:34:01+00:00
70,Merck,,R-hu-INF beta-1a (Rebif),22-4-2009,treatment of relapsing multiple seleresis,0.5ml pre-filled syringe,,import,CDSCO r-DNA register — Import and market permission till 2019.pdf,https://cdsco.gov.in/opencms/opencms/en/biologicals/rDNA/,False,,2026-08-05T12:34:01+00:00
71,Novo Nordisk,,Biphasic Isophane Insulin Injection,14-5-2009,for the treatment of patients with diabeteic Mellitus,each 3ml cartridges contains 100 IU/ ml,,import,CDSCO r-DNA register — Import and market permission till 2019.pdf,https://cdsco.gov.in/opencms/opencms/en/biologicals/rDNA/,False,,2026-08-05T12:34:01+00:00
72,Novo Nordisk India Pvt Ltd,,Insulin Aspart,14-5-2009,for the treatment of patients with diabeteic Mellitus,each 3ml cartridges contains 100 IU/ ml,,import,CDSCO r-DNA register — Import and market permission till 2019.pdf,https://cdsco.gov.in/opencms/opencms/en/biologicals/rDNA/,False,,2026-08-05T12:34:01+00:00
73,Novo Nordisk India Pvt Ltd,,Isophane Insulin Injection,14-5-2009,for the treatment of patients with diabeteic Mellitus,each 3ml cartridges contains 100 IU/ ml,,import,CDSCO r-DNA register — Import and market permission till 2019.pdf,https://cdsco.gov.in/opencms/opencms/en/biologicals/rDNA/,False,,2026-08-05T12:34:01+00:00
74,Novo Nordisk India Pvt Ltd,,Soluble Insulin Injection I.P.,14-5-2009,for the treatment of patients with diabeteic Mellitus,each 3ml cartridges contains 100 IU/ ml,,import,CDSCO r-DNA register — Import and market permission till 2019.pdf,https://cdsco.gov.in/opencms/opencms/en/biologicals/rDNA/,False,,2026-08-05T12:34:01+00:00
75,Eli Lilly and Company Pvt. Ltd,,Insulin lispro,20-5-2009,Treatment of patients with diabeteic Mellitus,100 IU/ml Pen solution for injection,,import,CDSCO r-DNA register — Import and market permission till 2019.pdf,https://cdsco.gov.in/opencms/opencms/en/biologicals/rDNA/,False,,2026-08-05T12:34:01+00:00
76,Claris,,GCSF,29-5-2009,"Increase neutrophilic count after bonemarrow transplantation, neutro-philic granulocytopenia reduced by chemotherpay of cancers inducing maligna-nt lymphoma, embryonic cell tumor, neuroblastoma.",Each PFS contains 300mcg/0.9ml,,import,CDSCO r-DNA register — Import and market permission till 2019.pdf,https://cdsco.gov.in/opencms/opencms/en/biologicals/rDNA/,False,,2026-08-05T12:34:01+00:00
77,Gufic lifesciences,,GCSF,29-5-2009,"Increase neutrophilic count after bonemarrow transplantation, neutro-philic granulocytopenia reduced by chemotherpay of cancers inducing maligna-nt lymphoma, embryonic cell tumor, neuroblastoma.",Each PFS contains 300mcg/0.9ml,,import,CDSCO r-DNA register — Import and market permission till 2019.pdf,https://cdsco.gov.in/opencms/opencms/en/biologicals/rDNA/,False,,2026-08-05T12:34:01+00:00
78,KSR Pharmacy,,GCSF,10-7-2009,"Increase neutrophilic count after bonemarrow transplantation, neutro-philic granulocytopenia reduced by chemotherpay of cancers inducing maligna-nt lymphoma, embryonic cell tumor, neuroblastoma.",Each PFS contains 300mcg/0.9ml,,import,CDSCO r-DNA register — Import and market permission till 2019.pdf,https://cdsco.gov.in/opencms/opencms/en/biologicals/rDNA/,False,,2026-08-05T12:34:01+00:00
79,Chandra Bhagat pharma Ltd,,R-Hu-GCSF Injection,21-7-2009,"Increase of neutrophilic count after bonemarrow transplantation, neutro-philic granulocytopenia reduced by chemotherpay of cancers inducing maligna-nt lymphoma, embryonic cell tumor, neuroblastoma.",Each PFS contains 300mcg/0.9ml,,import,CDSCO r-DNA register — Import and market permission till 2019.pdf,https://cdsco.gov.in/opencms/opencms/en/biologicals/rDNA/,False,,2026-08-05T12:34:01+00:00
80,VHB Life Sciences,,Granulocyte Colony Stimulating Factor,4-8-2009,"(a) Enhance and increase the neutrophilic granulocyte count after bone marrow transplantation. (b) neutrophilic granulocytopenia reduced by chemotherpay of cancers inducing malignant lymphoma, embryonic cell tumor (spermary tumor, ovary tumor), neuroblastoma and so on. (c) Neutrophilic granulocytopenia contaminant with myelodysplastic syndrome. (d) Neutrophilic granulocytopenia contaminant with aplastic anemia. (e) Congenital and spontaneous neutrophilic granulocytopenia",Pre-filled syringe injection .................Each PFS contains 300mcg/0.9ml,,import,CDSCO r-DNA register — Import and market permission till 2019.pdf,https://cdsco.gov.in/opencms/opencms/en/biologicals/rDNA/,False,,2026-08-05T12:34:01+00:00
81,USV Ltd,,Granulocyte Colony Stimulating Factor,2-9-2009,"(a) Increase the neutrophilic granulocyte count after bone marrow transplantation. (b) neutrophilic granulocytopenia reduced by chemotherpay of cancers inducing malignant lymphoma, embryonic cell tumor (spermary tumor, ovary tumor), neuroblastoma and so on. (c) Neutrophilic granulocytopenia contaminant with myelodysplastic syndrome. (d) Neutrophilic granulocytopenia contaminant with aplastic anemia. (e) Congenital and spontaneous neutrophilic granulocytopenia","75mcg/0.30ml, 150mcgmcg/0.60ml & 300mcg/0.90ml",,import,CDSCO r-DNA register — Import and market permission till 2019.pdf,https://cdsco.gov.in/opencms/opencms/en/biologicals/rDNA/,False,,2026-08-05T12:34:01+00:00
82,Trigenesis Life Sciences,,Granulocyte Colony Stimulating Factor,8-9-2009,"increase the neutrophilic granulocyte count after bone marrow transplantation. (b) neutrophilic granulocytopenia reduced by chemotherpay of cancers inducing malignant lymphoma, embryonic cell tumor (spermary tumor, ovary tumor), neuroblastoma and so on. (c) Neutrophilic granulocytopenia contaminant with myelodysplastic syndrome. (d) Neutrophilic granulocytopenia contaminant with aplastic anemia. (e) Congenital and spontaneous neutrophilic granulocytopenia","Pre-filled syringe injection. ............................75mcg/ 0.30ml, 150mcgmcg/0.60ml & 300mcg/0.90ml",,import,CDSCO r-DNA register — Import and market permission till 2019.pdf,https://cdsco.gov.in/opencms/opencms/en/biologicals/rDNA/,False,,2026-08-05T12:34:01+00:00
83,USV Ltd,,Interferon alpha 2b,25-9-2009,Chronic Hepatitis B & C,"Vial (Lyophilized) for injection. ........... Each vial contains 3, 5 MIU/ml of human recombinant alpha 2b interferon",,import,CDSCO r-DNA register — Import and market permission till 2019.pdf,https://cdsco.gov.in/opencms/opencms/en/biologicals/rDNA/,False,,2026-08-05T12:34:01+00:00
84,Sanofi-Synthelabo (India) Pvt. Ltd,,Rasburicase,22-Dec-09,"Treatment and prophylaxis of acute hyperuricaemia, in order to prevent acute renal failure in patients with haematological malignancy with a tumor burden and at a risk of a rapid tumor lysis or shrinkage at initiation of chemotherapy","1.5mg/ml, 7.5mg/ml powder and solvent for solution for infusion",,import,CDSCO r-DNA register — Import and market permission till 2019.pdf,https://cdsco.gov.in/opencms/opencms/en/biologicals/rDNA/,False,,2026-08-05T12:34:01+00:00
85,Novo Nordisk India Pvt Ltd,,Liraglutide,08-Feb-10,Treatment of type-II Diabetes Mellitus,Solution for injection in prefilled pen contains 18 mg of Liraglutide/ 3 mL,,import,CDSCO r-DNA register — Import and market permission till 2019.pdf,https://cdsco.gov.in/opencms/opencms/en/biologicals/rDNA/,False,,2026-08-05T12:34:01+00:00
86,VHB MedisciencesLtd,,r-hu-GCSF- injection (Filgrastim),04-Mar-10,"Increase of neutrophilic count after bone marrow transplantation, neutro-philic granulocytopenia reduced by chemotherpay of cancers inducing malignant lymphoma, embryonic cell tumor, neuroblastoma.",Prefilled syringe contains 300 mcg per 0.9 mL,,import,CDSCO r-DNA register — Import and market permission till 2019.pdf,https://cdsco.gov.in/opencms/opencms/en/biologicals/rDNA/,False,,2026-08-05T12:34:01+00:00
87,FerringPharmaceuticals,,r-Hu-Growth Hormone (Somatropin),04-Apr-10,Long term treatment of children who have growth failure due to inadequate secretion of growth hormone and for the long-term treatment of growth retardation due to Turner's syndrome,Lyophilized powder for injection in vials contains somatropin 4 mg,,import,CDSCO r-DNA register — Import and market permission till 2019.pdf,https://cdsco.gov.in/opencms/opencms/en/biologicals/rDNA/,False,,2026-08-05T12:34:01+00:00
88,Bioviz Technologies Pvt Ltd,,Erythropoetin (r- Hu- EPO),14-Jun-10,For the treatment of anemia due to chronic renal failure.,Injection in 1 mL of prefilled syringe contains r-Hu-EPO 2000IU/mL or 4000IU/mL,,import,CDSCO r-DNA register — Import and market permission till 2019.pdf,https://cdsco.gov.in/opencms/opencms/en/biologicals/rDNA/,False,,2026-08-05T12:34:01+00:00
89,Bioviz Technologies Pvt Ltd,,r-Hu-EPO,14-6-2010,For the treatment of anemia due to chronic renal failure.,"Each pre-filled syringe of 1ml contains: r-Hu-EPO-2,000 /4,000 IU",,import,CDSCO r-DNA register — Import and market permission till 2019.pdf,https://cdsco.gov.in/opencms/opencms/en/biologicals/rDNA/,False,,2026-08-05T12:34:01+00:00
90,Bioviz Technologies Pvt Ltd,,r-hu-GCSF- injection (Filgrastim),14-Jun-10,For decreasing severity of chemotherapy induced neutropenia. Cancer patients receiving Myelosuppresice chemotherapy,Injection in 1 mL of prefilled syringe contains r-Hu-EPO 2000IU/mL or 4000IU/mL,,import,CDSCO r-DNA register — Import and market permission till 2019.pdf,https://cdsco.gov.in/opencms/opencms/en/biologicals/rDNA/,False,,2026-08-05T12:34:01+00:00
91,Bioviz Technologies Pvt Ltd,,r-hu-GCSF-injection,14-6-2010,For decreasing severity of chemotherapy induced neutropenia. Cancer patients receiving Myelosuppresice chemotherapy,"Each PFS contains: r-Hu- GCSF-75mcg/0.3ml, 150mcg/0.6ml and 300mcg/0.9ml",,import,CDSCO r-DNA register — Import and market permission till 2019.pdf,https://cdsco.gov.in/opencms/opencms/en/biologicals/rDNA/,False,,2026-08-05T12:34:01+00:00
92,SciGen Biopharma Pvt Ltd,,Somatropin,18-6-2010,Long-term treatment of children who have growth failure associated due to endogenous growth hormone and for treatment of short stature in children with Turner's syndrome confirmed by chromosomal analysis,Powder for injection and Solution for injection. ....................... Each vial after reconstitution contains 5.8 mg (17.41 IU); ......................solution for injection. Each cartridge of 1.5ml contains 5mg (15 IU) and 10 mg (30 IU),,import,CDSCO r-DNA register — Import and market permission till 2019.pdf,https://cdsco.gov.in/opencms/opencms/en/biologicals/rDNA/,False,,2026-08-05T12:34:01+00:00
93,G.C.Chemie,,r-hu-GCSF- injection (Filgrastim),23-Jun-10,"Increase neutrophilic count after bonemarrow transplantation, neutrophilic granulocytopenia reduced by chemotherpay of cancers inducing malignant lymphoma, embryonic cell tumor, neuroblastoma.",solution for injection in 1 mL of prfilled syringe contains r-Hu- GCSF 300 mcg,,import,CDSCO r-DNA register — Import and market permission till 2019.pdf,https://cdsco.gov.in/opencms/opencms/en/biologicals/rDNA/,False,,2026-08-05T12:34:01+00:00
94,R.K. Medicare,,r-hu-GCSF- injection (Filgrastim),09-Sep-10,"Increase neutrophilic count after bonemarrow transplantation, neutro-philicgranulocytopenia reduced by chemotherpay of cancers inducing malignant lymphoma, embryonic cell tumor, neuroblastoma.",solution for injection in prfilled syringe contains r-Hu-GCSF 300 mcg/0.9 mL,,import,CDSCO r-DNA register — Import and market permission till 2019.pdf,https://cdsco.gov.in/opencms/opencms/en/biologicals/rDNA/,False,,2026-08-05T12:34:01+00:00
95,R.K. Medicare,,r-hu-GCSF-injection,9-9-2010,"Increase neutrophilic count after bonemarrow transplantation, neutro-philic granulocytopenia reduced by chemotherpay of cancers inducing malignant lymphoma, embryonic cell tumor, neuroblastoma.",Solution for injection 300mcg/0.9ml,,import,CDSCO r-DNA register — Import and market permission till 2019.pdf,https://cdsco.gov.in/opencms/opencms/en/biologicals/rDNA/,False,,2026-08-05T12:34:01+00:00
96,Bioviz Technologies Pvt Ltd,,r-hu-EPO (Bulk- Ready to fill),22-12-2010,……………….,2000 IU/ml and 4000 IU/ml,,import,CDSCO r-DNA register — Import and market permission till 2019.pdf,https://cdsco.gov.in/opencms/opencms/en/biologicals/rDNA/,False,,2026-08-05T12:34:01+00:00
97,Novartis India Pvt Ltd,,Canakinumab,5-1-2011,"For the treatment of CAPS in adults, CAPS include: 1. Familial cold autoinflammatory syndrome/familial cold urticaria. 2. Muckle-wells syndrome, 3. Neonatal-onset multisystem inflammatory disease/chronic infantile neurological cutaneous articular syndrome (CINCA)",One vial contains 150 mg of canakinumab each ml of solution,,import,CDSCO r-DNA register — Import and market permission till 2019.pdf,https://cdsco.gov.in/opencms/opencms/en/biologicals/rDNA/,False,,2026-08-05T12:34:01+00:00
98,KSR Pharmacy,,Erythropoetin (r- Hu- EPO),28-Jan-11,For the treatment of anemia due to chronic renal failure,solution for injection in 1 mL of prefilled syringe contains r-Hu- EPO 2000IU/mL or 4000IU/mL,,import,CDSCO r-DNA register — Import and market permission till 2019.pdf,https://cdsco.gov.in/opencms/opencms/en/biologicals/rDNA/,False,,2026-08-05T12:34:01+00:00
99,KSR Pharmacy,,r-Hu-EPO,28-1-2011,For the treatment of anemia due to chronic renal failure,Solution for injection in PFS Syringes: Each 1ml PFS contains: 2000Iu/4000IU,,import,CDSCO r-DNA register — Import and market permission till 2019.pdf,https://cdsco.gov.in/opencms/opencms/en/biologicals/rDNA/,False,,2026-08-05T12:34:01+00:00
100,Lupin limited,,Erythropoetin,17-Aug-11,Anemia due to renal inadequacy,"Injection (IV/SC). ................... Each prefilled syringe contains of 1 mL contains r-Hu-EPO 2000IU/mL, 3000IU/mL or 4000IU/mL",,import,CDSCO r-DNA register — Import and market permission till 2019.pdf,https://cdsco.gov.in/opencms/opencms/en/biologicals/rDNA/,False,,2026-08-05T12:34:01+00:00
101,L.G.Lifesciences,,Insulin Glargine,20-Dec-11,For once daily subcutaneous administration for treatment of adult patients with Type I Diabetes Mellitus or Type II Diabetes Mellitus who required basal (long acting) insulin for the control of Hyperglycemia,Injection for SC administration in vial or Cartridge contains Insulin Glargine 100IU/mL,,import,CDSCO r-DNA register — Import and market permission till 2019.pdf,https://cdsco.gov.in/opencms/opencms/en/biologicals/rDNA/,False,,2026-08-05T12:34:01+00:00
102,Vita pharma,,Erythropoetin (r- Hu- EPO),24-Apr-12,Anemia due to renal inadequacy,"Solution for IV/SC injection in 1 mL of prefilled syringe contains r-Hu-EPO 2000IU/mL, 3000IU/mL or 4000IU/mL",,import,CDSCO r-DNA register — Import and market permission till 2019.pdf,https://cdsco.gov.in/opencms/opencms/en/biologicals/rDNA/,False,,2026-08-05T12:34:01+00:00
103,Bristol Myers Squibb India Pvt. Ltd,,Belatacept,13-Jun-12,"belatacept in combination with corticosteroids and a mycophenolic acid (MPA), is indicated for prophylaxis of graft rejection and preservation of renal function in adults receiving a renal transplant . It is recommended to add an interleukin -2 receptor antagonist for induction therapy to this belatacept- based regimen.",Lyophilized powder fir IV infusion in vial contains Belatacept 250 mg,,import,CDSCO r-DNA register — Import and market permission till 2019.pdf,https://cdsco.gov.in/opencms/opencms/en/biologicals/rDNA/,False,,2026-08-05T12:34:01+00:00
104,Taksal Pharma Pvt. Ltd.,,Trastuzumab,26-Jul-12,"• It is indicated for treatment of patients with metastatic breast cancer who have tumors that overexpress human epidermal growth factor receptor 2 (HER2)- (For 440mg only) • Treatment of patients with HER2 positive early breast cancer following surgery, chemotherapy (neoadjuvant or adjuvant) and radiotherapy (if applicable) - (For 440mg only) • In combination with an aromatase inhibitor for the treatment of patients with HER2-positive and hormone receptor- positive metastatic breast cancer.- (For 440mg only) • For adjuvant treatment of HER2 overexpressing node positive or node negative (ER/PR negative or with one high risk feature) breast cancer a. As part of a treatment regimen consisting of doxorubicin, cyclophosphamide, and either paclitaxel or docetaxel b. With docetaxel and carboplatin -(For both 440mg & 150mg) • In combination with capecitabine or 5-fluorouracil and cisplatin for the treatment of patients with HER2 positive metastatic adenocarcinoma of the stomach or gastro-esophageal junction who have not received prior anti-cancer treatment for their metastatic disease.",Lyophilized powder for solution for infusion in single dose and multidose vial. Strength: 1. Each multidose vial contains Trastuzumab 440 mg 2. Each singledose vial contains Trastuzumab 150 mg,,import,CDSCO r-DNA register — Import and market permission till 2019.pdf,https://cdsco.gov.in/opencms/opencms/en/biologicals/rDNA/,False,,2026-08-05T12:34:01+00:00
105,M/ s Taksal pharma pvt. Ltd.,,Trastuzumab,26/07/12,"• It is indicated for treatment of patients with metastatic breast cancer who have tumors that overexpress human epidermal growth factor receptor 2 (HER2)- (For 440mg only) • Treatment of patients with HER2 positive early breast cancer following surgery, chemotherapy (neoadjuvant or adjuvant) and radiotherapy (if applicable) - (For 440mg only) • In combination with an aromatase inhibitor for the treatment of patients with HER2-positive and hormone receptor-positive metastatic breast cancer.- (For 440mg only) • For adjuvant treatment of HER2 overexpressing node positive or node negative (ER/PR negative or with one high risk feature) breast cancer a. As part of a treatment regimen consisting of doxorubicin, cyclophosphamide, and either paclitaxel or docetaxel b. With docetaxel and carboplatin -(For both 440mg & 150mg) • In combination with capecitabine or 5-fluorouracil and cisplatin for the treatment of patients with HER2 positive metastatic adenocarcinoma of the stomach or gastro-esophageal junction who have not received prior anti-cancer treatment for their metastatic disease. Trastuzumab should only be used in patients with h metastatic gastric cancer whose tumours have HER2 2 overexpression as defined by IHC2+ and a confirmatory FISH+ result, or IHC 3+, as determined by an accurate and validated assay.- (For both 440mg & 150mg)",lyophilized power for solution infusion,,import,CDSCO r-DNA register — Import and market permission till 2019.pdf,https://cdsco.gov.in/opencms/opencms/en/biologicals/rDNA/,False,,2026-08-05T12:34:01+00:00
106,Taksal Pharma Pvt. Ltd.,,Interferon alfa-2a (Pegylated),21-Aug-12,• It is indicated for treatment of chronic active Hepatitis B and C. • The combination of Pegasys and ribavirin is indicated in native patients and patients who have failed previous treatment with interferon alpha (Pegylated or non-pegylated) alone or in combination therapy with ribavirin. • For treatment of patients having chronic Hep-C co infected with clinically stable HIV.,Solution for injection in 0.5 mL prefilled syringe or 1.0 mL vial contains Peg-INF alfa 2a 135mcg/180mcg,,import,CDSCO r-DNA register — Import and market permission till 2019.pdf,https://cdsco.gov.in/opencms/opencms/en/biologicals/rDNA/,False,,2026-08-05T12:34:01+00:00
107,Taksal Pharma Pvt. Ltd.,,Rituximab,21-Aug-12,• For treatment of patients with relapsed or chemo resistant Indolent B cell Non-Hodgkin’s Lymphoma. • The treatment of previously untreated patients with stage III-IV follicular lymphoma in combination with CVP chemotherapy. • Maintenance therapy for the treatment of follicular lymphoma patients responding to induction therapy. • The treatment of patients with CD20 positive diffuse large B cell non- Hodgkin’s lymphoma in combination with CHOP chemotherapy • For the treatment of adult patients with active rheumatoid arthritis who have had an inadequate response or intolerance to one or more Tumour necrosis factor (TNF) inhibitor therapies. • MabThera has been shown to reduce rate of progression of Joint damage as measured by X-ray and to improve physical function when given in combination with Methotrexate. • MabThera in combination with chemotherapy is indicated for the treatment of patients with previously untreated & relapsed/ refractory chronic lymphocytic leukaemia. Only limited data are available on efficacy and safety for previously treated with monoclonal antibodies including Mabthera or patients refractory to previous MabThera plus chemotherapy. • MabThera in combination with glucocorticoids is indicated for the treatment of adult patients,Concentrate for solution for injection in vial ................ Each 10 mL vial contains Rituximab 100 mg and Each 50 mL vial contains Rituximab 500 mg,,import,CDSCO r-DNA register — Import and market permission till 2019.pdf,https://cdsco.gov.in/opencms/opencms/en/biologicals/rDNA/,False,,2026-08-05T12:34:01+00:00
108,Cipla Limited,,Etanercept,08-Oct-12,"It is used as alone or in combination with Methotrexate to treat active rheumatoid arthritis refractory to DMARDs including Methotrexate.Severe , active and rheumatoid arthritis in adults not previously treated with Methotrexate.activepolyarticular course juveline chronic arthritis refractory to methotrexate.Active and progressive Psoriatic arthritis refractory to DMARDs.Severe active ankylosingspondylitis refractory to conventional therapy ..............................Additional indication approved dated 03.Feb.2014. .... for Plaque Psoriasis. ........ Etancercept 25 mg is indicated for treatment of adult patients with chronic moderate to severe plaque posirasis who are candidate for systemic therapy or phytotherapy........................ Etancercept 25 mg is indicated for treatment of chronic severe plaque psorasis in children and adolescents from the age of 8 years who are inadequately controlled by or are intolerant to other systemic therapies or phototherapies.",lyophilized powder for solution for SC injections in vials in vials contains Etanercept 25 mg,,import,CDSCO r-DNA register — Import and market permission till 2019.pdf,https://cdsco.gov.in/opencms/opencms/en/biologicals/rDNA/,False,,2026-08-05T12:34:01+00:00
109,Biocon Limited,,Nimotuzumab (Bulk new drug substance),27-Feb-13,…………..,,,import,CDSCO r-DNA register — Import and market permission till 2019.pdf,https://cdsco.gov.in/opencms/opencms/en/biologicals/rDNA/,False,,2026-08-05T12:34:01+00:00
110,Biocon Limited,,Erythropoetin alpha (Bulk new drug substance),27.02.2013,……………………,"2000 IU,4000 IU and 10000 IU bulk",,import,CDSCO r-DNA register — Import and market permission till 2019.pdf,https://cdsco.gov.in/opencms/opencms/en/biologicals/rDNA/,False,,2026-08-05T12:34:01+00:00
111,Sanofi-Synthelabo (India) Pvt. Ltd,,Human insulin (Bulk new drug substance),08-Mar-13,Diabetes Mellitus,,,import,CDSCO r-DNA register — Import and market permission till 2019.pdf,https://cdsco.gov.in/opencms/opencms/en/biologicals/rDNA/,False,,2026-08-05T12:34:01+00:00
112,Johnson and Johnson Pvt Ltd,,Infliximab,12-Mar-13,"Indications: 1. The treatment of moderate to severely active Crohn’s disease for the reduction of signs & symptoms in patients who have an inadequate response to conventional therapies. 2. Reduction in signs & symptoms of rheumatoid arthritis in patients who have had an inadequate response to methotrexate 3. Infliximab is a disease controlling anti-rheumatic therapy indicated for : - For the reduction of signs & symptoms - Prevention of structural joint damage - Improvement in physical functions in patients with active disease despite treatment with methotrexate 4. Ankylosing spondylitis in patients who have severe axial symptoms, elevated serological markers of inflammatory activity & who have responded inadequately to conventional therapy. 5. Reducing signs & symptoms & maintaining clinical remission in patients with moderately to severely active Crohn’s disease. 6. For reducing signs & symptoms & including & maintaining clinical remission in patients with moderately to severely active Crohn’s disease who have had an adequate response to conventional therapy & for reducing the number of draining entercutaneuous&rectovaginal fistulas & maintaining fistula closure in patients with fistulizing Crohn’s disease 7. Use in early rheumatoid arthritis in patients with severe, active &",Powder for concentrate for solution for infusion in vial contains 100 mg/10mL,,import,CDSCO r-DNA register — Import and market permission till 2019.pdf,https://cdsco.gov.in/opencms/opencms/en/biologicals/rDNA/,False,,2026-08-05T12:34:01+00:00
113,Roche Products (India) Pvt.Ltd,,Bevacizumab Bulk,26-Apr-13,…………………..,"Concentration: 25.0mg/ml Bevacizumab, 51mM sodium phosphate, pH 6.2, 0.04% Polysorbate 20, 60mg/ml, α α- trehalose dehydrate",,import,CDSCO r-DNA register — Import and market permission till 2019.pdf,https://cdsco.gov.in/opencms/opencms/en/biologicals/rDNA/,False,,2026-08-05T12:34:01+00:00
114,Novo Nordisk India Pvt Ltd,,Insulin degludec,05-Jul-13,Treatment of Diabetes Mellitus in Adults and for treatment of diabetes mellitus in adolescent and children more than 1 year of age,Solution for Subcutaneous injection… .......................Composi tion: 1ml of the solution contains: Insulin degludec… ........................................ 100 units/200 units Presentation: Pre-filled Pen (FlexTouchTM) / Cartridge (Penfill®) Fill Volume: 3.0 ml,,import,CDSCO r-DNA register — Import and market permission till 2019.pdf,https://cdsco.gov.in/opencms/opencms/en/biologicals/rDNA/,False,,2026-08-05T12:34:01+00:00
115,Roche Products (India) Pvt.Ltd,,Trastuzumab ( Bulk drug),02.08.2013,…………..,,,import,CDSCO r-DNA register — Import and market permission till 2019.pdf,https://cdsco.gov.in/opencms/opencms/en/biologicals/rDNA/,False,,2026-08-05T12:34:01+00:00
116,LG Life sciencesIndia,,Sustained release recombinant human growth hormone (somatropin),20-Dec-13,It is indicated for the long-term tratment of children who have growth failure due to an inadequate secretion of normal endogenous growth hormone.,Lyophilized powder for injection along with solvent for resuspension in vial contains somatropin 24 mg,,import,CDSCO r-DNA register — Import and market permission till 2019.pdf,https://cdsco.gov.in/opencms/opencms/en/biologicals/rDNA/,False,,2026-08-05T12:34:01+00:00
117,Roche Products (India) Pvt.Ltd,,Rituximab (Bulk drug),02-Jan-14,…………..,Concentration: 55 mg/mL,,import,CDSCO r-DNA register — Import and market permission till 2019.pdf,https://cdsco.gov.in/opencms/opencms/en/biologicals/rDNA/,False,,2026-08-05T12:34:01+00:00
118,Roche Products (India) Pvt.Ltd,,Rituximab (bulk new substance),02-Jan-14,…………..,55mg/ml,,import,CDSCO r-DNA register — Import and market permission till 2019.pdf,https://cdsco.gov.in/opencms/opencms/en/biologicals/rDNA/,False,,2026-08-05T12:34:01+00:00
119,Shantha,,human insulin-Bulk,06-Feb-14,,,,import,CDSCO r-DNA register — Import and market permission till 2019.pdf,https://cdsco.gov.in/opencms/opencms/en/biologicals/rDNA/,False,,2026-08-05T12:34:01+00:00
120,Johnson and Johnson Pvt Ltd,,Golimumab,14-Feb-14,"Rheumatoid arthritis (RA): Golimumab by subcutaneous administration, in combination with methotrexate (MTX), is indicated for: • Reducing signs and symptoms • Inducing major clinical response • Inhibiting the progression of structural damage. • Improving physical function.",Each single use pre-filled syringe contains Golimumab………………………… ………………50mg/0.5ml Presentations: UltraSafe / SmartJect,,import,CDSCO r-DNA register — Import and market permission till 2019.pdf,https://cdsco.gov.in/opencms/opencms/en/biologicals/rDNA/,False,,2026-08-05T12:34:01+00:00
121,Alcon Laboratories (India) Pvt. Ltd.,,Ranibizumab,17-07-2014,"(1). For improvement and maintenance of visual acuity and function and for reduction of vascular leakage and retinal oedema, in patients with neovascular age related macular degeneration (AMD) (2). Treatment of visual impairment due to diabetic macular edema (DME) (3). Treatment of macular edema following Retinal vein occlusion (RVO) (4). Treatment of visual impairment due to choroidal NeoVascularization (CNV) secondary to Pathogenic Myopia (PM)",Intravitreal injection in solution. ................Each vial contains: Ranibizumab… ..... 2.3 mg in 0.23 ml solution Strength: 10 mg/ml Intravitreal injection,,import,CDSCO r-DNA register — Import and market permission till 2019.pdf,https://cdsco.gov.in/opencms/opencms/en/biologicals/rDNA/,False,,2026-08-05T12:34:01+00:00
122,Novo Nordisk India Pvt Ltd,,Insulin degludec/ Insulin Aspart,22-Jul-14,Treatment of Diabetes Mellitus in Adults,Solution for SC injection in prefilled pen or cartridge (3 mL) contains 100 units of insulin degludec and insulin aspart (70 % soluble insulin degludec and 30 % soluble insulin as part),,import,CDSCO r-DNA register — Import and market permission till 2019.pdf,https://cdsco.gov.in/opencms/opencms/en/biologicals/rDNA/,False,,2026-08-05T12:34:01+00:00
123,Pfizer products India Pvt. Ltd,,Etanercpet (Enbrel),27-Oct-14,"• Reduction in signs and symptoms of moderately to severely active rheumatoid arthritis in patients who have had an inadequate response to one or more disease modifying anti-rheumatic drugs. • Moderately to severely active early rheumatoid arthritis and juveNile rheumatoid arthritis. • Treatment of alkalizing spondylitis in adults who have had inadequate therapy response to conventional therapy. • For reduction in signs and symptoms of active arthritis in patients with psoriatic arthritis. • Treatment of adult patients with chronic moderate to severe plaque psoriasis who are candidates for systemic therapy or photo therapy. • Treatment of chronic severe plaque psoriasis in children and adolescents from the age of 8 years who are inadequately controlled by, or are intolerant to, other systemic therapies or photo therapies.",Solution for SC injection in Prefilled syringes (25 mg) & pre filled pen (25mg/50 mg) of Etanercept in 1 mL,,import,CDSCO r-DNA register — Import and market permission till 2019.pdf,https://cdsco.gov.in/opencms/opencms/en/biologicals/rDNA/,False,,2026-08-05T12:34:01+00:00
124,Sanofi-Synthelabo (India) Pvt. Ltd,,Aflibercept,16-Dec-14,in combination with irinotecan-fluropyrimidine based chemotherapy is indicated foe patients with metastatic colorectal cancer (MCRC) previously treated with an Oxaliplatin containing regimen.,Concentrate for solution for infusion ................ Each single vial contains 100 mg (100mg/5 mL) and 200 mg (200 mg/10 mL)...of Aflibercept..... 25mg/mL,,import,CDSCO r-DNA register — Import and market permission till 2019.pdf,https://cdsco.gov.in/opencms/opencms/en/biologicals/rDNA/,False,,2026-08-05T12:34:01+00:00
125,Roche Products (India) Pvt.Ltd,,Trastuzumab Emtansine,18-Dec-14,"Is indicated for the treatment of patients with HER2-positive, unresectable locally advanced or metastatic breast cancer.",powder for concentrate for solution for infusion.,,import,CDSCO r-DNA register — Import and market permission till 2019.pdf,https://cdsco.gov.in/opencms/opencms/en/biologicals/rDNA/,False,,2026-08-05T12:34:01+00:00
126,Eli Lilly and Company Pvt. Ltd,,Dulaglutide 1.5 mg single use pen & prefilled syringe,23-Dec-14,Indicated for type 2 Diabetes mellitus patients to improve glycaemic control as Monotherapy as well as Add-on Therapy.,Concentrate solution for infusion in prefilled pen/syringe contains Delaglutide 0.75 mg /1.5 mg in 0.5 mL,,import,CDSCO r-DNA register — Import and market permission till 2019.pdf,https://cdsco.gov.in/opencms/opencms/en/biologicals/rDNA/,False,,2026-08-05T12:34:01+00:00
127,Roche Products (India) Pvt.Ltd,,Pertuzumab,29-Dec-14,In combination with trastuzumab and docetaxel for patients with HER2-positive metastatic or locally recurrent unresectable breast cancer.,Concentrate solution for infusion in vial or syringe contains Pertuzumab 420 mg,,import,CDSCO r-DNA register — Import and market permission till 2019.pdf,https://cdsco.gov.in/opencms/opencms/en/biologicals/rDNA/,True,trastuzumab is an oncology molecule,2026-08-05T12:34:01+00:00
128,Roche Products (India) Pvt.Ltd,,Obinutuzumab,02-Jan-15,"In combination with Chlorambucil, is indicated for the treatment of patients with previously untreated Chronic Lymphocytic Leukemia (CLL).",Concentrate for solution for infusion in vial contains Obinutuzumab 1000 mg in 40 mL vial,,import,CDSCO r-DNA register — Import and market permission till 2019.pdf,https://cdsco.gov.in/opencms/opencms/en/biologicals/rDNA/,False,,2026-08-05T12:34:01+00:00
129,Eli Lilly and Company Pvt. Ltd,,Zinc Insulin Crystals,03-Feb-15,---,,,import,CDSCO r-DNA register — Import and market permission till 2019.pdf,https://cdsco.gov.in/opencms/opencms/en/biologicals/rDNA/,False,,2026-08-05T12:34:01+00:00
130,Lupin limited,,Insulin Glargine Inj.,13-Feb-15,Insulin Glargine is indicated for once daily subcutaneous administration for treatment of adult patient with Type 1 Diabetes Mellitus or Type 2 Diabetes Mellitus who require basal (long acting) insulin for the control of hyperglycemia.,SC injection. ......................... Vial 10 mL and Cartridge 3 mL. Each vial/cartridge contains Insulin Glargine 100 IU/mL,,import,CDSCO r-DNA register — Import and market permission till 2019.pdf,https://cdsco.gov.in/opencms/opencms/en/biologicals/rDNA/,False,,2026-08-05T12:34:01+00:00
131,Bayer Pharmaceuticals Pvt Ltd,,Aflibercept,25-Feb-15,Indicated for the treatment of Neovascular (wet) age-related macular degeneration (wet AMD),Solution for intravitreal injection in PFS or vial ........................... Each single dose vial or PFS provide single dose of 50 µL containing 2 mg Aflibercept ( 40 mg/mL),,import,CDSCO r-DNA register — Import and market permission till 2019.pdf,https://cdsco.gov.in/opencms/opencms/en/biologicals/rDNA/,False,,2026-08-05T12:34:01+00:00
132,Roche Products (India) Pvt.Ltd,,Interferon alfa- 2a (Roferon A),13-Mar-15,"Neoplasm, adjuvant to chemotherpay, solid Neoplasm, and for Viral disease.",Solution for injection in Prefilled syringe contains Interferon alfa 2a 3 MIU/ 4.5 MIU in 0.5 mL,,import,CDSCO r-DNA register — Import and market permission till 2019.pdf,https://cdsco.gov.in/opencms/opencms/en/biologicals/rDNA/,False,,2026-08-05T12:34:01+00:00
133,Novo Nordisk India Pvt Ltd,,Insulin Crystals,17-03-2015,Bulk Drug,Bulk Drug,,import,CDSCO r-DNA register — Import and market permission till 2019.pdf,https://cdsco.gov.in/opencms/opencms/en/biologicals/rDNA/,False,,2026-08-05T12:34:01+00:00
134,Novo Nordisk India Pvt Ltd,,Biphasic Insulin Aspart (Novomix),13-Apr-15,treatment of type 1 and Type 2 diabetes mellitus patients,Prefilled cartridge contains 300 Unit Insulin Aspart (100IU/mL),,import,CDSCO r-DNA register — Import and market permission till 2019.pdf,https://cdsco.gov.in/opencms/opencms/en/biologicals/rDNA/,False,,2026-08-05T12:34:01+00:00
135,Novo Nordisk India Pvt Ltd,,Glucagon,13-Apr-15,"Treatment of severe glycaemic reactions, which may occur in the management of insulin treated persons with diabetic mellitus.",Lyophilized powder in vial co- packed with one syringe prefilled with sterilized WFI for reconstitution for injection. Each vial contains 1.0 mg Glucagon,,import,CDSCO r-DNA register — Import and market permission till 2019.pdf,https://cdsco.gov.in/opencms/opencms/en/biologicals/rDNA/,False,,2026-08-05T12:34:01+00:00
136,Novartis India Pvt Ltd,,Secukinumab,18-Jun-15,"For the treatment of moderate to severe Plaque Psoriasis in adult Patients who are candidates for systemic Therapy, Posriatic Arthritis and Ankylosing spondylitis","1. Powder (Lyophilized) for solution for injection in vial 2. Solution for injection in pre- filled syringes/pre-filled pen., Each vial contains Secukinumab… .......................... 1 50 mg",,import,CDSCO r-DNA register — Import and market permission till 2019.pdf,https://cdsco.gov.in/opencms/opencms/en/biologicals/rDNA/,False,,2026-08-05T12:34:01+00:00
137,Novo Nordisk India Pvt Ltd,,Insulin degludec/ Liraglutide,10-Jul-15,For the treatment of adults with type 2 diabetes mellitus.,Solution for SC injection in Cartridge (3 mL) assembeled in to Prefilled disposable pen injector contains 300IU Insulin degludec and 10.8 mg Liraglutide Strength: 300IU/mL Insulin degludec and 3.6 mg/mL Liraglutide,,import,CDSCO r-DNA register — Import and market permission till 2019.pdf,https://cdsco.gov.in/opencms/opencms/en/biologicals/rDNA/,False,,2026-08-05T12:34:01+00:00
138,GlandPharma Ltd,,Zinc Insulin Crystals,10-Aug-15,………….,NA,,import,CDSCO r-DNA register — Import and market permission till 2019.pdf,https://cdsco.gov.in/opencms/opencms/en/biologicals/rDNA/,False,,2026-08-05T12:34:01+00:00
139,Novo Nordisk India Pvt Ltd,,Turoctocog alfa,19-Aug-15,Treatment and prophylaxis of bleeding in patients with Haemophilia A (Congenital factor),"pwder (lyophilized) for solution for Injection for I.V. use., each vial contains 250IU, 500IU, 1000IU, 1500IU, 2000IU and 3000IU.",,import,CDSCO r-DNA register — Import and market permission till 2019.pdf,https://cdsco.gov.in/opencms/opencms/en/biologicals/rDNA/,False,,2026-08-05T12:34:01+00:00
140,Sandoz Pvt. Ltd,,Secukinumab,21-Aug-15,"For the treatment of moderate to severe Plaque Psoriasis in adult Patients who are candidates for systemic Therapy, Posriatic Arthritis and Ankylosing spondylitis",Lyophilized powder for solution for injection in vial contains 150 mg/mL Secukinumab,,import,CDSCO r-DNA register — Import and market permission till 2019.pdf,https://cdsco.gov.in/opencms/opencms/en/biologicals/rDNA/,False,,2026-08-05T12:34:01+00:00
141,Novo Nordisk India Pvt Ltd,,Omalizumab,24-10-2015,Treatment of Persistant allergic asthma,75mg/150mg/vial,,import,CDSCO r-DNA register — Import and market permission till 2019.pdf,https://cdsco.gov.in/opencms/opencms/en/biologicals/rDNA/,False,,2026-08-05T12:34:01+00:00
142,Glaxo Smith Kline pharmaceuticals ltd,,Albiglutide powder,08-Dec-15,"Albiglutide is indicated for the treatment of type 2 diabetes mellitus in adults to improve glycemic control as: Monotherapy: when diet and exercise alone do not provide adequate glycemic control in patients for whom use of metformin is considered inappropriate due to contraindications or intolerance. Add-on combination therapy: In combination with other glucose- lowering medicinal products including basal insulin, when these, together with diet and exercise, do not provide adequate glycemic control.",Power and solvent for solution for SC injection in pen delivers 30 mg/50 mg per 0.5 mL dose,,import,CDSCO r-DNA register — Import and market permission till 2019.pdf,https://cdsco.gov.in/opencms/opencms/en/biologicals/rDNA/,False,,2026-08-05T12:34:01+00:00
143,Johnson and Johnson Pvt Ltd,,Siltuximab,06-Jan-16,Siltuximab (SYLVANT®) is indicated for the treatment of patients with MulticentricCastleman’s Disease (MCD) who are human immunodeficiency virus (HIV) negative and human herpesvirus- 8(HHV-8) negative.,Powder for concentrate for solution for infusion in single use vial 100mg and 400mg,,import,CDSCO r-DNA register — Import and market permission till 2019.pdf,https://cdsco.gov.in/opencms/opencms/en/biologicals/rDNA/,False,,2026-08-05T12:34:01+00:00
144,Baxalta Bioscience India Pvt Ltd,,Coagulation factor IX (Rixubis),21-Mar-16,Coagulation Factor IX (Recombinant) is an antihemophilic factor indicated for: Control and prevention of bleeding episodes in adultsand children with hemophilia B Perioperative management in adults and children with hemophilia B Routine Prophylaxis to prevent or reduce the frequency of bleeding episodes in adults and children with hemophilia B,"Lyophilized powder for solution for IV use only...........Each Single vial contains 250IU, 500IU, 1000IU, 2000IU, 3000IU. ........... each vial to be reconstituted with 5 ml SWFI",,import,CDSCO r-DNA register — Import and market permission till 2019.pdf,https://cdsco.gov.in/opencms/opencms/en/biologicals/rDNA/,False,,2026-08-05T12:34:01+00:00
145,Novartis Healthcare Pvt Ltd,,Ofatumumab,12-Apr-16,"Treatment of patients with progression of chronic lymphatic leukemia (CLL) after treatment withFludarabine, Alemtruzumaband Rituximab, or patients for whom such combinations and other therapeutic alternative are ruled out. In combination with chlorambucil or bendamustine for treatment of patients with CLL who have not received prior therapy and who are not eligible for fludarabine based therapy.",Concentrate for solution for infusion in Single use vial 100 mg/5 mL and 1000 mg/50 mL,,import,CDSCO r-DNA register — Import and market permission till 2019.pdf,https://cdsco.gov.in/opencms/opencms/en/biologicals/rDNA/,True,rituximab is an oncology molecule,2026-08-05T12:34:01+00:00
146,Bristol Myers Squibb India Pvt. Ltd,,Nivolumab concentrate for solution for infusion,09-Jun-16,"Non-small cell lung cancer (NSCLC): Nivolumab as a single agent is indicated for the treatment of locally advanced or metastatic non-small cell lung cancer (NSCLC) after prior chemotherapy. Renal cell carcinoma (RCC): Nivolumab as a single agent is indicated for the treatment of patients with advanced renal cell carcinoma (RCC) after prior therapy in adults. 1. Melanoma – Nivolumab is indicated for the treatment of patients with melanoma with lymph node involvement or metastatic disease who have undergone complete resection, in the adjuvant settings. 2. Urothelial Carcinoma (UC) - Nivolumab is indicated for the treatment of patients with locally advanced or metastatic urothelial carcinoma who: □ have disease progression during or following platinum-containing chemotherapy. □ have disease progression within 12 months of neoadjuvant or adjuvant treatment with platinum-containing chemotherapy. 3. Colorectal Cancer (CRC) - Nivolumab as monotherapy is indicated for the treatment of adult and pediatric (12 years and older) patients with microsatellite instability-high (MSI-H) or mismatch repair deficient (dMMR) metastatic colorectal cancer (CRC) that has progressed following treatment with a fluoropyrimidine, oxaliplatin, and irinotecan.",Concentrate for solution for infusion in Single use vial 40 mg/ 4 mL &100 mg/10 ml,,import,CDSCO r-DNA register — Import and market permission till 2019.pdf,https://cdsco.gov.in/opencms/opencms/en/biologicals/rDNA/,True,nivolumab is an oncology molecule,2026-08-05T12:34:01+00:00
147,Eli Lilly and Company Pvt. Ltd,,Ramucirumab,09-Jun-16,"Ramucirumab in combination with paclitaxel is indicated for the treatment of adult patients with advanced gastric cancer or gastro-oesophageal junction adenocarcinoma with disease progression after prior platinum and fluoropyrimidine chemotherapy. Ramucirumab monotherapy is indicated for the treatment of adult patients with advanced gastric cancer or gastro-oesophageal junction adenocarcinoma with disease progression after prior platinum and fluoropyrimidine chemotherapy, for whom treatment in combination with paclitaxel is not appropriate. Ramucirumab, in combination with Docetaxel, is indicated for the treatment of patients with locally advanced or metastaic non-small cell lung cancer (NSCLC) with disease progression on or after platinum-based chemotherapy. Ramucirumab in combination with FOLFIRI (irinotecan, folinic acid, and 5- fluorouracil), is indicated for the treatment of adult patients with metastatic colorectal cancer (mCRC) with disease progression on or after prior therapy with bevacizumab, oxaliplatin and a fluoropyrimidine. 6. Ramucirumab (CyramzaTM), in combination with FOLFIRI (irinotecan, folinic acid, and 5-fluorouracil), is indicated for the treatment of adult patients with metastatic colorectal cancer (mCRC) with disease progression on or after prior therapy with",Concentrate for solution for infusion in Single use vial 100 mg/10 mL and 500mg/50 mL,,import,CDSCO r-DNA register — Import and market permission till 2019.pdf,https://cdsco.gov.in/opencms/opencms/en/biologicals/rDNA/,True,ramucirumab is an oncology molecule,2026-08-05T12:34:01+00:00
148,MSD Pharmaceuticals Pvt. Ltd,,Pembrolizumab,16-Jun-16,Pembrolizumab is indicated for the treatment of patients with unresectable or metastatic melanoma Pembrolizumab as monotherapy for the first-line treatment of metastatic non-small cell lung carcinoma (NSCLC) in adults whose tumours express PD-L1 with a ≥50% tumour proportion score (TPS) with no EGFR or ALK positive tumour mutations. Pembrolizumab as monotherapy for the treatment of locally advanced or metastatic NSCLC in adults whose tumours express PD-L1 with a ≥1% TPS and who have received atleast one prior chemotherapy regimen. Patients with EGFR or ALK positive tumour mutations should also have received targeted therapy before receiving Pembrolizumab.,Solution for IV infusion in ingle use vial 100 mg/4 mL,,import,CDSCO r-DNA register — Import and market permission till 2019.pdf,https://cdsco.gov.in/opencms/opencms/en/biologicals/rDNA/,True,pembrolizumab is an oncology molecule,2026-08-05T12:34:01+00:00
149,Sandoz Pvt. Ltd,,Omalizumab,14-Jul-16,Allergic Asthma: A. Adult patients with moderate to severe persistent allergic asthma whose symptoms are inadequately controlled with inhaled corticosteroids. B. Children’s (12 years of age and older)-omalizumab is indicated as add-on therapy to improve asthma control in patients with severe persistent allergic asthma who have a positive skin test or in in vitro reactivity to a perennial aeroallergen and who have reduced lung function (FEVI<80%) as well as frequent dat time symptoms or night-time awakening and who have had multiple documented severe asthma exacerbated despite daily high dose inhaled corticosteroids plus a lung acting beta2-agonist. C. Children (6 to 12 years of age)-omalizumab is indicated as add-on therapy to improve asthma control in patients with severe persistent allergic asthma who have a positive skin test or in in vitro reactivity to a perennial aeroallergen and frequent day time symptoms or night-time awakening and who have had multiple documented severe asthma exacerbation despite daily high dose inhaled corticosteroids plus a lung acting beta2-agonist. Chronic spontaneous urticarial (CSU)-Omalizumab is indicated for adults and adolescents (12 years of age and above) with chronic spontaneous urticarial refractory to standard of care.,Dosage form: 1) Powder in Vial and solvent in ampoules for solution for injection 2) Solution for injection in prefilled syringe Strength: 75 mg and 150 mg,,import,CDSCO r-DNA register — Import and market permission till 2019.pdf,https://cdsco.gov.in/opencms/opencms/en/biologicals/rDNA/,False,,2026-08-05T12:34:01+00:00
150,Sanofi-Synthelabo (India) Pvt. Ltd,,Laronidase (Aldurazyme),25-Jul-16,Aldurazyme is indicated for patients with Hurler and Hurler-Scheie forms of mucopolysaccharidosis I (MPS) and for patients with Scheie form who have moderate to severe symptoms.,Solution for injection .................... Each vial of 5 mL contains: Laronidase 2.9 mg,,import,CDSCO r-DNA register — Import and market permission till 2019.pdf,https://cdsco.gov.in/opencms/opencms/en/biologicals/rDNA/,False,,2026-08-05T12:34:01+00:00
151,Sanofi-Synthelabo (India) Pvt. Ltd,,Agalsidase Beta (Fabrazyme),02-Aug-16,Agalsidase Beta is indicated for long term enzyme replacement therapy in patients with a confirmed diagnosis of Fabry Disease (α-galactosidase A deficiency),Powder for concentrate for solution for infusion. ................. Each Single use vial contains: Agalsidase Beta 37 mg,,import,CDSCO r-DNA register — Import and market permission till 2019.pdf,https://cdsco.gov.in/opencms/opencms/en/biologicals/rDNA/,False,,2026-08-05T12:34:01+00:00
152,Sanofi-Synthelabo (India) Pvt. Ltd,,Thyrotropin alfa,02-Aug-16,Thyrotropin alfa is indicated for use as an adjunctive diagnostic tool for serum thyroglobulin testing with or without radioiodine imaging in the follow-up of patients with well-differentiated thyroid cancer who have previously under gone thyroidectomy. Thyrotropin alfa is indicated for use as an adjunctive treatment for radioiodine ablation of thyroid tissue remnants in patients who have undergone a near total thyroidectomy for well-differentiated thyroid cancer and who do not have evidence of distant metastatic thyrpoid cancer,Lyophilized Powder for solution for injection (For Intramuscualr use only) in Single use vial Each single vial contains: Thyrotropinalfa 1.1 mg,,import,CDSCO r-DNA register — Import and market permission till 2019.pdf,https://cdsco.gov.in/opencms/opencms/en/biologicals/rDNA/,False,,2026-08-05T12:34:01+00:00
153,Takeda Pharmaceuticals (India) Pvt. Ltd,,Vedolizumab,05-Aug-16,"Vedolizumab is indicated for the treatment of • Adult patients with moderately to severely active Ulcerative Colitis who have had an inadequate response with, lost response to, or were intolerant to either conventional therapy or tumor necrosis factor-alpha (TNF-α) antagonist. • Treatment of adult patients with moderately o severely active Crohn’s Disease who have had an inadequate response with, lost response to, or were intolerant to either conventional therapy or tumor necrosis factor-alpha (TNF-α) antagonist.",Powder for concentrate for solution for infusion. ........................ Each Single use vial contains: Vedolizumab 300 mg,,import,CDSCO r-DNA register — Import and market permission till 2019.pdf,https://cdsco.gov.in/opencms/opencms/en/biologicals/rDNA/,False,,2026-08-05T12:34:01+00:00
154,Sanofi-Synthelabo (India) Pvt. Ltd,,Imiglucerase (Cerezyme),11-Aug-16,Cerezyme (Imiglucerase) is indicated for long term enzyme replacement therapy in patients with a confirmed diagnosis of non-neuropathic (Type 1) or chronic neuropathic (type 3) Gaucher disease and who exhibit clinically significant non-neurological manifestation of the disease.,Powder for concentrate for solution for infusion in Single use vial Each single vial contains: Imiglucerase 200 units and 400 units,,import,CDSCO r-DNA register — Import and market permission till 2019.pdf,https://cdsco.gov.in/opencms/opencms/en/biologicals/rDNA/,False,,2026-08-05T12:34:01+00:00
155,Sanofi-Synthelabo (India) Pvt. Ltd,,Alglucosidase alfa (Myozyme),29-Aug-16,Alglucosidase Alfa is indicated for long term enzyme replacement therapy (ERT) in patients with a confirmed diagnosis of Pompe Disease (acid α-glucosidase deficiency),Lyophilized powder for concentrate for solution for IV Infusion in Single use vial Each single vial contains: Alglucosidase alfa 50mg,,import,CDSCO r-DNA register — Import and market permission till 2019.pdf,https://cdsco.gov.in/opencms/opencms/en/biologicals/rDNA/,False,,2026-08-05T12:34:01+00:00
156,Biocon Limited,,"Insulin (Regular), soluble insunin, insulin IP",20.12.2016,Indicated for the treatment of diabetes mellitus,Cartridge 3 mL (100 IU),,import,CDSCO r-DNA register — Import and market permission till 2019.pdf,https://cdsco.gov.in/opencms/opencms/en/biologicals/rDNA/,False,,2026-08-05T12:34:01+00:00
157,Johnson and Johnson Pvt Ltd,,Daratumumab,02-Jan-17,"Indicated for the treatment of patients with relapsed and refractory multiple myeloma, whose prior therapy included a protease inhibitor and an immunomodulatory agent.",liquid concentrate for IV infusion after dilution in vial each mL containes 20 mg Daratumumab (5mL or 20 mL contain 100 mg or 400 mg),,import,CDSCO r-DNA register — Import and market permission till 2019.pdf,https://cdsco.gov.in/opencms/opencms/en/biologicals/rDNA/,False,,2026-08-05T12:34:01+00:00
158,Boehringer Ingelheim Pvt Ltd,,Idarucizumab,05-Jan-17,Idarucizumab is a specific reversal agent for Dabigatran and is indicated in patients treated with Dabigatran Etexilate capsules when rapid reversal of the anticoagulant effects of Dabigatran is required:,Solution for injection/infusion in vial each vial contains 2.5g/50mL (50mg/mL),,import,CDSCO r-DNA register — Import and market permission till 2019.pdf,https://cdsco.gov.in/opencms/opencms/en/biologicals/rDNA/,False,,2026-08-05T12:34:01+00:00
159,Amgen Technology Pvt. Ltd.,,Evolocumab,15-Mar-17,Evolocumab injection 140 mg/mL is indicated in adults and adolescents aged 12 years and over with homozygous familial hypercholestrolaemia in combination with other lipid-lowering therapies,Solution for injeciton ....................Two presentations- (a) 1 Single use prefilled syringe with 27 gauge needle (b) 1 mL Single use prefilled SureClick Autoinjector with 27 gauge needle. ..................... Each Prefilled Syringe or Autoinjector contains Evolovumab 140 mg/mL,,import,CDSCO r-DNA register — Import and market permission till 2019.pdf,https://cdsco.gov.in/opencms/opencms/en/biologicals/rDNA/,False,,2026-08-05T12:34:01+00:00
160,Roche Products (India) Pvt.Ltd,,Atezolizumab,31-Mar-17,"(1) Atezolizumab is indicated for the treatment of patients with locally advanced or metastatic urothelial carcinoma after prior chemotherapy or who are considered cisplatin ineligible. (2) Atezolizumab, in combination with carboplatin and etoposide, is indicated for the first-line treatment of patients with extensive-stage small cell lung cancer (ES-SCLC) (3) Atezolizumab in combination with bevacizumab, paclitaxel and carboplatin, is indicated for the first-line treatment of adult patients with metastatic non-squamous non-small cell lung cancer (NSCLC). In patients with EGFR mutant or ALK-positive NSCLC, Atezolizumab, in combination with bevacizumab, paclitaxel and carboplatin, is indicated only after failure of appropriate targeted therapies (4) Atezolizumab in combination with nab-paclitaxel, is indicated for the treatment of patients with unresectable locally advanced or metastatic triple-negative breast cancer (TNBC) whose tumors have PD-L1 expression ≥ 1%, and who have not received prior chemotherapy for metastatic disease.",Solution for infusion in vial 1200 mg/20 ml and 840 mg/14 ml,,import,CDSCO r-DNA register — Import and market permission till 2019.pdf,https://cdsco.gov.in/opencms/opencms/en/biologicals/rDNA/,False,,2026-08-05T12:34:01+00:00
161,Biocad India Pvt Ltd,,Rituximab,10-Jul-17,"Rituximab is indicated for the treatment of Non-Hodgkin’s Lymphoma, Rheumatoid Arthritis, Patients with relapsed or chemo-resistant Indolent B Cell Non-Hodgkin’s Lymphoma, Previously untreated patients with chemotherapy, maintenance therapy for the treatment of Follicular Lymphoma patients responding to induction therapy, Patients with CD20 positive diffuse large B Cell Non-Hodgkin’s Lymphoma in combination with CHOP chemotherapy, Chronic Lymphocytic Leukemia and Granulomatosis with Polyangitis (GPA) (Wegener’s Granulomatosis) and Microscopic Polyangitis (MPA)",Rituximab Concentrate for solution for infusion in vial ...................100 mg/vial and 500 mg/vial,,import,CDSCO r-DNA register — Import and market permission till 2019.pdf,https://cdsco.gov.in/opencms/opencms/en/biologicals/rDNA/,True,rituximab is an oncology molecule,2026-08-05T12:34:01+00:00
162,Sanofi-Synthelabo (India) Pvt. Ltd,,Alemtuzumab,27-Jul-17,For treatment of patient with an aggressive form of relapsing remitting multiple sclerosis (RRMS) in womb there has been a failure of 1 first line disease modifying therapy.,Concentrate for solution for infusion in vial (for IV use after dilution). ........................... Each vial contains Alemtuzumab 12 mg (Fill: 1.2 mL),,import,CDSCO r-DNA register — Import and market permission till 2019.pdf,https://cdsco.gov.in/opencms/opencms/en/biologicals/rDNA/,False,,2026-08-05T12:34:01+00:00
163,Eli Lilly and Company Pvt. Ltd,,Insulin Glargine IP,21-Aug-17,For treatment of diabetes mellitus in adults adolescents and children aged 2 year and above,Solution for injection for SC route Strength: 100 U/mL a) Cartridge (3mL) b) Prefilled Pen,,import,CDSCO r-DNA register — Import and market permission till 2019.pdf,https://cdsco.gov.in/opencms/opencms/en/biologicals/rDNA/,False,,2026-08-05T12:34:01+00:00
164,Dr. Reddy’s Laboratory,,Denosumab,29-Aug-17,"For prevention of skeletal related events in patiens with advanced malignancies involving bone. r Denosumab 120 mg/1.7ml (70 mg/ml) solution for injection. After detailed deliberation, the committee recommended for approval of the following indications: - Prevention of skeletal-related events in patients with multiple myeloma. - Treatment of giant cell tumor of bone in adults or skeletally mature adolescents.",Solution for SC injection Each single use vial contains Denosumab 120mg (70 mg/mL),,import,CDSCO r-DNA register — Import and market permission till 2019.pdf,https://cdsco.gov.in/opencms/opencms/en/biologicals/rDNA/,False,,2026-08-05T12:34:01+00:00
165,Dr. Reddy’s Laboratory,,Ibritumomab,04-Sep-17,"Relapsed or Refractory, Low-grade or Follicular NHL Previously untreated Follicular NHL",IbritumomabTiuxetan injection for intravenous use 1.6 mg/ml (2 mL single use vial),,import,CDSCO r-DNA register — Import and market permission till 2019.pdf,https://cdsco.gov.in/opencms/opencms/en/biologicals/rDNA/,False,,2026-08-05T12:34:01+00:00
166,Dr. Reddy’s Laboratory,,Panitumumab (Vectibix),14-Sep-2017,"It is indicated as monotherapy for the treatment of patients with EGFR expressing metastatic colorectal carcinoma with non-mutated (wild-type) KRAS after failure of fluoropyrimidine-, oxaliplatin-, and irinotecan- containing chemotherapy regimens.",Concentrate for solution for infusion 5 mL vial contains Panitumumab 100 mg (20 mg/mL),,import,CDSCO r-DNA register — Import and market permission till 2019.pdf,https://cdsco.gov.in/opencms/opencms/en/biologicals/rDNA/,False,,2026-08-05T12:34:01+00:00
167,Pfizer products India Pvt. Ltd,,Moroctocog alfa,28-Sep-17,"Moroctocogalfa, Antihemophilic Factor indicated for the control and prvention of hemorrhagic episodes and for routine and surgical prophylaxis in patients with hemophilia A",Lyophilized powder for reconstitution (in a single use vial) 250IU or 500I(U or 1000IU or 2000IU and one prefiled diluent syringe containing 4 mL 0.9% NaCl for reconstitution for IV injection,,import,CDSCO r-DNA register — Import and market permission till 2019.pdf,https://cdsco.gov.in/opencms/opencms/en/biologicals/rDNA/,False,,2026-08-05T12:34:01+00:00
168,Dr. Reddy’s Laboratory,,Prolia (Denosumab),08-Dec-17,Treatment of post-menopausal women with Osteoporosis at high risk for fracture. Treatment of increase bone mass in men with Osteoporosis.,solution for subcutaneous injection in pre filled syringe contains 60 mg/ml,,import,CDSCO r-DNA register — Import and market permission till 2019.pdf,https://cdsco.gov.in/opencms/opencms/en/biologicals/rDNA/,False,,2026-08-05T12:34:01+00:00
169,Shire Biotech India Pvt Ltd,,Agalsidase alfa,18.01.2018,Indicated for long term enzyme replacement therapy in patients with a confirmed diagnosis of Fabry disease (a-galactosidase A deficiency),Agalsidase alfa 1mg/ml concentrate for solution for infusion,,import,CDSCO r-DNA register — Import and market permission till 2019.pdf,https://cdsco.gov.in/opencms/opencms/en/biologicals/rDNA/,False,,2026-08-05T12:34:01+00:00
170,Shire Biotech India Pvt Ltd,,Idursulfase,18.01.2018,Indicated for the treatment of the long term treatment of patients with Hunter Syndrome (Mucopolysaccharidosis MPS II),Idursulfase 2mg/ml concentrate for solution for intravenous infusion,,import,CDSCO r-DNA register — Import and market permission till 2019.pdf,https://cdsco.gov.in/opencms/opencms/en/biologicals/rDNA/,False,,2026-08-05T12:34:01+00:00
171,Novo Nordisk India Pvt Ltd,,Insulin aspart,18.01.2018,Treatment of diabetes mellitus,"Insulin aspart 3 ml prefilled pen (100IU/ml), 3ml cartridges (100U/ml) and 10ml vial (100U/ml)",,import,CDSCO r-DNA register — Import and market permission till 2019.pdf,https://cdsco.gov.in/opencms/opencms/en/biologicals/rDNA/,False,,2026-08-05T12:34:01+00:00
172,Biocon Limited,,Biphasic Isophane Insulin (30/70),12.02.2018,Indicated for the treatment of diabetes mellitus,Cartridge (3mL) (100IU/ml),,import,CDSCO r-DNA register — Import and market permission till 2019.pdf,https://cdsco.gov.in/opencms/opencms/en/biologicals/rDNA/,False,,2026-08-05T12:34:01+00:00
173,Biocon Limited,,Insulin Injection (Neutral),12.02.2018,Indicated for the treatment of diabetes mellitus,Cartridge (3mL) (100IU/ml),,import,CDSCO r-DNA register — Import and market permission till 2019.pdf,https://cdsco.gov.in/opencms/opencms/en/biologicals/rDNA/,False,,2026-08-05T12:34:01+00:00
174,Biocon Limited,,Isophane Insulin,12-Feb-18,Indicated for the treatment of diabetes mellitus,Cartridge (3mL) (100IU/ml),,import,CDSCO r-DNA register — Import and market permission till 2019.pdf,https://cdsco.gov.in/opencms/opencms/en/biologicals/rDNA/,False,,2026-08-05T12:34:01+00:00
175,Vardhman Health Specialitis Pvt Ltd,,Rituximab,20.02.2018,"Indicated for the treatment of Non-Hodgkin’s Lymphoma, rheumatoid arthritis, patients with relapsed or chemo-resistant indolent B cell Non-Hodgkin’s Lymphoma, previously untreated patients with stage III-IV follicular lymphoma in combination with chemotherapy, maintenance therapy for the treatment of follicular lymphoma patients responding to induction therapy, patienst with CD20 positive diffuse large B cell Non-Hodgkin’s Lymphoma in combination with CHOP chemotherapy, chronic lymphocytic leukaemia and granulomatosis with polyangitis (GPA) (Wegeners granulomatosis) and microscopic polyantitis (MPA).",Rituximab concentrate for solution for infusion 10mg/ml,,import,CDSCO r-DNA register — Import and market permission till 2019.pdf,https://cdsco.gov.in/opencms/opencms/en/biologicals/rDNA/,False,,2026-08-05T12:34:01+00:00
176,Pharose Remedies Ltd,,Erythropoetin,01.03.2018,For treatment of anaemia due to chronic renal failure,Injection in PFS or multi dose vials. 2000IU/3000IU/4000IU in PFS and 2000IU/3000IU/4000IU/6000I U/10000IU in multi dose vial,,import,CDSCO r-DNA register — Import and market permission till 2019.pdf,https://cdsco.gov.in/opencms/opencms/en/biologicals/rDNA/,False,,2026-08-05T12:34:01+00:00
177,Eisai Pharmaceuticals India Pvt Ltd,,Natalizumab,06.03.2018,Natalizumab is used for the treatment of: (a)..Relapsing form of Multiple Sclerosis (MS) Adult (b)...Patients aged 18 years and over with the high disease activity despite treatment with a beta interferon or Glatiramer acetate. These patients may be defined as those who have failed to respond to a full and adequate course (normally at least one year of treatment) or beta interferon or Glatiramer acetate.,Natalizumab 300mg concentrate for solution for infusion,,import,CDSCO r-DNA register — Import and market permission till 2019.pdf,https://cdsco.gov.in/opencms/opencms/en/biologicals/rDNA/,False,,2026-08-05T12:34:01+00:00
178,Eisai Pharmaceuticals India Pvt Ltd,,Peg-Interferon Beta- 1a,06.03.2018,Peg-interferon beta-1a injection (Plegridy) is indicated in adult patients for the treatment of relapsing remitting multiple sclerosis.,"Peg-Interferon Beta-1a injection 63mcg, 94 mcg, 125mcg/0.5ml PFS and prefilled pen",,import,CDSCO r-DNA register — Import and market permission till 2019.pdf,https://cdsco.gov.in/opencms/opencms/en/biologicals/rDNA/,False,,2026-08-05T12:34:01+00:00
179,Eisai Pharmaceuticals India Pvt Ltd,,Interferon Beta-1a,14.03.2018,"Interferon beta-1a is indicated for the treatment of: (a). Ambulatory patients with relapsing multiple sclerosis characterized by at least 2 recurrent attacks of neurologic dysfunction (relapse) over the preceding 3 years period without evidence of continuous progression between relapse. Interferon beta-1a slows the progression of disability and decreases the frequency of relapses. (b). It is also indicated for the treatment of patients who have experienced a single demyelinating event with an active inflammatory process if it is severe enough to warrant treatment with intravenous corticosteroids, if alternative diagnosis have been excluded, and if they are determined to be at high risk of developing clinically definite multiple sclerosis.",Interferon Beta-1a injection 30µgg/0.5ml PFS and prefilled pen,,import,CDSCO r-DNA register — Import and market permission till 2019.pdf,https://cdsco.gov.in/opencms/opencms/en/biologicals/rDNA/,False,,2026-08-05T12:34:01+00:00
180,Roche Products (India) Pvt.Ltd,,Emicizumab,19.03.2018,Indicated for routine prophylaxis to prevent bleeding or reduce the frequency of bleeding episodes in patients with Hemophilia A (Congenital factor VIII deficiency) with or without factor VIII inhibitor,"Solution for injection, 30mg/vial, 60mg/vial, 105mg/vial, 150mg/vial",,import,CDSCO r-DNA register — Import and market permission till 2019.pdf,https://cdsco.gov.in/opencms/opencms/en/biologicals/rDNA/,False,,2026-08-05T12:34:01+00:00
181,Eli Lilly and Company Pvt. Ltd,,Olaratumab,02.04.2018,Indicated in combination with doxorubicin for the treatment of adult patients with advanced soft tissue sarcoma who are not amenable to curative treatment with surgery or radiotherapy and who have not been previously treated with doxorubicin.,Olaratumab 190mg/19ml vial and 500mg/50ml vial,,import,CDSCO r-DNA register — Import and market permission till 2019.pdf,https://cdsco.gov.in/opencms/opencms/en/biologicals/rDNA/,False,,2026-08-05T12:34:01+00:00
182,Biocad India Pvt Ltd,,Trastuzumab,16-Apr-18,Trastuzumab is indicated for i. Treatment of neoadjuvant and adjuvant cancer with HER2 over expression. ii. Treatment of metastatic breast cancer with HER2 over expression. iii. Treatment of metastatic gastric cancer with HER2 ever expression.,Trastuzumab lyophilized powder for concentrate for solution for injection ..............................150mg (single use vial) and 440mg (multi use vial) trastuzumab,,import,CDSCO r-DNA register — Import and market permission till 2019.pdf,https://cdsco.gov.in/opencms/opencms/en/biologicals/rDNA/,True,trastuzumab is an oncology molecule,2026-08-05T12:34:01+00:00
183,Shire Biotech India Pvt Ltd,,Velaglucerase alfa,21.05.2018,Indicated for long-term enzyme replacement therapy in patients with type 1 Gaucher disease,Velaglucerase alfa 400U/vial powder for solution for infusion,,import,CDSCO r-DNA register — Import and market permission till 2019.pdf,https://cdsco.gov.in/opencms/opencms/en/biologicals/rDNA/,False,,2026-08-05T12:34:01+00:00
184,Astrazeneca Pharma India Ltd,,Durvalumab,01.06.2018,"1. Treatment of patients with locally advanced or metastatic urothelial carcinoma whose disease has progressed during or after platinum-based chemotherapy. 2. Treatment of patients with locally advanced, unresectable non-small cell lung cancer (NSCLC) whose disease has not progress following platinum based chemotherapy",Durvalumab 120 mg solution for infusion and 500mg solution for infusion,,import,CDSCO r-DNA register — Import and market permission till 2019.pdf,https://cdsco.gov.in/opencms/opencms/en/biologicals/rDNA/,False,,2026-08-05T12:34:01+00:00
185,GSK Pharmaceuticals Ltd,,Mepolizumab,12-Jun-18,Mepolizumab is indicated as add-on treatment for severe refractory cosinophilic asthma in adult patients,Mepolizumab lyophilized powder for solution for injection in vial 100mg,,import,CDSCO r-DNA register — Import and market permission till 2019.pdf,https://cdsco.gov.in/opencms/opencms/en/biologicals/rDNA/,False,,2026-08-05T12:34:01+00:00
186,Vardhman Health Specialitis Pvt Ltd,,Trastuzumab 150mg and 440mg,25.06.2018,Trastuzumab is indicated for: i. Treatment of Neoadjuvant and adjuvant cancer with HER2 over expression. ii. Treatment of Metastatic breast cancer (MBC) with HER2 over expression. iii. Treatment of Metastatic Gastric cancer HER2 over expression,Trastuzumab 150mg single use vial and Trastuzumab 440mg Multidose vial.,,import,CDSCO r-DNA register — Import and market permission till 2019.pdf,https://cdsco.gov.in/opencms/opencms/en/biologicals/rDNA/,True,trastuzumab is an oncology molecule,2026-08-05T12:34:01+00:00
187,Biocon Limited,,Insulin Glargine Injection (r-DNA) 100 IU/mL,28.08.2018,"For the treatment of adults, adolescents and children of 2 years or above with Diabetes Mellitus, where treatment with insulin is required",Cartridge of Insulin Glargine Injection (r-DNA) 100 IU/mL,,import,CDSCO r-DNA register — Import and market permission till 2019.pdf,https://cdsco.gov.in/opencms/opencms/en/biologicals/rDNA/,False,,2026-08-05T12:34:01+00:00
188,Biocon Limited,,Insulin Glargine (rDNA Origin) Bulk,05.09.2018,-------,Insulin Glargine (r-DNA origin) Bulk (95% - 105 %),,import,CDSCO r-DNA register — Import and market permission till 2019.pdf,https://cdsco.gov.in/opencms/opencms/en/biologicals/rDNA/,False,,2026-08-05T12:34:01+00:00
189,Pfizer Products India Private Limited,,Nonacog Alfa (recombinant coagulation factor IX),05.09.2018,For the treatment of Prophlaxis of bleeding in patients with haemophilia B (Congeital factor IX deficiency),"Dosage form: Powder and solvent for solution for injection Presentation: Vial (5 mL) Strength : 250 IU, 500 IU, 1000 IU, 2000 IU, 3000 IU. Composition: Each mL Contains: 50 IU, 100 IU, 200 IU, 400 IU, 600 IU",,import,CDSCO r-DNA register — Import and market permission till 2019.pdf,https://cdsco.gov.in/opencms/opencms/en/biologicals/rDNA/,False,,2026-08-05T12:34:01+00:00
190,Pfizer Products India Private Limited,,Inotuzumab Ozogamicin (1mg) (0.25mg/1ml vial),05.10.2018,Indicated as monotherapy for the treatment of adults with relapsed or refractory CD22- positive B cell precursor acute lymphoblastic leukaemia (ALL). Adult patients with Philadelphia chromosome positive (Ph+) relapsed or refractory B cell precursor ALL should have failed treatment with at least 1 tyrosine kinase inhibitor (TKI),"Each vial contains 1 mg Inotuzumab Ozagamicin. After reconstitution, 1 mL of solution contains 0.25 mg Inotuzumab Ozagamicin.",,import,CDSCO r-DNA register — Import and market permission till 2019.pdf,https://cdsco.gov.in/opencms/opencms/en/biologicals/rDNA/,False,,2026-08-05T12:34:01+00:00
191,Roche Products (India) Pvt. Ltd.,,Tocilizumab,05.12.2018,"Tocilizumab is indicated in combination with tapering glucocorticoid therapy for the treatment of giant cell arteritis (GCA) only in adult patients requiring no more than 60mg prednisone per day (or an equivalent drug) at initiation of Tocilizumab with regimen as follows:- Dosage in patients with new-onset GCA: 162mg s.c. every two weeks, combined with a tapering course of glucocorticoids. Dosage in patients with relapsing GCA: 162mg s.c. once weekly, combined with a tapering course of glucocorticoids.",Tocilitumab injection (18mg/ml PFS). Each 1 mL PFS contains Tocilitumab 180 mg (162 mg/0.9 mL),,import,CDSCO r-DNA register — Import and market permission till 2019.pdf,https://cdsco.gov.in/opencms/opencms/en/biologicals/rDNA/,False,,2026-08-05T12:34:01+00:00
192,"M/s Sandoz Private Limited ,Kalwe MIDC, Plot Nos. 8-A/2, 8-B, TTC Industrial Area, Kalwe Block, Village Dighe Navi Mumbai (India) - 400708",,Ranibizumab,18.02.2019,"1. For improvement and maintenance of visual acuity and function and for reduction of vascular leakage and retinal oedema, in patients with neovascular age-related macular degeneration (AMD), 2. Treatment of macular edema following Retinal vein occlusion (RVO), 3. Treatment of visual impairment due to choroidal NeoVascularization (CNV) secondary to Pathologic Myopia (PM), 4. Treatment of visual impairment due to diabetic macular edema (DME)","Ranibizumab 10 mg/ml Solution for Intravitreal Injection, 1. For Vial and Vial + filter needle presentation: Each Vial contains Ranibizumab 2.3 mg in 0.23 ml of solution (10 mg/ml) 2. For Prefilled Syringe (Without needle) presentation: Each Prefilled Syringe contains Ranibizumab 1.650 mg in 0.165 ml of solution (10 mg/ml)",,import,CDSCO r-DNA register — Import and market permission till 2019.pdf,https://cdsco.gov.in/opencms/opencms/en/biologicals/rDNA/,False,,2026-08-05T12:34:01+00:00
193,"M/s. Shantha Biotechnics Pvt. Limited, Survey No, 354, Manoharabad Muppireddipalli Village Telangana (India) - 502236",,Insulin Glargine,24.07.2019,"treatment for diabetes mellitus is adults, adolescents and children aged 2 years and above",Insulin Glargine Injection I.P. 100.00 IU/ml Dosage form: Solution for injection 3) Presentation: Cartridges (3mL) 4) Strength : 100 IU/mL 5) Composition: Each mL Contains: 100 IU Insulin Glargine,,import,CDSCO r-DNA register — Import and market permission till 2019.pdf,https://cdsco.gov.in/opencms/opencms/en/biologicals/rDNA/,False,,2026-08-05T12:34:01+00:00
194,"M/s Shantha Biotechnics Private Limited (A Sanofi Company), Insulin Plant- MRP, Survey No. 354, Muppireddipally Village, Manoharabad Mandal, Medak District – 502236, Telangana, India",,Insulin Glargine,04.10.2019,For the treatment of diabetes mellitus in adults,"Insulin Glargine 300 U/mL, Solution for Injection",,import,CDSCO r-DNA register — Import and market permission till 2019.pdf,https://cdsco.gov.in/opencms/opencms/en/biologicals/rDNA/,False,,2026-08-05T12:34:01+00:00
195,"M/s Merck Specialities Private Limited, Gala No. 1 To 10, Bldg. No. C-9, Shree Arihant Compound, Ground Floor, Retibunder Road, Kalher Bhiwandi (India) - 421302",,Avelumab,31.12.2019,Avelumab is indicated as monotherapy for the treatment of adult patients with metastatic Merkel cell carcinoma (MCC),Avelumab 20 mg/mL concentrate for solution for infusion (Sterile Concentrate),,import,CDSCO r-DNA register — Import and market permission till 2019.pdf,https://cdsco.gov.in/opencms/opencms/en/biologicals/rDNA/,False,,2026-08-05T12:34:01+00:00
196,"M/s Biocad India Pvt. Ltd, 163/C, 3rd Cross, 3rd Phase, J.P. Nagar, Bangalore (India) – 560078",,Infliximab,31.12.2019,"Infliximab is indicated for the treatment of Rheumatoid arthritis, Psoriatic arthritis, Ankylosing spondylitis, Psoriasis, Crohn’s disease, Ulcerative colitis",Infliximab 100 mg powder for concentrate for solution for infusion,,import,CDSCO r-DNA register — Import and market permission till 2019.pdf,https://cdsco.gov.in/opencms/opencms/en/biologicals/rDNA/,False,,2026-08-05T12:34:01+00:00
197,"M/s Roche Scientific Company (India) Pvt. Limited, B/2, Amarchand Mansion 1st Floor, Cama Road, Mumbai-400039",,Trastuzumab,13.04.2010 (For additional Indication) (Initial permission granted on 11.10.2002),"1. Trastuzumab in combination with capecitabine or 5-fluorouracil and cisplatin for the treatment of patients with HER2 positive metastatic ademnocarcinoma of the stomach or gastri-esophaegeal function who have not received prior anti-cancer treatment for their metastatic disease. 2. Trastuzumab should only be used in patients with metastatic gastric cancer whose tumours hase HER2 overexpression as defined by IHC2+ and a confirmatory FISH+ result, or IHC3+ , as determined by an accurate and validated assay.",Dosage Form: Powder for Concentrate for injection. Strength: 150 mg and 440 mg,,import,CDSCO r-DNA register — Import and market permission till 2019.pdf,https://cdsco.gov.in/opencms/opencms/en/biologicals/rDNA/,False,,2026-08-05T12:34:01+00:00
