serial,drug_name,indication,approval_date,approval_day_known,name_split_confident,raw,source_list,source_url,parse_mode,list_year,source_name,retrieved_utc
1,"Diclofenac potassium 25mg, 50mg Tablet For additional indication of migraine attack",,2001-03-27,True,False,"Diclofenac potassium 25mg, 50mg Tablet For additional indication of migraine attack 27.03.2001",List of new drugs approved in the year 2001,https://cdsco.gov.in/opencms/resources/UploadCDSCOWeb/2018/UploadApprovalNewDrugs/List%20of%20new%20drugs%20approved%20in%20the%20year%202001.pdf,unnumbered,2001,CDSCO List of Approved New Drugs,2026-08-05T12:13:39+00:00
2,Fexofenadine HCL Suspension 60mg/5ml Suspension The preparation shall be indicated (30 mg tablets) for relief of seasonal allergic rhinitis in children 6 –12 years of age and (60 mg tablets) for the relief of chronic idiopathic urticaria for 12 years of age and older children,,2001-08-27,True,False,Fexofenadine HCL Suspension 60mg/5ml Suspension The preparation shall be indicated (30 mg tablets) for relief of seasonal allergic rhinitis in children 6 –12 years of age and (60 mg tablets) for the relief of chronic idiopathic urticaria for 12 years of age and older children 27.08.2001,List of new drugs approved in the year 2001,https://cdsco.gov.in/opencms/resources/UploadCDSCOWeb/2018/UploadApprovalNewDrugs/List%20of%20new%20drugs%20approved%20in%20the%20year%202001.pdf,unnumbered,2001,CDSCO List of Approved New Drugs,2026-08-05T12:13:39+00:00
1,Brexpiprazole Tablets 0.25/0.5/1/2/3/4 mg Brexpiprazole,is indicated for treatment of schizophrenia,2026-02-16,True,True,Brexpiprazole Tablets 0.25/0.5/1/2/3/4 mg Brexpiprazole is indicated for treatment of schizophrenia. 16.02.2026,List of New Drugs approved in year 2026 to till date,https://cdsco.gov.in/opencms/resources/UploadCDSCOWeb/2018/UploadApprovalNewDrugs/List%20of%20New%20Drugs%20approved%20in%20the%20year%202026%20till%20datee%20%283%29.pdf,numbered,2026,CDSCO List of Approved New Drugs,2026-08-05T12:13:39+00:00
2,Brexpiprazole Bulk Drug,Not applicable as it is a bulk drug,2026-02-24,True,True,Brexpiprazole Bulk Drug Not applicable as it is a bulk drug 24.02.2026,List of New Drugs approved in year 2026 to till date,https://cdsco.gov.in/opencms/resources/UploadCDSCOWeb/2018/UploadApprovalNewDrugs/List%20of%20New%20Drugs%20approved%20in%20the%20year%202026%20till%20datee%20%283%29.pdf,numbered,2026,CDSCO List of Approved New Drugs,2026-08-05T12:13:39+00:00
3,"Sotorasib 240mg Film Coated Tablets. Treatment of adult patients with KRAS G12C -mutated locally advanced or metastatic non-small cell lung cancer (NSCLC), who have received at least one prior systemic therapy",,2026-03-10,True,False,"Sotorasib 240mg Film Coated Tablets. Treatment of adult patients with KRAS G12C -mutated locally advanced or metastatic non-small cell lung cancer (NSCLC), who have received at least one prior systemic therapy 10.03.2026",List of New Drugs approved in year 2026 to till date,https://cdsco.gov.in/opencms/resources/UploadCDSCOWeb/2018/UploadApprovalNewDrugs/List%20of%20New%20Drugs%20approved%20in%20the%20year%202026%20till%20datee%20%283%29.pdf,numbered,2026,CDSCO List of Approved New Drugs,2026-08-05T12:13:39+00:00
1,Tafamidis Bulk Drug,Not applicable as it is a bulk drug,2025-01-16,True,True,Tafamidis Bulk Drug Not applicable as it is a bulk drug 16.01.2025,List of New Drugs approved in year 2025 to till date,https://cdsco.gov.in/opencms/resources/UploadCDSCOWeb/2018/UploadApprovalNewDrugs/List%20of%20New%20Drugs%20approved%20in%20the%20year%202025%20till%20datee.pdf,numbered,2025,CDSCO List of Approved New Drugs,2026-08-05T12:13:39+00:00
2,Letermovir Bulk Drug &Letermovir Tablets 240mg and 480 mg Letermovir,is indicated for prophylaxis of cytomegalovirus (CMV) infection and disease in adult CMV - seropositive recipients [R+] of an allogeneic hematopoietic stem cell transplant (HSCT). It is also indicated for prophylaxis of CMV disease in adult kidney transplant recipients at high risk (Donor CMV seropositive/Recipient CMV seronegative[D+/R-]),2025-01-17,True,True,Letermovir Bulk Drug &Letermovir Tablets 240mg and 480 mg Letermovir is indicated for prophylaxis of cytomegalovirus (CMV) infection and disease in adult CMV - seropositive recipients [R+] of an allogeneic hematopoietic stem cell transplant (HSCT). It is also indicated for prophylaxis of CMV disease in adult kidney transplant recipients at high risk (Donor CMV seropositive/Recipient CMV seronegative[D+/R-]) 17.01.2025,List of New Drugs approved in year 2025 to till date,https://cdsco.gov.in/opencms/resources/UploadCDSCOWeb/2018/UploadApprovalNewDrugs/List%20of%20New%20Drugs%20approved%20in%20the%20year%202025%20till%20datee.pdf,numbered,2025,CDSCO List of Approved New Drugs,2026-08-05T12:13:39+00:00
3,Fexuprazan hydrochloride Bulk Drug and Fexuprazan hydrochloride Tablets 40mg,Indicated for the treatment of erosive esophagitis(EE),2025-02-10,True,True,Fexuprazan hydrochloride Bulk Drug and Fexuprazan hydrochloride Tablets 40mg Indicated for the treatment of erosive esophagitis(EE). 10.02.2025,List of New Drugs approved in year 2025 to till date,https://cdsco.gov.in/opencms/resources/UploadCDSCOWeb/2018/UploadApprovalNewDrugs/List%20of%20New%20Drugs%20approved%20in%20the%20year%202025%20till%20datee.pdf,numbered,2025,CDSCO List of Approved New Drugs,2026-08-05T12:13:39+00:00
4,Edoxaban Tosylate Monohydrate Bulk Drug,Not applicable as it is a bulk drug,2025-02-11,True,True,Edoxaban Tosylate Monohydrate Bulk Drug Not applicable as it is a bulk drug 11.02.2025,List of New Drugs approved in year 2025 to till date,https://cdsco.gov.in/opencms/resources/UploadCDSCOWeb/2018/UploadApprovalNewDrugs/List%20of%20New%20Drugs%20approved%20in%20the%20year%202025%20till%20datee.pdf,numbered,2025,CDSCO List of Approved New Drugs,2026-08-05T12:13:39+00:00
5,"Edoxaban Tablets 15mg, 30mg and 60mg In prevention of stroke and systemic embolism in adult patients with non - valvular atrial fibrillation (NVAF) with one or more risk factors, such as congestive heart failure, hypertension, age ≥ 75 years, diabetes mellitus, prior stroke or transient ischaemic at","For the treatment of deep vein thrombosis (DVT) and pulmonary embolism (PE), and for the prevention of recurrent DVT and PE in adults",2025-02-20,True,True,"Edoxaban Tablets 15mg, 30mg and 60mg In prevention of stroke and systemic embolism in adult patients with non - valvular atrial fibrillation (NVAF) with one or more risk factors, such as congestive heart failure, hypertension, age ≥ 75 years, diabetes mellitus, prior stroke or transient ischaemic attack(TIA). For the treatment of deep vein thrombosis (DVT) and pulmonary embolism (PE), and for the prevention of recurrent DVT and PE in adults. 20.02.2025",List of New Drugs approved in year 2025 to till date,https://cdsco.gov.in/opencms/resources/UploadCDSCOWeb/2018/UploadApprovalNewDrugs/List%20of%20New%20Drugs%20approved%20in%20the%20year%202025%20till%20datee.pdf,numbered,2025,CDSCO List of Approved New Drugs,2026-08-05T12:13:39+00:00
6,Sodium Zirconium Cyclosilicate powder for Oral Suspension (LOKELMA) 5g/10g,Indicated for the treatment of Hyperkalaemia in adult patients,2025-03-05,True,True,Sodium Zirconium Cyclosilicate powder for Oral Suspension (LOKELMA) 5g/10g Indicated for the treatment of Hyperkalaemia in adult patients. 05.03.2025,List of New Drugs approved in year 2025 to till date,https://cdsco.gov.in/opencms/resources/UploadCDSCOWeb/2018/UploadApprovalNewDrugs/List%20of%20New%20Drugs%20approved%20in%20the%20year%202025%20till%20datee.pdf,numbered,2025,CDSCO List of Approved New Drugs,2026-08-05T12:13:39+00:00
7,Rimegepant Oral disintegrating tablets (ODT) 75 mg For Acute treatment of migraine with or without aura in adults with a previous insufficient response to triptans,,2025-03-27,True,False,Rimegepant Oral disintegrating tablets (ODT) 75 mg For Acute treatment of migraine with or without aura in adults with a previous insufficient response to triptans. 27.03.2025,List of New Drugs approved in year 2025 to till date,https://cdsco.gov.in/opencms/resources/UploadCDSCOWeb/2018/UploadApprovalNewDrugs/List%20of%20New%20Drugs%20approved%20in%20the%20year%202025%20till%20datee.pdf,numbered,2025,CDSCO List of Approved New Drugs,2026-08-05T12:13:39+00:00
8,Doravirine Bulk Drug and Doravirine Tablets 100mg,Indicated in combination with other antiretroviral agents for the treatment of HIV-1 infection in adults and pediatric patients weighing at least 35 kg with no prior antiretroviral treatment history only(treatment naïve),2025-03-28,True,True,Doravirine Bulk Drug and Doravirine Tablets 100mg Indicated in combination with other antiretroviral agents for the treatment of HIV-1 infection in adults and pediatric patients weighing at least 35 kg with no prior antiretroviral treatment history only(treatment naïve) 28.03.2025,List of New Drugs approved in year 2025 to till date,https://cdsco.gov.in/opencms/resources/UploadCDSCOWeb/2018/UploadApprovalNewDrugs/List%20of%20New%20Drugs%20approved%20in%20the%20year%202025%20till%20datee.pdf,numbered,2025,CDSCO List of Approved New Drugs,2026-08-05T12:13:39+00:00
9,Tucatinib hemiethanolate bulk drug & Tucatinib tablets 50 mg and 150 mg,"Indicated in combination with trastuzumab and capecitabine for treatment of adult patients with advanced unresectable or metastatic HER2-positive breast cancer, including patients with brain metastases, who have received one or more prior anti -HER2-based regimens in the metastatic setting",2025-04-08,True,True,"Tucatinib hemiethanolate bulk drug & Tucatinib tablets 50 mg and 150 mg Indicated in combination with trastuzumab and capecitabine for treatment of adult patients with advanced unresectable or metastatic HER2-positive breast cancer, including patients with brain metastases, who have received one or more prior anti -HER2-based regimens in the metastatic setting. 08.04.2025",List of New Drugs approved in year 2025 to till date,https://cdsco.gov.in/opencms/resources/UploadCDSCOWeb/2018/UploadApprovalNewDrugs/List%20of%20New%20Drugs%20approved%20in%20the%20year%202025%20till%20datee.pdf,numbered,2025,CDSCO List of Approved New Drugs,2026-08-05T12:13:39+00:00
10,Zanubrutinib capsules 80 mg It,"is indicated for the treatment of adult patients with: 1. Mantle cell lymphoma (MCL) who have received at least one prior therapy. 2. Waldenstrom’s macrogloubulinemia (WM) 3. Relapsed or refractory marginal zone lymphoma(MZL) who have received at least one anti-CD20- based regimen. 4. Chronic lymph ocytic leukaemia (CLL) or small lymphocytic lymphoma(SLL). 5. Relapsed or refractory follicular lymphoma (FL),in combination with obinutuzumab, after two or more lines of systemic therapy",2025-04-08,True,True,"Zanubrutinib capsules 80 mg It is indicated for the treatment of adult patients with: 1. Mantle cell lymphoma (MCL) who have received at least one prior therapy. 2. Waldenstrom’s macrogloubulinemia (WM) 3. Relapsed or refractory marginal zone lymphoma(MZL) who have received at least one anti-CD20- based regimen. 4. Chronic lymph ocytic leukaemia (CLL) or small lymphocytic lymphoma(SLL). 5. Relapsed or refractory follicular lymphoma (FL),in combination with obinutuzumab, after two or more lines of systemic therapy. 08.04.2025",List of New Drugs approved in year 2025 to till date,https://cdsco.gov.in/opencms/resources/UploadCDSCOWeb/2018/UploadApprovalNewDrugs/List%20of%20New%20Drugs%20approved%20in%20the%20year%202025%20till%20datee.pdf,numbered,2025,CDSCO List of Approved New Drugs,2026-08-05T12:13:39+00:00
11,Linaclotide Bulk Drug & Linaclotide Capsule 72 mcg & Linaclotide Capsule 145 mcg,Indicated in adults for the treatment of Chronic idiopathic constipation,2025-04-21,True,True,Linaclotide Bulk Drug & Linaclotide Capsule 72 mcg & Linaclotide Capsule 145 mcg Indicated in adults for the treatment of Chronic idiopathic constipation. 21.04.2025,List of New Drugs approved in year 2025 to till date,https://cdsco.gov.in/opencms/resources/UploadCDSCOWeb/2018/UploadApprovalNewDrugs/List%20of%20New%20Drugs%20approved%20in%20the%20year%202025%20till%20datee.pdf,numbered,2025,CDSCO List of Approved New Drugs,2026-08-05T12:13:39+00:00
12,Siponimod Hemifumarate Bulk Drug & Siponimod Tablets 0.25 mg/1mg/2mg,For the treatment of patients with secondary progressive multiple sclerosis (SPMS) with active disease as evidenced by relapses or imaging features of inflammatory activity,2025-05-09,True,True,Siponimod Hemifumarate Bulk Drug & Siponimod Tablets 0.25 mg/1mg/2mg For the treatment of patients with secondary progressive multiple sclerosis (SPMS) with active disease as evidenced by relapses or imaging features of inflammatory activity. 09.05.2025,List of New Drugs approved in year 2025 to till date,https://cdsco.gov.in/opencms/resources/UploadCDSCOWeb/2018/UploadApprovalNewDrugs/List%20of%20New%20Drugs%20approved%20in%20the%20year%202025%20till%20datee.pdf,numbered,2025,CDSCO List of Approved New Drugs,2026-08-05T12:13:39+00:00
13,Ivosidenib 250 mg film coated tablet It,is indicated 1. In combination with Azacitidine for the treatment of adult patients with newly diagnosed acute myeloid leukaemia(AML) with an isocitrate dehydrogenase - 1(IDH1) R132 mutation who are not eligible to receive standard Induction chemotherapy. 2. As a monotherapy for the treatment of adult patients with locally advanced or metastatic cholangiocarcinoma with an IDH1 R132 mutation who were previously treated by at least one prior line of systemic therapy,2025-05-14,True,True,Ivosidenib 250 mg film coated tablet It is indicated 1. In combination with Azacitidine for the treatment of adult patients with newly diagnosed acute myeloid leukaemia(AML) with an isocitrate dehydrogenase - 14.05.2025 1(IDH1) R132 mutation who are not eligible to receive standard Induction chemotherapy. 2. As a monotherapy for the treatment of adult patients with locally advanced or metastatic cholangiocarcinoma with an IDH1 R132 mutation who were previously treated by at least one prior line of systemic therapy.,List of New Drugs approved in year 2025 to till date,https://cdsco.gov.in/opencms/resources/UploadCDSCOWeb/2018/UploadApprovalNewDrugs/List%20of%20New%20Drugs%20approved%20in%20the%20year%202025%20till%20datee.pdf,numbered,2025,CDSCO List of Approved New Drugs,2026-08-05T12:13:39+00:00
14,Tegoprazan Tablet 50 mg,"Indicated for: • Erosive Gastroesophageal Reflux Disease • Non-erosive Gastroesophageal Reflux Disease • Gastric Ulcer 15 Tegoprazan Tablet 25 mg Maintenance of healed Erosive Gastroesophageal Reflux disease 16 FDC of Relugolix, Estradiol and Norethindrone Acetate Tablets (40 mg+ 1 mg+ 0.5mg) Indicated for the management of heavy menstural bleeding associated with uterine Leiomyomas(Fibroids) in premenopausal women. 17. Lutetium Lu -177 Vipivotide Tetraxetan solution fo r injection or infusion 1000MBq/m L – reg. Lutetium (Lu -177) Vipivotide Tetraxetan is indicated for the treatment of adult p",2025-05-28,True,True,"Tegoprazan Tablet 50 mg Indicated for: • Erosive Gastroesophageal Reflux Disease • Non-erosive Gastroesophageal Reflux Disease • Gastric Ulcer 28.05.2025 15 Tegoprazan Tablet 25 mg Maintenance of healed Erosive Gastroesophageal Reflux disease 08.07.2025 16 FDC of Relugolix, Estradiol and Norethindrone Acetate Tablets (40 mg+ 1 mg+ 0.5mg) Indicated for the management of heavy menstural bleeding associated with uterine Leiomyomas(Fibroids) in premenopausal women. 16.07.2025 17. Lutetium Lu -177 Vipivotide Tetraxetan solution fo r injection or infusion 1000MBq/m L – reg. Lutetium (Lu -177) Vipivotide Tetraxetan is indicated for the treatment of adult patients with prostate-specific membrane antigen(PSMA)- positive metastatic castration-resistant prostate cancer (m CRPC) who have been treated with androgen receptor (AR) pathway inhibition and taxane -based chemotherapy. 23.07.2025 18. Stamic",List of New Drugs approved in year 2025 to till date,https://cdsco.gov.in/opencms/resources/UploadCDSCOWeb/2018/UploadApprovalNewDrugs/List%20of%20New%20Drugs%20approved%20in%20the%20year%202025%20till%20datee.pdf,numbered,2025,CDSCO List of Approved New Drugs,2026-08-05T12:13:39+00:00
1,"Tirzepatide 2.5mg /0.5ml, 5mg/0.5ml, 7.5mg/0.5 ml,10mg/0.5 ml,12.5mg/0.5 ml,15mg/0.5 ml solution for injection in a prefilled pen Indicated",as an adjunct to diet and exercise to improve glycemic control in adults with type 2 diabetes mellitus 19-01 2024,,False,True,"Tirzepatide 2.5mg /0.5ml, 5mg/0.5ml, 7.5mg/0.5 ml,10mg/0.5 ml,12.5mg/0.5 ml,15mg/0.5 ml solution for injection in a prefilled pen Indicated as an adjunct to diet and exercise to improve glycemic control in adults with type 2 diabetes mellitus 19-01 2024",List of new drugs approved in the year 2024 till date,https://cdsco.gov.in/opencms/resources/UploadCDSCOWeb/2018/UploadApprovalNewDrugs/List%20of%20New%20Drugs%20approved%20in%20the%20year%202024%20till%20date%20%2826.11.2024%29.pdf,numbered,2024,CDSCO List of Approved New Drugs,2026-08-05T12:13:39+00:00
2,Plazomicin injection 500mg/10ml (50mg/ml),"Indicated in patients 18 years of age or older for the treatment of complicated urinary tract infections (cUTI), including pyelonephritis caused by the following susceptible microorganism(s)  Escherichia coli,  Klebsiella pneumoniae,  Proteus mirabilis, and  Enterobacter cloacae",2024-02-02,True,True,"Plazomicin injection 500mg/10ml (50mg/ml) Indicated in patients 18 years of age or older for the treatment of complicated urinary tract infections (cUTI), including pyelonephritis caused by the following susceptible microorganism(s)  Escherichia coli,  Klebsiella pneumoniae,  Proteus mirabilis, and  Enterobacter cloacae 02-02-2024",List of new drugs approved in the year 2024 till date,https://cdsco.gov.in/opencms/resources/UploadCDSCOWeb/2018/UploadApprovalNewDrugs/List%20of%20New%20Drugs%20approved%20in%20the%20year%202024%20till%20date%20%2826.11.2024%29.pdf,numbered,2024,CDSCO List of Approved New Drugs,2026-08-05T12:13:39+00:00
3,Etifoxine Hydrochloride Bulk drug & Etifoxine Hydrochloride capsules 50 mg,Indicated for psychosomatic manifestations of anxiety,2024-03-21,True,True,Etifoxine Hydrochloride Bulk drug & Etifoxine Hydrochloride capsules 50 mg Indicated for psychosomatic manifestations of anxiety 21-03-2024,List of new drugs approved in the year 2024 till date,https://cdsco.gov.in/opencms/resources/UploadCDSCOWeb/2018/UploadApprovalNewDrugs/List%20of%20New%20Drugs%20approved%20in%20the%20year%202024%20till%20date%20%2826.11.2024%29.pdf,numbered,2024,CDSCO List of Approved New Drugs,2026-08-05T12:13:39+00:00
4,Vonoprazan fumarate Bulk drug& Vonoprazan tablets 10mg/20 mg  Treatment of reflux esophagitis(RE)  Treatment of gastric ulcer (GU)  Treatment of duodenal ulcer(DU)  Prevention of recurrence of gastric ulcer or duodenal ulcer during low - dose aspirin administration.  Prevention of recurrence of,,2024-05-08,True,False,"Vonoprazan fumarate Bulk drug& Vonoprazan tablets 10mg/20 mg  Treatment of reflux esophagitis(RE)  Treatment of gastric ulcer (GU)  Treatment of duodenal ulcer(DU)  Prevention of recurrence of gastric ulcer or duodenal ulcer during low - dose aspirin administration.  Prevention of recurrence of gastric ulcer or duodenal ulcer during NSAIDs administration.  Adjunct to Helicobacter pylori eradication associated with: Gastric ulcer, Duodenal ulcer, gastric MALT lymphoma, idiopathic thrombocytopenic purpura, the stomach after endoscopic resection of early -stage cancer, or Helicobacter pylori gastritis. 08-05-2024",List of new drugs approved in the year 2024 till date,https://cdsco.gov.in/opencms/resources/UploadCDSCOWeb/2018/UploadApprovalNewDrugs/List%20of%20New%20Drugs%20approved%20in%20the%20year%202024%20till%20date%20%2826.11.2024%29.pdf,numbered,2024,CDSCO List of Approved New Drugs,2026-08-05T12:13:39+00:00
5,rdESAT-6 and rCFP -10 (Cy-Tb) injection (Additional indication)  For Detection of Latent -TB for population of age group 1 year and above.  For detection of Latent -TB for population below 1 year in implementation research mode under National program only,,2024-05-16,True,False,rdESAT-6 and rCFP -10 (Cy-Tb) injection (Additional indication)  For Detection of Latent -TB for population of age group 1 year and above.  For detection of Latent -TB for population below 1 year in implementation research mode under National program only. 16-05-2024,List of new drugs approved in the year 2024 till date,https://cdsco.gov.in/opencms/resources/UploadCDSCOWeb/2018/UploadApprovalNewDrugs/List%20of%20New%20Drugs%20approved%20in%20the%20year%202024%20till%20date%20%2826.11.2024%29.pdf,numbered,2024,CDSCO List of Approved New Drugs,2026-08-05T12:13:39+00:00
6,Selpercatinib Capsules 40 mg & 80mg  Adult patients with metastatic RET fusion -positive non -small cell lung cancer(NSCLC)  Adult and pediatric patients 12 years of age and older with advanced or metastatic RET mutant medullary thyroid cancer (MTC) who require systemic therapy.  Adult and pediat,,2024-05-16,True,False,Selpercatinib Capsules 40 mg & 80mg  Adult patients with metastatic RET fusion -positive non -small cell lung cancer(NSCLC)  Adult and pediatric patients 12 years of age and older with advanced or metastatic RET mutant medullary thyroid cancer (MTC) who require systemic therapy.  Adult and pediatric patients 12 years of age and older with advanced or metastatic RET fusion-positive thyroid cancer who require systemic therapy and who are radioactive iodine refractory(if radioative iodine is appropriate) 16-05-2024,List of new drugs approved in the year 2024 till date,https://cdsco.gov.in/opencms/resources/UploadCDSCOWeb/2018/UploadApprovalNewDrugs/List%20of%20New%20Drugs%20approved%20in%20the%20year%202024%20till%20date%20%2826.11.2024%29.pdf,numbered,2024,CDSCO List of Approved New Drugs,2026-08-05T12:13:39+00:00
7,Nelarabine bulk drug & Nelarabine Injection 250mg/50ml(5mg/ml) ,For the treatment of patients with T-cell Lymphoblastic leukemia and T -cell Lymphoblastic lymphoma in adult and pediatric patients age 1 year and older whose disease has not responded to or has relapsed following treatment with at least two chemotherapy regimens,2024-05-31,True,True,Nelarabine bulk drug & Nelarabine Injection 250mg/50ml(5mg/ml)  For the treatment of patients with T-cell Lymphoblastic leukemia and T -cell Lymphoblastic lymphoma in adult and pediatric patients age 1 year and older whose disease has not responded to or has relapsed following treatment with at least two chemotherapy regimens 31.05.2024,List of new drugs approved in the year 2024 till date,https://cdsco.gov.in/opencms/resources/UploadCDSCOWeb/2018/UploadApprovalNewDrugs/List%20of%20New%20Drugs%20approved%20in%20the%20year%202024%20till%20date%20%2826.11.2024%29.pdf,numbered,2024,CDSCO List of Approved New Drugs,2026-08-05T12:13:39+00:00
8,Enmetazobactam bulk drug & Cefipime 2gm and Enmetazobactam 500mg Dry powder for injection,"Indicated for the treatment of patients 18 years of age and older for:  Complicated urinary tract infection(CUTI) including acute pyelonephritis  Hospital-acquired pneumonia (HAP), including ventilator - associated pneumonia (VAP)  Bacteremia with complicated urinary tract infection or hosp ital- acquired pneumonia",2024-05-31,True,True,"Enmetazobactam bulk drug & Cefipime 2gm and Enmetazobactam 500mg Dry powder for injection Indicated for the treatment of patients 18 years of age and older for:  Complicated urinary tract infection(CUTI) including acute pyelonephritis  Hospital-acquired pneumonia (HAP), including ventilator - 31.05.2024 associated pneumonia (VAP)  Bacteremia with complicated urinary tract infection or hosp ital- acquired pneumonia",List of new drugs approved in the year 2024 till date,https://cdsco.gov.in/opencms/resources/UploadCDSCOWeb/2018/UploadApprovalNewDrugs/List%20of%20New%20Drugs%20approved%20in%20the%20year%202024%20till%20date%20%2826.11.2024%29.pdf,numbered,2024,CDSCO List of Approved New Drugs,2026-08-05T12:13:39+00:00
9,"Methenamine Hippurate bulk drug &Methenamine Hippurate Tablets USP 1gm Prophylaxis and treatment of urinary tract infections, Prevention of urinary tract infections, especially in catheter carriers, Asymptomatic bacteriuria, long - term therapy in prevention of recurrent cystitis",,2024-07-09,True,False,"Methenamine Hippurate bulk drug &Methenamine Hippurate Tablets USP 1gm Prophylaxis and treatment of urinary tract infections, Prevention of urinary tract infections, especially in catheter carriers, Asymptomatic bacteriuria, long - term therapy in prevention of recurrent cystitis . 09.07.2024",List of new drugs approved in the year 2024 till date,https://cdsco.gov.in/opencms/resources/UploadCDSCOWeb/2018/UploadApprovalNewDrugs/List%20of%20New%20Drugs%20approved%20in%20the%20year%202024%20till%20date%20%2826.11.2024%29.pdf,numbered,2024,CDSCO List of Approved New Drugs,2026-08-05T12:13:39+00:00
10,"Sodium Phenylbutyrate USP bulk drug& Sodium Phenylbutyrate Oral Powder USP Indicated as adjunctive therapy in the chronic management of patients with urea cycle disorders involving deficiencies of carbamyl phosphate synthetase (CPS), ornithine transcarbamylase(OTC),or argininosuccinic acid synthetas","is indicated in all patients with neonatal -onset deficiency (Complete enzymatic deficiency, presenting within the first 28 days of life). It is also indicated in patients with late-onset diseases(partial enzymatic deficiency, presenting after the first month of life ) who ha ve a history of hyperammonemic encephalopathy",2024-07-09,True,True,"Sodium Phenylbutyrate USP bulk drug& Sodium Phenylbutyrate Oral Powder USP Indicated as adjunctive therapy in the chronic management of patients with urea cycle disorders involving deficiencies of carbamyl phosphate synthetase (CPS), ornithine transcarbamylase(OTC),or argininosuccinic acid synthetase (AS). It is indicated in all patients with neonatal -onset deficiency (Complete enzymatic deficiency, presenting within the first 28 days of life). It is also indicated in patients with late-onset diseases(partial enzymatic deficiency, presenting after the first month of life ) who ha ve a history of hyperammonemic encephalopathy. 09.07.2024",List of new drugs approved in the year 2024 till date,https://cdsco.gov.in/opencms/resources/UploadCDSCOWeb/2018/UploadApprovalNewDrugs/List%20of%20New%20Drugs%20approved%20in%20the%20year%202024%20till%20date%20%2826.11.2024%29.pdf,numbered,2024,CDSCO List of Approved New Drugs,2026-08-05T12:13:39+00:00
11,Elobixibat Hydrate Bulk Drug and Elobixibat Tablets 5 mg,For treatment of chronic constipation (except for constipation associated with organic diseases),2024-07-15,True,True,Elobixibat Hydrate Bulk Drug and Elobixibat Tablets 5 mg For treatment of chronic constipation (except for constipation associated with organic diseases) 15.07.2024,List of new drugs approved in the year 2024 till date,https://cdsco.gov.in/opencms/resources/UploadCDSCOWeb/2018/UploadApprovalNewDrugs/List%20of%20New%20Drugs%20approved%20in%20the%20year%202024%20till%20date%20%2826.11.2024%29.pdf,numbered,2024,CDSCO List of Approved New Drugs,2026-08-05T12:13:39+00:00
12,Tedizolid Phosphate Bulk & Tedizolid Phosphate Tablets 200mg,Indicated for the treatment of acute bacterial skin and skin structure infections(ABSSSI) in adults and adolescents 12years of age and older,2024-07-19,True,True,Tedizolid Phosphate Bulk & Tedizolid Phosphate Tablets 200mg Indicated for the treatment of acute bacterial skin and skin structure infections(ABSSSI) in adults and adolescents 12years of age and older. 19.07.2024,List of new drugs approved in the year 2024 till date,https://cdsco.gov.in/opencms/resources/UploadCDSCOWeb/2018/UploadApprovalNewDrugs/List%20of%20New%20Drugs%20approved%20in%20the%20year%202024%20till%20date%20%2826.11.2024%29.pdf,numbered,2024,CDSCO List of Approved New Drugs,2026-08-05T12:13:39+00:00
13,Remifentanil Hydrochloride EP Bulk,,2024-07-31,True,False,Remifentanil Hydrochloride EP Bulk 31.07.2024,List of new drugs approved in the year 2024 till date,https://cdsco.gov.in/opencms/resources/UploadCDSCOWeb/2018/UploadApprovalNewDrugs/List%20of%20New%20Drugs%20approved%20in%20the%20year%202024%20till%20date%20%2826.11.2024%29.pdf,numbered,2024,CDSCO List of Approved New Drugs,2026-08-05T12:13:39+00:00
14,Pimavanserin Tartrate Bulk & Pimavanserin Capsules 34 mg,For the treatment of hallucinations and delusions associated with Parkinson’s disease psychosis,2024-08-02,True,True,Pimavanserin Tartrate Bulk & Pimavanserin Capsules 34 mg For the treatment of hallucinations and delusions associated with Parkinson’s disease psychosis. 02.08.2024,List of new drugs approved in the year 2024 till date,https://cdsco.gov.in/opencms/resources/UploadCDSCOWeb/2018/UploadApprovalNewDrugs/List%20of%20New%20Drugs%20approved%20in%20the%20year%202024%20till%20date%20%2826.11.2024%29.pdf,numbered,2024,CDSCO List of Approved New Drugs,2026-08-05T12:13:39+00:00
15,Elagolix Sodium Bulk & Elagolix tablets 150mg and Elagolix tablets 200 mg For the management of moderate to severe pain associated with endometriosis,,2024-08-09,True,False,Elagolix Sodium Bulk & Elagolix tablets 150mg and Elagolix tablets 200 mg For the management of moderate to severe pain associated with endometriosis. 09.08.2024,List of new drugs approved in the year 2024 till date,https://cdsco.gov.in/opencms/resources/UploadCDSCOWeb/2018/UploadApprovalNewDrugs/List%20of%20New%20Drugs%20approved%20in%20the%20year%202024%20till%20date%20%2826.11.2024%29.pdf,numbered,2024,CDSCO List of Approved New Drugs,2026-08-05T12:13:39+00:00
16,"Brigatinib Tablets,30mg,90mg , and 180mg Indicated as monotherapy",for the treatment of adult patients with anaplastic lymphoma kinase(ALK) - positive advanced non-small cell lung cancer(NSCLC) previously not treated with an ALK inhibitor. Brigatinib is indicated as monotherapy for the treatment of adult patients with ALK -positive advanced NSCLC previously treated with crizotinib,2024-09-18,True,True,"Brigatinib Tablets,30mg,90mg , and 180mg Indicated as monotherapy for the treatment of adult patients with anaplastic lymphoma kinase(ALK) - positive advanced non-small cell lung cancer(NSCLC) previously not treated with an ALK inhibitor. Brigatinib is indicated as monotherapy for the treatment of adult patients with ALK -positive advanced NSCLC previously treated with crizotinib. 18.09.2024",List of new drugs approved in the year 2024 till date,https://cdsco.gov.in/opencms/resources/UploadCDSCOWeb/2018/UploadApprovalNewDrugs/List%20of%20New%20Drugs%20approved%20in%20the%20year%202024%20till%20date%20%2826.11.2024%29.pdf,numbered,2024,CDSCO List of Approved New Drugs,2026-08-05T12:13:39+00:00
17,"Mavacamten capsules 2.5mg,5 mg,10mg,15 mg Mavacmten","is indicated for the treatment of symptomatic (NEW York Heart Association, NYHA, class II -III) obstructive hypertrophic cardiomyopathy(oHCM) in adult patients",2024-10-08,True,True,"Mavacamten capsules 2.5mg,5 mg,10mg,15 mg Mavacmten is indicated for the treatment of symptomatic (NEW York Heart Association, NYHA, class II -III) obstructive hypertrophic cardiomyopathy(oHCM) in adult patients. 08.10.2024",List of new drugs approved in the year 2024 till date,https://cdsco.gov.in/opencms/resources/UploadCDSCOWeb/2018/UploadApprovalNewDrugs/List%20of%20New%20Drugs%20approved%20in%20the%20year%202024%20till%20date%20%2826.11.2024%29.pdf,numbered,2024,CDSCO List of Approved New Drugs,2026-08-05T12:13:39+00:00
18,Ferumoxytol Bulk Drug &Ferumoxytol Injection 510 mg Elemental Iron/17mL(30mg/mL) It is an iron replacement product,indicated for the treatment of iron deficiency anemia(IDA) in adult patients:  who have intolerance to oral iron or have had unsatisfactory response to oral iron or  who have chronic kidney disease(CKD),2024-10-08,True,True,Ferumoxytol Bulk Drug &Ferumoxytol Injection 510 mg Elemental Iron/17mL(30mg/mL) It is an iron replacement product indicated for the treatment of iron deficiency anemia(IDA) in adult patients:  who have intolerance to oral iron or have had unsatisfactory response to oral iron or  who have chronic kidney disease(CKD) 08.10.2024,List of new drugs approved in the year 2024 till date,https://cdsco.gov.in/opencms/resources/UploadCDSCOWeb/2018/UploadApprovalNewDrugs/List%20of%20New%20Drugs%20approved%20in%20the%20year%202024%20till%20date%20%2826.11.2024%29.pdf,numbered,2024,CDSCO List of Approved New Drugs,2026-08-05T12:13:39+00:00
19,Belumosudil Tablet 200 mg,For the treatment of patients 12 years and older with chronic Graft - versus-Host Disease(cGvHD) after failure of at least two prior lines of systemic therapy,2024-11-22,True,True,Belumosudil Tablet 200 mg For the treatment of patients 12 years and older with chronic Graft - versus-Host Disease(cGvHD) after failure of at least two prior lines of systemic therapy 22.11.2024,List of new drugs approved in the year 2024 till date,https://cdsco.gov.in/opencms/resources/UploadCDSCOWeb/2018/UploadApprovalNewDrugs/List%20of%20New%20Drugs%20approved%20in%20the%20year%202024%20till%20date%20%2826.11.2024%29.pdf,numbered,2024,CDSCO List of Approved New Drugs,2026-08-05T12:13:39+00:00
20,Lumateperone Tosylate Bulk Drug & Lumateperone capsules 42 mg,"Indicated for the treatment of depressive episodes associated with bipolar I or II disorder (bi polar depression) in adults, as mono therapy and as adjunctive therapy with lithium or valproate",2024-12-26,True,True,"Lumateperone Tosylate Bulk Drug & Lumateperone capsules 42 mg Indicated for the treatment of depressive episodes associated with bipolar I or II disorder (bi polar depression) in adults, as mono therapy and as adjunctive therapy with lithium or valproate. 26.12.2024",List of new drugs approved in the year 2024 till date,https://cdsco.gov.in/opencms/resources/UploadCDSCOWeb/2018/UploadApprovalNewDrugs/List%20of%20New%20Drugs%20approved%20in%20the%20year%202024%20till%20date%20%2826.11.2024%29.pdf,numbered,2024,CDSCO List of Approved New Drugs,2026-08-05T12:13:39+00:00
21,"Trelagliptin Succinate Bulk & Trelagliptin Tablets 25 mg, 50 mg, and 100 mg",For treatment of Type 2 diabetes,2024-12-26,True,True,"Trelagliptin Succinate Bulk & Trelagliptin Tablets 25 mg, 50 mg, and 100 mg For treatment of Type 2 diabetes. 26.12.2024",List of new drugs approved in the year 2024 till date,https://cdsco.gov.in/opencms/resources/UploadCDSCOWeb/2018/UploadApprovalNewDrugs/List%20of%20New%20Drugs%20approved%20in%20the%20year%202024%20till%20date%20%2826.11.2024%29.pdf,numbered,2024,CDSCO List of Approved New Drugs,2026-08-05T12:13:39+00:00
1,Fesoteroterodine Fumarate Extended Release Tablets 4mg and 8mg and Fesoteroterodine Fumarate Bulk,"Indicated for the treatment of overactive bladder with symptoms of urge urinary incontinence, urgency and frequency",2023-01-06,True,True,"Fesoteroterodine Fumarate Extended Release Tablets 4mg and 8mg and Fesoteroterodine Fumarate Bulk Indicated for the treatment of overactive bladder with symptoms of urge urinary incontinence, urgency and frequency. 06-01-2023",List of new drugs approved in the year 2023 till date,https://cdsco.gov.in/opencms/resources/UploadCDSCOWeb/2018/UploadApprovalNewDrugs/List%20of%20New%20Drugs%20approved%20in%20the%20year%202023dec.pdf,numbered,2023,CDSCO List of Approved New Drugs,2026-08-05T12:13:39+00:00
2,Trifarotene 50 microgram/g (0.005% w/w) Cream,Indicated for the cutaneous treatment of Acne Vulgaris of the face and /or trunk in patients 12 years of age and older,2023-01-13,True,True,Trifarotene 50 microgram/g (0.005% w/w) Cream Indicated for the cutaneous treatment of Acne Vulgaris of the face and /or trunk in patients 12 years of age and older. 13-01-2023,List of new drugs approved in the year 2023 till date,https://cdsco.gov.in/opencms/resources/UploadCDSCOWeb/2018/UploadApprovalNewDrugs/List%20of%20New%20Drugs%20approved%20in%20the%20year%202023dec.pdf,numbered,2023,CDSCO List of Approved New Drugs,2026-08-05T12:13:39+00:00
3,Crisaborole Ointment 2%,Indicated for topical treatment of mild to moderate atopic dermatitis in adult and paediatric patients 2 years of age and older,2023-01-20,True,True,Crisaborole Ointment 2% Indicated for topical treatment of mild to moderate atopic dermatitis in adult and paediatric patients 2 years of age and older 20-01-2023,List of new drugs approved in the year 2023 till date,https://cdsco.gov.in/opencms/resources/UploadCDSCOWeb/2018/UploadApprovalNewDrugs/List%20of%20New%20Drugs%20approved%20in%20the%20year%202023dec.pdf,numbered,2023,CDSCO List of Approved New Drugs,2026-08-05T12:13:39+00:00
4,Prussian Blue Insoluble 340 mg and Magnesium Hydroxide 500 mg Capsule As decorporation agent,indicated for treatment of patients with known or suspected internal contamination with radioactive cesium and/or radioactive or non radioactive thallium to increase their rates of elimination,2023-01-20,True,True,Prussian Blue Insoluble 340 mg and Magnesium Hydroxide 500 mg Capsule As decorporation agent indicated for treatment of patients with known or suspected internal contamination with radioactive cesium and/or radioactive or non radioactive thallium to increase their rates of elimination. 20-01-2023,List of new drugs approved in the year 2023 till date,https://cdsco.gov.in/opencms/resources/UploadCDSCOWeb/2018/UploadApprovalNewDrugs/List%20of%20New%20Drugs%20approved%20in%20the%20year%202023dec.pdf,numbered,2023,CDSCO List of Approved New Drugs,2026-08-05T12:13:39+00:00
5,Prussian Blue Insolube 340 mg Capsule and Prussian Blue Insolube Bulk Drug As decorporation agent,indicated for treatment of patients with known or suspected internal contamination with radioactive cesium and/or radioactive or non radioactive thallium to increase their rates of elimination,2023-01-27,True,True,Prussian Blue Insolube 340 mg Capsule and Prussian Blue Insolube Bulk Drug As decorporation agent indicated for treatment of patients with known or suspected internal contamination with radioactive cesium and/or radioactive or non radioactive thallium to increase their rates of elimination. 27-01-2023,List of new drugs approved in the year 2023 till date,https://cdsco.gov.in/opencms/resources/UploadCDSCOWeb/2018/UploadApprovalNewDrugs/List%20of%20New%20Drugs%20approved%20in%20the%20year%202023dec.pdf,numbered,2023,CDSCO List of Approved New Drugs,2026-08-05T12:13:39+00:00
6,Imeglimin Hydrochloride Tablet 500mg/1000mg Type 2 diabetes Mellitus,,2023-01-06,True,False,Imeglimin Hydrochloride Tablet 500mg/1000mg Type 2 diabetes Mellitus 06-01-2023,List of new drugs approved in the year 2023 till date,https://cdsco.gov.in/opencms/resources/UploadCDSCOWeb/2018/UploadApprovalNewDrugs/List%20of%20New%20Drugs%20approved%20in%20the%20year%202023dec.pdf,numbered,2023,CDSCO List of Approved New Drugs,2026-08-05T12:13:39+00:00
7,Crisaborole Bulk Drug,Indicated for topical treament of mild to moderate atopic dermatitis in adult and pediatric patients 2 years of age and older,2023-02-10,True,True,Crisaborole Bulk Drug Indicated for topical treament of mild to moderate atopic dermatitis in adult and pediatric patients 2 years of age and older 10-02-2023,List of new drugs approved in the year 2023 till date,https://cdsco.gov.in/opencms/resources/UploadCDSCOWeb/2018/UploadApprovalNewDrugs/List%20of%20New%20Drugs%20approved%20in%20the%20year%202023dec.pdf,numbered,2023,CDSCO List of Approved New Drugs,2026-08-05T12:13:39+00:00
8,Remifentanil Hydrochloride 1mg/2mg for Injection As an analgesic agent for use during the induction and maintenance of general anesthesia for inpatient and outpatient procedures. For continuation as an analgesic into the immediate postoperative period in adult patients under the direct supervision o,,2023-02-15,True,False,Remifentanil Hydrochloride 1mg/2mg for Injection As an analgesic agent for use during the induction and maintenance of general anesthesia for inpatient and outpatient procedures. For continuation as an analgesic into the immediate postoperative period in adult patients under the direct supervision of an anestesia practitioner in a postoperativeanesthesia care u nit or intensive care setting. As an analgesic component of monitored anesthesia care in adult patients. 15-02-2023,List of new drugs approved in the year 2023 till date,https://cdsco.gov.in/opencms/resources/UploadCDSCOWeb/2018/UploadApprovalNewDrugs/List%20of%20New%20Drugs%20approved%20in%20the%20year%202023dec.pdf,numbered,2023,CDSCO List of Approved New Drugs,2026-08-05T12:13:39+00:00
9,"Cannabidiol Bulk Drug, Cannabidiol Oral","Indicated for the treatment of seizures associated with Lennox - Solution 100mg/ml Gastautsyndrome, Dravet Syndrome, or tuberous sclerosis complex in patients 1 year of age and older 10. 3-(trimethoxysilyl)propyl dimethyl octadecylammonum chloride , Benzalkonium chloride, &Didecyl Dimethyl ammonium chloride For surface Disinfectant and Hand Sanitizer 11. Ibuprofen Sodium Dihydrate Bulk Drug, Ibuprofen Sodium Dihydrate 256/512mg Tablet For the symptomatic relief of mild to moderate pain such as headache, backache, period pain, dental pain, neuralgia, rheumatic and muscular pain, migrane, cold a",2023-04-06,True,True,"Cannabidiol Bulk Drug, Cannabidiol Oral Indicated for the treatment of seizures associated with Lennox - 06-04-2023 Solution 100mg/ml Gastautsyndrome, Dravet Syndrome, or tuberous sclerosis complex in patients 1 year of age and older 10. 3-(trimethoxysilyl)propyl dimethyl octadecylammonum chloride , Benzalkonium chloride, &Didecyl Dimethyl ammonium chloride For surface Disinfectant and Hand Sanitizer 24.04.2023 11. Ibuprofen Sodium Dihydrate Bulk Drug, Ibuprofen Sodium Dihydrate 256/512mg Tablet For the symptomatic relief of mild to moderate pain such as headache, backache, period pain, dental pain, neuralgia, rheumatic and muscular pain, migrane, cold and flu symtoms, sore throat and fever 26.04.2023 12. Niraparib Tablet 100mg Niraparib is indicated as monotherapy for the maintenance treatment of adult patients with advanced epithelial (FIGO stage -III and IV) high - grade ovarian, fall",List of new drugs approved in the year 2023 till date,https://cdsco.gov.in/opencms/resources/UploadCDSCOWeb/2018/UploadApprovalNewDrugs/List%20of%20New%20Drugs%20approved%20in%20the%20year%202023dec.pdf,numbered,2023,CDSCO List of Approved New Drugs,2026-08-05T12:13:39+00:00
1,"Triamcinolone Hexacetonide injectable suspension 20mg/ml For intraarticular, intra -synovial or periarticular use in adults and adolescents for the symptomatic treatment of subacute and chronic inflammatory joint diseases including rheumatoid arthritis and Juvenile Idiopathic Arthritis (JIA), Osteoa",,2022-01-20,True,False,"Triamcinolone Hexacetonide injectable suspension 20mg/ml For intraarticular, intra -synovial or periarticular use in adults and adolescents for the symptomatic treatment of subacute and chronic inflammatory joint diseases including rheumatoid arthritis and Juvenile Idiopathic Arthritis (JIA), Osteoarthritis and post-tramautic arthritis, Synovitis, tendinitis, bursitis and epicondylitis. 20.01.2022",List of new drugs approved in the year 2022 till date,https://cdsco.gov.in/opencms/resources/UploadCDSCOWeb/2018/UploadApprovalNewDrugs/New%20Drug%20Approvals%202022jul25.pdf,unnumbered,2022,CDSCO List of Approved New Drugs,2026-08-05T12:13:39+00:00
2,"Gimeracil bulk & Oteracil potassium bulk and Tegafur 15mg/20mg, Gimeracil 4.35mg/5.8mg and Oteracil 11.8mg/15.8mg capsules","indicated in adults for the treatment of advanced gastric cancer when given in combination with cisplatin. Topiroxostat tablets 20mg, 40mg and 60mg and bulk Gout, hyperuricemia",2022-02-01,True,True,"Gimeracil bulk & Oteracil potassium bulk and Tegafur 15mg/20mg, Gimeracil 4.35mg/5.8mg and Oteracil 11.8mg/15.8mg capsules indicated in adults for the treatment of advanced gastric cancer when given in combination with cisplatin. 01.02.2022 Topiroxostat tablets 20mg, 40mg and 60mg and bulk Gout, hyperuricemia. 04.02.2022",List of new drugs approved in the year 2022 till date,https://cdsco.gov.in/opencms/resources/UploadCDSCOWeb/2018/UploadApprovalNewDrugs/New%20Drug%20Approvals%202022jul25.pdf,unnumbered,2022,CDSCO List of Approved New Drugs,2026-08-05T12:13:39+00:00
3,Nitric oxide nasal spray,For treatment of adult high risk patients with mild Covid -19 having risk of progression of the disease,2022-02-08,True,True,Nitric oxide nasal spray For treatment of adult high risk patients with mild Covid -19 having risk of progression of the disease. 08.02.2022,List of new drugs approved in the year 2022 till date,https://cdsco.gov.in/opencms/resources/UploadCDSCOWeb/2018/UploadApprovalNewDrugs/New%20Drug%20Approvals%202022jul25.pdf,unnumbered,2022,CDSCO List of Approved New Drugs,2026-08-05T12:13:39+00:00
4,Vericiguat tablets 2.5mg/ 5mg/ 10mg Indicated,"to reduce the risk of cardiovascular death and heart failure (HF) hospitalization following a hospitalization for heart failure or need for outpatient IV diuretics, in adults with symptomatic chronic HF and ejection fraction less than 45%",2022-02-25,True,True,"Vericiguat tablets 2.5mg/ 5mg/ 10mg Indicated to reduce the risk of cardiovascular death and heart failure (HF) hospitalization following a hospitalization for heart failure or need for outpatient IV diuretics, in adults with symptomatic chronic HF and ejection fraction less than 45% 25.02.2022",List of new drugs approved in the year 2022 till date,https://cdsco.gov.in/opencms/resources/UploadCDSCOWeb/2018/UploadApprovalNewDrugs/New%20Drug%20Approvals%202022jul25.pdf,unnumbered,2022,CDSCO List of Approved New Drugs,2026-08-05T12:13:39+00:00
5,Inosine pranobex bulk and Inosine pranobex 500mg tablet As add on therapy,"for treatment of mild Covid-19 patients with co-morbidities and moderate Covid -19 patients, in light of Covid 19 outbreak for restricted emergency use in the country",2022-03-02,True,True,"Inosine pranobex bulk and Inosine pranobex 500mg tablet As add on therapy for treatment of mild Covid-19 patients with co-morbidities and moderate Covid -19 patients, in light of Covid 19 outbreak for restricted emergency use in the country 02.03.2022",List of new drugs approved in the year 2022 till date,https://cdsco.gov.in/opencms/resources/UploadCDSCOWeb/2018/UploadApprovalNewDrugs/New%20Drug%20Approvals%202022jul25.pdf,unnumbered,2022,CDSCO List of Approved New Drugs,2026-08-05T12:13:39+00:00
6,Desidustat bulk and Desidustat tablets 25mg and 50mg,For treatment of Anemia in adult patients with chronic kidney disease (CKD) not on Dialysis and on Dialysis,2022-03-03,True,True,Desidustat bulk and Desidustat tablets 25mg and 50mg For treatment of Anemia in adult patients with chronic kidney disease (CKD) not on Dialysis and on Dialysis 03.03.2022,List of new drugs approved in the year 2022 till date,https://cdsco.gov.in/opencms/resources/UploadCDSCOWeb/2018/UploadApprovalNewDrugs/New%20Drug%20Approvals%202022jul25.pdf,unnumbered,2022,CDSCO List of Approved New Drugs,2026-08-05T12:13:39+00:00
7,"Lumacaftor bulk, Ivacaftor bulk & Lumacaftor and Ivacaftor tablets 100mg/125mg and 200mg/125mg",Indicated for the treatment of cystic fibrosis (CF) in patient age 2 years and older who are homozygous for the F508del mutation in the CFTR gene,2022-03-11,True,True,"Lumacaftor bulk, Ivacaftor bulk & Lumacaftor and Ivacaftor tablets 100mg/125mg and 200mg/125mg Indicated for the treatment of cystic fibrosis (CF) in patient age 2 years and older who are homozygous for the F508del mutation in the CFTR gene. 11.03.2022",List of new drugs approved in the year 2022 till date,https://cdsco.gov.in/opencms/resources/UploadCDSCOWeb/2018/UploadApprovalNewDrugs/New%20Drug%20Approvals%202022jul25.pdf,unnumbered,2022,CDSCO List of Approved New Drugs,2026-08-05T12:13:39+00:00
8,Liothyronine sodium bulk and Liothyronine sodium tablets 5mcg & 20 mcg,To treat some of the more severe conditions in which the thyroid does not produce enough thyroxine and balance the effect of medicines used to treat an overactive thyroid,2022-04-04,True,True,Liothyronine sodium bulk and Liothyronine sodium tablets 5mcg & 20 mcg To treat some of the more severe conditions in which the thyroid does not produce enough thyroxine and balance the effect of medicines used to treat an 04.04.2022 overactive thyroid.,List of new drugs approved in the year 2022 till date,https://cdsco.gov.in/opencms/resources/UploadCDSCOWeb/2018/UploadApprovalNewDrugs/New%20Drug%20Approvals%202022jul25.pdf,unnumbered,2022,CDSCO List of Approved New Drugs,2026-08-05T12:13:39+00:00
9,Polyhexamethylene guanidine hydrochloride 1.000 lit For surface disinfection,,2022-04-06,True,False,Polyhexamethylene guanidine hydrochloride 1.000 lit For surface disinfection 06.04.2022,List of new drugs approved in the year 2022 till date,https://cdsco.gov.in/opencms/resources/UploadCDSCOWeb/2018/UploadApprovalNewDrugs/New%20Drug%20Approvals%202022jul25.pdf,unnumbered,2022,CDSCO List of Approved New Drugs,2026-08-05T12:13:39+00:00
10,Finerenone 10mg/20mg film coated tablets Indicated,"to reduce the risk of sustained eGFR decline, end stage kidney disease, cardiovascular death, non -fatal myocardial infarction, and hospitalization for heart failure in adult patients with chronic kidney disease (CKD) associated with type 2 Diabetes (T2D)",2022-04-11,True,True,"Finerenone 10mg/20mg film coated tablets Indicated to reduce the risk of sustained eGFR decline, end stage kidney disease, cardiovascular death, non -fatal myocardial infarction, and hospitalization for heart failure in adult patients with chronic kidney disease (CKD) associated with type 2 Diabetes (T2D) 11.04.2022",List of new drugs approved in the year 2022 till date,https://cdsco.gov.in/opencms/resources/UploadCDSCOWeb/2018/UploadApprovalNewDrugs/New%20Drug%20Approvals%202022jul25.pdf,unnumbered,2022,CDSCO List of Approved New Drugs,2026-08-05T12:13:39+00:00
11,"Sugammadex sodium bulk and Sugammadex injection 100mg/ml (single dose vial for bolus injection, IV) Reversal of neuromuscular blockade induced by rocuronium or vecuronium in adults undergoing surgery",,2022-04-18,True,False,"Sugammadex sodium bulk and Sugammadex injection 100mg/ml (single dose vial for bolus injection, IV) Reversal of neuromuscular blockade induced by rocuronium or vecuronium in adults undergoing surgery 18.04.2022",List of new drugs approved in the year 2022 till date,https://cdsco.gov.in/opencms/resources/UploadCDSCOWeb/2018/UploadApprovalNewDrugs/New%20Drug%20Approvals%202022jul25.pdf,unnumbered,2022,CDSCO List of Approved New Drugs,2026-08-05T12:13:39+00:00
12,Nirmatrelvir bulk and Combipack of Nirmatrelvir 300mg tablets (2x150mg tablets) and Ritonavir tablets 100mg,"For treatment of adult patients with COVID-19, with SpO2 >93% and who have high risk of progression of the disease including hospitalization or death, in light of Covid 19 outbreak for restricted emergency use in the country",2022-04-21,True,True,"Nirmatrelvir bulk and Combipack of Nirmatrelvir 300mg tablets (2x150mg tablets) and Ritonavir tablets 100mg For treatment of adult patients with COVID-19, with SpO2 >93% and who have high risk of progression of the disease including hospitalization or death, in light of Covid 19 outbreak for restricted emergency use in the country 21.04.2022",List of new drugs approved in the year 2022 till date,https://cdsco.gov.in/opencms/resources/UploadCDSCOWeb/2018/UploadApprovalNewDrugs/New%20Drug%20Approvals%202022jul25.pdf,unnumbered,2022,CDSCO List of Approved New Drugs,2026-08-05T12:13:39+00:00
13,Aviptadil bulk and Aviptadil injection (Each ml vial contains Aviptadil 15 mcg),"For treatment of patients with severe COVID-19 with Acute Respiratory Distress Syndrome (ARDS), in light of Covid 19 outbreak for restricted emergency use in the countr0079",2022-04-29,True,True,"Aviptadil bulk and Aviptadil injection (Each ml vial contains Aviptadil 15 mcg) For treatment of patients with severe COVID-19 with Acute Respiratory Distress Syndrome (ARDS), in light of Covid 19 outbreak for restricted emergency use in the countr0079 29.04.2022",List of new drugs approved in the year 2022 till date,https://cdsco.gov.in/opencms/resources/UploadCDSCOWeb/2018/UploadApprovalNewDrugs/New%20Drug%20Approvals%202022jul25.pdf,unnumbered,2022,CDSCO List of Approved New Drugs,2026-08-05T12:13:39+00:00
14,Bempedoic acid bulk and Bempedoic acid tablet 180 mg Indicated,"as an adjunct to diet and maximally tolerated statin therapy for the treatment of adults with heterozygous familial hypercholesterolemia or established atherosclerotic cardiovascular disease who require additional lowering of LDL-C. Limitation of use: The effect of the drug on cardiovascular morbidity and mortality has not been established. 15 rdESAT-6 bulk; rCFP-10 bulk and rdESAT-6 and rCFP-10 (Cy-Tb) injection - Each vial (10 dose vial, single dose of 0.1ml) contains: rdESAT- 6:0.05 mcg; rCFP-10: 0.05 mcg For detection of Latent TB for population of 18 years and above 16 Pralsetinib Capsule",2022-05-09,True,True,"Bempedoic acid bulk and Bempedoic acid tablet 180 mg Indicated as an adjunct to diet and maximally tolerated statin therapy for the treatment of adults with heterozygous familial hypercholesterolemia or established atherosclerotic cardiovascular disease who require additional lowering of LDL-C. Limitation of use: The effect of the drug on cardiovascular morbidity and mortality has not been established. 09.05.2022 15 rdESAT-6 bulk; rCFP-10 bulk and rdESAT-6 and rCFP-10 (Cy-Tb) injection - Each vial (10 dose vial, single dose of 0.1ml) contains: rdESAT- 6:0.05 mcg; rCFP-10: 0.05 mcg For detection of Latent TB for population of 18 years and above 09.05.2022 16 Pralsetinib Capsule 100mg • Indicated for the treatment of adult patients with metastatic rearranged during transfection (RET)fusion-positive non - small cell lung cancer.,. 26-05-2022 • Indicated for the treatment of adult and pediat",List of new drugs approved in the year 2022 till date,https://cdsco.gov.in/opencms/resources/UploadCDSCOWeb/2018/UploadApprovalNewDrugs/New%20Drug%20Approvals%202022jul25.pdf,unnumbered,2022,CDSCO List of Approved New Drugs,2026-08-05T12:13:39+00:00
1,Avanafil bulk and Avanafil tablets 50mg/100mg/200mg,For the treatment of erectile dysfunction,2021-02-26,True,True,Avanafil bulk and Avanafil tablets 50mg/100mg/200mg For the treatment of erectile dysfunction 26.02.2021,List of new drugs approved in the year 2021 till date,https://cdsco.gov.in/opencms/resources/UploadCDSCOWeb/2018/UploadApprovalNewDrugs/new%20drugs%20approval%202021.pdf,unnumbered,2021,CDSCO List of Approved New Drugs,2026-08-05T12:13:39+00:00
2,Omidenepag isopropyl ophthalmic solution 0.002% w/v,For the treatment of glaucoma and ocular hypertension,2021-03-12,True,True,Omidenepag isopropyl ophthalmic solution 0.002% w/v For the treatment of glaucoma and ocular hypertension 12.03.2021,List of new drugs approved in the year 2021 till date,https://cdsco.gov.in/opencms/resources/UploadCDSCOWeb/2018/UploadApprovalNewDrugs/new%20drugs%20approval%202021.pdf,unnumbered,2021,CDSCO List of Approved New Drugs,2026-08-05T12:13:39+00:00
3,Ozenoxacin bulk and Ozenoxacin cream 1% w/w,Indicated for the topical treatment of impetigo due to staphylococcus aureus or streptococcus pyogenes in adult and pediatric patients 2 months of age and older 4 2-Deoxy-D-Glucose bulk and 2-Deoxy-D-Glucose 2.34g & 5.85g sachet As an adjunct therapy only in moderate to severe Covid- .05.2021 5 Capmatinib 150mg and 200mg film coated tablets Capmatinib is a kinase inhibitor indicated for the treatment of adult patient with metastatic non-small cell lung cancer (NSCLC) whose tumors have a mutation that leads to mesenchymal epithelial transition (MET) exon 14 skipping. 6 Rucaparib camsylate bulk ,2021-04-15,True,True,"Ozenoxacin bulk and Ozenoxacin cream 1% w/w Indicated for the topical treatment of impetigo due to staphylococcus aureus or streptococcus pyogenes in adult and pediatric patients 2 months of age and older 15.04.2021 4 2-Deoxy-D-Glucose bulk and 2-Deoxy-D-Glucose 2.34g & 5.85g sachet As an adjunct therapy only in moderate to severe Covid-19 patients 01.05.2021 5 Capmatinib 150mg and 200mg film coated tablets Capmatinib is a kinase inhibitor indicated for the treatment of adult patient with metastatic non-small cell lung cancer (NSCLC) whose tumors have a mutation that leads to mesenchymal epithelial transition (MET) exon 14 skipping. 12.05.2021 6 Rucaparib camsylate bulk and Rucaparib tablets 200mg/300mg Ovarian cancer • For the maintenance treatment of adult patients with recurrent epithelial ovarian, fallopian tube, or primary peritoneal cancer who are in a complete or partial response ",List of new drugs approved in the year 2021 till date,https://cdsco.gov.in/opencms/resources/UploadCDSCOWeb/2018/UploadApprovalNewDrugs/new%20drugs%20approval%202021.pdf,unnumbered,2021,CDSCO List of Approved New Drugs,2026-08-05T12:13:39+00:00
1,"H. influenzae, specifically meningeal infections",,,False,False,"H. influenzae, specifically meningeal infections",List of new drugs approved in the year 2020 till date,https://cdsco.gov.in/opencms/resources/UploadCDSCOWeb/2018/UploadApprovalNewDrugs/new%2026setdrugs%20approval%202020.pdf,numbered,2020,CDSCO List of Approved New Drugs,2026-08-05T12:13:39+00:00
2,"Escherichia coli, specifically urinary tract infections",,,False,False,"Escherichia coli, specifically urinary tract infections",List of new drugs approved in the year 2020 till date,https://cdsco.gov.in/opencms/resources/UploadCDSCOWeb/2018/UploadApprovalNewDrugs/new%2026setdrugs%20approval%202020.pdf,numbered,2020,CDSCO List of Approved New Drugs,2026-08-05T12:13:39+00:00
3,"Aerobacter aerogenes, specifically bacteremia",,,False,False,"Aerobacter aerogenes, specifically bacteremia",List of new drugs approved in the year 2020 till date,https://cdsco.gov.in/opencms/resources/UploadCDSCOWeb/2018/UploadApprovalNewDrugs/new%2026setdrugs%20approval%202020.pdf,numbered,2020,CDSCO List of Approved New Drugs,2026-08-05T12:13:39+00:00
4,"Klebsiella pneumoniae, specifically bacteremia 12 Sucroferric oxyhydroxide bulk and Sucroferric oxyhydroxide chewabale tablet 500mg Phosphate binder","indicated for the control of serum phosphorous levels in patients with chronic kidney disease on dialysis 13 Hydrogen peroxide 0.5% w/w wipes Cleans, disinfects and deodorizes hard non- porous inanimate environmental surfaces 14 Centhaquine citrate bulk and Centhaquine citrate injection 1.0mg/vial Add on resuscitative agent for hypovolemic shock 15 Hydrogen peroxide 0.5% w/w spray Cleans, disinfects and deodorizes hard non- porous inanimate environmental surfaces 16 Remdesivir Injection 5 mg/mL and Remdesivir lyophilised powder for Injection 100 mg For treatment of suspected or laboratory conf",2020-03-30,True,True,"Klebsiella pneumoniae, specifically bacteremia 30.03.2020 12 Sucroferric oxyhydroxide bulk and Sucroferric oxyhydroxide chewabale tablet 500mg Phosphate binder indicated for the control of serum phosphorous levels in patients with chronic kidney disease on dialysis 18.04.2020 13 Hydrogen peroxide 0.5% w/w wipes Cleans, disinfects and deodorizes hard non- porous inanimate environmental surfaces 29.04.2020 14 Centhaquine citrate bulk and Centhaquine citrate injection 1.0mg/vial Add on resuscitative agent for hypovolemic shock 14.05.2020 15 Hydrogen peroxide 0.5% w/w spray Cleans, disinfects and deodorizes hard non- porous inanimate environmental surfaces 28.05.2020 16 Remdesivir Injection 5 mg/mL and Remdesivir lyophilised powder for Injection 100 mg For treatment of suspected or laboratory confirmed corona virus disease 2019 (COVID-19) in adults and children hospitalised with severe disea",List of new drugs approved in the year 2020 till date,https://cdsco.gov.in/opencms/resources/UploadCDSCOWeb/2018/UploadApprovalNewDrugs/new%2026setdrugs%20approval%202020.pdf,numbered,2020,CDSCO List of Approved New Drugs,2026-08-05T12:13:39+00:00
1,Hydroxychloroquine Sulphate Tablets 200 mg Acute or Chronic rheumatoid arthritis in adults patients,,2001-09-09,True,False,Hydroxychloroquine Sulphate Tablets 200 mg Acute or Chronic rheumatoid arthritis in adults patients 09-09-2001,Additional Approval status of drugs from 2000 to till date,https://cdsco.gov.in/opencms/resources/UploadCDSCOWeb/2018/UploadApprovalNewDrugs/list%20of%20HCQ.pdf,unnumbered,2000,CDSCO List of Approved New Drugs,2026-08-05T12:13:39+00:00
2,Hydroxychloroquine Sulphate Tablets (addl. Indication) 200 mg Polymorphic light eruption,,2006-10-13,True,False,Hydroxychloroquine Sulphate Tablets (addl. Indication) 200 mg Polymorphic light eruption 13.10.2006,Additional Approval status of drugs from 2000 to till date,https://cdsco.gov.in/opencms/resources/UploadCDSCOWeb/2018/UploadApprovalNewDrugs/list%20of%20HCQ.pdf,unnumbered,2000,CDSCO List of Approved New Drugs,2026-08-05T12:13:39+00:00
1,Fenspiride hydrochloride film coated extended release tablet 80 mg and Fenspiride hydrochloride bulk 1. Acute Rhinosinusitis,,,False,False,Fenspiride hydrochloride film coated extended release tablet 80 mg and Fenspiride hydrochloride bulk 1. Acute Rhinosinusitis,List of new drugs approved in the year 2019 till 30 December 2019,https://cdsco.gov.in/opencms/resources/UploadCDSCOWeb/2018/UploadApprovalNewDrugs/newdrugapprovaldec3119.pdf,unnumbered,2019,CDSCO List of Approved New Drugs,2026-08-05T12:13:39+00:00
2,Moderate persistent asthma as an add- on therapy 2 Bilastine tablets 20 mg and Bilastine Bulk For symptomatic treatment of allergic rhino-conjuctivitis (seasonal and perennial) and utricaria in adults,,2019-02-04,True,False,Moderate persistent asthma as an add- on therapy 04.02.2019 2 Bilastine tablets 20 mg and Bilastine Bulk For symptomatic treatment of allergic rhino-conjuctivitis (seasonal and perennial) and utricaria in adults 06.02.2019,List of new drugs approved in the year 2019 till 30 December 2019,https://cdsco.gov.in/opencms/resources/UploadCDSCOWeb/2018/UploadApprovalNewDrugs/newdrugapprovaldec3119.pdf,unnumbered,2019,CDSCO List of Approved New Drugs,2026-08-05T12:13:39+00:00
3,Iguratimod film coated tablets 25mg and Iguratimod Bulk,For the treatment of active rheumatoid arthritis symptoms,2019-02-18,True,True,Iguratimod film coated tablets 25mg and Iguratimod Bulk For the treatment of active rheumatoid arthritis symptoms 18.02.2019,List of new drugs approved in the year 2019 till 30 December 2019,https://cdsco.gov.in/opencms/resources/UploadCDSCOWeb/2018/UploadApprovalNewDrugs/newdrugapprovaldec3119.pdf,unnumbered,2019,CDSCO List of Approved New Drugs,2026-08-05T12:13:39+00:00
4,Fingolimod Capsules 0.5mg and Fingolimod hydrochloridebulk,For the treatment of patients with relapsing forms of multiple sclerosis (MS) to reduce the frequency of clinical exacerbations and to delay the accumulation of physical disability,2019-03-25,True,True,Fingolimod Capsules 0.5mg and Fingolimod hydrochloridebulk For the treatment of patients with relapsing forms of multiple sclerosis (MS) to reduce the frequency of clinical exacerbations and to delay the accumulation of physical disability. 25.03.2019,List of new drugs approved in the year 2019 till 30 December 2019,https://cdsco.gov.in/opencms/resources/UploadCDSCOWeb/2018/UploadApprovalNewDrugs/newdrugapprovaldec3119.pdf,unnumbered,2019,CDSCO List of Approved New Drugs,2026-08-05T12:13:39+00:00
5,Remogliflozin etabonate bulk and Remogliflozin etabonate film coated tablets 100 mg,"Indicated in adults aged 18 years and older with type2 diabetes mellitus to improve glycemic control as:-  Monotherapy when diet and exercise alone do not provide adequate glyceamic control.  Add on therapy with metformin, together with diet and exercise, when these do not provide adequate glyceamic control",2019-04-26,True,True,"Remogliflozin etabonate bulk and Remogliflozin etabonate film coated tablets 100 mg Indicated in adults aged 18 years and older with type2 diabetes mellitus to improve glycemic control as:-  Monotherapy when diet and exercise alone do not provide adequate glyceamic control.  Add on therapy with metformin, together with diet and exercise, when these do not provide adequate glyceamic control. 26.04.2019",List of new drugs approved in the year 2019 till 30 December 2019,https://cdsco.gov.in/opencms/resources/UploadCDSCOWeb/2018/UploadApprovalNewDrugs/newdrugapprovaldec3119.pdf,unnumbered,2019,CDSCO List of Approved New Drugs,2026-08-05T12:13:39+00:00
6,Concentrate of Proteolytic enzyme enriched in Bromelain topical gel,Indicated for removal of eschar in adults with deep partial-and full-thickness thermal burns,2019-05-17,True,True,Concentrate of Proteolytic enzyme enriched in Bromelain topical gel Indicated for removal of eschar in adults with deep partial-and full-thickness thermal burns 17.05.2019,List of new drugs approved in the year 2019 till 30 December 2019,https://cdsco.gov.in/opencms/resources/UploadCDSCOWeb/2018/UploadApprovalNewDrugs/newdrugapprovaldec3119.pdf,unnumbered,2019,CDSCO List of Approved New Drugs,2026-08-05T12:13:39+00:00
7,"Menotrophin injection 600 IU/ml, 1 ml & 2 ml multi dose vial (Highly purified) Menotropin","is indicated for the treatment of female and male infertility in the following conditions: Anovulation , including Polycystic Ovarian Disease (PCOD), in women who have been unresponsive to the treatment with Clomiphene citrate. Women undegoing controlled ovarian hyperstimulation to induce the development of multiple follicles for Assisted Reproductive Technologies (ART). Hypogonadotropic hypogonadism in men",2019-06-17,True,True,"Menotrophin injection 600 IU/ml, 1 ml & 2 ml multi dose vial (Highly purified) Menotropin is indicated for the treatment of female and male infertility in the following conditions: Anovulation , including Polycystic Ovarian Disease (PCOD), in women who have been unresponsive to the treatment with 17.06.2019 Clomiphene citrate. Women undegoing controlled ovarian hyperstimulation to induce the development of multiple follicles for Assisted Reproductive Technologies (ART). Hypogonadotropic hypogonadism in men.",List of new drugs approved in the year 2019 till 30 December 2019,https://cdsco.gov.in/opencms/resources/UploadCDSCOWeb/2018/UploadApprovalNewDrugs/newdrugapprovaldec3119.pdf,unnumbered,2019,CDSCO List of Approved New Drugs,2026-08-05T12:13:39+00:00
8,Rifapentine 150mg film coated tablet “,"For the treatment of latent tuberculosis infection caused by Mycobacterium tuberculosis in adults and children 2 years and older who are at high risk of progression to tuberculosis disease (including those in close contact with active tuberculosis patients, recent conversion to a positive tuberculin skin test, HIV-infected patients, or those with pulmonary fibrosis on radiograph). Active tuberculosis disease should be ruled out before initiating treatment for latent tuberculosis infection. Rifapentine Tablets 150mg must always be used in combination with isoniazid as a 12- week once-weekly reg",2019-07-08,True,True,"Rifapentine 150mg film coated tablet “For the treatment of latent tuberculosis infection caused by Mycobacterium tuberculosis in adults and children 2 years and older who are at high risk of progression to tuberculosis disease (including those in close contact with active tuberculosis patients, recent conversion to a positive tuberculin skin test, HIV-infected patients, or those with pulmonary fibrosis on radiograph). Active tuberculosis disease should be ruled out before initiating treatment for latent tuberculosis infection. Rifapentine Tablets 150mg must always be used in combination with isoniazid as a 12- week once-weekly regimen for the treatment of latent tuberculosis infection”. 08.07.2019 9 FDC of Bictegravir, Emtricitabine and Tenofovir alafenamide 50mg/200mg/25mg tablets For the treatment of human immunodeficiency virus type 1 (HIV-1) infection in adults who have no antiretrov",List of new drugs approved in the year 2019 till 30 December 2019,https://cdsco.gov.in/opencms/resources/UploadCDSCOWeb/2018/UploadApprovalNewDrugs/newdrugapprovaldec3119.pdf,unnumbered,2019,CDSCO List of Approved New Drugs,2026-08-05T12:13:39+00:00
1,Escitalopram Tablets 15mg 15mg,For treatment of major depressive disorder and panic disorders with or without agoraphobia,2019-09-30,True,True,Escitalopram Tablets 15mg 15mg For treatment of major depressive disorder and panic disorders with or without agoraphobia 30-sep-2019,List of New Drugs 2019,https://cdsco.gov.in/opencms/resources/UploadCDSCOWeb/2018/UploadApprovalNewDrugs/nd2019.pdf,numbered,2019,CDSCO List of Approved New Drugs,2026-08-05T12:13:39+00:00
1,Tenofovir Alafenamide Hemifumarate Bulk Emtricitabine 200mg/200mg +Tenofovir Alafenamide 10/25 mg Tablets In combination with other antiretroviral agents,for treatment of Human Immunodeficiency Virus type-1 (HIV-1) infection in adults and adolescents with aged 12 years and older,2018-01-10,True,True,Tenofovir Alafenamide Hemifumarate Bulk Emtricitabine 200mg/200mg +Tenofovir Alafenamide 10/25 mg Tablets In combination with other antiretroviral agents for treatment of Human Immunodeficiency Virus type-1 (HIV-1) infection in adults and adolescents with aged 12 years and older 10.01.2018,LIST OF NEW DRUGS APPROVED FROM 01-01-2018 to 31.12.2018,https://cdsco.gov.in/opencms/resources/UploadCDSCOWeb/2018/UploadApprovalNewDrugs/rnew%20drugs%20approval%202018.pdf,unnumbered,2018,CDSCO List of Approved New Drugs,2026-08-05T12:13:39+00:00
2,Clofarabine Bulk & Injection 20 mg/20ml vial,For the treatment of patients 1 to 21 years old with relapsed or refractory acute lymphoblastic leukemia after at least two prior regimens. This indication is based upon response rate,2018-01-16,True,True,Clofarabine Bulk & Injection 20 mg/20ml vial For the treatment of patients 1 to 21 years old with relapsed or refractory acute lymphoblastic leukemia after at least two prior regimens. This indication is based upon response rate 16.01.2018,LIST OF NEW DRUGS APPROVED FROM 01-01-2018 to 31.12.2018,https://cdsco.gov.in/opencms/resources/UploadCDSCOWeb/2018/UploadApprovalNewDrugs/rnew%20drugs%20approval%202018.pdf,unnumbered,2018,CDSCO List of Approved New Drugs,2026-08-05T12:13:39+00:00
3,Denaverine Hydrochloride Injection (Vet.) cattle : Facilitation of parturition in heifers; activation of interrupted parturitions; insufficient opening of the soft birth canal; narrowness of the cervix of first and second degree after corrrection of uterine torsions; improvement of the conditions fo,,2018-01-16,True,False,Denaverine Hydrochloride Injection (Vet.) cattle : Facilitation of parturition in heifers; activation of interrupted parturitions; insufficient opening of the soft birth canal; narrowness of the cervix of first and second degree after corrrection of uterine torsions; improvement of the conditions for foetotomy; regulation of labour contractions of the utreus Dogs: Activation of Interrupted parturition 16.01.2018,LIST OF NEW DRUGS APPROVED FROM 01-01-2018 to 31.12.2018,https://cdsco.gov.in/opencms/resources/UploadCDSCOWeb/2018/UploadApprovalNewDrugs/rnew%20drugs%20approval%202018.pdf,unnumbered,2018,CDSCO List of Approved New Drugs,2026-08-05T12:13:39+00:00
4,Netupitant 300 mg + Palonosetron 0.5 mg Capsule For the prevention of acute and delayed nausea and vomiting associated with highly emetogenic Cisplatin-based cancer chemotherapy - For the prevention of acute and delayed nausea and vomiting associated with moderate emetogenic cancer chemotherapy in a,,2018-02-20,True,False,Netupitant 300 mg + Palonosetron 0.5 mg Capsule For the prevention of acute and delayed nausea and vomiting associated with highly emetogenic Cisplatin-based cancer chemotherapy - For the prevention of acute and delayed nausea and vomiting associated with moderate emetogenic cancer chemotherapy in adult 20.02.2018,LIST OF NEW DRUGS APPROVED FROM 01-01-2018 to 31.12.2018,https://cdsco.gov.in/opencms/resources/UploadCDSCOWeb/2018/UploadApprovalNewDrugs/rnew%20drugs%20approval%202018.pdf,unnumbered,2018,CDSCO List of Approved New Drugs,2026-08-05T12:13:39+00:00
5,"Fipronil 6.1 % m/v + Permethrin 54.5% m/V spot on solution for Dog (Vet.) In dogs, to be used against infestations with fleas and/or ticks when repellant (anti feeding) activity is necessary against sand- flies and/or mosquitoes",,2018-02-20,True,False,"Fipronil 6.1 % m/v + Permethrin 54.5% m/V spot on solution for Dog (Vet.) In dogs, to be used against infestations with fleas and/or ticks when repellant (anti feeding) activity is necessary against sand- flies and/or mosquitoes 20.02.2018",LIST OF NEW DRUGS APPROVED FROM 01-01-2018 to 31.12.2018,https://cdsco.gov.in/opencms/resources/UploadCDSCOWeb/2018/UploadApprovalNewDrugs/rnew%20drugs%20approval%202018.pdf,unnumbered,2018,CDSCO List of Approved New Drugs,2026-08-05T12:13:39+00:00
6,"Paziquantel 0.0065 g + Abamectin 0.00025 g tablets for cat (Vet) In infestation of cats with endoparasites tapewoms (teniae), flukes, roundworms (nematodes); with ectoparasites - lice, fleas, pasture ticks, notedric mange (feline scabies), ""walking"" dandruff (cheyletiellosis) and other mange, and pa",,2018-02-20,True,False,"Paziquantel 0.0065 g + Abamectin 0.00025 g tablets for cat (Vet) In infestation of cats with endoparasites tapewoms (teniae), flukes, roundworms (nematodes); with ectoparasites - lice, fleas, pasture ticks, notedric mange (feline scabies), ""walking"" dandruff (cheyletiellosis) and other mange, and particularly in cases of complex endo and 20.02.2018 LIST OF NEW DRUGS APPROVED IN YEAR 2018 ectoparasitic invasion.",LIST OF NEW DRUGS APPROVED FROM 01-01-2018 to 31.12.2018,https://cdsco.gov.in/opencms/resources/UploadCDSCOWeb/2018/UploadApprovalNewDrugs/rnew%20drugs%20approval%202018.pdf,unnumbered,2018,CDSCO List of Approved New Drugs,2026-08-05T12:13:39+00:00
7,Cadexomer Iodine Bulk & Powder 100 % w/w (contain 0.9 % w/v Iodine) or cadexomer Iodine Ointment 500 mg (contains 0.9% w/v iodine),"For the treatment of chronic exuding wounds such as leg ulcers, pressure ulcers and diabetes ulcers infected traumatic and surgical wounds",2018-03-05,True,True,"Cadexomer Iodine Bulk & Powder 100 % w/w (contain 0.9 % w/v Iodine) or cadexomer Iodine Ointment 500 mg (contains 0.9% w/v iodine) For the treatment of chronic exuding wounds such as leg ulcers, pressure ulcers and diabetes ulcers infected traumatic and surgical wounds 05.03.2018",LIST OF NEW DRUGS APPROVED FROM 01-01-2018 to 31.12.2018,https://cdsco.gov.in/opencms/resources/UploadCDSCOWeb/2018/UploadApprovalNewDrugs/rnew%20drugs%20approval%202018.pdf,unnumbered,2018,CDSCO List of Approved New Drugs,2026-08-05T12:13:39+00:00
8,Dalfampridine Bulk & Film coated extented release tablet 10 mg,For treatment to improve walking in patients with multiple Sclerosis (MS),2018-03-12,True,True,Dalfampridine Bulk & Film coated extented release tablet 10 mg For treatment to improve walking in patients with multiple Sclerosis (MS) 12.03.2018,LIST OF NEW DRUGS APPROVED FROM 01-01-2018 to 31.12.2018,https://cdsco.gov.in/opencms/resources/UploadCDSCOWeb/2018/UploadApprovalNewDrugs/rnew%20drugs%20approval%202018.pdf,unnumbered,2018,CDSCO List of Approved New Drugs,2026-08-05T12:13:39+00:00
9,Ulipristal Acetate 5 mg tablets For the pro-operative treatment of moderate to severe symptoms of uterine fibroids in adult women of reproductive age and intermittent treatment of moderate to severe symptoms of uterine fibroids in adult women of reproductive age,,2018-03-14,True,False,Ulipristal Acetate 5 mg tablets For the pro-operative treatment of moderate to severe symptoms of uterine fibroids in adult women of reproductive age and intermittent treatment of moderate to severe symptoms of uterine fibroids in adult women of reproductive age 14.03.2018,LIST OF NEW DRUGS APPROVED FROM 01-01-2018 to 31.12.2018,https://cdsco.gov.in/opencms/resources/UploadCDSCOWeb/2018/UploadApprovalNewDrugs/rnew%20drugs%20approval%202018.pdf,unnumbered,2018,CDSCO List of Approved New Drugs,2026-08-05T12:13:39+00:00
10,Ulipristal Acetate bulk 11 Riociguat bulk & 0.5mg/1.0mg/1.5mg/2.0mg/2.5 mg tablet,"For the treatment of persistent/ recurrent chronic Thromoembolic pulmonary Hypertension (CTEPH) WHO Group 4) After surgical treatment or imoperable CTEPH to improve exercise capacity and WHO function 12 Baricitinib 2mg/4mg film coated Tablets For the treatment of moderate to severe active rheumatoid arthritis in adult patients who have responded inadequately to, or who are intolerant to one or more disease modification anti-rheumatic drugs. Baricitinib may be used as monotherapy or in combination with methotrexate 13 Vortioxetine Hydrobromide 5mg/10mg/15mg/20mg for the treatment of major depre",2018-04-02,True,True,"Ulipristal Acetate bulk 02.04.2018 11 Riociguat bulk & 0.5mg/1.0mg/1.5mg/2.0mg/2.5 mg tablet For the treatment of persistent/ recurrent chronic Thromoembolic pulmonary Hypertension (CTEPH) WHO Group 4) After surgical treatment or imoperable CTEPH to improve exercise capacity and WHO function 16.04.2018 12 Baricitinib 2mg/4mg film coated Tablets For the treatment of moderate to severe active rheumatoid arthritis in adult patients who have responded inadequately to, or who are intolerant to one or more disease modification anti-rheumatic drugs. Baricitinib may be used as monotherapy or in combination with methotrexate 07.05.2018 13 Vortioxetine Hydrobromide 5mg/10mg/15mg/20mg for the treatment of major depressive disorder in adults 14.05.2018 LIST OF NEW DRUGS APPROVED IN YEAR 2018 14 Vardenafil Hydrochloride Trihydrate Bulk and 2.5mg/5mg/10 mg/20 mg tablets Treatment of erectile dysfuncti",LIST OF NEW DRUGS APPROVED FROM 01-01-2018 to 31.12.2018,https://cdsco.gov.in/opencms/resources/UploadCDSCOWeb/2018/UploadApprovalNewDrugs/rnew%20drugs%20approval%202018.pdf,unnumbered,2018,CDSCO List of Approved New Drugs,2026-08-05T12:13:39+00:00
1,Ciprofloxacin 0.3% w/v Eye Drops/Eye Ointment/Ear Drop,Indicated in the treatment of external ocular infection of the eye,1991-02-01,False,True,Ciprofloxacin 0.3% w/v Eye Drops/Eye Ointment/Ear Drop Indicated in the treatment of external ocular infection of the eye. February-1991,LIST OF NEW DRUGS APPROVED IN INDIA FROM 1991 TO 2000,https://cdsco.gov.in/opencms/resources/UploadCDSCOWeb/2018/UploadApprovalNewDrugs/1991-2000.pdf,unnumbered,1991,CDSCO List of Approved New Drugs,2026-08-05T12:13:39+00:00
2,"Diclofenac Sodium 1gm Gel 3 i)Cefaclor Monohydrate 250mg/500mg Capsule. ii)Cefaclor Monohydrate 125mg/5ml & 250mg/5ml Suspension. iii)Cefaclor Monohydrate 100mg/ml Drops. iv)Cefaclor 187mg/5ml Suspension (For paediatric use). Antibiotic- In respiratory infections, ENT infection, UT infections, Skin ","Indicated in the treatment of bovine theileriosis. Veterinary) 8 i)Kitotifen F umerate 1mg Tablet ii)Kitotifen Fumerate Syrup iii)Ketotifen Fumerate N asal Drops Anti asthmatic drug - Indicated in prophylactic treatment of bronchial asthma, symptomatic improvement of allergic conditions including rhinitis and conjunctivitis. 9 i)Pefloxacin Mesylate Dihydrate 400mg Film Coated Tablet ii)Pefloxacin Mesylate Dihydrate 400mg/5ml Injection iii)Pefloxacin Mesylate Dihydrate 400mg I.V Bottles of 100ml/200ml Antibacterial- In the treatment of severe infection in adults caused by sensitive microorganis",1992-02-27,True,True,"Diclofenac Sodium 1gm Gel March-1991 3 i)Cefaclor Monohydrate 250mg/500mg Capsule. ii)Cefaclor Monohydrate 125mg/5ml & 250mg/5ml Suspension. iii)Cefaclor Monohydrate 100mg/ml Drops. iv)Cefaclor 187mg/5ml Suspension (For paediatric use). Antibiotic- In respiratory infections, ENT infection, UT infections, Skin and skin structure infections. April-1991 4 Sheep P ox Vaccine (For Veterinary) April-1991 5 Omeprazole 10mg/20mg Enteric C oated Granules Capsule Short term treatment of duodenal ulcer, gastric ulcer, reflux oesophagitis, management of Zollinger- Ellison syndrome. April-1991 6 i)Nefopam Hydrochloride 30mg Tablet. ii)Nefopam Hydrochloride 20mg/ml Injection. Non narcotic analgesic - Acute and chronic pain, including post-operative pain, dental pain, musculo -skeletal pain, acute traumatic pain and cancer pain. April-1991 7 Buparvaquone 5% w/v Solution for Injection (For Indicated in ",LIST OF NEW DRUGS APPROVED IN INDIA FROM 1991 TO 2000,https://cdsco.gov.in/opencms/resources/UploadCDSCOWeb/2018/UploadApprovalNewDrugs/1991-2000.pdf,unnumbered,1991,CDSCO List of Approved New Drugs,2026-08-05T12:13:39+00:00
3,"Hydroxypyrid- 4-one 250mg/500mg Capsule 136 Haemophilus Type -b Conjugate Vaccine For the indication in infants from 2 months for the prevention of invasive disease such as meningitis, septicemia epiglotitis. 137 Lansoprazole 15mg/ 30mg (as enteric coated granule) Capsule","For the treatment of duodenal ulcer, gastr ic ulcer, reflux oesophagitis, Z ollinger-Ellison syndrome. 138 i)Nimesulide 100mg Tablet ii)Nimesulide 50mg/5ml Suspension iii)Nimesulide Transdermal 1% Gel iv)Nimesulide 50mg/100mg Suppository Inflammatory condition including joint disorders such as rheumatoid arthritis, post traumatic and post operative painful condition and fever. 139 Clonazepam 0.5mg/1.0mg/2.0mg Tablet In the treatment of petitmal and its variant, akinetic and myoclonic seizures. 140 Diclofenac Sodium 0.1% (1mg/ml) Ophthalmic S olution Sterile Indicated in post operative inflamma",1994-12-07,True,True,"Hydroxypyrid- 4-one 250mg/500mg Capsule 7-12-1994 136 Haemophilus Type -b Conjugate Vaccine For the indication in infants from 2 months for the prevention of invasive disease such as meningitis, septicemia epiglotitis. 13-12-1994 137 Lansoprazole 15mg/ 30mg (as enteric coated granule) Capsule For the treatment of duodenal ulcer, gastr ic ulcer, reflux oesophagitis, Z ollinger-Ellison syndrome. 16-12-1994 138 i)Nimesulide 100mg Tablet ii)Nimesulide 50mg/5ml Suspension iii)Nimesulide Transdermal 1% Gel iv)Nimesulide 50mg/100mg Suppository Inflammatory condition including joint disorders such as rheumatoid arthritis, post traumatic and post operative painful condition and fever. 13-1-1995 139 Clonazepam 0.5mg/1.0mg/2.0mg Tablet In the treatment of petitmal and its variant, akinetic and myoclonic seizures. 25-1-1995 140 Diclofenac Sodium 0.1% (1mg/ml) Ophthalmic S olution Sterile Indicated i",LIST OF NEW DRUGS APPROVED IN INDIA FROM 1991 TO 2000,https://cdsco.gov.in/opencms/resources/UploadCDSCOWeb/2018/UploadApprovalNewDrugs/1991-2000.pdf,unnumbered,1991,CDSCO List of Approved New Drugs,2026-08-05T12:13:39+00:00
1,Alogliptin Tablet Film Coated Tablet 6.25 mg/ 12.5 mg/ 25 mg M/s. Takeda Pharmaceutical India Pvt. Ltd,,,False,False,Alogliptin Tablet Film Coated Tablet 6.25 mg/ 12.5 mg/ 25 mg M/s. Takeda Pharmaceutical India Pvt. Ltd,Preliminary List of Products Permitted by DCG(I) and considered as Reference Product for BA/BE Studies (2014-2011),https://cdsco.gov.in/opencms/resources/UploadCDSCOWeb/2018/UploadApprovalNewDrugs/RLD%20from%202014-2011.pdf,unnumbered,2014,CDSCO List of Approved New Drugs,2026-08-05T12:13:39+00:00
2,Dimethyl Fumarate Delayed Release Capsule 120 mg/240 mg M/s. Biogen Idec Biotech India Pvt Ltd. M/s Intas Pharma,,,False,False,Dimethyl Fumarate Delayed Release Capsule 120 mg/240 mg M/s. Biogen Idec Biotech India Pvt Ltd. M/s Intas Pharma,Preliminary List of Products Permitted by DCG(I) and considered as Reference Product for BA/BE Studies (2014-2011),https://cdsco.gov.in/opencms/resources/UploadCDSCOWeb/2018/UploadApprovalNewDrugs/RLD%20from%202014-2011.pdf,unnumbered,2014,CDSCO List of Approved New Drugs,2026-08-05T12:13:39+00:00
3,Roflumilast Tablet 500 mcg M/s. Takeda Pharmaceutical India Pvt. Ltd M/s Intas Pharma M/s Cipla Ltd,,,False,False,Roflumilast Tablet 500 mcg M/s. Takeda Pharmaceutical India Pvt. Ltd M/s Intas Pharma M/s Cipla Ltd.,Preliminary List of Products Permitted by DCG(I) and considered as Reference Product for BA/BE Studies (2014-2011),https://cdsco.gov.in/opencms/resources/UploadCDSCOWeb/2018/UploadApprovalNewDrugs/RLD%20from%202014-2011.pdf,unnumbered,2014,CDSCO List of Approved New Drugs,2026-08-05T12:13:39+00:00
4,Regorafenib Tablet 40mg M/s. Bayer Pharmaceuticals Pvt. Ltd,,,False,False,Regorafenib Tablet 40mg M/s. Bayer Pharmaceuticals Pvt. Ltd.,Preliminary List of Products Permitted by DCG(I) and considered as Reference Product for BA/BE Studies (2014-2011),https://cdsco.gov.in/opencms/resources/UploadCDSCOWeb/2018/UploadApprovalNewDrugs/RLD%20from%202014-2011.pdf,unnumbered,2014,CDSCO List of Approved New Drugs,2026-08-05T12:13:39+00:00
5,Tulobuterol Transdermal patch 0.5 mg/1.0 mg/2.0 mg M/s. Sparsh Pharmaceuticals Ltd,,,False,False,Tulobuterol Transdermal patch 0.5 mg/1.0 mg/2.0 mg M/s. Sparsh Pharmaceuticals Ltd.,Preliminary List of Products Permitted by DCG(I) and considered as Reference Product for BA/BE Studies (2014-2011),https://cdsco.gov.in/opencms/resources/UploadCDSCOWeb/2018/UploadApprovalNewDrugs/RLD%20from%202014-2011.pdf,unnumbered,2014,CDSCO List of Approved New Drugs,2026-08-05T12:13:39+00:00
6,Axitinib Tablet 1mg/5mg Pfizer products India Pvt ltd,,,False,False,Axitinib Tablet 1mg/5mg Pfizer products India Pvt ltd.,Preliminary List of Products Permitted by DCG(I) and considered as Reference Product for BA/BE Studies (2014-2011),https://cdsco.gov.in/opencms/resources/UploadCDSCOWeb/2018/UploadApprovalNewDrugs/RLD%20from%202014-2011.pdf,unnumbered,2014,CDSCO List of Approved New Drugs,2026-08-05T12:13:39+00:00
7,Canagliflozin Tablet 100mg/300mg M/s Johnson & Johnson M/s MSN Laboratories,,,False,False,Canagliflozin Tablet 100mg/300mg M/s Johnson & Johnson M/s MSN Laboratories,Preliminary List of Products Permitted by DCG(I) and considered as Reference Product for BA/BE Studies (2014-2011),https://cdsco.gov.in/opencms/resources/UploadCDSCOWeb/2018/UploadApprovalNewDrugs/RLD%20from%202014-2011.pdf,unnumbered,2014,CDSCO List of Approved New Drugs,2026-08-05T12:13:39+00:00
8,Afatinib Tablet 20 mg/30 mg/40 mg M/s BoehingerIngelheim F.No. DCGI/MISC/2018/34 - 50 mg M/s BoehingerIngelheim,,,False,False,Afatinib Tablet 20 mg/30 mg/40 mg M/s BoehingerIngelheim F.No. DCGI/MISC/2018/34 - 50 mg M/s BoehingerIngelheim,Preliminary List of Products Permitted by DCG(I) and considered as Reference Product for BA/BE Studies (2014-2011),https://cdsco.gov.in/opencms/resources/UploadCDSCOWeb/2018/UploadApprovalNewDrugs/RLD%20from%202014-2011.pdf,unnumbered,2014,CDSCO List of Approved New Drugs,2026-08-05T12:13:39+00:00
9,Nevirapine ER Tablet 400 mg M/s Cipla Ltd. M/s Emcure Pharmaceuticals limited,,,False,False,Nevirapine ER Tablet 400 mg M/s Cipla Ltd. M/s Emcure Pharmaceuticals limited,Preliminary List of Products Permitted by DCG(I) and considered as Reference Product for BA/BE Studies (2014-2011),https://cdsco.gov.in/opencms/resources/UploadCDSCOWeb/2018/UploadApprovalNewDrugs/RLD%20from%202014-2011.pdf,unnumbered,2014,CDSCO List of Approved New Drugs,2026-08-05T12:13:39+00:00
10,Indacaterol Capsule 150mcg/300mcg M/s Cipla Ltd. YEAR 2013 1 Ruxolitinib Tablet 5mg/10 mg/15mg/20 mg M/s Novartis Healthcare Pvt. Ltd. 2 Cefalonium Suspension 250 mg/3G M/s Intervet India Pvt. Ltd. 3 GarenoxacinMesylate Film Coated Tablet 250 mg/3G M/s Glenmark Generics Ltd. 4 Sarogliazar Tablet 2 m,,,False,False,"Indacaterol Capsule 150mcg/300mcg M/s Cipla Ltd. YEAR 2013 1 Ruxolitinib Tablet 5mg/10 mg/15mg/20 mg M/s Novartis Healthcare Pvt. Ltd. 2 Cefalonium Suspension 250 mg/3G M/s Intervet India Pvt. Ltd. 3 GarenoxacinMesylate Film Coated Tablet 250 mg/3G M/s Glenmark Generics Ltd. 4 Sarogliazar Tablet 2 mg/ 4 mg M/s Cadila Healthcare Limited YEAR 2012 1 Agomelatine Tablet 25 mg M/s Precise ChemipharmaPvt. Ltd. M/s Sun Pharmaceuticals Industries Ltd. M/s MSN Laboratories Ltd 2 Tolvaptan Tablets 15 mg/30 mg M/s. MSN Laboratories Ltd. M/s.Cadila F.No. DCGI/MISC/2018/34 Healthcare Ltd M/s. Huve Pharma 3 ColesevelamHCl Tablets & Sachets for oral suspension 625 mg tablet, Sachet..3.75 gm/ 1.875 gm M/s Ind-Swift Labs Ltd. 4 Apixaban Film Coated Tablet 2.5 mg M/s Bristol-Myers Squibb India Pvt. Ltd. - 2.5 mg/5 mg M/s. Pfizer 5 Seratrodast Tablet 40 mg/80 mg M/s Zuventus Healthcare Ltd. 6 Choline Fenof",Preliminary List of Products Permitted by DCG(I) and considered as Reference Product for BA/BE Studies (2014-2011),https://cdsco.gov.in/opencms/resources/UploadCDSCOWeb/2018/UploadApprovalNewDrugs/RLD%20from%202014-2011.pdf,unnumbered,2014,CDSCO List of Approved New Drugs,2026-08-05T12:13:39+00:00
11,Udenafil Tablet 100 mg/200 mg M/s Cadila Healthcare Ltd,,,False,False,Udenafil Tablet 100 mg/200 mg M/s Cadila Healthcare Ltd.,Preliminary List of Products Permitted by DCG(I) and considered as Reference Product for BA/BE Studies (2014-2011),https://cdsco.gov.in/opencms/resources/UploadCDSCOWeb/2018/UploadApprovalNewDrugs/RLD%20from%202014-2011.pdf,unnumbered,2014,CDSCO List of Approved New Drugs,2026-08-05T12:13:39+00:00
12,Crizotinib Hard gelatin capsule 200 mg/250 mg M/s Pfizer pharma,,,False,False,Crizotinib Hard gelatin capsule 200 mg/250 mg M/s Pfizer pharma,Preliminary List of Products Permitted by DCG(I) and considered as Reference Product for BA/BE Studies (2014-2011),https://cdsco.gov.in/opencms/resources/UploadCDSCOWeb/2018/UploadApprovalNewDrugs/RLD%20from%202014-2011.pdf,unnumbered,2014,CDSCO List of Approved New Drugs,2026-08-05T12:13:39+00:00
13,Diclofenac Colestyramine Capsule 75 mg M/s Novartis India Ltd. 1 TiaprideHCl Tablet 25 mg/50 mg/100 mg M/s Intas Pharmaceuticals Ltd. F.No. DCGI/MISC/2018/34 15 TapentadolHCl Tablet 50 mg/75 mg/100 mg M/s Macleods Pharmaceutical Ltd. M/s HeteroLabs Ltd. M/s Precise Biopharma Ltd. M/s.Inventia Health,,,False,False,Diclofenac Colestyramine Capsule 75 mg M/s Novartis India Ltd. 1 TiaprideHCl Tablet 25 mg/50 mg/100 mg M/s Intas Pharmaceuticals Ltd. F.No. DCGI/MISC/2018/34 15 TapentadolHCl Tablet 50 mg/75 mg/100 mg M/s Macleods Pharmaceutical Ltd. M/s HeteroLabs Ltd. M/s Precise Biopharma Ltd. M/s.Inventia Healthcare Pvt Ltd. M/s. MSN Laboratories Ltd M/s.Synokem Pharmaceuticals Ltd M/s. Biodeal Pharmaceuticals Pvt. Ltd M/s. Ind-Swift Ltd M/s. Acme Formulations Pvt Ltd M/s. Theon Pharmaceuticals Ltd M/s. Cadila Healthcare Ltd M/s. Akums Drugs &Pharmaceuticasl ltd M/s. Gena Pharmaceuticals Ltd 16 Ilaprazole Tablet 5 mg/10 mg M/s Lupin Limited M/s Ajanta Pharma F.No. DCGI/MISC/2018/34 Ltd. M/s. Precise Chemipharpma Pvt Ltd 17 Asenapine Malate Sublingual Tablet 5mg/ 10 mg M/s Sun Pharmaceuticals Industries Ltd. M/s. Intas Pharmaceuticals M/s. MSN Lab. Ltd. M/s. Precise Chemipharma M/s.Cadila Healthcare L,Preliminary List of Products Permitted by DCG(I) and considered as Reference Product for BA/BE Studies (2014-2011),https://cdsco.gov.in/opencms/resources/UploadCDSCOWeb/2018/UploadApprovalNewDrugs/RLD%20from%202014-2011.pdf,unnumbered,2014,CDSCO List of Approved New Drugs,2026-08-05T12:13:39+00:00
1,Levocetirizine ODS 2.5mg /5mg (Additional dosage form) For allergic rhinitis and chronic urticaria,,2015-01-14,True,False,Levocetirizine ODS 2.5mg /5mg (Additional dosage form) For allergic rhinitis and chronic urticaria. 14.01.15,LIST OF NEW DRUGS APPROVED 2015,https://cdsco.gov.in/opencms/resources/UploadCDSCOWeb/2018/UploadApprovalNewDrugs/2015.pdf,unnumbered,2015,CDSCO List of Approved New Drugs,2026-08-05T12:13:39+00:00
2,Decitabine Injection 30mg/vial (Additional pack size) 1.,"For treatment of patients with myelodysplastic syndromes (MDS) including previously treated and untreated, de novo and secondary MDS of all French- American-British subtypes(refractory anemia, refractory anemia with ringed sideroblasts, refractory anemia with excess blasts, refractory anemia with excess blasts in transformation, and chronic myelomonocytic leukemia) and intermediate-1, intermediate-2, and high-risk international Prognostic Scoring System groups. 2. For the treatment of adult patients aged 65 yrs and above with newly diagnosed de novo or secondary acute myeloid leukemia, accordi",2015-02-13,True,True,"Decitabine Injection 30mg/vial (Additional pack size) 1. For treatment of patients with myelodysplastic syndromes (MDS) including previously treated and untreated, de novo and secondary MDS of all French- American-British subtypes(refractory anemia, refractory anemia with ringed sideroblasts, refractory anemia with excess blasts, refractory anemia with excess blasts in transformation, and chronic myelomonocytic leukemia) and intermediate-1, intermediate-2, and high-risk international Prognostic Scoring System groups. 2. For the treatment of adult patients aged 65 yrs and above with newly diagnosed de novo or secondary acute myeloid leukemia, according to WHO classification, who are not candidates for standard induction chemotherapy. 13.02.15",LIST OF NEW DRUGS APPROVED 2015,https://cdsco.gov.in/opencms/resources/UploadCDSCOWeb/2018/UploadApprovalNewDrugs/2015.pdf,unnumbered,2015,CDSCO List of Approved New Drugs,2026-08-05T12:13:39+00:00
3,Meloxicam ODT 7.5mg /15 mg(Additional dosage form) Non-steroidal anti-inflammatory,,2015-02-23,True,False,Meloxicam ODT 7.5mg /15 mg(Additional dosage form) Non-steroidal anti-inflammatory. 23.02.15,LIST OF NEW DRUGS APPROVED 2015,https://cdsco.gov.in/opencms/resources/UploadCDSCOWeb/2018/UploadApprovalNewDrugs/2015.pdf,unnumbered,2015,CDSCO List of Approved New Drugs,2026-08-05T12:13:39+00:00
4,Ruxolitinib Tablet 5mg/15mg/20mg (Additional indication) Treatment of patients with polycythemia vera who are resistant to or intolerant of hydroxyurea,,2015-02-23,True,False,Ruxolitinib Tablet 5mg/15mg/20mg (Additional indication) Treatment of patients with polycythemia vera who are resistant to or intolerant of hydroxyurea. 23.02.15,LIST OF NEW DRUGS APPROVED 2015,https://cdsco.gov.in/opencms/resources/UploadCDSCOWeb/2018/UploadApprovalNewDrugs/2015.pdf,unnumbered,2015,CDSCO List of Approved New Drugs,2026-08-05T12:13:39+00:00
5,Gadopentetic acid dimeglumine salt injection 469mg/1ml (0.5mmol) (Additional indication),For use in MRI in adult patients to facilitate visualization of lesions with abnormal vascularity in the body (excluding heart). S.NO Name Of Drug Indication Date of Approval,2015-02-23,True,True,Gadopentetic acid dimeglumine salt injection 469mg/1ml (0.5mmol) (Additional indication) For use in MRI in adult patients to facilitate visualization of lesions with abnormal vascularity in the body (excluding heart). 23.02.15 S.NO Name Of Drug Indication Date of Approval,LIST OF NEW DRUGS APPROVED 2015,https://cdsco.gov.in/opencms/resources/UploadCDSCOWeb/2018/UploadApprovalNewDrugs/2015.pdf,unnumbered,2015,CDSCO List of Approved New Drugs,2026-08-05T12:13:39+00:00
6,Pazopanib Tablet 200mg/400mg (additional indication),For the treatment of patients with advanced Soft Tissue Sarcoma (STS) who have received prior chemotherapy,2015-02-23,True,True,Pazopanib Tablet 200mg/400mg (additional indication) For the treatment of patients with advanced Soft Tissue Sarcoma (STS) who have received prior chemotherapy. 23.02.15,LIST OF NEW DRUGS APPROVED 2015,https://cdsco.gov.in/opencms/resources/UploadCDSCOWeb/2018/UploadApprovalNewDrugs/2015.pdf,unnumbered,2015,CDSCO List of Approved New Drugs,2026-08-05T12:13:39+00:00
7,Eribulin mesylate solution for injection 0.88mg in 2ml vial (Add. Indication),For the treatment of patients with locally advanced or metastatic breast cancer who have progressed after at least one chemotherapeutic regimens for advanced disease. Prior therapy should have included an anthracycline and a taxane in either the adjuvant or metastatic setting unless patients were not suitable for these treatments,2015-02-18,True,True,Eribulin mesylate solution for injection 0.88mg in 2ml vial (Add. Indication) For the treatment of patients with locally advanced or metastatic breast cancer who have progressed after at least one chemotherapeutic regimens for advanced disease. Prior therapy should have included an anthracycline and a taxane in either the adjuvant or metastatic setting unless patients were not suitable for these treatments. 18.02.15,LIST OF NEW DRUGS APPROVED 2015,https://cdsco.gov.in/opencms/resources/UploadCDSCOWeb/2018/UploadApprovalNewDrugs/2015.pdf,unnumbered,2015,CDSCO List of Approved New Drugs,2026-08-05T12:13:39+00:00
8,Abiraterone acetate Tablet 250 mg (Additional Indication),"For the treatment of metastatic castration resistant prostate cancer in adult men who are asymptomatic or mildly symptomatic after failure of androgen deprivation therapy in whom chemotherapy is not yet clinically indicated, with prednisone or prednisolone",2015-03-27,True,True,"Abiraterone acetate Tablet 250 mg (Additional Indication) For the treatment of metastatic castration resistant prostate cancer in adult men who are asymptomatic or mildly symptomatic after failure of androgen deprivation therapy in whom chemotherapy is not yet clinically indicated, with prednisone or prednisolone. 27.03.15",LIST OF NEW DRUGS APPROVED 2015,https://cdsco.gov.in/opencms/resources/UploadCDSCOWeb/2018/UploadApprovalNewDrugs/2015.pdf,unnumbered,2015,CDSCO List of Approved New Drugs,2026-08-05T12:13:39+00:00
9,"Indomethacin Injection 1mg/vial (additional Dosage form) To close a hemodynamically significant patent ductus arteriosus (PDA) in premature infants weighing between 500g and 1750g when after 48 hrs. usual medical management (e.g. fluid restriction, diuretics, digitalis, respiratory support, etc.) is",,2015-04-30,True,False,"Indomethacin Injection 1mg/vial (additional Dosage form) To close a hemodynamically significant patent ductus arteriosus (PDA) in premature infants weighing between 500g and 1750g when after 48 hrs. usual medical management (e.g. fluid restriction, diuretics, digitalis, respiratory support, etc.) is ineffective. Clear-cut clinical evidence of hemodynamically significant patent ductus arteriosus should be present, such as respratory distress, a continous murmur, a hyperactive precordium, cardiomegaly and pulmonary plethora on chest X-ray. 30.04.15",LIST OF NEW DRUGS APPROVED 2015,https://cdsco.gov.in/opencms/resources/UploadCDSCOWeb/2018/UploadApprovalNewDrugs/2015.pdf,unnumbered,2015,CDSCO List of Approved New Drugs,2026-08-05T12:13:39+00:00
10,Ketorolac ODS 10mg (Additional Dosage form),For the treatment of short-term management of post-operative pain and musco-skeletal pain. S.NO Name Of Drug Indication Date of Approval,2015-04-29,True,True,Ketorolac ODS 10mg (Additional Dosage form) For the treatment of short-term management of post-operative pain and musco-skeletal pain. 29.04.15 S.NO Name Of Drug Indication Date of Approval,LIST OF NEW DRUGS APPROVED 2015,https://cdsco.gov.in/opencms/resources/UploadCDSCOWeb/2018/UploadApprovalNewDrugs/2015.pdf,unnumbered,2015,CDSCO List of Approved New Drugs,2026-08-05T12:13:39+00:00
11,Tiamulin hydrogen fumarate solution for injection 162 mg/ml (additional Dosage form),For treatment and prevention of swine dysentery caused by Branchyspira hydodysenteriae. The product is not appropriate for use for the prevention of disease at the level of herd treatment but should only be used for prevention of swine dysentery in individual animals with a known history of exposure to diseased animals,2015-04-17,True,True,Tiamulin hydrogen fumarate solution for injection 162 mg/ml (additional Dosage form) For treatment and prevention of swine dysentery caused by Branchyspira hydodysenteriae. The product is not appropriate for use for the prevention of disease at the level of herd treatment but should only be used for prevention of swine dysentery in individual animals with a known history of exposure to diseased animals. 17.04.15,LIST OF NEW DRUGS APPROVED 2015,https://cdsco.gov.in/opencms/resources/UploadCDSCOWeb/2018/UploadApprovalNewDrugs/2015.pdf,unnumbered,2015,CDSCO List of Approved New Drugs,2026-08-05T12:13:39+00:00
12,Montelukast Orally Disintegrating Strips 4mg/5mg/10mg (additional Dosage form) For the Relief of perennial allergic rhinitis in adults & pediatric patients 6 months of age and older,,2015-05-29,True,False,Montelukast Orally Disintegrating Strips 4mg/5mg/10mg (additional Dosage form) For the Relief of perennial allergic rhinitis in adults & pediatric patients 6 months of age and older. 29.05.15,LIST OF NEW DRUGS APPROVED 2015,https://cdsco.gov.in/opencms/resources/UploadCDSCOWeb/2018/UploadApprovalNewDrugs/2015.pdf,unnumbered,2015,CDSCO List of Approved New Drugs,2026-08-05T12:13:39+00:00
13,"Apixaban Tablets 2.5/5mg (additional Indication) Treatment of deep vein thrombosis (DVT) and pulmonary Embolism (PE), and prevention of Recurrent DVT and PE in adult patients",,2015-05-29,True,False,"Apixaban Tablets 2.5/5mg (additional Indication) Treatment of deep vein thrombosis (DVT) and pulmonary Embolism (PE), and prevention of Recurrent DVT and PE in adult patients. 29.05.15",LIST OF NEW DRUGS APPROVED 2015,https://cdsco.gov.in/opencms/resources/UploadCDSCOWeb/2018/UploadApprovalNewDrugs/2015.pdf,unnumbered,2015,CDSCO List of Approved New Drugs,2026-08-05T12:13:39+00:00
14,Ruxolitinib 10mg tablet (additional Strength) 1.,"For the treatment of patients with myelofibrosis including primary myelofibrosis, post-polycythemeia vera myelofibrosis or post- essential thrombocythemia myelofibrosis 2. Treatment of patients with polycythemia vera who are resistant to or intolerant of hydroxyurea",2015-05-29,True,True,"Ruxolitinib 10mg tablet (additional Strength) 1. For the treatment of patients with myelofibrosis including primary myelofibrosis, post-polycythemeia vera myelofibrosis or post- essential thrombocythemia myelofibrosis 2. Treatment of patients with polycythemia vera who are resistant to or intolerant of hydroxyurea. 29.05.15",LIST OF NEW DRUGS APPROVED 2015,https://cdsco.gov.in/opencms/resources/UploadCDSCOWeb/2018/UploadApprovalNewDrugs/2015.pdf,unnumbered,2015,CDSCO List of Approved New Drugs,2026-08-05T12:13:39+00:00
15,Lorazepam Orodispersible Tablet 1mg/2mg (additional Dosage form) For the management of anxiety disorders or for the short term relief of symptoms of anxiety or anxiety associated with depressive symptoms,,2015-05-29,True,False,Lorazepam Orodispersible Tablet 1mg/2mg (additional Dosage form) For the management of anxiety disorders or for the short term relief of symptoms of anxiety or anxiety associated with depressive symptoms. 29.05.15,LIST OF NEW DRUGS APPROVED 2015,https://cdsco.gov.in/opencms/resources/UploadCDSCOWeb/2018/UploadApprovalNewDrugs/2015.pdf,unnumbered,2015,CDSCO List of Approved New Drugs,2026-08-05T12:13:39+00:00
16,Brimonidine topical gel 0.33% (Add. Dosage form/indication) For the topical treatment of persistent (non- transient) facial erythema of rosacea in adults 18 years of age or older. S.NO Name Of Drug Indication Date of Approval,,2015-06-18,True,False,Brimonidine topical gel 0.33% (Add. Dosage form/indication) For the topical treatment of persistent (non- transient) facial erythema of rosacea in adults 18 years of age or older. 18.06.15 S.NO Name Of Drug Indication Date of Approval,LIST OF NEW DRUGS APPROVED 2015,https://cdsco.gov.in/opencms/resources/UploadCDSCOWeb/2018/UploadApprovalNewDrugs/2015.pdf,unnumbered,2015,CDSCO List of Approved New Drugs,2026-08-05T12:13:39+00:00
17,"Rivaroxaban tablet 2.5mg (add. strength) Rivaroxaban 2.5mg tablet, co-administered with Acetylsalicylic acid (ASA) alone or with ASA plus Clopidogrel or Ticlopidine",is indicated for the prevention of atherothrombotic events in adult patients after an acute coronary syndrome (ACS) with elevated cardiac biomarkers,2015-07-13,True,True,"Rivaroxaban tablet 2.5mg (add. strength) Rivaroxaban 2.5mg tablet, co-administered with Acetylsalicylic acid (ASA) alone or with ASA plus Clopidogrel or Ticlopidine, is indicated for the prevention of atherothrombotic events in adult patients after an acute coronary syndrome (ACS) with elevated cardiac biomarkers. 13.07.15",LIST OF NEW DRUGS APPROVED 2015,https://cdsco.gov.in/opencms/resources/UploadCDSCOWeb/2018/UploadApprovalNewDrugs/2015.pdf,unnumbered,2015,CDSCO List of Approved New Drugs,2026-08-05T12:13:39+00:00
18,Lamotrigine ER Tablet 25mg/50mg/100mg/200 mg Add-on therapy for partial and secondary generalised tonic-clonic seizures,,2012-08-06,True,False,Lamotrigine ER Tablet 25mg/50mg/100mg/200 mg Add-on therapy for partial and secondary generalised tonic-clonic seizures. 06.08.12,LIST OF NEW DRUGS APPROVED 2015,https://cdsco.gov.in/opencms/resources/UploadCDSCOWeb/2018/UploadApprovalNewDrugs/2015.pdf,unnumbered,2015,CDSCO List of Approved New Drugs,2026-08-05T12:13:39+00:00
19,"Feracrylum 3% solution For the management of post-operative wounds cuts, Abrasions as a Haemostatic Agent cum anti-septic",,2002-02-13,True,False,"Feracrylum 3% solution For the management of post-operative wounds cuts, Abrasions as a Haemostatic Agent cum anti-septic. 13-02-2002",LIST OF NEW DRUGS APPROVED 2015,https://cdsco.gov.in/opencms/resources/UploadCDSCOWeb/2018/UploadApprovalNewDrugs/2015.pdf,unnumbered,2015,CDSCO List of Approved New Drugs,2026-08-05T12:13:39+00:00
20,"Feracrylum 3% gel For the management of post-operative wounds cuts, Abrasions as an Haemostatic Agent cum anti-septic",,2002-02-13,True,False,"Feracrylum 3% gel For the management of post-operative wounds cuts, Abrasions as an Haemostatic Agent cum anti-septic. 13-02-2002",LIST OF NEW DRUGS APPROVED 2015,https://cdsco.gov.in/opencms/resources/UploadCDSCOWeb/2018/UploadApprovalNewDrugs/2015.pdf,unnumbered,2015,CDSCO List of Approved New Drugs,2026-08-05T12:13:39+00:00
21,Arteether injection 150mg/mL,Indicated for the treatment of severe malaria including cerebral malaria and as a second line in chloroquine resistant malaria cases only,2010-12-03,True,True,Arteether injection 150mg/mL Indicated for the treatment of severe malaria including cerebral malaria and as a second line in chloroquine resistant malaria cases only. 03-12-2010,LIST OF NEW DRUGS APPROVED 2015,https://cdsco.gov.in/opencms/resources/UploadCDSCOWeb/2018/UploadApprovalNewDrugs/2015.pdf,unnumbered,2015,CDSCO List of Approved New Drugs,2026-08-05T12:13:39+00:00
22,Everolimus dispersible Tablet 0.1mg/0.25mg (additional Indication),"For the prophylaxis of organ rejection in patients receiving a hepatic transplant. In liver transplantation, Everolimus should be used in combination with tacrolimus and corticosteriods. (Condition: Phase-IV trial duly approved by CDSCO shall be conducted in statistically significant number of patients.) S.NO Name Of Drug Indication Date of Approval",2015-08-21,True,True,"Everolimus dispersible Tablet 0.1mg/0.25mg (additional Indication) For the prophylaxis of organ rejection in patients receiving a hepatic transplant. In liver transplantation, Everolimus should be used in combination with tacrolimus and corticosteriods. 21-08-15 (Condition: Phase-IV trial duly approved by CDSCO shall be conducted in statistically significant number of patients.) S.NO Name Of Drug Indication Date of Approval",LIST OF NEW DRUGS APPROVED 2015,https://cdsco.gov.in/opencms/resources/UploadCDSCOWeb/2018/UploadApprovalNewDrugs/2015.pdf,unnumbered,2015,CDSCO List of Approved New Drugs,2026-08-05T12:13:39+00:00
23,Everolimus Tablet 0.25 mg/0.5 mg/0.75 mg/1.0 mg (additional Indication),"For the prophylaxis of organ rejection in patients receiving a hepatic transplant. In liver transplantation, Everolimus should be used in combination with tacrolimus and corticosteriods. (Condition: Phase-IV trial duly approved by CDSCO shall be conducted in statistically significant number of patients.)",2015-08-21,True,True,"Everolimus Tablet 0.25 mg/0.5 mg/0.75 mg/1.0 mg (additional Indication) For the prophylaxis of organ rejection in patients receiving a hepatic transplant. In liver transplantation, Everolimus should be used in combination with tacrolimus and corticosteriods. 21-08-15 (Condition: Phase-IV trial duly approved by CDSCO shall be conducted in statistically significant number of patients.)",LIST OF NEW DRUGS APPROVED 2015,https://cdsco.gov.in/opencms/resources/UploadCDSCOWeb/2018/UploadApprovalNewDrugs/2015.pdf,unnumbered,2015,CDSCO List of Approved New Drugs,2026-08-05T12:13:39+00:00
24,Cetrorelix Acetate injection 0.25mg/0.5ml in 0.5 ml prefilled syringe. (Additional pack size) Prevention of premature ovulation,"in patients undergoing a controlled ovarian stimulation, followed by oocyte pick-up and assisted reproductive techniques",2015-08-26,True,True,"Cetrorelix Acetate injection 0.25mg/0.5ml in 0.5 ml prefilled syringe. (Additional pack size) Prevention of premature ovulation in patients undergoing a controlled ovarian stimulation, followed by oocyte pick-up and assisted reproductive techniques. 26-08-15",LIST OF NEW DRUGS APPROVED 2015,https://cdsco.gov.in/opencms/resources/UploadCDSCOWeb/2018/UploadApprovalNewDrugs/2015.pdf,unnumbered,2015,CDSCO List of Approved New Drugs,2026-08-05T12:13:39+00:00
25,Exenatide 2 mg powder and solvent for prolonged release suspension for injection in a prefilled pen (s.c. Injection) (Additional strength),For treatment of type 2 diabetes mellitus in combination with Metformin Sulphonylurea Thiazolidinedione Metformin and Sulphonylurea Metformin and Thiazolidinedione In Adults who have not achieved adequate glycemic control on maximally tolerated doses of these oral therapies,2015-09-09,True,True,Exenatide 2 mg powder and solvent for prolonged release suspension for injection in a prefilled pen (s.c. Injection) (Additional strength) For treatment of type 2 diabetes mellitus in combination with Metformin Sulphonylurea Thiazolidinedione Metformin and Sulphonylurea Metformin and Thiazolidinedione In Adults who have not achieved adequate glycemic control on maximally tolerated doses of these oral therapies. 09-09-15,LIST OF NEW DRUGS APPROVED 2015,https://cdsco.gov.in/opencms/resources/UploadCDSCOWeb/2018/UploadApprovalNewDrugs/2015.pdf,unnumbered,2015,CDSCO List of Approved New Drugs,2026-08-05T12:13:39+00:00
26,Vitamin D3 (Cholecalciferol) Orally disintegrating strips 2000 IU (additional Dosage form),For the treatment of Vitamin D3 deficiency,2015-10-01,True,True,Vitamin D3 (Cholecalciferol) Orally disintegrating strips 2000 IU (additional Dosage form) For the treatment of Vitamin D3 deficiency. 01-10-15,LIST OF NEW DRUGS APPROVED 2015,https://cdsco.gov.in/opencms/resources/UploadCDSCOWeb/2018/UploadApprovalNewDrugs/2015.pdf,unnumbered,2015,CDSCO List of Approved New Drugs,2026-08-05T12:13:39+00:00
27,Dexamethasone Intravitreal implant 0.7mg (Additional Indication),"For the treatment of visual impairment due to Diabetic Macular Edema (DME) who are pseudophakic or who are considered insufficiently responsive to, or unsuitable for non-corticosteroid therapy. S.NO Name Of Drug Indication Date of Approval",2015-10-12,True,True,"Dexamethasone Intravitreal implant 0.7mg (Additional Indication) For the treatment of visual impairment due to Diabetic Macular Edema (DME) who are pseudophakic or who are considered insufficiently responsive to, or unsuitable for non-corticosteroid therapy. 12-10-15 S.NO Name Of Drug Indication Date of Approval",LIST OF NEW DRUGS APPROVED 2015,https://cdsco.gov.in/opencms/resources/UploadCDSCOWeb/2018/UploadApprovalNewDrugs/2015.pdf,unnumbered,2015,CDSCO List of Approved New Drugs,2026-08-05T12:13:39+00:00
28,Zolpidem Tartarate Orally disintegrating Tablet 5mg/10mg (Additional dosage form) For insomnia,,2015-10-12,True,False,Zolpidem Tartarate Orally disintegrating Tablet 5mg/10mg (Additional dosage form) For insomnia. 12-10-15,LIST OF NEW DRUGS APPROVED 2015,https://cdsco.gov.in/opencms/resources/UploadCDSCOWeb/2018/UploadApprovalNewDrugs/2015.pdf,unnumbered,2015,CDSCO List of Approved New Drugs,2026-08-05T12:13:39+00:00
29,Etodolac i.m injection 400mg/2ml (Additional dosage form),For the treatment of post operative orthopaedic pain,2015-12-14,True,True,Etodolac i.m injection 400mg/2ml (Additional dosage form) For the treatment of post operative orthopaedic pain. 14-12-15,LIST OF NEW DRUGS APPROVED 2015,https://cdsco.gov.in/opencms/resources/UploadCDSCOWeb/2018/UploadApprovalNewDrugs/2015.pdf,unnumbered,2015,CDSCO List of Approved New Drugs,2026-08-05T12:13:39+00:00
1,Treatment of deep vein thrombosis and for prevention of recurrent DVT and pulmonary embolism. 2. For the prevention of stroke and systemic embolism in patient with non-valvular Rivaroxaban tablet 15/20mg arterial fibrillation. 22 (Additional strength/indication),"Indicated for the treatment of patietns with lower body weight i.e 45 to 60kg in Rhemuatoid arthritis, Systemic Lupus Erythematosus & Hydroxychloroquine Sulphate Tablet 300mg Polymorphic Light Eruption 23 (Additional strength/indication) For the treatment of Ginkgo biloba extract Tablet 120mg dementia, vertigo and 24 (Additional strength) tinnitus in adult patients. Treatment of patients with Bendamustine Hydrochloride lyophilised chronic lymphocytic injection 25mg leukemia 25 (Additional strength) As an adjunct to diet and exercise to improve glycemic control in adult patients with Type II Me",2014-08-09,True,True,"Treatment of deep vein thrombosis and for prevention of recurrent DVT and pulmonary embolism. 2. 2.9.14 For the prevention of stroke and systemic embolism in patient with non-valvular Rivaroxaban tablet 15/20mg arterial fibrillation. 22 (Additional strength/indication) Indicated for the treatment of patietns with lower body weight i.e 45 to 60kg in Rhemuatoid arthritis, 9/8/2014 Systemic Lupus Erythematosus & Hydroxychloroquine Sulphate Tablet 300mg Polymorphic Light Eruption 23 (Additional strength/indication) For the treatment of Ginkgo biloba extract Tablet 120mg dementia, vertigo and 9/12/2014 24 (Additional strength) tinnitus in adult patients. Treatment of patients with Bendamustine Hydrochloride lyophilised chronic lymphocytic 19.9.2014 injection 25mg leukemia 25 (Additional strength) As an adjunct to diet and exercise to improve glycemic control in adult 25.9.14 patients with Typ",LIST OF NEW DRUGS APPROVED 2014,https://cdsco.gov.in/opencms/resources/UploadCDSCOWeb/2018/UploadApprovalNewDrugs/2014.pdf,unnumbered,2014,CDSCO List of Approved New Drugs,2026-08-05T12:13:39+00:00
2,"Diabetic 48 mellitus."" 49 50 Alogliptin Tablet 6.25 mg/12.5 mg/ 25 mg 27 08 14 For the “ treatment of advanced renal cell carcinoma after failure of 51 one prior systemic therapy” 52 Axitinib Tablet 1mg/5mg 53","For the treatment of mild to 54 Ulinastatin Injection severe acute pancreatitis. “Indicated as an adjunct to diet and exercise to improve glycemic control in adults 55 with Type- Canagliflozin Tablet 100/300mg Mellitus”. 75 mg tablet: For the treatment of gastro intestinal problem like fanatical dyspepsia, nausea, vomiting and diabetic gastroperisis. 150/200mg: For the treatment of depression Levosulpiride 75/150/200 mg (add. and schizophrenia in 57 Strength) adults. for the treatment of acute uncomplicated urinary tract infections ( acute cystitis) caused by susceptible strains of Nitrofurant",2011-01-11,True,True,"Diabetic 48 mellitus."" 49 50 Alogliptin Tablet 6.25 mg/12.5 mg/ 25 mg 27 08 14 For the “ treatment of advanced renal cell carcinoma after failure of 51 one prior systemic therapy” 52 Axitinib Tablet 1mg/5mg 18.09.14 53 For the treatment of mild to 54 Ulinastatin Injection severe acute pancreatitis. 19.09.14 “Indicated as an adjunct to diet and exercise to improve glycemic control in adults 55 with Type-2 Diabetic 56 Canagliflozin Tablet 100/300mg Mellitus”. 17.11.14 75 mg tablet: For the treatment of gastro intestinal problem like fanatical dyspepsia, nausea, vomiting and diabetic gastroperisis. 150/200mg: For the treatment of depression Levosulpiride 75/150/200 mg (add. and schizophrenia in 57 Strength) adults. 9.12.14 for the treatment of acute uncomplicated urinary tract infections ( acute cystitis) caused by susceptible strains of Nitrofurantoin dispersible tablets 50 mg E.coli or st",LIST OF NEW DRUGS APPROVED 2014,https://cdsco.gov.in/opencms/resources/UploadCDSCOWeb/2018/UploadApprovalNewDrugs/2014.pdf,unnumbered,2014,CDSCO List of Approved New Drugs,2026-08-05T12:13:39+00:00
1,Diclofenac Diethylamine BP 2.32 % w/v Eq to Diclofenac Sodium 2.00 % w/v + Methyl Salicylate IP 10.00% w/v + Menthol 5.00 % w/v + Absolute Alcohol IP 10.00 % v/v Topical Solution (Additional Strength),For the Treatment of Acute Lower Back Pain,2013-01-01,True,True,Diclofenac Diethylamine BP 2.32 % w/v Eq to Diclofenac Sodium 2.00 % w/v + Methyl Salicylate IP 10.00% w/v + Menthol 5.00 % w/v + Absolute Alcohol IP 10.00 % v/v Topical Solution (Additional Strength) For the Treatment of Acute Lower Back Pain 01.01.2013,LIST OF NEW DRUGS APPROVED 2013,https://cdsco.gov.in/opencms/resources/UploadCDSCOWeb/2018/UploadApprovalNewDrugs/2013.pdf,numbered,2013,CDSCO List of Approved New Drugs,2026-08-05T12:13:39+00:00
2,Telmisartan 20mg + Amlodipine Besylate Eq. to Amlodipine 2.5mg + Hydrochlorothizide 6.25mg Tablets (Additional Strength),For the Treatment of Essential Hypertension,2013-01-03,True,True,Telmisartan 20mg + Amlodipine Besylate Eq. to Amlodipine 2.5mg + Hydrochlorothizide 6.25mg Tablets (Additional Strength) For the Treatment of Essential Hypertension 03.01.2013,LIST OF NEW DRUGS APPROVED 2013,https://cdsco.gov.in/opencms/resources/UploadCDSCOWeb/2018/UploadApprovalNewDrugs/2013.pdf,numbered,2013,CDSCO List of Approved New Drugs,2026-08-05T12:13:39+00:00
3,Amlodipine besilate IP Eq. to Amlodipine 10mg + Indapamide SR 1.5 mg Tablet (Additional Strength),For the treatment of mild to moderate Hypertension,2013-01-02,True,True,Amlodipine besilate IP Eq. to Amlodipine 10mg + Indapamide SR 1.5 mg Tablet (Additional Strength) For the treatment of mild to moderate Hypertension 02.01.2013,LIST OF NEW DRUGS APPROVED 2013,https://cdsco.gov.in/opencms/resources/UploadCDSCOWeb/2018/UploadApprovalNewDrugs/2013.pdf,numbered,2013,CDSCO List of Approved New Drugs,2026-08-05T12:13:39+00:00
4,"Nicoumalone Tablets 0.5mg/5mg/6mg For the prevention and treatment of thromboembolic diseases such as venous thrombosis, atrial fibrillation with embolization, pulmonary embolism and",as an adjunct in the treatment of coronary occulsion,2013-01-18,True,True,"Nicoumalone Tablets 0.5mg/5mg/6mg For the prevention and treatment of thromboembolic diseases such as venous thrombosis, atrial fibrillation with embolization, pulmonary embolism and as an adjunct in the treatment of coronary occulsion. 18.1.13",LIST OF NEW DRUGS APPROVED 2013,https://cdsco.gov.in/opencms/resources/UploadCDSCOWeb/2018/UploadApprovalNewDrugs/2013.pdf,numbered,2013,CDSCO List of Approved New Drugs,2026-08-05T12:13:39+00:00
5,Ruxolitinib Tablet 5mg/15mg/20mg,"For the treatment of patients with myelofibrosis including primary myelofibrosis, post-polycythemia vera myelofibrosis or post-essential thrombocythemia myelofibrosis",2013-01-28,True,True,"Ruxolitinib Tablet 5mg/15mg/20mg For the treatment of patients with myelofibrosis including primary myelofibrosis, post-polycythemia vera myelofibrosis or post-essential thrombocythemia myelofibrosis. 28.01.2013",LIST OF NEW DRUGS APPROVED 2013,https://cdsco.gov.in/opencms/resources/UploadCDSCOWeb/2018/UploadApprovalNewDrugs/2013.pdf,numbered,2013,CDSCO List of Approved New Drugs,2026-08-05T12:13:39+00:00
6,DabigatranEtexilateMesilateeq to DabigatranEtexilate 75mg/110mg/150mg For the prevention of venous thromboembolic events,in patients who have undergone orthopaedic surgery,2013-02-11,True,True,DabigatranEtexilateMesilateeq to DabigatranEtexilate 75mg/110mg/150mg For the prevention of venous thromboembolic events in patients who have undergone orthopaedic surgery 11.2.13,LIST OF NEW DRUGS APPROVED 2013,https://cdsco.gov.in/opencms/resources/UploadCDSCOWeb/2018/UploadApprovalNewDrugs/2013.pdf,numbered,2013,CDSCO List of Approved New Drugs,2026-08-05T12:13:39+00:00
7,Dexamethasone Intravitreal Implant 0.7mg (in solid polymer drug delivery system),For the treatment of non-infectious uveitis affecting the posterior segment of the eye. However it should not be used when there is gap in posterior capsule,2013-02-20,True,True,Dexamethasone Intravitreal Implant 0.7mg (in solid polymer drug delivery system) For the treatment of non-infectious uveitis affecting the posterior segment of the eye. However it should not be used when there is gap in posterior capsule. 20.2.13,LIST OF NEW DRUGS APPROVED 2013,https://cdsco.gov.in/opencms/resources/UploadCDSCOWeb/2018/UploadApprovalNewDrugs/2013.pdf,numbered,2013,CDSCO List of Approved New Drugs,2026-08-05T12:13:39+00:00
8,Cefixime Tablets 200mg &Cefixime Oral Suspension 100mg/5ml,For the treatment of enteric (typhpoid) fever,2013-02-22,True,True,Cefixime Tablets 200mg &Cefixime Oral Suspension 100mg/5ml For the treatment of enteric (typhpoid) fever. 22.2.13,LIST OF NEW DRUGS APPROVED 2013,https://cdsco.gov.in/opencms/resources/UploadCDSCOWeb/2018/UploadApprovalNewDrugs/2013.pdf,numbered,2013,CDSCO List of Approved New Drugs,2026-08-05T12:13:39+00:00
9,Diclofenac Colestyramine 145.6mg Capsule Corresponding to Diclofenac Sodium 75mg (Additional Indication),For the treatment of post-traumatic or post-operative swelling and inflammation,2013-02-25,True,True,Diclofenac Colestyramine 145.6mg Capsule Corresponding to Diclofenac Sodium 75mg (Additional Indication) For the treatment of post-traumatic or post-operative swelling and inflammation 25.2.13,LIST OF NEW DRUGS APPROVED 2013,https://cdsco.gov.in/opencms/resources/UploadCDSCOWeb/2018/UploadApprovalNewDrugs/2013.pdf,numbered,2013,CDSCO List of Approved New Drugs,2026-08-05T12:13:39+00:00
10,Saroglitazar 2mg/4mg Tablets,For the treatment of diabetic dyslipidemia and hypertriglyceridemia with type-2 diabetes mellitus not controlled by statin therapy,2013-02-25,True,True,Saroglitazar 2mg/4mg Tablets For the treatment of diabetic dyslipidemia and hypertriglyceridemia with type-2 diabetes mellitus not controlled by statin therapy 25.2.13,LIST OF NEW DRUGS APPROVED 2013,https://cdsco.gov.in/opencms/resources/UploadCDSCOWeb/2018/UploadApprovalNewDrugs/2013.pdf,numbered,2013,CDSCO List of Approved New Drugs,2026-08-05T12:13:39+00:00
11,Tadalafil Tablet 2.5mg/5mg 1.,For the treatment of erectile dysfunction. 2. For the treatment of erectile dysfunction with benign prostatic hyperplasia,2013-02-27,True,True,Tadalafil Tablet 2.5mg/5mg 1.For the treatment of erectile dysfunction. 2. For the treatment of erectile dysfunction with benign prostatic hyperplasia. 27.2.13,LIST OF NEW DRUGS APPROVED 2013,https://cdsco.gov.in/opencms/resources/UploadCDSCOWeb/2018/UploadApprovalNewDrugs/2013.pdf,numbered,2013,CDSCO List of Approved New Drugs,2026-08-05T12:13:39+00:00
12,Azithromycin Tablet 250mg/500mg,For the treatment in uncomplicated multidrug resistant enteric fever only,2013-03-06,True,True,Azithromycin Tablet 250mg/500mg For the treatment in uncomplicated multidrug resistant enteric fever only 6.3.13,LIST OF NEW DRUGS APPROVED 2013,https://cdsco.gov.in/opencms/resources/UploadCDSCOWeb/2018/UploadApprovalNewDrugs/2013.pdf,numbered,2013,CDSCO List of Approved New Drugs,2026-08-05T12:13:39+00:00
13,BetahistineDihydrochloride SR Tablets 24mg/32mg/48mg For the symptomatic treatment of peripheral vertigo,,2013-03-14,True,False,BetahistineDihydrochloride SR Tablets 24mg/32mg/48mg For the symptomatic treatment of peripheral vertigo 14.3.13,LIST OF NEW DRUGS APPROVED 2013,https://cdsco.gov.in/opencms/resources/UploadCDSCOWeb/2018/UploadApprovalNewDrugs/2013.pdf,numbered,2013,CDSCO List of Approved New Drugs,2026-08-05T12:13:39+00:00
14,Palonosetron Melt in Mouth Tablets 0.5mg For prevention of chemotherapy induced nausea and vomiting,,2013-03-19,True,False,Palonosetron Melt in Mouth Tablets 0.5mg For prevention of chemotherapy induced nausea and vomiting 19.3.13,LIST OF NEW DRUGS APPROVED 2013,https://cdsco.gov.in/opencms/resources/UploadCDSCOWeb/2018/UploadApprovalNewDrugs/2013.pdf,numbered,2013,CDSCO List of Approved New Drugs,2026-08-05T12:13:39+00:00
15,Iobitridol Solution for Injection Each 100mg solution contain 65.81 g Iobitridolcorressponding mass of Iodine 30gm By intracavity route for Arthrography and Hysterosalpingography,,2013-03-19,True,False,Iobitridol Solution for Injection Each 100mg solution contain 65.81 g Iobitridolcorressponding mass of Iodine 30gm By intracavity route for Arthrography and Hysterosalpingography. 19.3.13,LIST OF NEW DRUGS APPROVED 2013,https://cdsco.gov.in/opencms/resources/UploadCDSCOWeb/2018/UploadApprovalNewDrugs/2013.pdf,numbered,2013,CDSCO List of Approved New Drugs,2026-08-05T12:13:39+00:00
16,Everolimus 2.5mg/5mg/10mg Tablets 1.,For the treatment of tuberous sclerosis complex (TSC) who have renal angiomyolipoma not requiring immediate surgery. 2. For the treatment of postmenopausal women with hormone receptor positive advanced breast cancer in combination with an aromatase inhibitor,2013-03-21,True,True,Everolimus 2.5mg/5mg/10mg Tablets 1. For the treatment of tuberous sclerosis complex (TSC) who have renal angiomyolipoma not requiring immediate surgery. 2. For the treatment of postmenopausal women with hormone receptor positive advanced breast cancer in combination with an aromatase inhibitor. 21.3.13,LIST OF NEW DRUGS APPROVED 2013,https://cdsco.gov.in/opencms/resources/UploadCDSCOWeb/2018/UploadApprovalNewDrugs/2013.pdf,numbered,2013,CDSCO List of Approved New Drugs,2026-08-05T12:13:39+00:00
17,Each sustained release tablet contains: Thiocolchicoside IP 8/16mg + Lornoxicam 8/16mg (Additional Strength),For the treatment of patients with acute painful musculoskeletal conditions,2013-04-08,True,True,Each sustained release tablet contains: Thiocolchicoside IP 8/16mg + Lornoxicam 8/16mg (Additional Strength) For the treatment of patients with acute painful musculoskeletal conditions 08.04.2013,LIST OF NEW DRUGS APPROVED 2013,https://cdsco.gov.in/opencms/resources/UploadCDSCOWeb/2018/UploadApprovalNewDrugs/2013.pdf,numbered,2013,CDSCO List of Approved New Drugs,2026-08-05T12:13:39+00:00
18,Combination of Lactic Acid Bacteria (VSL#3) Sachet For mild to moderately active ulcerative colitis as an adjunctive therapy subject to condition that it should not be used,in patients who are on steroids or immunocompromised,2013-04-08,True,True,Combination of Lactic Acid Bacteria (VSL#3) Sachet For mild to moderately active ulcerative colitis as an adjunctive therapy subject to condition that it should not be used in patients who are on steroids or immunocompromised. 8.4.13,LIST OF NEW DRUGS APPROVED 2013,https://cdsco.gov.in/opencms/resources/UploadCDSCOWeb/2018/UploadApprovalNewDrugs/2013.pdf,numbered,2013,CDSCO List of Approved New Drugs,2026-08-05T12:13:39+00:00
19,Tolperisone HCl 450mg + Diclofenac Sodium IP100mg SR tablets (Additional Strength) For the treament of Patients with acute muscle/musculo skeletal spasm in adult,,2013-04-12,True,False,Tolperisone HCl 450mg + Diclofenac Sodium IP100mg SR tablets (Additional Strength) For the treament of Patients with acute muscle/musculo skeletal spasm in adult 12.04.2013,LIST OF NEW DRUGS APPROVED 2013,https://cdsco.gov.in/opencms/resources/UploadCDSCOWeb/2018/UploadApprovalNewDrugs/2013.pdf,numbered,2013,CDSCO List of Approved New Drugs,2026-08-05T12:13:39+00:00
20,Telmisartan IP 80mg + Hydrochlorothiazide IP 25mg uncoated bilayered tablet (Additional Strength),For the treatment of hypertension as second line therapy,2013-05-14,True,True,Telmisartan IP 80mg + Hydrochlorothiazide IP 25mg uncoated bilayered tablet (Additional Strength) For the treatment of hypertension as second line therapy 14.05.2013,LIST OF NEW DRUGS APPROVED 2013,https://cdsco.gov.in/opencms/resources/UploadCDSCOWeb/2018/UploadApprovalNewDrugs/2013.pdf,numbered,2013,CDSCO List of Approved New Drugs,2026-08-05T12:13:39+00:00
21,Carboxy Methyl Cellulose Sodium Lubricant Eye Drops 0.5% w/v (Unit dose pack without preservative) For temporary relief from burning irritation and discomfort due to dryness of the eye or due to exposure to wind or sun. May also be used as a protectant against further irritation,,2013-05-27,True,False,Carboxy Methyl Cellulose Sodium Lubricant Eye Drops 0.5% w/v (Unit dose pack without preservative) For temporary relief from burning irritation and discomfort due to dryness of the eye or due to exposure to wind or sun. May also be used as a protectant against further irritation. 27.5.13,LIST OF NEW DRUGS APPROVED 2013,https://cdsco.gov.in/opencms/resources/UploadCDSCOWeb/2018/UploadApprovalNewDrugs/2013.pdf,numbered,2013,CDSCO List of Approved New Drugs,2026-08-05T12:13:39+00:00
22,Garenoxacin Mesylate tablets 200mg,For the treatment of bacterial respiratory tract infection,2013-06-07,True,True,Garenoxacin Mesylate tablets 200mg For the treatment of bacterial respiratory tract infection 07.06.13,LIST OF NEW DRUGS APPROVED 2013,https://cdsco.gov.in/opencms/resources/UploadCDSCOWeb/2018/UploadApprovalNewDrugs/2013.pdf,numbered,2013,CDSCO List of Approved New Drugs,2026-08-05T12:13:39+00:00
23,Trimethoxysilyl Quaternary Ammonium Chloride 0.40% hand protectant and sanitizer Hand Protectant and Sanitizer for external use. Effective upto 24 hours,,2013-06-11,True,False,Trimethoxysilyl Quaternary Ammonium Chloride 0.40% hand protectant and sanitizer Hand Protectant and Sanitizer for external use. Effective upto 24 hours. 11.06.13,LIST OF NEW DRUGS APPROVED 2013,https://cdsco.gov.in/opencms/resources/UploadCDSCOWeb/2018/UploadApprovalNewDrugs/2013.pdf,numbered,2013,CDSCO List of Approved New Drugs,2026-08-05T12:13:39+00:00
24,Sildenafil Citrate Orally Disintegrating Strips. 25mg/50mg (Additional Dosage Form),For the treatment of erectile dysfunction,2013-07-05,True,True,Sildenafil Citrate Orally Disintegrating Strips. 25mg/50mg (Additional Dosage Form) For the treatment of erectile dysfunction. 05.07.2013,LIST OF NEW DRUGS APPROVED 2013,https://cdsco.gov.in/opencms/resources/UploadCDSCOWeb/2018/UploadApprovalNewDrugs/2013.pdf,numbered,2013,CDSCO List of Approved New Drugs,2026-08-05T12:13:39+00:00
25,Dextromethorphan Hydrobromide Extended Release suspension 30mg/5ml (Additional Dosage Form) For the relief of persistent dry irritating cough in adults patients only,,2013-08-01,True,False,Dextromethorphan Hydrobromide Extended Release suspension 30mg/5ml (Additional Dosage Form) For the relief of persistent dry irritating cough in adults patients only. 01.08.2013.,LIST OF NEW DRUGS APPROVED 2013,https://cdsco.gov.in/opencms/resources/UploadCDSCOWeb/2018/UploadApprovalNewDrugs/2013.pdf,numbered,2013,CDSCO List of Approved New Drugs,2026-08-05T12:13:39+00:00
26,Iron (III) isomaltoside 1000 solution for injection/infusion 100mg per ml,For the treatment of iron deficiency anaemia when oral iron preparations are ineffective or cannot be used and when there is a clinical need to deliver iron rapidly,2013-08-20,True,True,Iron (III) isomaltoside 1000 solution for injection/infusion 100mg per ml For the treatment of iron deficiency anaemia when oral iron preparations are ineffective or cannot be used and when there is a clinical need to deliver iron rapidly. 20.08.13,LIST OF NEW DRUGS APPROVED 2013,https://cdsco.gov.in/opencms/resources/UploadCDSCOWeb/2018/UploadApprovalNewDrugs/2013.pdf,numbered,2013,CDSCO List of Approved New Drugs,2026-08-05T12:13:39+00:00
27,Tramadol HCL 200mg Controlled Release tablet (Additional Dosage Form),For use in in-patients under hospital settings for severe acute pain for a period not exceeding 5 days,2013-09-12,True,True,Tramadol HCL 200mg Controlled Release tablet (Additional Dosage Form) For use in in-patients under hospital settings for severe acute pain for a period not exceeding 5 days. 12.09.13,LIST OF NEW DRUGS APPROVED 2013,https://cdsco.gov.in/opencms/resources/UploadCDSCOWeb/2018/UploadApprovalNewDrugs/2013.pdf,numbered,2013,CDSCO List of Approved New Drugs,2026-08-05T12:13:39+00:00
28,FDC of Aeterolane Malate (150mg) + Piperaquine Phosphate (750mg) Tablet Treatment of acute uncomplicated malaria infection due to Plasmodium vivax in adults,,2013-10-11,True,False,FDC of Aeterolane Malate (150mg) + Piperaquine Phosphate (750mg) Tablet Treatment of acute uncomplicated malaria infection due to Plasmodium vivax in adults 11.10.2013,LIST OF NEW DRUGS APPROVED 2013,https://cdsco.gov.in/opencms/resources/UploadCDSCOWeb/2018/UploadApprovalNewDrugs/2013.pdf,numbered,2013,CDSCO List of Approved New Drugs,2026-08-05T12:13:39+00:00
29,Micronised Purified Flavonoid Fraction of Rutacea 1000 mg (MPFF) Each film coated tablet contains “Diosmin 900mg and Flavonoids expressed as Hesperidine 100mg of Micronised Purified Flavonoid Fraction of Acute hemorrhoid piles. Rutaceae 1000mg (MPFF) (Additional strength),,2013-11-28,True,False,Micronised Purified Flavonoid Fraction of Rutacea 1000 mg (MPFF) Each film coated tablet contains “Diosmin 900mg and Flavonoids expressed as Hesperidine 100mg of Micronised Purified Flavonoid Fraction of Acute hemorrhoid piles. 28.11.13 Rutaceae 1000mg (MPFF) (Additional strength),LIST OF NEW DRUGS APPROVED 2013,https://cdsco.gov.in/opencms/resources/UploadCDSCOWeb/2018/UploadApprovalNewDrugs/2013.pdf,numbered,2013,CDSCO List of Approved New Drugs,2026-08-05T12:13:39+00:00
30,"Artesunate injection. Each combipack contains: ""Artesunate for injection 120mg ( Each vial contains Artesunate IP 120mg), Sodium bicarbonate injection IP 5%w/v (Each 2ml ampoule contains: Sodium Bicarbonate IP 5% w/v), Sodium chloride Injection IP 0.9% w/v (Each 10ml ampoule contains: Sodium chlorid",for use in severe malaria including cerebral malaria and as a second line in chloroquine resistant malaria cases only,2013-11-13,True,True,"Artesunate injection. Each combipack contains: ""Artesunate for injection 120mg ( Each vial contains Artesunate IP 120mg), Sodium bicarbonate injection IP 5%w/v (Each 2ml ampoule contains: Sodium Bicarbonate IP 5% w/v), Sodium chloride Injection IP 0.9% w/v (Each 10ml ampoule contains: Sodium chloride IP 0.9% w/v)"" (Additional strength) Promoted for use in severe malaria including cerebral malaria and as a second line in chloroquine resistant malaria cases only. 13.11.13",LIST OF NEW DRUGS APPROVED 2013,https://cdsco.gov.in/opencms/resources/UploadCDSCOWeb/2018/UploadApprovalNewDrugs/2013.pdf,numbered,2013,CDSCO List of Approved New Drugs,2026-08-05T12:13:39+00:00
31,Tapentadol Extended release Tablet 50mg (Additional Strength),For use in in-patients for dose titration under hospital settings for severe acute pain for a period not exceeding 5 days,2013-11-12,True,True,Tapentadol Extended release Tablet 50mg (Additional Strength) For use in in-patients for dose titration under hospital settings for severe acute pain for a period not exceeding 5 days. 12.11.13,LIST OF NEW DRUGS APPROVED 2013,https://cdsco.gov.in/opencms/resources/UploadCDSCOWeb/2018/UploadApprovalNewDrugs/2013.pdf,numbered,2013,CDSCO List of Approved New Drugs,2026-08-05T12:13:39+00:00
32,Divalproex Sodium Oral Solution 500mg/5ml (Additional Dosage Form) For monotherapy and adjunctive therapy in the treatment of patients with complex partial seizures that occur either in isolation or in association with types of seizures for adult patients only,,2013-12-23,True,False,Divalproex Sodium Oral Solution 500mg/5ml (Additional Dosage Form) For monotherapy and adjunctive therapy in the treatment of patients with complex partial seizures that occur either in isolation or in association with types of seizures for adult patients only. 23.12.13,LIST OF NEW DRUGS APPROVED 2013,https://cdsco.gov.in/opencms/resources/UploadCDSCOWeb/2018/UploadApprovalNewDrugs/2013.pdf,numbered,2013,CDSCO List of Approved New Drugs,2026-08-05T12:13:39+00:00
33,"Diclofenac Sodium Sustained Release Tablet (Two layered tablets) 150mg. Each tablet contains Diclofenac Sodium IP-125 mg Slow Release, Diclofenac Sodium IP-25 mg Immediate Release(Additional Dosage Form) For symptomatic treatment of pain and inflammation in irritation in association with degenerativ",,2013-12-20,True,False,"Diclofenac Sodium Sustained Release Tablet (Two layered tablets) 150mg. Each tablet contains Diclofenac Sodium IP-125 mg Slow Release, Diclofenac Sodium IP-25 mg Immediate Release(Additional Dosage Form) For symptomatic treatment of pain and inflammation in irritation in association with degenerative joint disease/osteoarthritis. 20.12.13",LIST OF NEW DRUGS APPROVED 2013,https://cdsco.gov.in/opencms/resources/UploadCDSCOWeb/2018/UploadApprovalNewDrugs/2013.pdf,numbered,2013,CDSCO List of Approved New Drugs,2026-08-05T12:13:39+00:00
34,"Ivabradine HCL Tablets 5mg/7.5mg (Additional indication) Additional indication of ""treatment of chronic heart failure in chronic heart failure NYHA II to IV class with systolic dysfunction","in patients in sinus rhythm and whose heart rate is > 75 bpm, in combination with standard therapy including beta-blocker therapy or when beta-blocker therapy is contraindicated or not tolerated”",2013-12-19,True,True,"Ivabradine HCL Tablets 5mg/7.5mg (Additional indication) Additional indication of ""treatment of chronic heart failure in chronic heart failure NYHA II to IV class with systolic dysfunction, in patients in sinus rhythm and whose heart rate is > 75 bpm, in combination with standard therapy including beta-blocker therapy or when beta-blocker therapy is contraindicated or not tolerated”. 19.12.13",LIST OF NEW DRUGS APPROVED 2013,https://cdsco.gov.in/opencms/resources/UploadCDSCOWeb/2018/UploadApprovalNewDrugs/2013.pdf,numbered,2013,CDSCO List of Approved New Drugs,2026-08-05T12:13:39+00:00
35,Risperidone prolonged release suspension for injection (Deep Intramuscular Deltoid route using appropriate safety needle) (Additional route of administration) Same as already approved,,2013-12-19,True,False,Risperidone prolonged release suspension for injection (Deep Intramuscular Deltoid route using appropriate safety needle) (Additional route of administration) Same as already approved 19.12.13,LIST OF NEW DRUGS APPROVED 2013,https://cdsco.gov.in/opencms/resources/UploadCDSCOWeb/2018/UploadApprovalNewDrugs/2013.pdf,numbered,2013,CDSCO List of Approved New Drugs,2026-08-05T12:13:39+00:00
1,Ornidazole IP 1 % w/w + Povidone Iodine IP (0.5% w/w available Iodine) 5% w/w Ointment For the prevention and treatment of surgical wound infection s in adult patients undergoing surgery,,2012-01-03,True,False,Ornidazole IP 1 % w/w + Povidone Iodine IP (0.5% w/w available Iodine) 5% w/w Ointment For the prevention and treatment of surgical wound infection s in adult patients undergoing surgery 03.01.12,LIST OF NEW DRUGS APPROVED 2012,https://cdsco.gov.in/opencms/resources/UploadCDSCOWeb/2018/UploadApprovalNewDrugs/2012.pdf,numbered,2012,CDSCO List of Approved New Drugs,2026-08-05T12:13:39+00:00
2,Aceclofenac IP (Sustained released pellets) 200mg/200mg + Thiocolchicoside IP (Sustained released pellets) 8mg/16mg Capsules. (New Dosage Form),For the treatment of acute inflammation conditions associated with spasm in adults only,2012-01-04,True,True,Aceclofenac IP (Sustained released pellets) 200mg/200mg + Thiocolchicoside IP (Sustained released pellets) 8mg/16mg Capsules. (New Dosage Form) For the treatment of acute inflammation conditions associated with spasm in adults only 04.01.12,LIST OF NEW DRUGS APPROVED 2012,https://cdsco.gov.in/opencms/resources/UploadCDSCOWeb/2018/UploadApprovalNewDrugs/2012.pdf,numbered,2012,CDSCO List of Approved New Drugs,2026-08-05T12:13:39+00:00
3,Budesonide IP 1mg/0.5mg + Formoterol Fumarate Dihydrate IP eq to Formoterol Fumarate 20mcg/20mcg Respirator suspension. (Additional Indication) In the regular treatment of patients with moderate to severe Chronic Obstructive Pulmonary Disease (COPD) with frequent symptoms and a history of exacerbati,,2012-01-04,True,False,Budesonide IP 1mg/0.5mg + Formoterol Fumarate Dihydrate IP eq to Formoterol Fumarate 20mcg/20mcg Respirator suspension. (Additional Indication) In the regular treatment of patients with moderate to severe Chronic Obstructive Pulmonary Disease (COPD) with frequent symptoms and a history of exacerbations. 04.01.12,LIST OF NEW DRUGS APPROVED 2012,https://cdsco.gov.in/opencms/resources/UploadCDSCOWeb/2018/UploadApprovalNewDrugs/2012.pdf,numbered,2012,CDSCO List of Approved New Drugs,2026-08-05T12:13:39+00:00
4,Diclofenac Sodium IP (Enteric coated granules) 50mg + Eperisone Hcl IP (Tablet) 50mg Hard Gelatin Capsules. (New Dosage Form),For the treatment of Patients with acute musculoskeletal spasm associated with low back pain,2012-01-06,True,True,Diclofenac Sodium IP (Enteric coated granules) 50mg + Eperisone Hcl IP (Tablet) 50mg Hard Gelatin Capsules. (New Dosage Form) For the treatment of Patients with acute musculoskeletal spasm associated with low back pain 06.01.12,LIST OF NEW DRUGS APPROVED 2012,https://cdsco.gov.in/opencms/resources/UploadCDSCOWeb/2018/UploadApprovalNewDrugs/2012.pdf,numbered,2012,CDSCO List of Approved New Drugs,2026-08-05T12:13:39+00:00
5,Degarelix for Injection 80mg / 120mg per vial,For the treatment of adult patients with advanced hormone dependent prostate cancer,2012-01-19,True,True,Degarelix for Injection 80mg / 120mg per vial For the treatment of adult patients with advanced hormone dependent prostate cancer. 19.01.12,LIST OF NEW DRUGS APPROVED 2012,https://cdsco.gov.in/opencms/resources/UploadCDSCOWeb/2018/UploadApprovalNewDrugs/2012.pdf,numbered,2012,CDSCO List of Approved New Drugs,2026-08-05T12:13:39+00:00
6,Linagliptin film coated Tablet 5mg,As an adjunct to diet and exercise to improve glycemic control in adults with type 2 diabetes mellitus. Important limitations of use: 1. Should not be used in patients with type 1 diabetes or for the treatment of diabetic ketoacidosis. 2. Has not been studied in combination with insulin,2012-01-23,True,True,Linagliptin film coated Tablet 5mg As an adjunct to diet and exercise to improve glycemic control in adults with type 2 diabetes mellitus. Important limitations of use: 1. Should not be used in patients with type 1 diabetes or for the treatment of diabetic ketoacidosis. 2. Has not been studied in combination with insulin. 23.01.12,LIST OF NEW DRUGS APPROVED 2012,https://cdsco.gov.in/opencms/resources/UploadCDSCOWeb/2018/UploadApprovalNewDrugs/2012.pdf,numbered,2012,CDSCO List of Approved New Drugs,2026-08-05T12:13:39+00:00
7,Eribulin mesylate solution for injection 0.88mg / 2ml vial,For the treatment of patients with locally advanced or metastatic breast cancer who have progressed after at least two chemotherapeutic regimens for advanced disease. Prior therapy should have included an anthracycline and a taxane unless patients were not suitable for these treatments,2012-01-27,True,True,Eribulin mesylate solution for injection 0.88mg / 2ml vial For the treatment of patients with locally advanced or metastatic breast cancer who have progressed after at least two chemotherapeutic regimens for advanced disease. Prior therapy should have included an anthracycline and a taxane unless patients were not suitable for these treatments. 27.01.12,LIST OF NEW DRUGS APPROVED 2012,https://cdsco.gov.in/opencms/resources/UploadCDSCOWeb/2018/UploadApprovalNewDrugs/2012.pdf,numbered,2012,CDSCO List of Approved New Drugs,2026-08-05T12:13:39+00:00
8,Plerixafor Injection 20mg/ml In combination with Granulocyte Colony Stimulating Factor (G-CSF) to enhance mobilisation of hematopoietic stem cells to the peripheral blood for collection and subsequent autologous hematopoeitic stem cells transplantation,in patients with non-Hodgkin’s lymphoma and multiple myeloma whose cells mobilise poorly,2012-01-31,True,True,Plerixafor Injection 20mg/ml In combination with Granulocyte Colony Stimulating Factor (G-CSF) to enhance mobilisation of hematopoietic stem cells to the peripheral blood for collection and subsequent autologous hematopoeitic stem cells transplantation in patients with non-Hodgkin’s lymphoma and multiple myeloma whose cells mobilise poorly. 31.01.12,LIST OF NEW DRUGS APPROVED 2012,https://cdsco.gov.in/opencms/resources/UploadCDSCOWeb/2018/UploadApprovalNewDrugs/2012.pdf,numbered,2012,CDSCO List of Approved New Drugs,2026-08-05T12:13:39+00:00
9,"Cephalexin IP (as monohydrate) 200mg + Kanamycin IP (as monosulphate) 100,000 IU Suspension per 10 gm Intramammary Suspension","For the treatment of clinical mastitis in lactating dairy cows for bacteria susceptible to the combination of cephalexin and kanamycin such as Staphylococcus aureus, Streptococcus dysgalactiae, Streptococcus uberis and Escheria coli",2012-03-07,True,True,"Cephalexin IP (as monohydrate) 200mg + Kanamycin IP (as monosulphate) 100,000 IU Suspension per 10 gm Intramammary Suspension For the treatment of clinical mastitis in lactating dairy cows for bacteria susceptible to the combination of cephalexin and kanamycin such as Staphylococcus aureus, Streptococcus dysgalactiae, Streptococcus uberis and Escheria coli. 07.03.12",LIST OF NEW DRUGS APPROVED 2012,https://cdsco.gov.in/opencms/resources/UploadCDSCOWeb/2018/UploadApprovalNewDrugs/2012.pdf,numbered,2012,CDSCO List of Approved New Drugs,2026-08-05T12:13:39+00:00
10,"Mucotrol Concentrated Oral Gel Wafer. For the management of pain and relief of pain, by adhering to the mucosal surface of the mouth, soothing oral lesions of various etiologies, including oral mucositis/stomatitis (may be caused by chemotherapy or radiotherapy). Irritation due to o ral surgery and ",,2012-03-07,True,False,"Mucotrol Concentrated Oral Gel Wafer. For the management of pain and relief of pain, by adhering to the mucosal surface of the mouth, soothing oral lesions of various etiologies, including oral mucositis/stomatitis (may be caused by chemotherapy or radiotherapy). Irritation due to o ral surgery and traumatic ulcers caused by braces or ill fitting dentures of diseases and for diffuse apthous ulcers. 07.03.12",LIST OF NEW DRUGS APPROVED 2012,https://cdsco.gov.in/opencms/resources/UploadCDSCOWeb/2018/UploadApprovalNewDrugs/2012.pdf,numbered,2012,CDSCO List of Approved New Drugs,2026-08-05T12:13:39+00:00
11,Ondansetron Hydrochloride Mouth Melting Strips 4mg For chemotherapeutic induced nausea and vomiting,,2012-03-29,True,False,Ondansetron Hydrochloride Mouth Melting Strips 4mg For chemotherapeutic induced nausea and vomiting 29.3.12,LIST OF NEW DRUGS APPROVED 2012,https://cdsco.gov.in/opencms/resources/UploadCDSCOWeb/2018/UploadApprovalNewDrugs/2012.pdf,numbered,2012,CDSCO List of Approved New Drugs,2026-08-05T12:13:39+00:00
12,Ulinastatin for Injection 50000 IU / 100000 IU,For the treatment of severe sepsis,2012-04-03,True,True,Ulinastatin for Injection 50000 IU / 100000 IU For the treatment of severe sepsis. 03.04.12,LIST OF NEW DRUGS APPROVED 2012,https://cdsco.gov.in/opencms/resources/UploadCDSCOWeb/2018/UploadApprovalNewDrugs/2012.pdf,numbered,2012,CDSCO List of Approved New Drugs,2026-08-05T12:13:39+00:00
13,Silodosin Tablets 4mg,For the treatment of signs and symptoms of benign prostatic hyperplasia (BPH) in adults only,2012-04-10,True,True,Silodosin Tablets 4mg For the treatment of signs and symptoms of benign prostatic hyperplasia (BPH) in adults only 10.4.12,LIST OF NEW DRUGS APPROVED 2012,https://cdsco.gov.in/opencms/resources/UploadCDSCOWeb/2018/UploadApprovalNewDrugs/2012.pdf,numbered,2012,CDSCO List of Approved New Drugs,2026-08-05T12:13:39+00:00
14,Paracetamol Bilayer Tablet 1000mg For symptomatic treatment of pain and fever,,2012-04-11,True,False,Paracetamol Bilayer Tablet 1000mg For symptomatic treatment of pain and fever 11.4.12,LIST OF NEW DRUGS APPROVED 2012,https://cdsco.gov.in/opencms/resources/UploadCDSCOWeb/2018/UploadApprovalNewDrugs/2012.pdf,numbered,2012,CDSCO List of Approved New Drugs,2026-08-05T12:13:39+00:00
15,Ketoprofen Plaster 30mg (7cm X 10cm) For the relief of musculoskeletal pain and inflammation,,2012-04-18,True,False,Ketoprofen Plaster 30mg (7cm X 10cm) For the relief of musculoskeletal pain and inflammation 18.4.12,LIST OF NEW DRUGS APPROVED 2012,https://cdsco.gov.in/opencms/resources/UploadCDSCOWeb/2018/UploadApprovalNewDrugs/2012.pdf,numbered,2012,CDSCO List of Approved New Drugs,2026-08-05T12:13:39+00:00
16,Sterile Solution for Peritoneal Dialysis Each 1000 ml contains: Calcium chloride dihydrate 0.184 g/l + Glycine 0.51 g/l + L- Alanine 0.951 g/l + L- Arginine 1.071 g/l + L- Isoleucine 0.85 g/l + L- Histidine 0.714 g/l + L- Leucine 1.02 g/l + L- Lysine (as Hcl) 0.955 g/l + L-Methionine 0.85 g/l + L- P,,2012-04-18,True,False,Sterile Solution for Peritoneal Dialysis Each 1000 ml contains: Calcium chloride dihydrate 0.184 g/l + Glycine 0.51 g/l + L- Alanine 0.951 g/l + L- Arginine 1.071 g/l + L- Isoleucine 0.85 g/l + L- Histidine 0.714 g/l + L- Leucine 1.02 g/l + L- Lysine (as Hcl) 0.955 g/l + L-Methionine 0.85 g/l + L- Phenylalanine 0.57 g/l + L-Proline 0.595 g/l + L- Serine 0.51 g/l + L- Threonine 0.646 g/l + L-Tryptophan 0.27 g/l + L-Tyrosine 0.3 g/l + L-Valine 1.393 g/l + Magnesium chloride hexahydrate 0.051 g/l + Sodium chloride 5.38 g/l + Sodium lactate 4.48 g/l As Nutritional supplements for malnourished renal failure patients (Albumin concentration lower than 35 g/litre) being maintained on peritoneal dialysis. 18.04.12,LIST OF NEW DRUGS APPROVED 2012,https://cdsco.gov.in/opencms/resources/UploadCDSCOWeb/2018/UploadApprovalNewDrugs/2012.pdf,numbered,2012,CDSCO List of Approved New Drugs,2026-08-05T12:13:39+00:00
17,Sodium Hyaluronate Injection 8mg/vial (6ml Pre-filled syringe for Intra Articular use only),Indicated for the treatment of pain in osteoarthritis (OA) of the knee in patients who have failed to respond adequately to conservative non- pharmacologic therapy and simple analgesic,2012-04-23,True,True,Sodium Hyaluronate Injection 8mg/vial (6ml Pre-filled syringe for Intra Articular use only) Indicated for the treatment of pain in osteoarthritis (OA) of the knee in patients who have failed to respond adequately to conservative non- pharmacologic therapy and simple analgesic. 23.4.12,LIST OF NEW DRUGS APPROVED 2012,https://cdsco.gov.in/opencms/resources/UploadCDSCOWeb/2018/UploadApprovalNewDrugs/2012.pdf,numbered,2012,CDSCO List of Approved New Drugs,2026-08-05T12:13:39+00:00
18,Blonanserin Tablet 2mg/4mg/8mg,For the treatment of Schizophrenia in adult patients when first line treatment is ineffective,2012-04-24,True,True,Blonanserin Tablet 2mg/4mg/8mg For the treatment of Schizophrenia in adult patients when first line treatment is ineffective. 24.04.12,LIST OF NEW DRUGS APPROVED 2012,https://cdsco.gov.in/opencms/resources/UploadCDSCOWeb/2018/UploadApprovalNewDrugs/2012.pdf,numbered,2012,CDSCO List of Approved New Drugs,2026-08-05T12:13:39+00:00
19,Etravirine Tablet 100mg In combination with other antiretroviral agents,for the treatment of human immunodeficiency virus type 1 (HIV -1) infection in antiretroviral trea tment-experienced adult patients who have evidence of viral replication and HIV -1 strains resistant to an NNRTI and other antiretroviral agents. It should be used only in situations where other treatments hav e failed or cannot be used because of side effects,2012-04-26,True,True,Etravirine Tablet 100mg In combination with other antiretroviral agents for the treatment of human immunodeficiency virus type 1 (HIV -1) infection in antiretroviral trea tment-experienced adult patients who have evidence of viral replication and HIV -1 strains resistant to an NNRTI and other antiretroviral agents. It should be used only in situations where other treatments hav e failed or cannot be used because of side 26.04.12 effects.,LIST OF NEW DRUGS APPROVED 2012,https://cdsco.gov.in/opencms/resources/UploadCDSCOWeb/2018/UploadApprovalNewDrugs/2012.pdf,numbered,2012,CDSCO List of Approved New Drugs,2026-08-05T12:13:39+00:00
20,"Ticagrelor Tablet 90mg For the prevention of thrombiotic events (cardiovascular death, myocardial infarction and stroke)","in patients with Acute coronary syndromes (ACS) unstable angina, non ST elevation Myocardial infarction (STEMI) including patients managed medically, and those who are managed with percutaneous those who are managed with percutaneous coronary intervention (PCI) or coronary artery by-pass grafting (CABG)",2012-05-03,True,True,"Ticagrelor Tablet 90mg For the prevention of thrombiotic events (cardiovascular death, myocardial infarction and stroke) in patients with Acute coronary syndromes (ACS) unstable angina, non ST elevation Myocardial infarction (STEMI) including patients managed medically, and those who are managed with percutaneous those who are managed with percutaneous coronary intervention (PCI) or coronary artery by-pass grafting (CABG). 03.05.12",LIST OF NEW DRUGS APPROVED 2012,https://cdsco.gov.in/opencms/resources/UploadCDSCOWeb/2018/UploadApprovalNewDrugs/2012.pdf,numbered,2012,CDSCO List of Approved New Drugs,2026-08-05T12:13:39+00:00
21,Clenbuterol Hydrochloride Solution for injection 30mcg/ml,"For the treatment of equine respiratory diseases in horses where airway obstruction due to bronchospasm and/or accumulation of mucus is contributing factor and improved muco -ciliary clea rance is desirable. The product should be used alone or as an adjuvant therapy. The product is of particular value in cases of: - Acute, sub -acute and chronic infections where the presence o f mucus and/or micro -organisms may stimulate bronchospam e.g. Bronchitis, broncholitis and Bronchopneumonia - Acute, sub -acute and chronic respiratory allergies. - Chronic obstructive pulmonary disease (COPD)",2012-07-01,True,True,"Clenbuterol Hydrochloride Solution for injection 30mcg/ml For the treatment of equine respiratory diseases in horses where airway obstruction due to bronchospasm and/or accumulation of mucus is contributing factor and improved muco -ciliary clea rance is desirable. The product should be used alone or as an adjuvant therapy. The product is of particular value in cases of: - Acute, sub -acute and chronic infections where the presence o f mucus and/or micro -organisms may stimulate bronchospam e.g. Bronchitis, broncholitis and Bronchopneumonia - Acute, sub -acute and chronic respiratory allergies. - Chronic obstructive pulmonary disease (COPD) 01.07.2012",LIST OF NEW DRUGS APPROVED 2012,https://cdsco.gov.in/opencms/resources/UploadCDSCOWeb/2018/UploadApprovalNewDrugs/2012.pdf,numbered,2012,CDSCO List of Approved New Drugs,2026-08-05T12:13:39+00:00
22,Apixaban Tablets 2.5mg Prevention of venous thromboembolic events (VTE) in adult patients who have undergone elective hip or knee replacement surgery,,2012-08-03,True,False,Apixaban Tablets 2.5mg Prevention of venous thromboembolic events (VTE) in adult patients who have undergone elective hip or knee replacement surgery. 03.08.2012,LIST OF NEW DRUGS APPROVED 2012,https://cdsco.gov.in/opencms/resources/UploadCDSCOWeb/2018/UploadApprovalNewDrugs/2012.pdf,numbered,2012,CDSCO List of Approved New Drugs,2026-08-05T12:13:39+00:00
23,"Ethyl esters of iodized fatty acids of poppy seed oil solution for injection 48%. In Diagnostic Radiology: Lymphography an d Diagnosis of liver lesions. (Diagnosis of the spread of malignant lesions, whether hepatic or not, by selective hepatic arterial injection). In Interventional Radiology: Embol",,2012-08-22,True,False,"Ethyl esters of iodized fatty acids of poppy seed oil solution for injection 48%. In Diagnostic Radiology: Lymphography an d Diagnosis of liver lesions. (Diagnosis of the spread of malignant lesions, whether hepatic or not, by selective hepatic arterial injection). In Interventional Radiology: Embolization with surgical glues. (In association with surgical glues during vascu lar embolizations). In Endocrinology: Prevention of iodine deficiency disorders. (This treatment should only be used when other methods of supplementation, particularly iodization of salt and/or drinking water, cannot be undertaken) 22.08.2012",LIST OF NEW DRUGS APPROVED 2012,https://cdsco.gov.in/opencms/resources/UploadCDSCOWeb/2018/UploadApprovalNewDrugs/2012.pdf,numbered,2012,CDSCO List of Approved New Drugs,2026-08-05T12:13:39+00:00
24,Conivaptan Hydrochloride Injection 20mg/4ml.,"For the treatment of euvolemic hyponatremia (e.g. the syndrome of inappropriate secretion of antidiuretic hormone , or in the setting of hypothyroidism, adrenal insufficiency, pulmonary disorders, etc.) in hospitalized patients",2012-08-21,True,True,"Conivaptan Hydrochloride Injection 20mg/4ml. For the treatment of euvolemic hyponatremia (e.g. the syndrome of inappropriate secretion of antidiuretic hormone , or in the setting of hypothyroidism, adrenal insufficiency, pulmonary disorders, etc.) in hospitalized patients. 21.08.2012",LIST OF NEW DRUGS APPROVED 2012,https://cdsco.gov.in/opencms/resources/UploadCDSCOWeb/2018/UploadApprovalNewDrugs/2012.pdf,numbered,2012,CDSCO List of Approved New Drugs,2026-08-05T12:13:39+00:00
25,Colesevelam Hydrochloride Tablets 625mg & Sachets for oral suspension 3.75gm/1.875gm. Indicated,as an adjunct to diet and exercise to reduce elevated low - density lipoprotein cholesterol (LDL- C) in adults with primary hyperlipidemia as monotherapy or in combination with an hydroxymethyl - glutaryl-coenzyme A (HMG CoA) reductase inhibitor (statin). Indicated as an adjunct to diet and exercise to improve glycemic control in adults with type 2 diabetes mellitus,2012-08-29,True,True,Colesevelam Hydrochloride Tablets 625mg & Sachets for oral suspension 3.75gm/1.875gm. Indicated as an adjunct to diet and exercise to reduce elevated low - density lipoprotein cholesterol (LDL- C) in adults with primary hyperlipidemia as monotherapy or in combination with an hydroxymethyl - glutaryl-coenzyme A (HMG CoA) reductase inhibitor (statin). Indicated as an adjunct to diet and exercise to improve glycemic control in adults with type 2 diabetes mellitus. 29.08.2012,LIST OF NEW DRUGS APPROVED 2012,https://cdsco.gov.in/opencms/resources/UploadCDSCOWeb/2018/UploadApprovalNewDrugs/2012.pdf,numbered,2012,CDSCO List of Approved New Drugs,2026-08-05T12:13:39+00:00
26,Tolvaptan Tablets 15/30mg,"For the treatment of clinically significant hypervolemic and euvolemic hyponatremia [serum sodium < 125mEq/L or less marked hyponatremia that is symptomatic and has resisted correction with fluid restriction], including patients with heart failure, cirhossis, and syndrome of inappropriate antidiuretic hormone (SIADH)",2012-09-06,True,True,"Tolvaptan Tablets 15/30mg For the treatment of clinically significant hypervolemic and euvolemic hyponatremia [serum sodium < 125mEq/L or less marked hyponatremia that is symptomatic and has resisted correction with fluid restriction], including patients with heart failure, cirhossis, and syndrome of inappropriate antidiuretic hormone (SIADH). 06.09.2012",LIST OF NEW DRUGS APPROVED 2012,https://cdsco.gov.in/opencms/resources/UploadCDSCOWeb/2018/UploadApprovalNewDrugs/2012.pdf,numbered,2012,CDSCO List of Approved New Drugs,2026-08-05T12:13:39+00:00
27,Agomelatine Tablets 25mg,For the treatment of major depression in adult patients aged 18 – 65 years only with normal liver functions,2012-09-10,True,True,Agomelatine Tablets 25mg For the treatment of major depression in adult patients aged 18 – 65 years only with normal liver functions. 10.09.2012,LIST OF NEW DRUGS APPROVED 2012,https://cdsco.gov.in/opencms/resources/UploadCDSCOWeb/2018/UploadApprovalNewDrugs/2012.pdf,numbered,2012,CDSCO List of Approved New Drugs,2026-08-05T12:13:39+00:00
28,Almotriptan Tablet 6.25mg/12.5mg For acute treatment of migraine attacks with a history of migraine with or without aura in adults,,2012-10-05,True,False,Almotriptan Tablet 6.25mg/12.5mg For acute treatment of migraine attacks with a history of migraine with or without aura in adults. 05.10.12,LIST OF NEW DRUGS APPROVED 2012,https://cdsco.gov.in/opencms/resources/UploadCDSCOWeb/2018/UploadApprovalNewDrugs/2012.pdf,numbered,2012,CDSCO List of Approved New Drugs,2026-08-05T12:13:39+00:00
29,Flupirtine Maleate Sustained Release Tablets 400mg,"For the treatment of acute and chronic pain, i.e. for painful increased muscle tone of the posture and motor muscle, Primary Headache, tumor pain, Dysmenorrhea and pain after Traumatology/Orthopedic Operations and injuries",2012-10-18,True,True,"Flupirtine Maleate Sustained Release Tablets 400mg For the treatment of acute and chronic pain, i.e. for painful increased muscle tone of the posture and motor muscle, Primary Headache, tumor pain, Dysmenorrhea and pain after Traumatology/Orthopedic Operations and injuries 18.10.12",LIST OF NEW DRUGS APPROVED 2012,https://cdsco.gov.in/opencms/resources/UploadCDSCOWeb/2018/UploadApprovalNewDrugs/2012.pdf,numbered,2012,CDSCO List of Approved New Drugs,2026-08-05T12:13:39+00:00
30,Lacosamide Injection 10mg/ml As an adjunctive treatment of partial onset seizures,in patients>17 years of age,2012-10-19,True,True,Lacosamide Injection 10mg/ml As an adjunctive treatment of partial onset seizures in patients>17 years of age. 19.10.12,LIST OF NEW DRUGS APPROVED 2012,https://cdsco.gov.in/opencms/resources/UploadCDSCOWeb/2018/UploadApprovalNewDrugs/2012.pdf,numbered,2012,CDSCO List of Approved New Drugs,2026-08-05T12:13:39+00:00
31,Vemurafenib Tablet 240mg,For the treatment of patients with unresectable or metastatic melanoma with BRAFV600E mutation as detected by an FDA-approved test. Vemurafenib is not recommended for use in patients with wild-type BRAF melanoma,2012-10-19,True,True,Vemurafenib Tablet 240mg For the treatment of patients with unresectable or metastatic melanoma with BRAFV600E mutation as detected by an FDA-approved test. Vemurafenib is not recommended for use in patients with wild-type BRAF melanoma. 19.10.12,LIST OF NEW DRUGS APPROVED 2012,https://cdsco.gov.in/opencms/resources/UploadCDSCOWeb/2018/UploadApprovalNewDrugs/2012.pdf,numbered,2012,CDSCO List of Approved New Drugs,2026-08-05T12:13:39+00:00
32,Pitavastatin Tablet 4mg An adjunctive therapy to diet,"to reduce elevated total cholesterol (TC), low-density lipoprotein cholesterol (LDL-C), apolipoprotein B (Apo B), triglyceride TG), and to increase high-density lipoprotein cholesterol (HDL-C) in patients with primary hyperlipidemia or mixed dyslipidemia",2012-10-23,True,True,"Pitavastatin Tablet 4mg An adjunctive therapy to diet to reduce elevated total cholesterol (TC), low-density lipoprotein cholesterol (LDL-C), apolipoprotein B (Apo B), triglyceride TG), and to 23.10.12 increase high-density lipoprotein cholesterol (HDL-C) in patients with primary hyperlipidemia or mixed dyslipidemia.",LIST OF NEW DRUGS APPROVED 2012,https://cdsco.gov.in/opencms/resources/UploadCDSCOWeb/2018/UploadApprovalNewDrugs/2012.pdf,numbered,2012,CDSCO List of Approved New Drugs,2026-08-05T12:13:39+00:00
33,Pemetrexed Disodium 500mg/100mg Powder for Injection As monotherapy for the maintenance treatment of locally advanced or metastatic non-small cell lung cancer other than predominantly squamous cell histology,in patients whose disease has to progressed immediately following platinum based chemotherapy,2012-10-30,True,True,Pemetrexed Disodium 500mg/100mg Powder for Injection As monotherapy for the maintenance treatment of locally advanced or metastatic non-small cell lung cancer other than predominantly squamous cell histology in patients whose disease has to progressed immediately following platinum based chemotherapy. 30.10.12,LIST OF NEW DRUGS APPROVED 2012,https://cdsco.gov.in/opencms/resources/UploadCDSCOWeb/2018/UploadApprovalNewDrugs/2012.pdf,numbered,2012,CDSCO List of Approved New Drugs,2026-08-05T12:13:39+00:00
34,Choline Fenofibrate DR Capsule 45mg/135mg & DR Tablet 45mg/135mg.,"For treatment of mixed lipidemia in combination with statins, severe hypertriglyceridemia",2012-11-01,True,True,"Choline Fenofibrate DR Capsule 45mg/135mg & DR Tablet 45mg/135mg. For treatment of mixed lipidemia in combination with statins, severe hypertriglyceridemia. 01.11.12",LIST OF NEW DRUGS APPROVED 2012,https://cdsco.gov.in/opencms/resources/UploadCDSCOWeb/2018/UploadApprovalNewDrugs/2012.pdf,numbered,2012,CDSCO List of Approved New Drugs,2026-08-05T12:13:39+00:00
35,Ondansetron Hydrochloride Oral Spray 2mg (Each spray delivers ondansetron-2mg) For chemotherapeutic induced nausea and vomiting,,2012-11-08,True,False,Ondansetron Hydrochloride Oral Spray 2mg (Each spray delivers ondansetron-2mg) For chemotherapeutic induced nausea and vomiting 8.11.12,LIST OF NEW DRUGS APPROVED 2012,https://cdsco.gov.in/opencms/resources/UploadCDSCOWeb/2018/UploadApprovalNewDrugs/2012.pdf,numbered,2012,CDSCO List of Approved New Drugs,2026-08-05T12:13:39+00:00
36,Trimethoxysilyl Quaternary Ammonium Chloride solution for spray inanimate surfaces for disinfection 0.71%. Surface protectant and disinfectant for persistent disinfection of all inanimate surfaces. Effective upto 14 days,,2012-11-16,True,False,Trimethoxysilyl Quaternary Ammonium Chloride solution for spray inanimate surfaces for disinfection 0.71%. Surface protectant and disinfectant for persistent disinfection of all inanimate surfaces. Effective upto 14 days. 16.11.12,LIST OF NEW DRUGS APPROVED 2012,https://cdsco.gov.in/opencms/resources/UploadCDSCOWeb/2018/UploadApprovalNewDrugs/2012.pdf,numbered,2012,CDSCO List of Approved New Drugs,2026-08-05T12:13:39+00:00
37,Seratrodast Tablets 40mg/80mg As add-on therapy in bronchial asthma,,2012-11-30,True,False,Seratrodast Tablets 40mg/80mg As add-on therapy in bronchial asthma. 30.11.12,LIST OF NEW DRUGS APPROVED 2012,https://cdsco.gov.in/opencms/resources/UploadCDSCOWeb/2018/UploadApprovalNewDrugs/2012.pdf,numbered,2012,CDSCO List of Approved New Drugs,2026-08-05T12:13:39+00:00
38,Imipenem IP (Sterile) eq to anhydrous Imipenem 1 g + Cilastatin Sodium IP (sterile) eq to Cilastatin 1 g Powder for Injection (Additional strength),"For the treatment of serious lower respiratory tract infections, urinary tract infections, intra-abdominal, bone and joint infection, endocardities and bacterial septiceimia",2012-06-28,True,True,"Imipenem IP (Sterile) eq to anhydrous Imipenem 1 g + Cilastatin Sodium IP (sterile) eq to Cilastatin 1 g Powder for Injection (Additional strength) For the treatment of serious lower respiratory tract infections, urinary tract infections, intra-abdominal, bone and joint infection, endocardities and bacterial septiceimia 28.06.12",LIST OF NEW DRUGS APPROVED 2012,https://cdsco.gov.in/opencms/resources/UploadCDSCOWeb/2018/UploadApprovalNewDrugs/2012.pdf,numbered,2012,CDSCO List of Approved New Drugs,2026-08-05T12:13:39+00:00
39,Tacrolimus Capsules 0.25mg,For the prophylaxis of organ rejection in patients receiving allogeneic liver or kidney transplant,2012-12-03,True,True,Tacrolimus Capsules 0.25mg For the prophylaxis of organ rejection in patients receiving allogeneic liver or kidney transplant. 3.12.12,LIST OF NEW DRUGS APPROVED 2012,https://cdsco.gov.in/opencms/resources/UploadCDSCOWeb/2018/UploadApprovalNewDrugs/2012.pdf,numbered,2012,CDSCO List of Approved New Drugs,2026-08-05T12:13:39+00:00
40,"Diclofenac Sodium Injection 75mg/2ml For acute painful conditions in post- operative pain, renal colic and acute exacerbation of gouty arthritis",,2012-12-04,True,False,"Diclofenac Sodium Injection 75mg/2ml For acute painful conditions in post- operative pain, renal colic and acute exacerbation of gouty arthritis 4.12.12",LIST OF NEW DRUGS APPROVED 2012,https://cdsco.gov.in/opencms/resources/UploadCDSCOWeb/2018/UploadApprovalNewDrugs/2012.pdf,numbered,2012,CDSCO List of Approved New Drugs,2026-08-05T12:13:39+00:00
41,Megestrol Acetate Oral Suspension 400mg per 10ml (10 & 20mg Sachet),"For the treatment of anorexia, cachexia, or an unexplained, significant weight loss in patients with a diagnosis of cancer or acquired immunodeficiency syndrome (AIDS)",2012-12-05,True,True,"Megestrol Acetate Oral Suspension 400mg per 10ml (10 & 20mg Sachet) For the treatment of anorexia, cachexia, or an unexplained, significant weight loss in patients with a diagnosis of cancer or 5.12.12 acquired immunodeficiency syndrome (AIDS)",LIST OF NEW DRUGS APPROVED 2012,https://cdsco.gov.in/opencms/resources/UploadCDSCOWeb/2018/UploadApprovalNewDrugs/2012.pdf,numbered,2012,CDSCO List of Approved New Drugs,2026-08-05T12:13:39+00:00
42,Sildenafil Citrate Injection 0.8mg/ml,For the treatment of pulmonary arterial hypertension (PAH) (WHO Group-1) to improve exercise ability and delay clinical worsening,2012-12-05,True,True,Sildenafil Citrate Injection 0.8mg/ml For the treatment of pulmonary arterial hypertension (PAH) (WHO Group-1) to improve exercise ability and delay clinical worsening. 5.12.12,LIST OF NEW DRUGS APPROVED 2012,https://cdsco.gov.in/opencms/resources/UploadCDSCOWeb/2018/UploadApprovalNewDrugs/2012.pdf,numbered,2012,CDSCO List of Approved New Drugs,2026-08-05T12:13:39+00:00
43,Gemcitabine Injection 38mg/ml Ovarian cancer-Gemcitabine injection in combination with cisplatin,"is indicated for the treatment of patients with advanced ovarian cancer that has replaced at least 6 months after completion of platinum based therapy. Breast Cancer-Gemcitabine injection in combination with paclitaxel is indicated for the first line treatment of patients with metastatic breast cancer after failure of prior anthracycline containing adjuvant chemotherapy, unless anthracyclines were clinically contraindicated. Non-small cell lung cancer- Gemcitabine injection is indicated in combination with cisplatin for the first line treatment of patients with inoperable, locally advanced (St",2012-12-05,True,True,"Gemcitabine Injection 38mg/ml Ovarian cancer-Gemcitabine injection in combination with cisplatin is indicated for the treatment of patients with advanced ovarian cancer that has replaced at least 6 months after completion of platinum based therapy. Breast Cancer-Gemcitabine injection in combination with paclitaxel is indicated for the first line treatment of patients with metastatic breast cancer after failure of prior anthracycline containing adjuvant chemotherapy, unless anthracyclines were clinically contraindicated. Non-small cell lung cancer- Gemcitabine injection is indicated in combination with cisplatin for the first line treatment of patients with inoperable, locally advanced (Stage IIIA or IIIB), or metastatic (stage IV) non-small cell lung cancer. Pancreatic cancer- Gemcitabine injection is indicated as first-line treatment for patient with locally advanced (nonresectable Stag",LIST OF NEW DRUGS APPROVED 2012,https://cdsco.gov.in/opencms/resources/UploadCDSCOWeb/2018/UploadApprovalNewDrugs/2012.pdf,numbered,2012,CDSCO List of Approved New Drugs,2026-08-05T12:13:39+00:00
44,Diclofenac Diethylamine BP 4.64 % w/v Eq. to Diclofenac Sodium IP 4.00 % + Absolute Alcohol IP 10.00 % v/v Topical Solution,For the Treatment of Acute Lower Back Pain,2012-12-21,True,True,Diclofenac Diethylamine BP 4.64 % w/v Eq. to Diclofenac Sodium IP 4.00 % + Absolute Alcohol IP 10.00 % v/v Topical Solution For the Treatment of Acute Lower Back Pain 21.12.12,LIST OF NEW DRUGS APPROVED 2012,https://cdsco.gov.in/opencms/resources/UploadCDSCOWeb/2018/UploadApprovalNewDrugs/2012.pdf,numbered,2012,CDSCO List of Approved New Drugs,2026-08-05T12:13:39+00:00
1,"For the treatment of dyslipidaemia, particularly in patients with combined mixed dyslipidaemia (characterised by elevated levels of LDL-cholesterol and triglycerides and low HDl- cholesterol) and in patients with primary hypercholesterolemia (heterozygous familial and non- familial)",,,False,False,"For the treatment of dyslipidaemia, particularly in patients with combined mixed dyslipidaemia (characterised by elevated levels of LDL-cholesterol and triglycerides and low HDl- cholesterol) and in patients with primary hypercholesterolemia (heterozygous familial and non- familial).",LIST OF NEW DRUGS APPROVED 2010,https://cdsco.gov.in/opencms/resources/UploadCDSCOWeb/2018/UploadApprovalNewDrugs/2010.pdf,numbered,2010,CDSCO List of Approved New Drugs,2026-08-05T12:13:39+00:00
2,"In combination with HMG-CoA reductase inhibitors (statins), when cholesterol lowering effect of HMG-CoA reductase inhibitor monotherapy is inadequate. It can be used as monotherapy only","in patients in whom HMG-CoA reductase inhibitors are considered inappropriate or not tolerated. Diet or other non-pharmacological treatments (e.g. exercise, weight reduction) should be continued during therapy. 62 Pantoprazole Mouth Dissolving Tablet 20/40 mg For the treatment of gastric ulcer, duodenal ulcer & gastroesophageal reflux disease (GERD). 63 Praziquntel 175mg + Pyrantel 504mg + Febental 525mg Tablets For the treatment of mixed infections with roundworms and tapeworms in dogs 64 Difluprednate Opthalmic Emulsion 0.05% w/v For the treatment of inflammation and pain associated with ocu",2010-03-26,True,True,"In combination with HMG-CoA reductase inhibitors (statins), when cholesterol lowering effect of HMG-CoA reductase inhibitor monotherapy is inadequate. It can be used as monotherapy only in patients in whom HMG-CoA reductase inhibitors are considered inappropriate or not tolerated. Diet or other non-pharmacological treatments (e.g. exercise, weight reduction) should be continued during therapy. 26/03/2010 62 Pantoprazole Mouth Dissolving Tablet 20/40 mg For the treatment of gastric ulcer, duodenal ulcer & gastroesophageal 30/03/2010 reflux disease (GERD). 63 Praziquntel 175mg + Pyrantel 504mg + Febental 525mg Tablets For the treatment of mixed infections with roundworms and tapeworms in dogs 30/03/2010 64 Difluprednate Opthalmic Emulsion 0.05% w/v For the treatment of inflammation and pain associated with ocular surgery. 30/03/2010 65 Tolperisone Hcl SR 450mg Tablets For the relief of pai",LIST OF NEW DRUGS APPROVED 2010,https://cdsco.gov.in/opencms/resources/UploadCDSCOWeb/2018/UploadApprovalNewDrugs/2010.pdf,numbered,2010,CDSCO List of Approved New Drugs,2026-08-05T12:13:39+00:00
3,Intra- abdominal infections 4. Bacterial septicemia 5. bone and joint infections 6. Skin and Skin structure infections 7. Bacterial endocarditis 139 Lidocaine Lozenges 100mg (Additional Strength) Same as Approved 140 Metoprolol succinate ER 25/50 mg+Telmisartan 20/40mg,For the treatment of essential hypertension 141 Etodolac 300/300mg +Thiocolchicoside 4/8mg For the treatment of patients with acute painful musculoskeletal conditions 142 Celecoxib 100/200mg +Diacerein 50/50mg For the treatment of adult patients with osteoarthritis of knee and/or hip joints 143 Metoprolol succinate ER 25mg+50mg + Olmesartan 20/20mg For the treatment of essential hypertension 144 1 tablet of Atazanavir 300mg & 1 tablet of ritonavir Ritonavir 100mg & FDC of Tenofovir Disoproxil fumarate 300mg + Lamivudine 300mg (Each Co-pack contains :- 1 capsule of Atazanavir 300mg & 1 Tablet o,2010-12-03,True,True,Intra- abdominal infections 4. Bacterial septicemia 5. bone and joint infections 6. Skin and Skin structure infections 7. Bacterial endocarditis 14/07/10 139 Lidocaine Lozenges 100mg (Additional Strength) Same as Approved 15/07/10 140 Metoprolol succinate ER 25/50 mg+Telmisartan 20/40mg For the treatment of essential hypertension 16/07/10 141 Etodolac 300/300mg +Thiocolchicoside 4/8mg For the treatment of patients with acute painful musculoskeletal conditions 19/07/10 142 Celecoxib 100/200mg +Diacerein 50/50mg For the treatment of adult patients with osteoarthritis of knee and/or hip joints 19/07/10 143 Metoprolol succinate ER 25mg+50mg + Olmesartan 20/20mg For the treatment of essential hypertension 19/07/10 144 1 tablet of Atazanavir 300mg & 1 tablet of ritonavir Ritonavir 100mg & FDC of Tenofovir Disoproxil fumarate 300mg + Lamivudine 300mg (Each Co-pack contains :- 1 capsule of Ataza,LIST OF NEW DRUGS APPROVED 2010,https://cdsco.gov.in/opencms/resources/UploadCDSCOWeb/2018/UploadApprovalNewDrugs/2010.pdf,numbered,2010,CDSCO List of Approved New Drugs,2026-08-05T12:13:39+00:00
1,Alpha Lipoic Acid USP 100mg + Methylcobalamin 1500mcg + Vitamin B6 IP 3mg + Folic Acid IP 1.5mg + Benfotiamine 50mg + Biotin USP 5mg + Chromium Picolinate USP Eq. to Chromuim 200mcg Capsule,For the treatment of diabetic neuropathy,2011-01-03,True,True,Alpha Lipoic Acid USP 100mg + Methylcobalamin 1500mcg + Vitamin B6 IP 3mg + Folic Acid IP 1.5mg + Benfotiamine 50mg + Biotin USP 5mg + Chromium Picolinate USP Eq. to Chromuim 200mcg Capsule For the treatment of diabetic neuropathy 03.01.11,LIST OF NEW DRUGS APPROVED 2011,https://cdsco.gov.in/opencms/resources/UploadCDSCOWeb/2018/UploadApprovalNewDrugs/approvalsnd211.pdf,numbered,2011,CDSCO List of Approved New Drugs,2026-08-05T12:13:39+00:00
2,Ropinirole ER Tablet 1 mg. (Additional Strength) Same as approved,,2011-01-04,True,False,Ropinirole ER Tablet 1 mg. (Additional Strength) Same as approved 04.01.11,LIST OF NEW DRUGS APPROVED 2011,https://cdsco.gov.in/opencms/resources/UploadCDSCOWeb/2018/UploadApprovalNewDrugs/approvalsnd211.pdf,numbered,2011,CDSCO List of Approved New Drugs,2026-08-05T12:13:39+00:00
3,Erlotinib HCl Tablet 150 mg (Additional Indication) Monotherapy for the Maintenance Treatment of Patients with locally advanced metastatic non-small lung cancer whose disease has not progressed after four cycles of Platinum based First Line Chemotherapy,,2011-01-04,True,False,Erlotinib HCl Tablet 150 mg (Additional Indication) Monotherapy for the Maintenance Treatment of Patients with locally advanced metastatic non-small lung cancer whose disease has not progressed after four cycles of Platinum based First Line Chemotherapy. 04.01.11,LIST OF NEW DRUGS APPROVED 2011,https://cdsco.gov.in/opencms/resources/UploadCDSCOWeb/2018/UploadApprovalNewDrugs/approvalsnd211.pdf,numbered,2011,CDSCO List of Approved New Drugs,2026-08-05T12:13:39+00:00
4,Moxifloxacin HCl BP 0.5% w/v + Bromfenac Sodium 0.09% w/v Eye drop For the reduction of post operative inflammatory conditions of the eye,,2011-01-05,True,False,Moxifloxacin HCl BP 0.5% w/v + Bromfenac Sodium 0.09% w/v Eye drop For the reduction of post operative inflammatory conditions of the eye 05.01.11,LIST OF NEW DRUGS APPROVED 2011,https://cdsco.gov.in/opencms/resources/UploadCDSCOWeb/2018/UploadApprovalNewDrugs/approvalsnd211.pdf,numbered,2011,CDSCO List of Approved New Drugs,2026-08-05T12:13:39+00:00
5,Ferrous Ascorbate 100mg + Folic Acid IP 1.5mg + Cyanocobalamin IP 15mcg + Zinc Sulphate Monohydrate Eq. to Elemental Zinc 22.5mg Tablet,For the treatment of iron deficiency anaemia,2011-01-05,True,True,Ferrous Ascorbate 100mg + Folic Acid IP 1.5mg + Cyanocobalamin IP 15mcg + Zinc Sulphate Monohydrate Eq. to Elemental Zinc 22.5mg Tablet For the treatment of iron deficiency anaemia 05.01.11,LIST OF NEW DRUGS APPROVED 2011,https://cdsco.gov.in/opencms/resources/UploadCDSCOWeb/2018/UploadApprovalNewDrugs/approvalsnd211.pdf,numbered,2011,CDSCO List of Approved New Drugs,2026-08-05T12:13:39+00:00
6,S (+) Etodolac 300mg +Thiocolchicoside 8mg Tablet,For the treatment of patients with acute painful musculoskeletal conditions,2011-01-05,True,True,S (+) Etodolac 300mg +Thiocolchicoside 8mg Tablet For the treatment of patients with acute painful musculoskeletal conditions 05.01.11,LIST OF NEW DRUGS APPROVED 2011,https://cdsco.gov.in/opencms/resources/UploadCDSCOWeb/2018/UploadApprovalNewDrugs/approvalsnd211.pdf,numbered,2011,CDSCO List of Approved New Drugs,2026-08-05T12:13:39+00:00
7,Beclomethasone Dipropionate IP 100mcg + Formoterol Fumarate Dihydrate BP Eq. to Formoterol Fumarate 6 mcg Metered Dose Inhaler,For the treatment of bronchial asthma where use of inhaled corticosteroid therapy found appropriate,2011-01-05,True,True,Beclomethasone Dipropionate IP 100mcg + Formoterol Fumarate Dihydrate BP Eq. to Formoterol Fumarate 6 mcg Metered Dose Inhaler For the treatment of bronchial asthma where use of inhaled corticosteroid therapy found appropriate 05.01.11,LIST OF NEW DRUGS APPROVED 2011,https://cdsco.gov.in/opencms/resources/UploadCDSCOWeb/2018/UploadApprovalNewDrugs/approvalsnd211.pdf,numbered,2011,CDSCO List of Approved New Drugs,2026-08-05T12:13:39+00:00
8,Amlodipine Besilate IP Eq. to Amlodipine 5mg + Indapamide USP SR 1.5mg Tablet,For the treatment of mild to moderate hypertension,2011-01-05,True,True,Amlodipine Besilate IP Eq. to Amlodipine 5mg + Indapamide USP SR 1.5mg Tablet For the treatment of mild to moderate hypertension 05.01.11,LIST OF NEW DRUGS APPROVED 2011,https://cdsco.gov.in/opencms/resources/UploadCDSCOWeb/2018/UploadApprovalNewDrugs/approvalsnd211.pdf,numbered,2011,CDSCO List of Approved New Drugs,2026-08-05T12:13:39+00:00
9,Metformin HCl IP 500mg + Alpha Lipoic Acid USP 200mg Tablet,For the treatment of patients with diabetic polyneuropathy,2011-01-05,True,True,Metformin HCl IP 500mg + Alpha Lipoic Acid USP 200mg Tablet For the treatment of patients with diabetic polyneuropathy 05.01.11,LIST OF NEW DRUGS APPROVED 2011,https://cdsco.gov.in/opencms/resources/UploadCDSCOWeb/2018/UploadApprovalNewDrugs/approvalsnd211.pdf,numbered,2011,CDSCO List of Approved New Drugs,2026-08-05T12:13:39+00:00
10,Spironolactone IP 25mg + Furosemide IP 40mg Tablet Additional strength,,2011-01-05,True,False,Spironolactone IP 25mg + Furosemide IP 40mg Tablet Additional strength 05.01.11,LIST OF NEW DRUGS APPROVED 2011,https://cdsco.gov.in/opencms/resources/UploadCDSCOWeb/2018/UploadApprovalNewDrugs/approvalsnd211.pdf,numbered,2011,CDSCO List of Approved New Drugs,2026-08-05T12:13:39+00:00
11,Bicalutamide Tablet 150 mg.(Additional Strength and Indication) Indicated either alone or as adjuvant to radical Prostatetomy or radiotherapy,in Patients with Locally advanced Prostate cancer at High risk for disease Progression,2011-01-05,True,True,Bicalutamide Tablet 150 mg.(Additional Strength and Indication) Indicated either alone or as adjuvant to radical Prostatetomy or radiotherapy in Patients with Locally advanced Prostate cancer at High risk for disease Progression. 05.01.11,LIST OF NEW DRUGS APPROVED 2011,https://cdsco.gov.in/opencms/resources/UploadCDSCOWeb/2018/UploadApprovalNewDrugs/approvalsnd211.pdf,numbered,2011,CDSCO List of Approved New Drugs,2026-08-05T12:13:39+00:00
12,Paracetamol Chewable Tablet 500 mg. ( Additional Dosage Form) Same as approved,,2011-01-05,True,False,Paracetamol Chewable Tablet 500 mg. ( Additional Dosage Form) Same as approved 05.01.11,LIST OF NEW DRUGS APPROVED 2011,https://cdsco.gov.in/opencms/resources/UploadCDSCOWeb/2018/UploadApprovalNewDrugs/approvalsnd211.pdf,numbered,2011,CDSCO List of Approved New Drugs,2026-08-05T12:13:39+00:00
13,Methylcobalamin 500mcg + Folic Acid IP 1.5mg + Zinc Sulphate IP 25mg + Chromium Polynicotinate 200mcg + Selenium as Sodium Selenite USP 65 mcg + Inositol 100mg + Alpha Lipoic Acid 50mg + Streptococcus faecalis 30 Millions (30 lakh) + Clostridium butyricum 2 Million (20 lakh) + Bacillus mesentericus ,,2011-01-11,True,False,Methylcobalamin 500mcg + Folic Acid IP 1.5mg + Zinc Sulphate IP 25mg + Chromium Polynicotinate 200mcg + Selenium as Sodium Selenite USP 65 mcg + Inositol 100mg + Alpha Lipoic Acid 50mg + Streptococcus faecalis 30 Millions (30 lakh) + Clostridium butyricum 2 Million (20 lakh) + Bacillus mesentericus 1 Million (10 lakh) + Lactic acid bacillus 50 Million (500lakh) Capsule For Vitamins and Minerals deficiency states in adult patients 11.01.11,LIST OF NEW DRUGS APPROVED 2011,https://cdsco.gov.in/opencms/resources/UploadCDSCOWeb/2018/UploadApprovalNewDrugs/approvalsnd211.pdf,numbered,2011,CDSCO List of Approved New Drugs,2026-08-05T12:13:39+00:00
14,Dextromethorphan Extended Release Oral Suspension 30 mg per 5 ml For the Relief of Persistent Dry irritating cough in adult patients Only,,2011-01-17,True,False,Dextromethorphan Extended Release Oral Suspension 30 mg per 5 ml For the Relief of Persistent Dry irritating cough in adult patients Only. 17.01.11,LIST OF NEW DRUGS APPROVED 2011,https://cdsco.gov.in/opencms/resources/UploadCDSCOWeb/2018/UploadApprovalNewDrugs/approvalsnd211.pdf,numbered,2011,CDSCO List of Approved New Drugs,2026-08-05T12:13:39+00:00
15,Hydroquinone USP 2% w/w + Tretinoin USP 0.025% w/w + Allantoin USP 1%w/w Gel,For treatment of hyper pigmentry disorders,2011-01-31,True,True,Hydroquinone USP 2% w/w + Tretinoin USP 0.025% w/w + Allantoin USP 1%w/w Gel For treatment of hyper pigmentry disorders 31.01.11,LIST OF NEW DRUGS APPROVED 2011,https://cdsco.gov.in/opencms/resources/UploadCDSCOWeb/2018/UploadApprovalNewDrugs/approvalsnd211.pdf,numbered,2011,CDSCO List of Approved New Drugs,2026-08-05T12:13:39+00:00
16,Paracetamol Fast Release Tablet 500mg (Additional Dosage Form) Same as approved,,2011-02-10,True,False,Paracetamol Fast Release Tablet 500mg (Additional Dosage Form) Same as approved 10.02.11,LIST OF NEW DRUGS APPROVED 2011,https://cdsco.gov.in/opencms/resources/UploadCDSCOWeb/2018/UploadApprovalNewDrugs/approvalsnd211.pdf,numbered,2011,CDSCO List of Approved New Drugs,2026-08-05T12:13:39+00:00
17,Each bowel preparatory kit contains: One enteric coated tablet Biscodyl IP 5mg & One sachet of powder for reconstitution contains: Polyethylene glycol 3350NF: 210gm + Sodium Bicarbonate IP 2.86gm + Sodium Chloride IP 5.6gm + Potassium Chloride IP 0.74gm For bowel cleansing prior to colonoscopy in ad,,2011-02-11,True,False,Each bowel preparatory kit contains: One enteric coated tablet Biscodyl IP 5mg & One sachet of powder for reconstitution contains: Polyethylene glycol 3350NF: 210gm + Sodium Bicarbonate IP 2.86gm + Sodium Chloride IP 5.6gm + Potassium Chloride IP 0.74gm For bowel cleansing prior to colonoscopy in adult patients only 11.02.11,LIST OF NEW DRUGS APPROVED 2011,https://cdsco.gov.in/opencms/resources/UploadCDSCOWeb/2018/UploadApprovalNewDrugs/approvalsnd211.pdf,numbered,2011,CDSCO List of Approved New Drugs,2026-08-05T12:13:39+00:00
18,Ferric Carboxymaltose equivalent to elemental Iron...50mg/ml Injection,For the treatment of iron deficiency in adults when oral iron preparations are ineffective or cannot be used,2011-02-11,True,True,Ferric Carboxymaltose equivalent to elemental Iron...50mg/ml Injection For the treatment of iron deficiency in adults when oral iron preparations are ineffective or cannot be used. 11.02.11,LIST OF NEW DRUGS APPROVED 2011,https://cdsco.gov.in/opencms/resources/UploadCDSCOWeb/2018/UploadApprovalNewDrugs/approvalsnd211.pdf,numbered,2011,CDSCO List of Approved New Drugs,2026-08-05T12:13:39+00:00
19,Pidotimod Tablet 400 mg/800 mg & Oral Solution 400 mg/800 mg per 7ml For infections of the respiratory system in secondary and primary immunodeficiency with alteration in maturation of T cells in adults only,,2011-02-11,True,False,Pidotimod Tablet 400 mg/800 mg & Oral Solution 400 mg/800 mg per 7ml For infections of the respiratory system in secondary and primary immunodeficiency with alteration in maturation of T cells in adults only. 11.02.11,LIST OF NEW DRUGS APPROVED 2011,https://cdsco.gov.in/opencms/resources/UploadCDSCOWeb/2018/UploadApprovalNewDrugs/approvalsnd211.pdf,numbered,2011,CDSCO List of Approved New Drugs,2026-08-05T12:13:39+00:00
20,Ursodeoxycholic Acid Suspension 125mg/5ml and 250 mg /5ml.,For the treatment of patients with chronic cholestatic liver disease,2011-02-11,True,True,Ursodeoxycholic Acid Suspension 125mg/5ml and 250 mg /5ml. For the treatment of patients with chronic cholestatic liver disease. 11.02.11,LIST OF NEW DRUGS APPROVED 2011,https://cdsco.gov.in/opencms/resources/UploadCDSCOWeb/2018/UploadApprovalNewDrugs/approvalsnd211.pdf,numbered,2011,CDSCO List of Approved New Drugs,2026-08-05T12:13:39+00:00
21,Iloperidone Tablets 1mg/2mg/4mg/6mg/8mg /10mg/12mg For the acute treatment of adults with schizophrenia,,2011-02-17,True,False,Iloperidone Tablets 1mg/2mg/4mg/6mg/8mg /10mg/12mg For the acute treatment of adults with schizophrenia. 17.02.11,LIST OF NEW DRUGS APPROVED 2011,https://cdsco.gov.in/opencms/resources/UploadCDSCOWeb/2018/UploadApprovalNewDrugs/approvalsnd211.pdf,numbered,2011,CDSCO List of Approved New Drugs,2026-08-05T12:13:39+00:00
22,Calf lung surfactant Intratracheal Suspension containing Phospholipids.... 35mg (containing 26 mg phosphatidylcholine of which 16mg is disaturated phosphatidylcholine) Proteins....0.65mg (including 0.26mg of surfactant associated proteins B) per ml (a). As a prophylaxis therapy for premature infants,For the treatment of infants <72 hours of age with RDS (confirmed by clinical and radiologic findings) and requiring endotrachteal intubation,2011-02-17,True,True,Calf lung surfactant Intratracheal Suspension containing Phospholipids.... 35mg (containing 26 mg phosphatidylcholine of which 16mg is disaturated phosphatidylcholine) Proteins....0.65mg (including 0.26mg of surfactant associated proteins B) per ml (a). As a prophylaxis therapy for premature infants <29 weeks of gestational age at significant risk for Respiratory Distress Syndrome (RDS). (b). For the treatment of infants <72 hours of age with RDS (confirmed by clinical and radiologic findings) and requiring endotrachteal intubation. 17.02.11,LIST OF NEW DRUGS APPROVED 2011,https://cdsco.gov.in/opencms/resources/UploadCDSCOWeb/2018/UploadApprovalNewDrugs/approvalsnd211.pdf,numbered,2011,CDSCO List of Approved New Drugs,2026-08-05T12:13:39+00:00
23,Baclofen ER Capsule 10 mg/50 mg. (Additional Strength) Same as approved,,2011-02-17,True,False,Baclofen ER Capsule 10 mg/50 mg. (Additional Strength) Same as approved 17.02.11,LIST OF NEW DRUGS APPROVED 2011,https://cdsco.gov.in/opencms/resources/UploadCDSCOWeb/2018/UploadApprovalNewDrugs/approvalsnd211.pdf,numbered,2011,CDSCO List of Approved New Drugs,2026-08-05T12:13:39+00:00
24,Dexketoprofen Trometamol ER Tablet 50 mg (Additional Strength) Same as approved,,2011-02-21,True,False,Dexketoprofen Trometamol ER Tablet 50 mg (Additional Strength) Same as approved 21.02.11,LIST OF NEW DRUGS APPROVED 2011,https://cdsco.gov.in/opencms/resources/UploadCDSCOWeb/2018/UploadApprovalNewDrugs/approvalsnd211.pdf,numbered,2011,CDSCO List of Approved New Drugs,2026-08-05T12:13:39+00:00
25,Gatifloxacin Eye drop 5 mg/ml,For the treatment of bacterial conjunctivitis caused by susceptible strains,2011-02-21,True,True,Gatifloxacin Eye drop 5 mg/ml For the treatment of bacterial conjunctivitis caused by susceptible strains 21.02.11,LIST OF NEW DRUGS APPROVED 2011,https://cdsco.gov.in/opencms/resources/UploadCDSCOWeb/2018/UploadApprovalNewDrugs/approvalsnd211.pdf,numbered,2011,CDSCO List of Approved New Drugs,2026-08-05T12:13:39+00:00
26,"Paclitaxel Injection 30mg/100 mg/300 mg (additional Indication) Advanced squmous cell carcinoma of Head and Neck SCCHN: 1. Diagnosed but unrectable locally advanced SCCHN 2. Recurrent SCCHN, if surgery or radiation is not feasible. 3. Palliative treatment of metastatic SCCHN",,2011-02-24,True,False,"Paclitaxel Injection 30mg/100 mg/300 mg (additional Indication) Advanced squmous cell carcinoma of Head and Neck SCCHN: 1. Diagnosed but unrectable locally advanced SCCHN 2. Recurrent SCCHN, if surgery or radiation is not feasible. 3. Palliative treatment of metastatic SCCHN. 24.02.11",LIST OF NEW DRUGS APPROVED 2011,https://cdsco.gov.in/opencms/resources/UploadCDSCOWeb/2018/UploadApprovalNewDrugs/approvalsnd211.pdf,numbered,2011,CDSCO List of Approved New Drugs,2026-08-05T12:13:39+00:00
27,Eslicarbazepine Acetate Tablets 200mg/400mg/600mg/800mg As an adjunctive therapy in adults with partial-onset seizures with or without secondary generalisation,,2011-03-07,True,False,Eslicarbazepine Acetate Tablets 200mg/400mg/600mg/800mg As an adjunctive therapy in adults with partial-onset seizures with or without secondary generalisation. 07.03.11,LIST OF NEW DRUGS APPROVED 2011,https://cdsco.gov.in/opencms/resources/UploadCDSCOWeb/2018/UploadApprovalNewDrugs/approvalsnd211.pdf,numbered,2011,CDSCO List of Approved New Drugs,2026-08-05T12:13:39+00:00
28,Ketoprofen Plaster ( Size - 7cm x 10 cm) For the Relief of Musculoskeletal pain and Inflammation,,2011-03-09,True,False,Ketoprofen Plaster ( Size - 7cm x 10 cm) For the Relief of Musculoskeletal pain and Inflammation. 09.03.11,LIST OF NEW DRUGS APPROVED 2011,https://cdsco.gov.in/opencms/resources/UploadCDSCOWeb/2018/UploadApprovalNewDrugs/approvalsnd211.pdf,numbered,2011,CDSCO List of Approved New Drugs,2026-08-05T12:13:39+00:00
29,Meropenem IP 1000mg + Sulbactam sodium USP 500mg injection,For the treatment of lower respiratory tract infection caused by gram negative bacteria in adults only,2011-03-15,True,True,Meropenem IP 1000mg + Sulbactam sodium USP 500mg injection For the treatment of lower respiratory tract infection caused by gram negative bacteria in adults only 15.03.11,LIST OF NEW DRUGS APPROVED 2011,https://cdsco.gov.in/opencms/resources/UploadCDSCOWeb/2018/UploadApprovalNewDrugs/approvalsnd211.pdf,numbered,2011,CDSCO List of Approved New Drugs,2026-08-05T12:13:39+00:00
30,Dasatinib 20mg/50mg/70mg (Additional Indication) Treatment of newly Diagnosed Adults with Chronic Myeloid Leukaemia (CML) in Chronic Phase,,2011-03-16,True,False,Dasatinib 20mg/50mg/70mg (Additional Indication) Treatment of newly Diagnosed Adults with Chronic Myeloid Leukaemia (CML) in Chronic Phase. 16.03.11,LIST OF NEW DRUGS APPROVED 2011,https://cdsco.gov.in/opencms/resources/UploadCDSCOWeb/2018/UploadApprovalNewDrugs/approvalsnd211.pdf,numbered,2011,CDSCO List of Approved New Drugs,2026-08-05T12:13:39+00:00
31,Adenosylcobalamin 15mcg + Ferrous Ascorbate 100mg + Folic Acid IP 1.5mg + Zinc Sulphate USP Eq. to Elemental Zinc 22.5mg tablet,For the treatment of iron deficiency anaemia in adults only,2011-03-21,True,True,Adenosylcobalamin 15mcg + Ferrous Ascorbate 100mg + Folic Acid IP 1.5mg + Zinc Sulphate USP Eq. to Elemental Zinc 22.5mg tablet For the treatment of iron deficiency anaemia in adults only 21.03.11,LIST OF NEW DRUGS APPROVED 2011,https://cdsco.gov.in/opencms/resources/UploadCDSCOWeb/2018/UploadApprovalNewDrugs/approvalsnd211.pdf,numbered,2011,CDSCO List of Approved New Drugs,2026-08-05T12:13:39+00:00
32,Tioconazole Vaginal Gel 65mg per gm For the local treatment of vulvo vaginal candidiasis in adult patients,,2011-03-22,True,False,Tioconazole Vaginal Gel 65mg per gm For the local treatment of vulvo vaginal candidiasis in adult patients. 22.03.11,LIST OF NEW DRUGS APPROVED 2011,https://cdsco.gov.in/opencms/resources/UploadCDSCOWeb/2018/UploadApprovalNewDrugs/approvalsnd211.pdf,numbered,2011,CDSCO List of Approved New Drugs,2026-08-05T12:13:39+00:00
33,Aspirin (EC Tablets) 75mg/75mg/150mg +Rosuvastatin (Granules) 5mg/10mg/10mg Capsules,"For the treatment of dyslipidemia associated with arthersclerotic arterial disease with risk of Myocardial infarction, stroke or peripheral vascular disease",2011-03-30,True,True,"Aspirin (EC Tablets) 75mg/75mg/150mg +Rosuvastatin (Granules) 5mg/10mg/10mg Capsules For the treatment of dyslipidemia associated with arthersclerotic arterial disease with risk of Myocardial infarction, stroke or peripheral vascular disease. 30.03.11",LIST OF NEW DRUGS APPROVED 2011,https://cdsco.gov.in/opencms/resources/UploadCDSCOWeb/2018/UploadApprovalNewDrugs/approvalsnd211.pdf,numbered,2011,CDSCO List of Approved New Drugs,2026-08-05T12:13:39+00:00
34,Ilaprazole Tablets 5mg/10mg,For the treatment of duodenal ulcer in adults only,2011-04-05,True,True,Ilaprazole Tablets 5mg/10mg For the treatment of duodenal ulcer in adults only. 05.04.11,LIST OF NEW DRUGS APPROVED 2011,https://cdsco.gov.in/opencms/resources/UploadCDSCOWeb/2018/UploadApprovalNewDrugs/approvalsnd211.pdf,numbered,2011,CDSCO List of Approved New Drugs,2026-08-05T12:13:39+00:00
35,Rosuvastatin Calcium Tablets 5/10/20mg (Additional Indication) 1. As adjunct to diet,"to reduce Total-C, LDL-C, and ApoB levels in adolesent boys and girls, who are at least one year post-menarche, 10-17 years of age with heterozygous familial hypercholesterolemia if after an adequate trial of diet therapy the following findings are present: LDL-C> 190mg/dL or > 160mg/dL and there is a positive family history of premature cadiovascular disease (CVD) or two or more other CVD risk factors. 2. As an adjunct to diet for the treatment of patients with primary dysbetalipoproteinemia (Type III Hyperlipoproteinemia)",2011-04-05,True,True,"Rosuvastatin Calcium Tablets 5/10/20mg (Additional Indication) 1. As adjunct to diet to reduce Total-C, 05/04/2011 LDL-C, and ApoB levels in adolesent boys and girls, who are at least one year post-menarche, 10-17 years of age with heterozygous familial hypercholesterolemia if after an adequate trial of diet therapy the following findings are present: LDL-C> 190mg/dL or > 160mg/dL and there is a positive family history of premature cadiovascular disease (CVD) or two or more other CVD risk factors. 2. As an adjunct to diet for the treatment of patients with primary dysbetalipoproteinemia (Type III Hyperlipoproteinemia).",LIST OF NEW DRUGS APPROVED 2011,https://cdsco.gov.in/opencms/resources/UploadCDSCOWeb/2018/UploadApprovalNewDrugs/approvalsnd211.pdf,numbered,2011,CDSCO List of Approved New Drugs,2026-08-05T12:13:39+00:00
36,Quetiapen fumarate Sustained Release Tablets 50mg and 100mg (Additional Strength) Same as approved,,2011-04-05,True,False,Quetiapen fumarate Sustained Release Tablets 50mg and 100mg (Additional Strength) Same as approved 05/04/2011,LIST OF NEW DRUGS APPROVED 2011,https://cdsco.gov.in/opencms/resources/UploadCDSCOWeb/2018/UploadApprovalNewDrugs/approvalsnd211.pdf,numbered,2011,CDSCO List of Approved New Drugs,2026-08-05T12:13:39+00:00
37,Esomeprazole magnesium Delayed Release Tablets 20mg/40mg (Additional Indication) 1. Pathological Hypersecretory Conditions Including Zollinger-Ellison Syndrome Ulcer. 2. Risk Reduction of NSAID Associated Gastric Ulcer. 3. Prolonged Treatment after IV Induced Prevention of Rebleeding of Peptic Ulcer,,2011-04-06,True,False,Esomeprazole magnesium Delayed Release Tablets 20mg/40mg (Additional Indication) 1. Pathological Hypersecretory Conditions Including Zollinger-Ellison Syndrome Ulcer. 2. Risk Reduction of NSAID Associated Gastric Ulcer. 3. Prolonged Treatment after IV Induced Prevention of Rebleeding of Peptic Ulcer. 06/04/2011,LIST OF NEW DRUGS APPROVED 2011,https://cdsco.gov.in/opencms/resources/UploadCDSCOWeb/2018/UploadApprovalNewDrugs/approvalsnd211.pdf,numbered,2011,CDSCO List of Approved New Drugs,2026-08-05T12:13:39+00:00
38,Asenapine Maleate Sublingual Tablets 5mg/10mg For acute treatment of schizophrenia in adults only,,2011-04-07,True,False,Asenapine Maleate Sublingual Tablets 5mg/10mg For acute treatment of schizophrenia in adults only. 07.04.11,LIST OF NEW DRUGS APPROVED 2011,https://cdsco.gov.in/opencms/resources/UploadCDSCOWeb/2018/UploadApprovalNewDrugs/approvalsnd211.pdf,numbered,2011,CDSCO List of Approved New Drugs,2026-08-05T12:13:39+00:00
39,Cefpodoxime IP 100mg/100mg/200mg/200mg +Ofloxacin IP 100mg/200mg/100mg/200mg Tablets,For the Treatment of Lower and upper respiratory tract infection and Typhoid fever in adults only,2011-04-16,True,True,Cefpodoxime IP 100mg/100mg/200mg/200mg +Ofloxacin IP 100mg/200mg/100mg/200mg Tablets For the Treatment of Lower and upper respiratory tract infection and Typhoid fever in adults only 16.04.11,LIST OF NEW DRUGS APPROVED 2011,https://cdsco.gov.in/opencms/resources/UploadCDSCOWeb/2018/UploadApprovalNewDrugs/approvalsnd211.pdf,numbered,2011,CDSCO List of Approved New Drugs,2026-08-05T12:13:39+00:00
40,Tapentadol Hydrochloride Tablets 50mg/75mg/100mg For relief of moderate to severe acute pain in adults 18 years of age or older,,2011-04-18,True,False,Tapentadol Hydrochloride Tablets 50mg/75mg/100mg For relief of moderate to severe acute pain in adults 18 years of age or older. 18.04.11,LIST OF NEW DRUGS APPROVED 2011,https://cdsco.gov.in/opencms/resources/UploadCDSCOWeb/2018/UploadApprovalNewDrugs/approvalsnd211.pdf,numbered,2011,CDSCO List of Approved New Drugs,2026-08-05T12:13:39+00:00
41,Cefixime Trihydrate IP Eq. to Anhydrous Cefixime 100mg/200mg + Ofloxacin IP 100mg/200mg Dispersible Tablet (Additional dosage form ) Same as approved 42. 42. 5mg/10mg/20mg/40mg/80mg Atorvastatin calcium (Additional Dosage Form) 1),As an Adjunct to Diet to Reduce Elevated Total Cholesterol and Triglyceride Levels in Patients with Primary HyperCholesterolemia and Mixed Dyalipidemia (Type IIa and IIIb). 2) In adult patients with type II diabetes and without clinically evident coronary heart disease to reduce the risk of myocardial infarction and stroke. 3) To reduce the risk of stroke in adult patients without clinically evident coronary heart disease but multiple risk factors for coronary heart disease 43. Fluvestrant 250mg/5ml Injection(Additional Dosage Regime) (Same as approved) Posology : Adult females (Including the ,2011-04-20,True,True,Cefixime Trihydrate IP Eq. to Anhydrous Cefixime 100mg/200mg + Ofloxacin IP 100mg/200mg Dispersible Tablet (Additional dosage form ) Same as approved 20.04.11 42. 42. 5mg/10mg/20mg/40mg/80mg Atorvastatin calcium (Additional Dosage Form) 1) As an Adjunct to Diet to Reduce Elevated Total Cholesterol and Triglyceride Levels in Patients with Primary HyperCholesterolemia and Mixed Dyalipidemia (Type IIa and IIIb). 2) In adult patients with type II diabetes and without clinically evident coronary heart disease to reduce the risk of myocardial infarction and stroke. 3) To reduce the risk of stroke in adult patients without clinically evident coronary heart disease but multiple risk factors for coronary heart disease 20/04/2011 43. Fluvestrant 250mg/5ml Injection(Additional Dosage Regime) (Same as approved) Posology : Adult females (Including the elderly). The recommended dose is 500mg at interv,LIST OF NEW DRUGS APPROVED 2011,https://cdsco.gov.in/opencms/resources/UploadCDSCOWeb/2018/UploadApprovalNewDrugs/approvalsnd211.pdf,numbered,2011,CDSCO List of Approved New Drugs,2026-08-05T12:13:39+00:00
1,For the treatment of Prophylaxis & chronic treatment of Asthma in Pediatrics patients 12 months of age & older,,,False,False,For the treatment of Prophylaxis & chronic treatment of Asthma in Pediatrics patients 12 months of age & older.,LIST OF NEW DRUGS APPROVED 2008,https://cdsco.gov.in/opencms/resources/UploadCDSCOWeb/2018/UploadApprovalNewDrugs/2008.pdf,numbered,2008,CDSCO List of Approved New Drugs,2026-08-05T12:13:39+00:00
2,For relieving symptoms of seasonal allergic rhinitis in Pediatric patients 2 years of age & older & perennial allergic rhinitis in Pediatric Patients 6 months of age & older. 202 Etoricoxib roll on Topical Solution 1% v/v,"For the treatment of pain, swelling & inflammatory conditions due to arthritis. 203 Risedronate Sodium 150mg Tablet (Additional Strength) As already approved 204 Levosulpiride Inj. 25mg/ml, 2ml For the treatment of depression and schizophrenia in adults when oral therapy is not possible 205 Paliperidone ER Tablet 3mg / 6mg / 9mg For the acute and maintenance treatment of schizophrenia 206 Ceftiofur Crystalline free acid Suspension equi to Ceftiofur ---- 200 mg(veterinary) For treatment of bovine respiratory disease (BRD, Shipping fever, pneumonia) associated with Mannhenia haemolytica, Pasteur",2008-09-16,True,True,"For relieving symptoms of seasonal allergic rhinitis in Pediatric patients 2 years of age & older & perennial allergic rhinitis in Pediatric Patients 6 months of age & older. 16.09.08 202 Etoricoxib roll on Topical Solution 1% v/v For the treatment of pain, swelling & inflammatory conditions due to arthritis. 16.09.08 203 Risedronate Sodium 150mg Tablet (Additional Strength) As already approved 16.09.08 204 Levosulpiride Inj. 25mg/ml, 2ml For the treatment of depression and schizophrenia in adults when oral therapy is not possible 26.09.08 205 Paliperidone ER Tablet 3mg / 6mg / 9mg For the acute and maintenance treatment of schizophrenia 26.09.08 206 Ceftiofur Crystalline free acid Suspension equi to Ceftiofur ---- 200 mg(veterinary) For treatment of bovine respiratory disease (BRD, Shipping fever, pneumonia) associated with Mannhenia haemolytica, Pasteurella multocida, andHistophilus so",LIST OF NEW DRUGS APPROVED 2008,https://cdsco.gov.in/opencms/resources/UploadCDSCOWeb/2018/UploadApprovalNewDrugs/2008.pdf,numbered,2008,CDSCO List of Approved New Drugs,2026-08-05T12:13:39+00:00
3,"for bacterial septicemia, 4. for bone and joint infections, 5. for gynaecologic infections including endometritis, pelvic cellutitis, and other infections of female genital tract, 6. for CNS infections including meningitis 268 Paracetamol + Phenylephrine Hydrochloride (Each 6gm Sachet contains: 500m","For the treatment of fever associated with cold, nasal congestion in adults 269 Carboinoxamine Maleate + Ammonium Chloride + Sodium Citrate (Each 5 ml contains: 2 mg + 120 mg + 120 mg) syrup For symptomatic treatment of cough 270 Diclofenac + Thiocolchicoside (50 mg + 4 mg) Capsules Additional Lower Strength",2008-12-24,True,True,"for bacterial septicemia, 4. for bone and joint infections, 5. for gynaecologic infections including endometritis, pelvic cellutitis, and other infections of female genital tract, 6. for CNS infections including meningitis 24.12.08 268 Paracetamol + Phenylephrine Hydrochloride (Each 6gm Sachet contains: 500mg + 10mg) Sachet For the treatment of fever associated with cold, nasal congestion in adults 24.12.08 269 Carboinoxamine Maleate + Ammonium Chloride + Sodium Citrate (Each 5 ml contains: 2 mg + 120 mg + 120 mg) syrup For symptomatic treatment of cough 24.12.08 270 Diclofenac + Thiocolchicoside (50 mg + 4 mg) Capsules Additional Lower Strength 24.12.08",LIST OF NEW DRUGS APPROVED 2008,https://cdsco.gov.in/opencms/resources/UploadCDSCOWeb/2018/UploadApprovalNewDrugs/2008.pdf,numbered,2008,CDSCO List of Approved New Drugs,2026-08-05T12:13:39+00:00
1,"Zoledronic Acid Injection 5mg/100ml (Addl. Indication) For the treatement of osteoporosis in post-menopausal women and in men who are at increased risk offracture,including those with a recent low-trauma hip fracture",,2009-01-07,True,False,"Zoledronic Acid Injection 5mg/100ml (Addl. Indication) For the treatement of osteoporosis in post-menopausal women and in men who are at increased risk offracture,including those with a recent low-trauma hip fracture. 07.01.09",LIST OF NEW DRUGS APPROVED 2009,https://cdsco.gov.in/opencms/resources/UploadCDSCOWeb/2018/UploadApprovalNewDrugs/2009.pdf,numbered,2009,CDSCO List of Approved New Drugs,2026-08-05T12:13:39+00:00
2,Misoprostol Tablet 600mcg Addl. Strength,,2009-01-09,True,False,Misoprostol Tablet 600mcg Addl. Strength 09.01.09,LIST OF NEW DRUGS APPROVED 2009,https://cdsco.gov.in/opencms/resources/UploadCDSCOWeb/2018/UploadApprovalNewDrugs/2009.pdf,numbered,2009,CDSCO List of Approved New Drugs,2026-08-05T12:13:39+00:00
3,Acebrophylline Syrup 10mg/ ml For the treatement of adult patients with chronic obstructive pulmonarydisease(COPD) and bronchial asthma,,2009-01-09,True,False,Acebrophylline Syrup 10mg/ ml For the treatement of adult patients with chronic obstructive pulmonarydisease(COPD) and bronchial asthma. 09.01.09,LIST OF NEW DRUGS APPROVED 2009,https://cdsco.gov.in/opencms/resources/UploadCDSCOWeb/2018/UploadApprovalNewDrugs/2009.pdf,numbered,2009,CDSCO List of Approved New Drugs,2026-08-05T12:13:39+00:00
4,"Selamectin Tropical solution (forverterinary use.) 60mg/120mg per ml (I) For the treatement and lasting prevention of fleainfestations,treatment and control of flea allergy dermatitis, prevention of heartworm disease,treatement and prevention of ear mites in dogs and cats; (II) For the treatement an",,2009-01-09,True,False,"Selamectin Tropical solution (forverterinary use.) 60mg/120mg per ml (I) For the treatement and lasting prevention of fleainfestations,treatment and control of flea allergy dermatitis, prevention of heartworm disease,treatement and prevention of ear mites in dogs and cats; (II) For the treatement and prevention of sarcoptic mange,roundworms an d for control of tick infestations in dogs. 09.01.09",LIST OF NEW DRUGS APPROVED 2009,https://cdsco.gov.in/opencms/resources/UploadCDSCOWeb/2018/UploadApprovalNewDrugs/2009.pdf,numbered,2009,CDSCO List of Approved New Drugs,2026-08-05T12:13:39+00:00
5,Methylcobalamin1500mcg + Calcium 200mg + Calcitriol 0.25mcg + Folic Acid1.5mg + Pyridoxine3mg Capsules,For the treatment of vitamin deficiency states in adults,2009-01-14,True,True,Methylcobalamin1500mcg + Calcium 200mg + Calcitriol 0.25mcg + Folic Acid1.5mg + Pyridoxine3mg Capsules For the treatment of vitamin deficiency states in adults 14.01.09,LIST OF NEW DRUGS APPROVED 2009,https://cdsco.gov.in/opencms/resources/UploadCDSCOWeb/2018/UploadApprovalNewDrugs/2009.pdf,numbered,2009,CDSCO List of Approved New Drugs,2026-08-05T12:13:39+00:00
6,Metoprolol tartrate tablets 50 mg (Addl. Indication) Adjunct to the treatement of Hyperthyroidism,,2009-01-14,True,False,Metoprolol tartrate tablets 50 mg (Addl. Indication) Adjunct to the treatement of Hyperthyroidism 14.01.09,LIST OF NEW DRUGS APPROVED 2009,https://cdsco.gov.in/opencms/resources/UploadCDSCOWeb/2018/UploadApprovalNewDrugs/2009.pdf,numbered,2009,CDSCO List of Approved New Drugs,2026-08-05T12:13:39+00:00
7,Cinacalet (as HCl) Tablet 30/60/90mg,For the treatment of secondary hyperparathyroidism in patients with chronic kidney diseases (CKD) on dialysis and for hypercalcemia in patients with parathyroid carcinoma,2009-01-14,True,True,Cinacalet (as HCl) Tablet 30/60/90mg For the treatment of secondary hyperparathyroidism in patients with chronic kidney diseases (CKD) on dialysis and for hypercalcemia in patients with parathyroid carcinoma 14.01.09,LIST OF NEW DRUGS APPROVED 2009,https://cdsco.gov.in/opencms/resources/UploadCDSCOWeb/2018/UploadApprovalNewDrugs/2009.pdf,numbered,2009,CDSCO List of Approved New Drugs,2026-08-05T12:13:39+00:00
8,"Mycophenolate mofetil Capsules 250mg, Tablets 500mg, Oral suspension 200mg/ml (addl. Indication)",For the prophylaxis of acute organ rejection in patients recievingallogenic hepatic transplantation,2009-01-23,True,True,"Mycophenolate mofetil Capsules 250mg, Tablets 500mg, Oral suspension 200mg/ml (addl. Indication) For the prophylaxis of acute organ rejection in patients recievingallogenic hepatic transplantation. 23.01.09",LIST OF NEW DRUGS APPROVED 2009,https://cdsco.gov.in/opencms/resources/UploadCDSCOWeb/2018/UploadApprovalNewDrugs/2009.pdf,numbered,2009,CDSCO List of Approved New Drugs,2026-08-05T12:13:39+00:00
9,Liquid Paraffin1.25ml + Milk of Magnesia 3.75ml + Sodium Picosulphate3.33mg per 5ml For symptomatic treatment of constipation in adults,,2009-01-29,True,False,Liquid Paraffin1.25ml + Milk of Magnesia 3.75ml + Sodium Picosulphate3.33mg per 5ml For symptomatic treatment of constipation in adults 29.01.09,LIST OF NEW DRUGS APPROVED 2009,https://cdsco.gov.in/opencms/resources/UploadCDSCOWeb/2018/UploadApprovalNewDrugs/2009.pdf,numbered,2009,CDSCO List of Approved New Drugs,2026-08-05T12:13:39+00:00
10,Ranolazine 1000mg ER Tabs (Additional Strength) Same as approved,,2009-01-31,True,False,Ranolazine 1000mg ER Tabs (Additional Strength) Same as approved 31.01.09,LIST OF NEW DRUGS APPROVED 2009,https://cdsco.gov.in/opencms/resources/UploadCDSCOWeb/2018/UploadApprovalNewDrugs/2009.pdf,numbered,2009,CDSCO List of Approved New Drugs,2026-08-05T12:13:39+00:00
11,Hyaluronic acid (cross linked) Pre-filled syringe 18mg/0.6ml and 24mg/0.8ml For intradermal implantation and facial soft tissue augmentation,,2009-01-31,True,False,Hyaluronic acid (cross linked) Pre-filled syringe 18mg/0.6ml and 24mg/0.8ml For intradermal implantation and facial soft tissue augmentation 31.01.09,LIST OF NEW DRUGS APPROVED 2009,https://cdsco.gov.in/opencms/resources/UploadCDSCOWeb/2018/UploadApprovalNewDrugs/2009.pdf,numbered,2009,CDSCO List of Approved New Drugs,2026-08-05T12:13:39+00:00
12,Caspofungin acetate Injection (Addl. Indication),"For use in following: (I) Empirical therapy for presumed fungal infections in febrile neutropenicpatients. (II) Treatment of Candidemia and the following Candida infections: Intra-abdominal abscesses, Peritonitis and Pleural space infections. (III) Treatment of EsophagealCandidiasis. (IV) Treatment of invasive Aspergillosis in patients who are refractory to or intolerant of other therapies (i.e, amphotericin B, lipid formulations of amphotericin B, and/or itraconazole)",2009-01-31,True,True,"Caspofungin acetate Injection (Addl. Indication) For use in following: (I) Empirical therapy for presumed fungal infections in febrile neutropenicpatients. (II) Treatment of Candidemia and the following Candida infections: Intra-abdominal abscesses, Peritonitis and Pleural space infections. (III) Treatment of EsophagealCandidiasis. (IV) Treatment of invasive Aspergillosis in patients who are refractory to or intolerant of other therapies (i.e, amphotericin B, lipid formulations of amphotericin B, and/or itraconazole) 31.01.09",LIST OF NEW DRUGS APPROVED 2009,https://cdsco.gov.in/opencms/resources/UploadCDSCOWeb/2018/UploadApprovalNewDrugs/2009.pdf,numbered,2009,CDSCO List of Approved New Drugs,2026-08-05T12:13:39+00:00
13,Micafungin ( as sodium) Powder for solution for infusion 50mg / vial,"For the treatment of patients withcandidemia, acute disseminated candidiasis, candida peritonitis, abscess and esophageal candidiasis. For the prophylaxis of Candida infection in patients undergoing hematopoietic stem cell transplantation (HSCT)",2009-01-31,True,True,"Micafungin ( as sodium) Powder for solution for infusion 50mg / vial For the treatment of patients withcandidemia, acute disseminated candidiasis, candida peritonitis, abscess and esophageal candidiasis. For the prophylaxis of Candida infection in patients undergoing hematopoietic stem cell transplantation (HSCT) 31.01.09",LIST OF NEW DRUGS APPROVED 2009,https://cdsco.gov.in/opencms/resources/UploadCDSCOWeb/2018/UploadApprovalNewDrugs/2009.pdf,numbered,2009,CDSCO List of Approved New Drugs,2026-08-05T12:13:39+00:00
14,Loteprednol Etabonate Nasal spray 0.1% w/v,For prophylaxis and treatment of the nasal symptoms of seasonal allergic rhinitis,2009-01-31,True,True,Loteprednol Etabonate Nasal spray 0.1% w/v For prophylaxis and treatment of the nasal symptoms of seasonal allergic rhinitis. 31.01.09,LIST OF NEW DRUGS APPROVED 2009,https://cdsco.gov.in/opencms/resources/UploadCDSCOWeb/2018/UploadApprovalNewDrugs/2009.pdf,numbered,2009,CDSCO List of Approved New Drugs,2026-08-05T12:13:39+00:00
15,Rasagiline (as mesylate ) Tablet 0.5mg/1mg For the tratment of signs and symptoms of idiopathic Parkinson's disease as intial monotherapy and as an addition to levodopa,,2009-01-31,True,False,Rasagiline (as mesylate ) Tablet 0.5mg/1mg For the tratment of signs and symptoms of idiopathic Parkinson's disease as intial monotherapy and as an addition to levodopa. 31.01.09,LIST OF NEW DRUGS APPROVED 2009,https://cdsco.gov.in/opencms/resources/UploadCDSCOWeb/2018/UploadApprovalNewDrugs/2009.pdf,numbered,2009,CDSCO List of Approved New Drugs,2026-08-05T12:13:39+00:00
16,Nicotine Polacrilex Gum 2mg & 4mg (Addl. Indication),"To reduce the withdrawal symptoms, including nicotine craving, associated with quitting the smoking and quitting chewed tobacco and guthkacontaining tobacco",2009-02-03,True,True,"Nicotine Polacrilex Gum 2mg & 4mg (Addl. Indication) To reduce the withdrawal symptoms, including nicotine craving, associated with quitting the smoking and quitting chewed tobacco and guthkacontaining tobacco. 03.02.09",LIST OF NEW DRUGS APPROVED 2009,https://cdsco.gov.in/opencms/resources/UploadCDSCOWeb/2018/UploadApprovalNewDrugs/2009.pdf,numbered,2009,CDSCO List of Approved New Drugs,2026-08-05T12:13:39+00:00
17,"Closantel Injection100mg/ ml (forverterinary use.) For the infestation of trematodes, nematodes, cestodes and arthropods of domestic animals, including milch and other food producing animals",,2009-02-05,True,False,"Closantel Injection100mg/ ml (forverterinary use.) For the infestation of trematodes, nematodes, cestodes and arthropods of domestic animals, including milch and other food producing animals. 05.02.09",LIST OF NEW DRUGS APPROVED 2009,https://cdsco.gov.in/opencms/resources/UploadCDSCOWeb/2018/UploadApprovalNewDrugs/2009.pdf,numbered,2009,CDSCO List of Approved New Drugs,2026-08-05T12:13:39+00:00
18,Lornoxicam 4mg + Paracetamol 500mg film coated tablets For the short term use in acute painful & inflammatory conditions in adults,,2009-02-05,True,False,Lornoxicam 4mg + Paracetamol 500mg film coated tablets For the short term use in acute painful & inflammatory conditions in adults 05.02.09,LIST OF NEW DRUGS APPROVED 2009,https://cdsco.gov.in/opencms/resources/UploadCDSCOWeb/2018/UploadApprovalNewDrugs/2009.pdf,numbered,2009,CDSCO List of Approved New Drugs,2026-08-05T12:13:39+00:00
19,Cetrimide15% w/v + Chlorhexidine Gluconate 7.5% v/v + Isopropyl Alcohol 7.5% v/v Concentrate Solution For cleansing of physically contaminated wounds and for pre- operative disinfection,,2009-02-09,True,False,Cetrimide15% w/v + Chlorhexidine Gluconate 7.5% v/v + Isopropyl Alcohol 7.5% v/v Concentrate Solution For cleansing of physically contaminated wounds and for pre- operative disinfection 09.02.09,LIST OF NEW DRUGS APPROVED 2009,https://cdsco.gov.in/opencms/resources/UploadCDSCOWeb/2018/UploadApprovalNewDrugs/2009.pdf,numbered,2009,CDSCO List of Approved New Drugs,2026-08-05T12:13:39+00:00
20,Ketoconazole 2% w/v + Prepared Coal Tar 2% w/v (I.P. 1966) Solution,For the treatment of dandruff,2009-02-09,True,True,Ketoconazole 2% w/v + Prepared Coal Tar 2% w/v (I.P. 1966) Solution For the treatment of dandruff 09.02.09,LIST OF NEW DRUGS APPROVED 2009,https://cdsco.gov.in/opencms/resources/UploadCDSCOWeb/2018/UploadApprovalNewDrugs/2009.pdf,numbered,2009,CDSCO List of Approved New Drugs,2026-08-05T12:13:39+00:00
21,Doripenem (as monohydrate) Injection 250mg/500mg,For the treatment of nosocomial pneumonia in adults,2009-02-16,True,True,Doripenem (as monohydrate) Injection 250mg/500mg For the treatment of nosocomial pneumonia in adults. 16.02.09,LIST OF NEW DRUGS APPROVED 2009,https://cdsco.gov.in/opencms/resources/UploadCDSCOWeb/2018/UploadApprovalNewDrugs/2009.pdf,numbered,2009,CDSCO List of Approved New Drugs,2026-08-05T12:13:39+00:00
22,Halobetasol Scalp Approved 0.05% w/v For the relief of inflammatory andpuritic manifestation of corticosteroidrespensive dermatosis,,2009-02-18,True,False,Halobetasol Scalp Approved 0.05% w/v For the relief of inflammatory andpuritic manifestation of corticosteroidrespensive dermatosis 18.02.09,LIST OF NEW DRUGS APPROVED 2009,https://cdsco.gov.in/opencms/resources/UploadCDSCOWeb/2018/UploadApprovalNewDrugs/2009.pdf,numbered,2009,CDSCO List of Approved New Drugs,2026-08-05T12:13:39+00:00
23,Nicotine (as Polacrilex) Lozenges 2mg & 4mg,"To reduce the withdrawal symptoms, including nicotine craving, associated with quitting the smoking and quitting chewed tobacco and guthkacontaining tobacco",2009-02-18,True,True,"Nicotine (as Polacrilex) Lozenges 2mg & 4mg To reduce the withdrawal symptoms, including nicotine craving, associated with quitting the smoking and quitting chewed tobacco and guthkacontaining tobacco. 18.02.09",LIST OF NEW DRUGS APPROVED 2009,https://cdsco.gov.in/opencms/resources/UploadCDSCOWeb/2018/UploadApprovalNewDrugs/2009.pdf,numbered,2009,CDSCO List of Approved New Drugs,2026-08-05T12:13:39+00:00
24,Tranexamic Acid Tab SR 750mg,For the treatment of menorrhagia,2009-02-20,True,True,Tranexamic Acid Tab SR 750mg For the treatment of menorrhagia 20.02.09,LIST OF NEW DRUGS APPROVED 2009,https://cdsco.gov.in/opencms/resources/UploadCDSCOWeb/2018/UploadApprovalNewDrugs/2009.pdf,numbered,2009,CDSCO List of Approved New Drugs,2026-08-05T12:13:39+00:00
25,Betahistine Mesilate Tablet 6mg/12mg,"For the treatment of dizziness and feeling of dizziness resulting from Meniere's disease, Meniere's syndrome and vertigo",2009-02-20,True,True,"Betahistine Mesilate Tablet 6mg/12mg For the treatment of dizziness and feeling of dizziness resulting from Meniere's disease, Meniere's syndrome and vertigo. 20.02.09",LIST OF NEW DRUGS APPROVED 2009,https://cdsco.gov.in/opencms/resources/UploadCDSCOWeb/2018/UploadApprovalNewDrugs/2009.pdf,numbered,2009,CDSCO List of Approved New Drugs,2026-08-05T12:13:39+00:00
26,Abatacept Injection 250mg/vial (Addl. Indication) In moderately to severly active rheumatoid arithritis in adults and may be used as monotherapy or concomitantly with DMARD's other than TNF antagonists,,2009-02-20,True,False,Abatacept Injection 250mg/vial (Addl. Indication) In moderately to severly active rheumatoid arithritis in adults and may be used as monotherapy or concomitantly with DMARD's other than TNF antagonists 20.02.09,LIST OF NEW DRUGS APPROVED 2009,https://cdsco.gov.in/opencms/resources/UploadCDSCOWeb/2018/UploadApprovalNewDrugs/2009.pdf,numbered,2009,CDSCO List of Approved New Drugs,2026-08-05T12:13:39+00:00
27,Anidulafungin Injection (Lyophilized powder) 50mg/100mg per vial,For the treatment of invasive candidiasis including candidemia andesophage al candidiasis in adult patients,2009-02-23,True,True,Anidulafungin Injection (Lyophilized powder) 50mg/100mg per vial For the treatment of invasive candidiasis including candidemia andesophage al candidiasis in adult patients. 23.02.09,LIST OF NEW DRUGS APPROVED 2009,https://cdsco.gov.in/opencms/resources/UploadCDSCOWeb/2018/UploadApprovalNewDrugs/2009.pdf,numbered,2009,CDSCO List of Approved New Drugs,2026-08-05T12:13:39+00:00
28,Hydroquinone 2%+ Tretinoin 0.05% + Hydrocortisone1%Cream,For the treatment of patients with skin hyperpigmentation,2009-02-23,True,True,Hydroquinone 2%+ Tretinoin 0.05% + Hydrocortisone1%Cream For the treatment of patients with skin hyperpigmentation 23.02.09,LIST OF NEW DRUGS APPROVED 2009,https://cdsco.gov.in/opencms/resources/UploadCDSCOWeb/2018/UploadApprovalNewDrugs/2009.pdf,numbered,2009,CDSCO List of Approved New Drugs,2026-08-05T12:13:39+00:00
29,Doxyphylline 400 mg + Terbutaline 5mg tablets,For the treatment of asthma and chronic obstructive pulmonary disease in adult patients only,2009-02-23,True,True,Doxyphylline 400 mg + Terbutaline 5mg tablets For the treatment of asthma and chronic obstructive pulmonary disease in adult patients only 23.02.09,LIST OF NEW DRUGS APPROVED 2009,https://cdsco.gov.in/opencms/resources/UploadCDSCOWeb/2018/UploadApprovalNewDrugs/2009.pdf,numbered,2009,CDSCO List of Approved New Drugs,2026-08-05T12:13:39+00:00
30,Hydroquinone 20mg + Tretinoin 0.25mg + Fluocinolone Acetonide 0.1mg per gm Cream,For the treatment of melasma of face in adults,2009-02-23,True,True,Hydroquinone 20mg + Tretinoin 0.25mg + Fluocinolone Acetonide 0.1mg per gm Cream For the treatment of melasma of face in adults 23.02.09,LIST OF NEW DRUGS APPROVED 2009,https://cdsco.gov.in/opencms/resources/UploadCDSCOWeb/2018/UploadApprovalNewDrugs/2009.pdf,numbered,2009,CDSCO List of Approved New Drugs,2026-08-05T12:13:39+00:00
31,Ketoconazole 2% + Zinc Pyrithone 1% Lotion,For the treatment of pityriasis and dandruff of the scalp,2009-02-23,True,True,Ketoconazole 2% + Zinc Pyrithone 1% Lotion For the treatment of pityriasis and dandruff of the scalp 23.02.09,LIST OF NEW DRUGS APPROVED 2009,https://cdsco.gov.in/opencms/resources/UploadCDSCOWeb/2018/UploadApprovalNewDrugs/2009.pdf,numbered,2009,CDSCO List of Approved New Drugs,2026-08-05T12:13:39+00:00
32,Lamivudine 30mg + Zidovudine 60mg +Nevirapine 50mg Oral Suspension (Tablets for oral Suspension),For the treatment of HIV patients,2009-02-23,True,True,Lamivudine 30mg + Zidovudine 60mg +Nevirapine 50mg Oral Suspension (Tablets for oral Suspension) For the treatment of HIV patients 23.02.09,LIST OF NEW DRUGS APPROVED 2009,https://cdsco.gov.in/opencms/resources/UploadCDSCOWeb/2018/UploadApprovalNewDrugs/2009.pdf,numbered,2009,CDSCO List of Approved New Drugs,2026-08-05T12:13:39+00:00
33,"Glibenclamide 5mg + Pioglitazone 15mg + Metformin500mg film coated tablets As 3rd line treatment of type II diabetes mellitus when diet, exercise and the single agents and the second line therapy with two drugs do not result in adequate glycemic control",,2009-02-23,True,False,"Glibenclamide 5mg + Pioglitazone 15mg + Metformin500mg film coated tablets As 3rd line treatment of type II diabetes mellitus when diet, exercise and the single agents and the second line therapy with two drugs do not result in adequate glycemic control 23.02.09",LIST OF NEW DRUGS APPROVED 2009,https://cdsco.gov.in/opencms/resources/UploadCDSCOWeb/2018/UploadApprovalNewDrugs/2009.pdf,numbered,2009,CDSCO List of Approved New Drugs,2026-08-05T12:13:39+00:00
34,Aceclofenac 100mg + Tizanidine 2mg film coated tablets,For the treatment of acute low back pain in adult patients only,2009-02-23,True,True,Aceclofenac 100mg + Tizanidine 2mg film coated tablets For the treatment of acute low back pain in adult patients only 23.02.09,LIST OF NEW DRUGS APPROVED 2009,https://cdsco.gov.in/opencms/resources/UploadCDSCOWeb/2018/UploadApprovalNewDrugs/2009.pdf,numbered,2009,CDSCO List of Approved New Drugs,2026-08-05T12:13:39+00:00
35,Octinoxate 7.5% + Avobenzone 3% + Oxybenzone 3% + Titanium dioxide 2% lotion As sunscreen lotion for prevention of sunburn skin,,2009-02-23,True,False,Octinoxate 7.5% + Avobenzone 3% + Oxybenzone 3% + Titanium dioxide 2% lotion As sunscreen lotion for prevention of sunburn skin 23.02.09,LIST OF NEW DRUGS APPROVED 2009,https://cdsco.gov.in/opencms/resources/UploadCDSCOWeb/2018/UploadApprovalNewDrugs/2009.pdf,numbered,2009,CDSCO List of Approved New Drugs,2026-08-05T12:13:39+00:00
36,"Cetrizine 5/10mg + Ambroxol 30mg per 5ml syrup For the symptomatic relief of productive cough associated with allergic rhinitis, when both anti- histamine and mucolytic agents are desired",,2009-02-23,True,False,"Cetrizine 5/10mg + Ambroxol 30mg per 5ml syrup For the symptomatic relief of productive cough associated with allergic rhinitis, when both anti- histamine and mucolytic agents are desired 23.02.09",LIST OF NEW DRUGS APPROVED 2009,https://cdsco.gov.in/opencms/resources/UploadCDSCOWeb/2018/UploadApprovalNewDrugs/2009.pdf,numbered,2009,CDSCO List of Approved New Drugs,2026-08-05T12:13:39+00:00
37,Lidocaine Lozenges 200/300mg For single agent anesthesia in upper gastro intestinal endoscopy,,2009-02-26,True,False,Lidocaine Lozenges 200/300mg For single agent anesthesia in upper gastro intestinal endoscopy. 26.02.09,LIST OF NEW DRUGS APPROVED 2009,https://cdsco.gov.in/opencms/resources/UploadCDSCOWeb/2018/UploadApprovalNewDrugs/2009.pdf,numbered,2009,CDSCO List of Approved New Drugs,2026-08-05T12:13:39+00:00
38,Calamine 8% + Liquid Paraffin10% lotion As antipruritic and smoothening agent,,2009-02-26,True,False,Calamine 8% + Liquid Paraffin10% lotion As antipruritic and smoothening agent 26.02.09,LIST OF NEW DRUGS APPROVED 2009,https://cdsco.gov.in/opencms/resources/UploadCDSCOWeb/2018/UploadApprovalNewDrugs/2009.pdf,numbered,2009,CDSCO List of Approved New Drugs,2026-08-05T12:13:39+00:00
39,Nifedipine 0.3% + Lidocaine1.5% cream,For the treatment of anal fissures,2009-02-26,True,True,Nifedipine 0.3% + Lidocaine1.5% cream For the treatment of anal fissures 26.02.09,LIST OF NEW DRUGS APPROVED 2009,https://cdsco.gov.in/opencms/resources/UploadCDSCOWeb/2018/UploadApprovalNewDrugs/2009.pdf,numbered,2009,CDSCO List of Approved New Drugs,2026-08-05T12:13:39+00:00
40,Quinapril 20mg + HCTZ 25mg film coated tablet,For the treatment of mild to moderate hypertension in adult patients (in whom combination therapy is appropriate) who have been stabilized on the individual components given in the same proportion,2009-02-26,True,True,Quinapril 20mg + HCTZ 25mg film coated tablet For the treatment of mild to moderate hypertension in adult patients (in whom combination therapy is appropriate) who have been stabilized on the individual components given in the same proportion 26.02.09,LIST OF NEW DRUGS APPROVED 2009,https://cdsco.gov.in/opencms/resources/UploadCDSCOWeb/2018/UploadApprovalNewDrugs/2009.pdf,numbered,2009,CDSCO List of Approved New Drugs,2026-08-05T12:13:39+00:00
41,Levodopa 100/100/250 + Carbidopa10/25/25mg mouth dissolving tablet For the symptomatic symptoms of idiopathic Parkinson's Disease,,2009-03-04,True,False,Levodopa 100/100/250 + Carbidopa10/25/25mg mouth dissolving tablet For the symptomatic symptoms of idiopathic Parkinson's Disease 04.03.09,LIST OF NEW DRUGS APPROVED 2009,https://cdsco.gov.in/opencms/resources/UploadCDSCOWeb/2018/UploadApprovalNewDrugs/2009.pdf,numbered,2009,CDSCO List of Approved New Drugs,2026-08-05T12:13:39+00:00
42,Paliperidone ER Tablets 1.5mg Addl. Strength,,2009-03-04,True,False,Paliperidone ER Tablets 1.5mg Addl. Strength 04.03.09,LIST OF NEW DRUGS APPROVED 2009,https://cdsco.gov.in/opencms/resources/UploadCDSCOWeb/2018/UploadApprovalNewDrugs/2009.pdf,numbered,2009,CDSCO List of Approved New Drugs,2026-08-05T12:13:39+00:00
43,Losartan 100mg+ HCTZ 25 mg tablet Additional higher strength,,2009-03-16,True,False,Losartan 100mg+ HCTZ 25 mg tablet Additional higher strength 16.03.09,LIST OF NEW DRUGS APPROVED 2009,https://cdsco.gov.in/opencms/resources/UploadCDSCOWeb/2018/UploadApprovalNewDrugs/2009.pdf,numbered,2009,CDSCO List of Approved New Drugs,2026-08-05T12:13:39+00:00
44,Darunavir(as ethanolate) Tablet 300mg,"For the treatment of human immunodeficiency virus (HIV) infection in antiretroviral treatment experienced adult patients, such as those patients with HIV-1 strains resistant to more than one protease inhibitor when co-administered with 100mg ritonavir, and with other antiretroviral agents",2009-03-19,True,True,"Darunavir(as ethanolate) Tablet 300mg For the treatment of human immunodeficiency virus (HIV) infection in antiretroviral treatment experienced adult patients, such as those patients with HIV-1 strains resistant to more than one protease inhibitor when co-administered with 100mg ritonavir, and with other antiretroviral agents. 19.03.09",LIST OF NEW DRUGS APPROVED 2009,https://cdsco.gov.in/opencms/resources/UploadCDSCOWeb/2018/UploadApprovalNewDrugs/2009.pdf,numbered,2009,CDSCO List of Approved New Drugs,2026-08-05T12:13:39+00:00
45,Ropivacaine HCl Inj.2/5/ mg For the production of local or regional anasthesia for surgery and for acute pain management,,2010-05-07,True,False,Ropivacaine HCl Inj.2/5/7.5/10 mg For the production of local or regional anasthesia for surgery and for acute pain management. 19.03.09,LIST OF NEW DRUGS APPROVED 2009,https://cdsco.gov.in/opencms/resources/UploadCDSCOWeb/2018/UploadApprovalNewDrugs/2009.pdf,numbered,2009,CDSCO List of Approved New Drugs,2026-08-05T12:13:39+00:00
46,"Butaphosphan 100g + Methyl Hydroxybenzoate 1gm + Cyanocobalamin50 gm Oral powder (Veterinary Drug) As vitamin and phosphorous supplement for livestock, shirmp and fish",,2009-03-19,True,False,"Butaphosphan 100g + Methyl Hydroxybenzoate 1gm + Cyanocobalamin50 gm Oral powder (Veterinary Drug) As vitamin and phosphorous supplement for livestock, shirmp and fish. 19.03.09",LIST OF NEW DRUGS APPROVED 2009,https://cdsco.gov.in/opencms/resources/UploadCDSCOWeb/2018/UploadApprovalNewDrugs/2009.pdf,numbered,2009,CDSCO List of Approved New Drugs,2026-08-05T12:13:39+00:00
47,Fluticasone furoate Nasal spray 27.5mcg per spray,For the treatment of symptoms of allergic rhinitis,2009-03-19,True,True,Fluticasone furoate Nasal spray 27.5mcg per spray For the treatment of symptoms of allergic rhinitis. 19.03.09,LIST OF NEW DRUGS APPROVED 2009,https://cdsco.gov.in/opencms/resources/UploadCDSCOWeb/2018/UploadApprovalNewDrugs/2009.pdf,numbered,2009,CDSCO List of Approved New Drugs,2026-08-05T12:13:39+00:00
48,Octinoxate 7.5% + Avobenzone 2% + Oxybenzone 3% + Octocrylene 3%+ Zinc Oxide 2% lotion A sunscreen lotion for prevention of sunburn skin,,2009-03-19,True,False,Octinoxate 7.5% + Avobenzone 2% + Oxybenzone 3% + Octocrylene 3%+ Zinc Oxide 2% lotion A sunscreen lotion for prevention of sunburn skin 19.03.09,LIST OF NEW DRUGS APPROVED 2009,https://cdsco.gov.in/opencms/resources/UploadCDSCOWeb/2018/UploadApprovalNewDrugs/2009.pdf,numbered,2009,CDSCO List of Approved New Drugs,2026-08-05T12:13:39+00:00
49,Omeprazole 20/40mg + Sodium Bicarbonate 600mg+ Magnesium Hydroxide 700mg sachet Additional Strength,,2009-03-19,True,False,Omeprazole 20/40mg + Sodium Bicarbonate 600mg+ Magnesium Hydroxide 700mg sachet Additional Strength 19.03.09,LIST OF NEW DRUGS APPROVED 2009,https://cdsco.gov.in/opencms/resources/UploadCDSCOWeb/2018/UploadApprovalNewDrugs/2009.pdf,numbered,2009,CDSCO List of Approved New Drugs,2026-08-05T12:13:39+00:00
50,Ambroxol 30mg + Levo salbutamol 1mg+ Guiphenesin 50mg /5ml syrup For the symptomatic relief of bronchospasm in bronchial asthma & chronic bronchitis,,2009-03-19,True,False,Ambroxol 30mg + Levo salbutamol 1mg+ Guiphenesin 50mg /5ml syrup For the symptomatic relief of bronchospasm in bronchial asthma & chronic bronchitis 19.03.09,LIST OF NEW DRUGS APPROVED 2009,https://cdsco.gov.in/opencms/resources/UploadCDSCOWeb/2018/UploadApprovalNewDrugs/2009.pdf,numbered,2009,CDSCO List of Approved New Drugs,2026-08-05T12:13:39+00:00
51,Montelucast 4 mg+ Levocetrizine 2.5 mg tablet Additional lower paedriatric dose,,2009-03-19,True,False,Montelucast 4 mg+ Levocetrizine 2.5 mg tablet Additional lower paedriatric dose 19.03.09,LIST OF NEW DRUGS APPROVED 2009,https://cdsco.gov.in/opencms/resources/UploadCDSCOWeb/2018/UploadApprovalNewDrugs/2009.pdf,numbered,2009,CDSCO List of Approved New Drugs,2026-08-05T12:13:39+00:00
52,Surgical Sealant To be,indicated for use in sealing suture lines along arterial and venous reconstructions,2009-03-26,True,True,Surgical Sealant To be indicated for use in sealing suture lines along arterial and venous reconstructions. 26.03.09,LIST OF NEW DRUGS APPROVED 2009,https://cdsco.gov.in/opencms/resources/UploadCDSCOWeb/2018/UploadApprovalNewDrugs/2009.pdf,numbered,2009,CDSCO List of Approved New Drugs,2026-08-05T12:13:39+00:00
53,Lidocaine Patch 700mg in aqueous base. (50 mg per gram adhesive) For the relief of pain associated with post-herpetic neuralgia. It should be applied only to intact skin,,2009-03-26,True,False,Lidocaine Patch 700mg in aqueous base. (50 mg per gram adhesive) For the relief of pain associated with post-herpetic neuralgia. It should be applied only to intact skin. 26.03.09,LIST OF NEW DRUGS APPROVED 2009,https://cdsco.gov.in/opencms/resources/UploadCDSCOWeb/2018/UploadApprovalNewDrugs/2009.pdf,numbered,2009,CDSCO List of Approved New Drugs,2026-08-05T12:13:39+00:00
54,Bimatoprost Opthalmic solution 0.03%,"For the treatment of hypotrichosis of the eyelashes by increasing their growth including length, thickness and darkness",2009-03-30,True,True,"Bimatoprost Opthalmic solution 0.03% For the treatment of hypotrichosis of the eyelashes by increasing their growth including length, thickness and darkness. 30.03.09",LIST OF NEW DRUGS APPROVED 2009,https://cdsco.gov.in/opencms/resources/UploadCDSCOWeb/2018/UploadApprovalNewDrugs/2009.pdf,numbered,2009,CDSCO List of Approved New Drugs,2026-08-05T12:13:39+00:00
55,Trabectedin powder for concentrate for solution for infusion 1 mg/ vial,"For the treatment of patients with advanced soft tissue sarcoma, after failure of anthracyclines andifosfamide, or who are unsuited torecieve these agents",2009-03-30,True,True,"Trabectedin powder for concentrate for solution for infusion 1 mg/ vial For the treatment of patients with advanced soft tissue sarcoma, after failure of anthracyclines andifosfamide, or who are unsuited torecieve these agents. 30.03.09",LIST OF NEW DRUGS APPROVED 2009,https://cdsco.gov.in/opencms/resources/UploadCDSCOWeb/2018/UploadApprovalNewDrugs/2009.pdf,numbered,2009,CDSCO List of Approved New Drugs,2026-08-05T12:13:39+00:00
56,Acebrophylline Syrup 10mg/ml (Additional Indication),For the treatment of children (age 6to 12years) with chronic obstructive pulmonary disease(COPD) and bronchial asthma,2009-03-30,True,True,Acebrophylline Syrup 10mg/ml (Additional Indication) For the treatment of children (age 6to 12years) with chronic obstructive pulmonary disease(COPD) and bronchial asthma. 30.03.09,LIST OF NEW DRUGS APPROVED 2009,https://cdsco.gov.in/opencms/resources/UploadCDSCOWeb/2018/UploadApprovalNewDrugs/2009.pdf,numbered,2009,CDSCO List of Approved New Drugs,2026-08-05T12:13:39+00:00
57,Mesalamine PR Tablets 1.2gm For the induction of remission,"in patients with active, mild to moderate ulcerative colitis",2009-03-30,True,True,"Mesalamine PR Tablets 1.2gm For the induction of remission in patients with active, mild to moderate ulcerative colitis. 30.03.09",LIST OF NEW DRUGS APPROVED 2009,https://cdsco.gov.in/opencms/resources/UploadCDSCOWeb/2018/UploadApprovalNewDrugs/2009.pdf,numbered,2009,CDSCO List of Approved New Drugs,2026-08-05T12:13:39+00:00
58,Mycophenolate Mofetil Tablets 750mg Additional Strength Same as approved,,2009-03-31,True,False,Mycophenolate Mofetil Tablets 750mg Additional Strength Same as approved 31.03.09,LIST OF NEW DRUGS APPROVED 2009,https://cdsco.gov.in/opencms/resources/UploadCDSCOWeb/2018/UploadApprovalNewDrugs/2009.pdf,numbered,2009,CDSCO List of Approved New Drugs,2026-08-05T12:13:39+00:00
59,Ketorolac Tromethamine Gel 2%w/w,"For the treatment of muscle, joint and post-traumatic stress",2009-03-31,True,True,"Ketorolac Tromethamine Gel 2%w/w For the treatment of muscle, joint and post-traumatic stress. 31.03.09",LIST OF NEW DRUGS APPROVED 2009,https://cdsco.gov.in/opencms/resources/UploadCDSCOWeb/2018/UploadApprovalNewDrugs/2009.pdf,numbered,2009,CDSCO List of Approved New Drugs,2026-08-05T12:13:39+00:00
60,Theophylline 400mg SR + Montelukast10mg Tablet,For the treatment of patients with bronchial asthma,2009-03-31,True,True,Theophylline 400mg SR + Montelukast10mg Tablet For the treatment of patients with bronchial asthma 31.03.09,LIST OF NEW DRUGS APPROVED 2009,https://cdsco.gov.in/opencms/resources/UploadCDSCOWeb/2018/UploadApprovalNewDrugs/2009.pdf,numbered,2009,CDSCO List of Approved New Drugs,2026-08-05T12:13:39+00:00
61,Hyaluronic Acid Sodium Salt 0.2 gm + Silver Sulfadiazine 1.0 gm/25 gm tube Hyaluronic Acid Sodium Salt 50 mg + Silver Sulfadiazine 1.0 gm/ 100 gm gauze pads impregneted with cream.,For the treatment of wound of different etiology,2009-03-31,True,True,Hyaluronic Acid Sodium Salt 0.2 gm + Silver Sulfadiazine 1.0 gm/25 gm tube Hyaluronic Acid Sodium Salt 50 mg + Silver Sulfadiazine 1.0 gm/ 100 gm gauze pads impregneted with cream. For the treatment of wound of different etiology 31.03.09,LIST OF NEW DRUGS APPROVED 2009,https://cdsco.gov.in/opencms/resources/UploadCDSCOWeb/2018/UploadApprovalNewDrugs/2009.pdf,numbered,2009,CDSCO List of Approved New Drugs,2026-08-05T12:13:39+00:00
62,Telmisartan 80mg + Amlodipine 5mg tablet Additional higher strength,,2009-03-31,True,False,Telmisartan 80mg + Amlodipine 5mg tablet Additional higher strength 31.03.09,LIST OF NEW DRUGS APPROVED 2009,https://cdsco.gov.in/opencms/resources/UploadCDSCOWeb/2018/UploadApprovalNewDrugs/2009.pdf,numbered,2009,CDSCO List of Approved New Drugs,2026-08-05T12:13:39+00:00
63,Hyaluronic Acid Sodium Salt (i) Each 15gm tube contains: HyaluronicAcid Sodium Salt 0.2gm/100gm (ii) Sterile Gauze Pads impregnated with cream: Each gauze pad containsHyaluronic Acid Sodium Salt 50/100mg,For the treatment of wound of different etiology,2009-03-31,True,True,Hyaluronic Acid Sodium Salt (i) Each 15gm tube contains: HyaluronicAcid Sodium Salt 0.2gm/100gm (ii) Sterile Gauze Pads impregnated with cream: Each gauze pad containsHyaluronic Acid Sodium Salt 50/100mg For the treatment of wound of different etiology 31.03.09,LIST OF NEW DRUGS APPROVED 2009,https://cdsco.gov.in/opencms/resources/UploadCDSCOWeb/2018/UploadApprovalNewDrugs/2009.pdf,numbered,2009,CDSCO List of Approved New Drugs,2026-08-05T12:13:39+00:00
64,Abatacept Injection 250mg/vial (additional indication) For reducing signs and symptoms of moderately to severly active polyarticular juvenile idiopathic arthritis/juvenile rheumatoid arthritis in pediatric patients 6 years of age and older who have had an inadequate response to one or more DMARD's s,,2009-04-10,True,False,Abatacept Injection 250mg/vial (additional indication) For reducing signs and symptoms of moderately to severly active polyarticular juvenile idiopathic arthritis/juvenile rheumatoid arthritis in pediatric patients 6 years of age and older who have had an inadequate response to one or more DMARD's such as MTX 10.04.09,LIST OF NEW DRUGS APPROVED 2009,https://cdsco.gov.in/opencms/resources/UploadCDSCOWeb/2018/UploadApprovalNewDrugs/2009.pdf,numbered,2009,CDSCO List of Approved New Drugs,2026-08-05T12:13:39+00:00
65,"Cetrizine 10 mg + Ambroxol 75 mg SR Tablet For symptomatic relief of productive cough associated with allergic rhinitis, when both anti- histamine and mucolytic agents are desired",,2009-04-13,True,False,"Cetrizine 10 mg + Ambroxol 75 mg SR Tablet For symptomatic relief of productive cough associated with allergic rhinitis, when both anti- histamine and mucolytic agents are desired 13.04.2009",LIST OF NEW DRUGS APPROVED 2009,https://cdsco.gov.in/opencms/resources/UploadCDSCOWeb/2018/UploadApprovalNewDrugs/2009.pdf,numbered,2009,CDSCO List of Approved New Drugs,2026-08-05T12:13:39+00:00
66,"Ciclesonide 200mcg + Formoterol 6mcg + Tiotropium 9mcg MDI Indicated as third line treatment of severe cases of COPD, whenmonotherapy and second line therapy with two drugs do not respond adequately",,2009-04-13,True,False,"Ciclesonide 200mcg + Formoterol 6mcg + Tiotropium 9mcg MDI Indicated as third line treatment of severe cases of COPD, whenmonotherapy and second line therapy with two drugs do not respond adequately. 13.04.2009",LIST OF NEW DRUGS APPROVED 2009,https://cdsco.gov.in/opencms/resources/UploadCDSCOWeb/2018/UploadApprovalNewDrugs/2009.pdf,numbered,2009,CDSCO List of Approved New Drugs,2026-08-05T12:13:39+00:00
67,Each film coated bilayred tablet contains: Metoprolol 25mg/50mg + Chlorthalidone 12.5mg For the tretament of patients with mild to modrate essential hypertension,,2009-04-13,True,False,Each film coated bilayred tablet contains: Metoprolol 25mg/50mg + Chlorthalidone 12.5mg For the tretament of patients with mild to modrate essential hypertension 13.04.2009,LIST OF NEW DRUGS APPROVED 2009,https://cdsco.gov.in/opencms/resources/UploadCDSCOWeb/2018/UploadApprovalNewDrugs/2009.pdf,numbered,2009,CDSCO List of Approved New Drugs,2026-08-05T12:13:39+00:00
68,Milnacipran 25/50mg Caps (Addl. Indication) For the management of fibromylagia,,2009-04-15,True,False,Milnacipran 25/50mg Caps (Addl. Indication) For the management of fibromylagia. 15.04.2009,LIST OF NEW DRUGS APPROVED 2009,https://cdsco.gov.in/opencms/resources/UploadCDSCOWeb/2018/UploadApprovalNewDrugs/2009.pdf,numbered,2009,CDSCO List of Approved New Drugs,2026-08-05T12:13:39+00:00
69,Lornoxicam SR 16mg Tabs For the symptomatic treatment of pain and inflammation,in patients of osteoarthritis & rheumatoid arthritis,2009-04-25,True,True,Lornoxicam SR 16mg Tabs For the symptomatic treatment of pain and inflammation in patients of osteoarthritis & rheumatoid arthritis 25.04.2009,LIST OF NEW DRUGS APPROVED 2009,https://cdsco.gov.in/opencms/resources/UploadCDSCOWeb/2018/UploadApprovalNewDrugs/2009.pdf,numbered,2009,CDSCO List of Approved New Drugs,2026-08-05T12:13:39+00:00
70,Palonosetron Hcl 0.075mg IV Inj (Addl. Strength) Same as approved,,2009-04-25,True,False,Palonosetron Hcl 0.075mg IV Inj (Addl. Strength) Same as approved 25.04.2009,LIST OF NEW DRUGS APPROVED 2009,https://cdsco.gov.in/opencms/resources/UploadCDSCOWeb/2018/UploadApprovalNewDrugs/2009.pdf,numbered,2009,CDSCO List of Approved New Drugs,2026-08-05T12:13:39+00:00
71,Each film coated bilayred tablet contains: Metoprolol 25mg/50mg + Chlorthalidone 6.25 mg /12.5mg Additional strength,,2009-04-25,True,False,Each film coated bilayred tablet contains: Metoprolol 25mg/50mg + Chlorthalidone 6.25 mg /12.5mg Additional strength 25.04.2009,LIST OF NEW DRUGS APPROVED 2009,https://cdsco.gov.in/opencms/resources/UploadCDSCOWeb/2018/UploadApprovalNewDrugs/2009.pdf,numbered,2009,CDSCO List of Approved New Drugs,2026-08-05T12:13:39+00:00
72,Albendazole 400 mg + Ivermectin 6 mg tablet,For the treatment of intestinalhelminthes and suppression ofmicrofilaraemia especially with bancrofti infections,2009-04-25,True,True,Albendazole 400 mg + Ivermectin 6 mg tablet For the treatment of intestinalhelminthes and suppression ofmicrofilaraemia especially with bancrofti infections 25.04.2009,LIST OF NEW DRUGS APPROVED 2009,https://cdsco.gov.in/opencms/resources/UploadCDSCOWeb/2018/UploadApprovalNewDrugs/2009.pdf,numbered,2009,CDSCO List of Approved New Drugs,2026-08-05T12:13:39+00:00
73,Decitabine Lyophilized powder for injection 50mg/20ml vial,"For treatment of patients with myelodysplastic syndromes (MDS) including previously treated and untreated, de novo and secondary MDS of all French-American- British subtypes(refractory anemia, refractory anemia with ringed sideroblasts, refractory anemia with excess blasts, refractory anemia with excess blasts in transformation, and chronic myelomonocytic leukemia) and intermediate-1, intermediate-2, and high-risk international Prognostic Scoring System groups",2009-04-25,True,True,"Decitabine Lyophilized powder for injection 50mg/20ml vial For treatment of patients with myelodysplastic syndromes (MDS) including previously treated and untreated, de novo and secondary MDS of all French-American- British subtypes(refractory anemia, refractory anemia with ringed sideroblasts, refractory anemia with excess blasts, refractory anemia with excess blasts in transformation, and chronic myelomonocytic leukemia) and intermediate-1, intermediate-2, and high-risk international Prognostic Scoring System groups. 25.04.2009",LIST OF NEW DRUGS APPROVED 2009,https://cdsco.gov.in/opencms/resources/UploadCDSCOWeb/2018/UploadApprovalNewDrugs/2009.pdf,numbered,2009,CDSCO List of Approved New Drugs,2026-08-05T12:13:39+00:00
74,"Retapamulin Ointment 1% For the topical treatment of bacterial skin and skin structure infections:-Primary impetigo, secondarily infected traumatic lesions, secondarily infected dermatoses",,2009-04-25,True,False,"Retapamulin Ointment 1% For the topical treatment of bacterial skin and skin structure infections:-Primary impetigo, secondarily infected traumatic lesions, secondarily infected dermatoses. 25.04.2009",LIST OF NEW DRUGS APPROVED 2009,https://cdsco.gov.in/opencms/resources/UploadCDSCOWeb/2018/UploadApprovalNewDrugs/2009.pdf,numbered,2009,CDSCO List of Approved New Drugs,2026-08-05T12:13:39+00:00
75,Each ml contains Calamine 15% w/v + Zinc oxide 5% w/v + Bentonite 3% w/v+Glycerin 5%w/v + Sodium citrate 0.05 % w/v lotion For the tretament of pruritis and prickly heat,,2009-05-08,True,False,Each ml contains Calamine 15% w/v + Zinc oxide 5% w/v + Bentonite 3% w/v+Glycerin 5%w/v + Sodium citrate 0.05 % w/v lotion For the tretament of pruritis and prickly heat 08.05.2009,LIST OF NEW DRUGS APPROVED 2009,https://cdsco.gov.in/opencms/resources/UploadCDSCOWeb/2018/UploadApprovalNewDrugs/2009.pdf,numbered,2009,CDSCO List of Approved New Drugs,2026-08-05T12:13:39+00:00
76,Each 1000 ml of emulsion contains: Medium chain triglycerides 100 gm + Soya oil 80 gm + Omega- 3 acidtriglycerides 20 gm + egg lecithin 12 gm + Glycerl 25 gm + Sodium oleate 0.30 gm + Alpha -tocopherol 0.20 gm +Ascorbypalmitate 0.30 gm + Sodium hydroxide max. 0.06 gm + water for injection 784 gm emu,,2009-05-14,True,False,"Each 1000 ml of emulsion contains: Medium chain triglycerides 100 gm + Soya oil 80 gm + Omega- 3 acidtriglycerides 20 gm + egg lecithin 12 gm + Glycerl 25 gm + Sodium oleate 0.30 gm + Alpha -tocopherol 0.20 gm +Ascorbypalmitate 0.30 gm + Sodium hydroxide max. 0.06 gm + water for injection 784 gm emulsion for infusion For the supply of fats, including essential omega-6 fatty acids and omega-3 fatty acids, as part of a parenteral nutrition regimen in adults if oral or enteral nutrition is impossible, inadequte or contraindicated. 14.05.2009",LIST OF NEW DRUGS APPROVED 2009,https://cdsco.gov.in/opencms/resources/UploadCDSCOWeb/2018/UploadApprovalNewDrugs/2009.pdf,numbered,2009,CDSCO List of Approved New Drugs,2026-08-05T12:13:39+00:00
77,Sertaconazole Nitrate Powder 2% w/w & Lotion 2% w/v For the topical treatment of the superficial fungal infections of the skin,,2009-05-02,True,False,Sertaconazole Nitrate Powder 2% w/w & Lotion 2% w/v For the topical treatment of the superficial fungal infections of the skin. 02.05.2009,LIST OF NEW DRUGS APPROVED 2009,https://cdsco.gov.in/opencms/resources/UploadCDSCOWeb/2018/UploadApprovalNewDrugs/2009.pdf,numbered,2009,CDSCO List of Approved New Drugs,2026-08-05T12:13:39+00:00
78,Amlodipine Tablets 5mg/10mg (additional indication) 1.,"To reduce of fatal coronary heart disease and non-fatal myocardial infarction, and to reduce the risk of stroke. 2. To reduce the risk of coronary revascularization procedures and the need for hospitalization due to angina in patients with coronary artery disease",2009-05-02,True,True,"Amlodipine Tablets 5mg/10mg (additional indication) 1. To reduce of fatal coronary heart disease and non-fatal myocardial infarction, and to reduce the risk of stroke. 2. To reduce the risk of coronary revascularization procedures and the need for hospitalization due to angina in patients with coronary artery disease. 02.05.2009",LIST OF NEW DRUGS APPROVED 2009,https://cdsco.gov.in/opencms/resources/UploadCDSCOWeb/2018/UploadApprovalNewDrugs/2009.pdf,numbered,2009,CDSCO List of Approved New Drugs,2026-08-05T12:13:39+00:00
79,Clindamycin Phosphate Inj. 150mg/ml & Clindamycin HCl Capsules 150mg/300mg (additional indication) Prophylaxis of infection in neck and head surgery,,2009-05-02,True,False,Clindamycin Phosphate Inj. 150mg/ml & Clindamycin HCl Capsules 150mg/300mg (additional indication) Prophylaxis of infection in neck and head surgery 02.05.2009,LIST OF NEW DRUGS APPROVED 2009,https://cdsco.gov.in/opencms/resources/UploadCDSCOWeb/2018/UploadApprovalNewDrugs/2009.pdf,numbered,2009,CDSCO List of Approved New Drugs,2026-08-05T12:13:39+00:00
80,Each 15 gm sachet contains: Lactulose 10 gm + Ispaghula husk 3.50 gm granules,For the treatment of chronic idiopathic constipation in adult patients only,2009-05-16,True,True,Each 15 gm sachet contains: Lactulose 10 gm + Ispaghula husk 3.50 gm granules For the treatment of chronic idiopathic constipation in adult patients only 16.05.2009,LIST OF NEW DRUGS APPROVED 2009,https://cdsco.gov.in/opencms/resources/UploadCDSCOWeb/2018/UploadApprovalNewDrugs/2009.pdf,numbered,2009,CDSCO List of Approved New Drugs,2026-08-05T12:13:39+00:00
81,Sucralose for use as sweetner in drug formulations,,2009-05-09,True,False,Sucralose for use as sweetner in drug formulations 09.05.2009,LIST OF NEW DRUGS APPROVED 2009,https://cdsco.gov.in/opencms/resources/UploadCDSCOWeb/2018/UploadApprovalNewDrugs/2009.pdf,numbered,2009,CDSCO List of Approved New Drugs,2026-08-05T12:13:39+00:00
82,CarvedilolTablets 3.125/ . 5/25mg (additional indication),To reduce cardiovascular mortality in clinically stable patients who have survived the acute phase of a myocardial infarction and have a left ventricular ejection fraction of ≤ 40% (with or without symptomatic heart failure),2009-05-09,True,True,CarvedilolTablets 3.125/6.25/12. 5/25mg (additional indication) To reduce cardiovascular mortality in clinically stable patients who have survived the acute phase of a myocardial infarction and have a left ventricular ejection fraction of ≤ 40% (with or without symptomatic heart failure) 09.05.2009,LIST OF NEW DRUGS APPROVED 2009,https://cdsco.gov.in/opencms/resources/UploadCDSCOWeb/2018/UploadApprovalNewDrugs/2009.pdf,numbered,2009,CDSCO List of Approved New Drugs,2026-08-05T12:13:39+00:00
83,Dexketoprofen 12.5 mg/25 mg + Paracetamol 500 mg film coated tablets,For the treatment of Acute musculoskeletal pain,2009-05-18,True,True,Dexketoprofen 12.5 mg/25 mg + Paracetamol 500 mg film coated tablets For the treatment of Acute musculoskeletal pain 18.05.2009,LIST OF NEW DRUGS APPROVED 2009,https://cdsco.gov.in/opencms/resources/UploadCDSCOWeb/2018/UploadApprovalNewDrugs/2009.pdf,numbered,2009,CDSCO List of Approved New Drugs,2026-08-05T12:13:39+00:00
84,Pregabalin SR Tablet 150/300mg,For the treatment of peripheral neuropathic pain in adults,2009-05-16,True,True,Pregabalin SR Tablet 150/300mg For the treatment of peripheral neuropathic pain in adults 16.05.2009,LIST OF NEW DRUGS APPROVED 2009,https://cdsco.gov.in/opencms/resources/UploadCDSCOWeb/2018/UploadApprovalNewDrugs/2009.pdf,numbered,2009,CDSCO List of Approved New Drugs,2026-08-05T12:13:39+00:00
85,Guaiphenesin ER Tablet 1200mg,For the treatment of productive cough accompanied by Phlegm,2009-05-16,True,True,Guaiphenesin ER Tablet 1200mg For the treatment of productive cough accompanied by Phlegm 16.05.2009,LIST OF NEW DRUGS APPROVED 2009,https://cdsco.gov.in/opencms/resources/UploadCDSCOWeb/2018/UploadApprovalNewDrugs/2009.pdf,numbered,2009,CDSCO List of Approved New Drugs,2026-08-05T12:13:39+00:00
86,Everolimus 5/10mg Tablets (Addl. Indication) Treatment of advance renal cell carcinoma,,2009-05-16,True,False,Everolimus 5/10mg Tablets (Addl. Indication) Treatment of advance renal cell carcinoma 16.05.2009,LIST OF NEW DRUGS APPROVED 2009,https://cdsco.gov.in/opencms/resources/UploadCDSCOWeb/2018/UploadApprovalNewDrugs/2009.pdf,numbered,2009,CDSCO List of Approved New Drugs,2026-08-05T12:13:39+00:00
87,"Nimesulide ER 200mg ( Additional Indication) Acute pain in Orthopaedic, ENT, Dental and Post Operative condition",,2009-05-16,True,False,"Nimesulide ER 200mg ( Additional Indication) Acute pain in Orthopaedic, ENT, Dental and Post Operative condition 16.05.2009",LIST OF NEW DRUGS APPROVED 2009,https://cdsco.gov.in/opencms/resources/UploadCDSCOWeb/2018/UploadApprovalNewDrugs/2009.pdf,numbered,2009,CDSCO List of Approved New Drugs,2026-08-05T12:13:39+00:00
88,Palonesetron Injection 0.25mg/5ml (Additional Indication),For treatment of Post Operative Nausea & vomiting,2009-05-16,True,True,Palonesetron Injection 0.25mg/5ml (Additional Indication) For treatment of Post Operative Nausea & vomiting 16.05.2009,LIST OF NEW DRUGS APPROVED 2009,https://cdsco.gov.in/opencms/resources/UploadCDSCOWeb/2018/UploadApprovalNewDrugs/2009.pdf,numbered,2009,CDSCO List of Approved New Drugs,2026-08-05T12:13:39+00:00
89,Bendamustine Hydrochloride Lyophilized powder Injection 100mg/ vial,For the treatment of patients with chronic lymphocytic leukemia,2009-05-16,True,True,Bendamustine Hydrochloride Lyophilized powder Injection 100mg/ vial For the treatment of patients with chronic lymphocytic leukemia. 16.05.09,LIST OF NEW DRUGS APPROVED 2009,https://cdsco.gov.in/opencms/resources/UploadCDSCOWeb/2018/UploadApprovalNewDrugs/2009.pdf,numbered,2009,CDSCO List of Approved New Drugs,2026-08-05T12:13:39+00:00
90,Caffeine(as Citrate) 10mg / ml Injection For the short term treatment of apnoea of prematurity of infants between 28 and < 33 weeks gestational age,,2009-05-16,True,False,Caffeine(as Citrate) 10mg / ml Injection For the short term treatment of apnoea of prematurity of infants between 28 and < 33 weeks gestational age. 16.05.09,LIST OF NEW DRUGS APPROVED 2009,https://cdsco.gov.in/opencms/resources/UploadCDSCOWeb/2018/UploadApprovalNewDrugs/2009.pdf,numbered,2009,CDSCO List of Approved New Drugs,2026-08-05T12:13:39+00:00
91,Perindopril arginine 2.5mg/5mg/10mg film coated tablet,"For the treatment of arterial hypertension, congestive heart failure and coronary artery disease",2009-05-16,True,True,"Perindopril arginine 2.5mg/5mg/10mg film coated tablet For the treatment of arterial hypertension, congestive heart failure and coronary artery disease. 16.05.09",LIST OF NEW DRUGS APPROVED 2009,https://cdsco.gov.in/opencms/resources/UploadCDSCOWeb/2018/UploadApprovalNewDrugs/2009.pdf,numbered,2009,CDSCO List of Approved New Drugs,2026-08-05T12:13:39+00:00
92,Each gm contains: Halobetasol 0.05% w/w + Mupirocin 2.0 % w/w gel For the topical treatment of inflammatory dermatitis withsecondry bacterial infection,,2009-05-16,True,False,Each gm contains: Halobetasol 0.05% w/w + Mupirocin 2.0 % w/w gel For the topical treatment of inflammatory dermatitis withsecondry bacterial infection 16.05.09,LIST OF NEW DRUGS APPROVED 2009,https://cdsco.gov.in/opencms/resources/UploadCDSCOWeb/2018/UploadApprovalNewDrugs/2009.pdf,numbered,2009,CDSCO List of Approved New Drugs,2026-08-05T12:13:39+00:00
93,Mometasone 0.1 % + Fusidic acid 2% cream/ointment,For the treatment of dermatoses where secondry bacterial and/orcandidial infection is present,2009-04-25,True,True,Mometasone 0.1 % + Fusidic acid 2% cream/ointment For the treatment of dermatoses where secondry bacterial and/orcandidial infection is present 25.04.09,LIST OF NEW DRUGS APPROVED 2009,https://cdsco.gov.in/opencms/resources/UploadCDSCOWeb/2018/UploadApprovalNewDrugs/2009.pdf,numbered,2009,CDSCO List of Approved New Drugs,2026-08-05T12:13:39+00:00
94,Thiocolchicoside 8 mg + Etoricoxib 60 mg tablets Additional strength,,2009-04-25,True,False,Thiocolchicoside 8 mg + Etoricoxib 60 mg tablets Additional strength 25.04.09,LIST OF NEW DRUGS APPROVED 2009,https://cdsco.gov.in/opencms/resources/UploadCDSCOWeb/2018/UploadApprovalNewDrugs/2009.pdf,numbered,2009,CDSCO List of Approved New Drugs,2026-08-05T12:13:39+00:00
95,Methadone Hydrochloride 5mg/10mg per ml syrup; 5mg/ 10mg/ 20mg / 40mg tablet,For the treatment of opioddependence and in maintainencetreatment for opioid dependence,2009-05-28,True,True,Methadone Hydrochloride 5mg/10mg per ml syrup; 5mg/ 10mg/ 20mg / 40mg tablet For the treatment of opioddependence and in maintainencetreatment for opioid dependence. 28.05.09,LIST OF NEW DRUGS APPROVED 2009,https://cdsco.gov.in/opencms/resources/UploadCDSCOWeb/2018/UploadApprovalNewDrugs/2009.pdf,numbered,2009,CDSCO List of Approved New Drugs,2026-08-05T12:13:39+00:00
96,Trospium Chloride film coated tablet 20mg,"For the treatment of overactive bladder with the symptoms of urge urinary incontinence, urgency, and urinary frequency",2009-05-28,True,True,"Trospium Chloride film coated tablet 20mg For the treatment of overactive bladder with the symptoms of urge urinary incontinence, urgency, and urinary frequency. 28.05.09",LIST OF NEW DRUGS APPROVED 2009,https://cdsco.gov.in/opencms/resources/UploadCDSCOWeb/2018/UploadApprovalNewDrugs/2009.pdf,numbered,2009,CDSCO List of Approved New Drugs,2026-08-05T12:13:39+00:00
97,"Arformoterol (as Tartrate ) 15mcg / 2ml Inhalation Solution For the long term, twice daily (morning and evening) maintainencetreatment of bronchoconstriction","in patients with chronic obstructive pulmonary disease (COPD), including chronic bronchitis and emphysema",2009-05-29,True,True,"Arformoterol (as Tartrate ) 15mcg / 2ml Inhalation Solution For the long term, twice daily (morning and evening) maintainencetreatment of bronchoconstriction in patients with chronic obstructive pulmonary disease (COPD), including chronic bronchitis and emphysema. 29.05.09",LIST OF NEW DRUGS APPROVED 2009,https://cdsco.gov.in/opencms/resources/UploadCDSCOWeb/2018/UploadApprovalNewDrugs/2009.pdf,numbered,2009,CDSCO List of Approved New Drugs,2026-08-05T12:13:39+00:00
98,Zolmitriptan...5.0% w/v Benzalkonium Chloride NF ... 0.01% w/v Nasal spray For the acute treatment of migraine with or without aura in adults,,2009-05-29,True,False,Zolmitriptan...5.0% w/v Benzalkonium Chloride NF ... 0.01% w/v Nasal spray For the acute treatment of migraine with or without aura in adults. 29.05.09,LIST OF NEW DRUGS APPROVED 2009,https://cdsco.gov.in/opencms/resources/UploadCDSCOWeb/2018/UploadApprovalNewDrugs/2009.pdf,numbered,2009,CDSCO List of Approved New Drugs,2026-08-05T12:13:39+00:00
99,Dexmedetomidine ( as HCl) 100mcg /ml Injection For sedation of initially and mechanically ventilated patients during treatment in an intensive care setting,,2009-05-29,True,False,Dexmedetomidine ( as HCl) 100mcg /ml Injection For sedation of initially and mechanically ventilated patients during treatment in an intensive care setting. 29.05.09,LIST OF NEW DRUGS APPROVED 2009,https://cdsco.gov.in/opencms/resources/UploadCDSCOWeb/2018/UploadApprovalNewDrugs/2009.pdf,numbered,2009,CDSCO List of Approved New Drugs,2026-08-05T12:13:39+00:00
100,Levetiracetam SR Tablet 500/750/1000mg same as approved,,2009-05-02,True,False,Levetiracetam SR Tablet 500/750/1000mg same as approved 2.05.2009,LIST OF NEW DRUGS APPROVED 2009,https://cdsco.gov.in/opencms/resources/UploadCDSCOWeb/2018/UploadApprovalNewDrugs/2009.pdf,numbered,2009,CDSCO List of Approved New Drugs,2026-08-05T12:13:39+00:00
101,Glatiramer Acetate Injection (20mg/ ml) & Pre-filled syringe (20mg/ml) For the reduction of the frequency of relapses,in patients with Relapsing-Remitting Multiple Sclerosis,2009-06-03,True,True,Glatiramer Acetate Injection (20mg/ ml) & Pre-filled syringe (20mg/ml) For the reduction of the frequency of relapses in patients with Relapsing-Remitting Multiple Sclerosis. 3.06.2009,LIST OF NEW DRUGS APPROVED 2009,https://cdsco.gov.in/opencms/resources/UploadCDSCOWeb/2018/UploadApprovalNewDrugs/2009.pdf,numbered,2009,CDSCO List of Approved New Drugs,2026-08-05T12:13:39+00:00
102,Yttrium-90 Microspheres Injection (Yttrium-90...3GBq (at the time of calibration) per vial),For the treatment of unresectablemetastatic liver tumors from primary colorectal cancer with intra-hepatic artery chemotherapy (IHAC) of FUDR (Floxuridine),2009-06-03,True,True,Yttrium-90 Microspheres Injection (Yttrium-90...3GBq (at the time of calibration) per vial) For the treatment of unresectablemetastatic liver tumors from primary colorectal cancer with intra-hepatic artery chemotherapy (IHAC) of FUDR (Floxuridine) 3.06.2009,LIST OF NEW DRUGS APPROVED 2009,https://cdsco.gov.in/opencms/resources/UploadCDSCOWeb/2018/UploadApprovalNewDrugs/2009.pdf,numbered,2009,CDSCO List of Approved New Drugs,2026-08-05T12:13:39+00:00
103,Luliconazole Cream 1%,"For the treatment of cutaneous mycosis viz. Tinea pedis, Tinea corporis, Tinea cruris",2009-06-03,True,True,"Luliconazole Cream 1% For the treatment of cutaneous mycosis viz. Tinea pedis, Tinea corporis, Tinea cruris. 3.06.2009",LIST OF NEW DRUGS APPROVED 2009,https://cdsco.gov.in/opencms/resources/UploadCDSCOWeb/2018/UploadApprovalNewDrugs/2009.pdf,numbered,2009,CDSCO List of Approved New Drugs,2026-08-05T12:13:39+00:00
104,Magnesium Valporate Prolonged release tablet 600mg 1),For the treatment of generelized or partial seizures as monothreapy or adjunctive threapy. 2) For prophylaxis of migraine headache in adults. 3) For the treatment of manic episodes associated with bi polar disorders,2009-06-04,True,True,Magnesium Valporate Prolonged release tablet 600mg 1) For the treatment of generelized or partial seizures as monothreapy or adjunctive threapy. 2) For prophylaxis of migraine headache in adults. 3) For the treatment of manic episodes associated with bi polar disorders 4.06.2009,LIST OF NEW DRUGS APPROVED 2009,https://cdsco.gov.in/opencms/resources/UploadCDSCOWeb/2018/UploadApprovalNewDrugs/2009.pdf,numbered,2009,CDSCO List of Approved New Drugs,2026-08-05T12:13:39+00:00
105,Tenofovir Disoproxil Fumerate 300mg,For the treatment of chronic Hepatitis B in adults,2009-06-19,True,True,Tenofovir Disoproxil Fumerate 300mg For the treatment of chronic Hepatitis B in adults 19.6.2009,LIST OF NEW DRUGS APPROVED 2009,https://cdsco.gov.in/opencms/resources/UploadCDSCOWeb/2018/UploadApprovalNewDrugs/2009.pdf,numbered,2009,CDSCO List of Approved New Drugs,2026-08-05T12:13:39+00:00
106,Bosentan (as monohydrate) Tablets 62.5/125mg,"For the treatment of pulmonary arterial hypertension (WHO Group I) in patients with WHO Class III or IV symptoms, to improve excerciseability and decrease the rate of clinical worsening",2009-06-23,True,True,"Bosentan (as monohydrate) Tablets 62.5/125mg For the treatment of pulmonary arterial hypertension (WHO Group I) in patients with WHO Class III or IV symptoms, to improve excerciseability and decrease the rate of clinical worsening. 23.6.2009",LIST OF NEW DRUGS APPROVED 2009,https://cdsco.gov.in/opencms/resources/UploadCDSCOWeb/2018/UploadApprovalNewDrugs/2009.pdf,numbered,2009,CDSCO List of Approved New Drugs,2026-08-05T12:13:39+00:00
107,Lornoxicam 12 mg SR (additional strength) same as approved,,2009-06-26,True,False,Lornoxicam 12 mg SR (additional strength) same as approved 26.6.2009,LIST OF NEW DRUGS APPROVED 2009,https://cdsco.gov.in/opencms/resources/UploadCDSCOWeb/2018/UploadApprovalNewDrugs/2009.pdf,numbered,2009,CDSCO List of Approved New Drugs,2026-08-05T12:13:39+00:00
108,Azithromycin SR Granules for oral suspension 2000mg,"for the treatment for mild to moderate susceptible infection including RTI, uncomplicated skin/ skin structure, non gonococcal urethritis, cervicitis",2009-06-26,True,True,"Azithromycin SR Granules for oral suspension 2000mg for the treatment for mild to moderate susceptible infection including RTI, uncomplicated skin/ skin structure, non gonococcal urethritis, cervicitis 26.6.2009",LIST OF NEW DRUGS APPROVED 2009,https://cdsco.gov.in/opencms/resources/UploadCDSCOWeb/2018/UploadApprovalNewDrugs/2009.pdf,numbered,2009,CDSCO List of Approved New Drugs,2026-08-05T12:13:39+00:00
109,Metoprolol mg + Atorvastatin20/10/10 mg + Ramipril 10/5/2.5 mg capsules As 2nd line treatment of patients with both essential hypertension and hypercholesterolemia who are not adequately controlled by combination of an anti-hypertensive with lipid lowering agent,,2009-07-01,True,False,Metoprolol 50/50/25 mg + Atorvastatin20/10/10 mg + Ramipril 10/5/2.5 mg capsules As 2nd line treatment of patients with both essential hypertension and hypercholesterolemia who are not adequately controlled by combination of an anti-hypertensive with lipid lowering agent. 1.07.2009,LIST OF NEW DRUGS APPROVED 2009,https://cdsco.gov.in/opencms/resources/UploadCDSCOWeb/2018/UploadApprovalNewDrugs/2009.pdf,numbered,2009,CDSCO List of Approved New Drugs,2026-08-05T12:13:39+00:00
110,Methyl Phenidate ER Tablet 10/20/30mg,For the treatment of Attention Deficit Hyperactivity Disorder (ADHD),2009-07-10,True,True,Methyl Phenidate ER Tablet 10/20/30mg For the treatment of Attention Deficit Hyperactivity Disorder (ADHD) 10.07.2009,LIST OF NEW DRUGS APPROVED 2009,https://cdsco.gov.in/opencms/resources/UploadCDSCOWeb/2018/UploadApprovalNewDrugs/2009.pdf,numbered,2009,CDSCO List of Approved New Drugs,2026-08-05T12:13:39+00:00
111,Dasatinib Tablets 100mg (addl. Strength) same as approved,,2009-07-10,True,False,Dasatinib Tablets 100mg (addl. Strength) same as approved 10.07.2009,LIST OF NEW DRUGS APPROVED 2009,https://cdsco.gov.in/opencms/resources/UploadCDSCOWeb/2018/UploadApprovalNewDrugs/2009.pdf,numbered,2009,CDSCO List of Approved New Drugs,2026-08-05T12:13:39+00:00
112,"Voglibose 0.2 mg + Metformin 500mg Tablets As 2nd line treatment of type II Diabetes mellitus when diet, exercise and the single agent do not result in adequate glycemic control",,2009-07-13,True,False,"Voglibose 0.2 mg + Metformin 500mg Tablets As 2nd line treatment of type II Diabetes mellitus when diet, exercise and the single agent do not result in adequate glycemic control. 13.7.2009",LIST OF NEW DRUGS APPROVED 2009,https://cdsco.gov.in/opencms/resources/UploadCDSCOWeb/2018/UploadApprovalNewDrugs/2009.pdf,numbered,2009,CDSCO List of Approved New Drugs,2026-08-05T12:13:39+00:00
113,Combipack of artesunate table t and FDC Tablet of sulphadoxine + pyrimethamine Composition: A. combipack of 1 stip of 3 tablets ofartesunate 25 mg and 1 strip of 1 tablet of sulphadoxine 125mg+ pyrimethamine 6.25 mg B. combipack of 1 stip of 3 tablets ofartesunate 50 mg and 1 strip of 1 tablet of su,For the treatment of P. falciparum resistant malaria patients,2009-07-15,True,True,Combipack of artesunate table t and FDC Tablet of sulphadoxine + pyrimethamine Composition: A. combipack of 1 stip of 3 tablets ofartesunate 25 mg and 1 strip of 1 tablet of sulphadoxine 125mg+ pyrimethamine 6.25 mg B. combipack of 1 stip of 3 tablets ofartesunate 50 mg and 1 strip of 1 tablet of sulphadoxine 500mg+ pyrimethamine 25 mg C. combipack of 1 stip of 3 tablets ofartesunate 100 mg and 1 strip of 2 tablet of sulphadoxine 500mg+ pyrimethamine 25 mg D.combipack of 1 stip of 3 tablets ofartesunate 200 mg and 1 strip of 3 tablet of sulphadoxine 500mg+ pyrimethamine 25 mg. For the treatment of P. falciparum resistant malaria patients 15.7.2009,LIST OF NEW DRUGS APPROVED 2009,https://cdsco.gov.in/opencms/resources/UploadCDSCOWeb/2018/UploadApprovalNewDrugs/2009.pdf,numbered,2009,CDSCO List of Approved New Drugs,2026-08-05T12:13:39+00:00
114,Milnacipran 100mg (additional Strength) same as approved,,2009-07-16,True,False,Milnacipran 100mg (additional Strength) same as approved 16.7.2009,LIST OF NEW DRUGS APPROVED 2009,https://cdsco.gov.in/opencms/resources/UploadCDSCOWeb/2018/UploadApprovalNewDrugs/2009.pdf,numbered,2009,CDSCO List of Approved New Drugs,2026-08-05T12:13:39+00:00
115,Rifaximin 400mg (additional Indication),For the treatment of hepatic encephalopathy,2009-07-18,True,True,Rifaximin 400mg (additional Indication) For the treatment of hepatic encephalopathy 18.7.2009,LIST OF NEW DRUGS APPROVED 2009,https://cdsco.gov.in/opencms/resources/UploadCDSCOWeb/2018/UploadApprovalNewDrugs/2009.pdf,numbered,2009,CDSCO List of Approved New Drugs,2026-08-05T12:13:39+00:00
116,Nevirapine tablet 50 mg for oral suspension mg,For the treatment of HIV infection in combination with other anti retro viral agents,2009-07-18,True,True,Nevirapine tablet 50 mg for oral suspension mg For the treatment of HIV infection in combination with other anti retro viral agents 18.7.2009,LIST OF NEW DRUGS APPROVED 2009,https://cdsco.gov.in/opencms/resources/UploadCDSCOWeb/2018/UploadApprovalNewDrugs/2009.pdf,numbered,2009,CDSCO List of Approved New Drugs,2026-08-05T12:13:39+00:00
117,Desvenlafaxine (as Succinate) ER Tablets 50mg/100mg,For the treatment of major depressive disorder (MDD),2009-07-18,True,True,Desvenlafaxine (as Succinate) ER Tablets 50mg/100mg For the treatment of major depressive disorder (MDD) 18.7.2009,LIST OF NEW DRUGS APPROVED 2009,https://cdsco.gov.in/opencms/resources/UploadCDSCOWeb/2018/UploadApprovalNewDrugs/2009.pdf,numbered,2009,CDSCO List of Approved New Drugs,2026-08-05T12:13:39+00:00
118,Posaconazole Oral Suspension 40mg/ml,"For the treatment of oropharyngeal candidiasis, including oropharyngeal candidiasis refractory to itraconazoleand/orfluconazole. For prophylaxis of invasive Aspergillus and Candida infections in patients, 13 years of age and older, who are at high risk of developing these infections due to being severlyimmunocompromised, such as hematopoietic stem cell transplant (HSCT) recipients with graft-versus-host disease (GVHD) or those with hematologic malignancies with prolonged neutropenia from chemotherapy",2009-07-18,True,True,"Posaconazole Oral Suspension 40mg/ml For the treatment of oropharyngeal candidiasis, including oropharyngeal candidiasis refractory to itraconazoleand/orfluconazole. For prophylaxis of invasive Aspergillus and Candida infections in patients, 13 years of age and older, who are at high risk of developing these infections due to being severlyimmunocompromised, such as hematopoietic stem cell transplant (HSCT) recipients with graft-versus-host disease (GVHD) or those with hematologic malignancies with prolonged neutropenia from chemotherapy. 18.7.2009",LIST OF NEW DRUGS APPROVED 2009,https://cdsco.gov.in/opencms/resources/UploadCDSCOWeb/2018/UploadApprovalNewDrugs/2009.pdf,numbered,2009,CDSCO List of Approved New Drugs,2026-08-05T12:13:39+00:00
119,Caffeine Citrate 20mg / ml (equivalent to 10mg of Caffeine base) Oral Solution (Addl. Dosage form) same as approved,,2009-07-18,True,False,Caffeine Citrate 20mg / ml (equivalent to 10mg of Caffeine base) Oral Solution (Addl. Dosage form) same as approved 18.7.2009,LIST OF NEW DRUGS APPROVED 2009,https://cdsco.gov.in/opencms/resources/UploadCDSCOWeb/2018/UploadApprovalNewDrugs/2009.pdf,numbered,2009,CDSCO List of Approved New Drugs,2026-08-05T12:13:39+00:00
120,Amphotericin B Emulsion 5mg/ml (Addl. Indication) Febrile Neutropenia in cancer patients,,2009-07-18,True,False,Amphotericin B Emulsion 5mg/ml (Addl. Indication) Febrile Neutropenia in cancer patients 18.7.2009,LIST OF NEW DRUGS APPROVED 2009,https://cdsco.gov.in/opencms/resources/UploadCDSCOWeb/2018/UploadApprovalNewDrugs/2009.pdf,numbered,2009,CDSCO List of Approved New Drugs,2026-08-05T12:13:39+00:00
121,Hydroxy ethyl starch 10% Solution for infusion,For the treatment of imminent or manifest hypovolemia and shock,2009-07-18,True,True,Hydroxy ethyl starch 10% Solution for infusion For the treatment of imminent or manifest hypovolemia and shock. 18.7.2009,LIST OF NEW DRUGS APPROVED 2009,https://cdsco.gov.in/opencms/resources/UploadCDSCOWeb/2018/UploadApprovalNewDrugs/2009.pdf,numbered,2009,CDSCO List of Approved New Drugs,2026-08-05T12:13:39+00:00
122,Naratriptan (as HCl) Tablets 1/ 2.5mg For the acute treatment of migraine with or without aura in adults,,2009-07-18,True,False,Naratriptan (as HCl) Tablets 1/ 2.5mg For the acute treatment of migraine with or without aura in adults. 18.7.2009,LIST OF NEW DRUGS APPROVED 2009,https://cdsco.gov.in/opencms/resources/UploadCDSCOWeb/2018/UploadApprovalNewDrugs/2009.pdf,numbered,2009,CDSCO List of Approved New Drugs,2026-08-05T12:13:39+00:00
123,Colistimethate Sodium powder for solution for injection/infusion 500000IU and 2000000IU (additional Strength) same as approved,,2009-07-20,True,False,Colistimethate Sodium powder for solution for injection/infusion 500000IU and 2000000IU (additional Strength) same as approved 20.7.2009,LIST OF NEW DRUGS APPROVED 2009,https://cdsco.gov.in/opencms/resources/UploadCDSCOWeb/2018/UploadApprovalNewDrugs/2009.pdf,numbered,2009,CDSCO List of Approved New Drugs,2026-08-05T12:13:39+00:00
124,Simvastatin 20 mg + Ramipril 5mg + Atenolol 50 mg + HCTZ 12.5 mg + Aspirin 100 mg (EC Pellets) Capsules For secondary prevention of coronoryheart disease/stroke,in patients where use of such combination is appropriate,2009-07-21,True,True,Simvastatin 20 mg + Ramipril 5mg + Atenolol 50 mg + HCTZ 12.5 mg + Aspirin 100 mg (EC Pellets) Capsules For secondary prevention of coronoryheart disease/stroke in patients where use of such combination is appropriate 21.7.2009,LIST OF NEW DRUGS APPROVED 2009,https://cdsco.gov.in/opencms/resources/UploadCDSCOWeb/2018/UploadApprovalNewDrugs/2009.pdf,numbered,2009,CDSCO List of Approved New Drugs,2026-08-05T12:13:39+00:00
125,Colistimethate Sodium powder for solution for inhalation 500000IU/1000000IU/2000000I U Treatment by inhalation of Pseudomonas aeruginosa lung infection,in patients with cystic fibrosis,2009-07-28,True,True,Colistimethate Sodium powder for solution for inhalation 500000IU/1000000IU/2000000I U Treatment by inhalation of Pseudomonas aeruginosa lung infection in patients with cystic fibrosis 28.7.2009,LIST OF NEW DRUGS APPROVED 2009,https://cdsco.gov.in/opencms/resources/UploadCDSCOWeb/2018/UploadApprovalNewDrugs/2009.pdf,numbered,2009,CDSCO List of Approved New Drugs,2026-08-05T12:13:39+00:00
126,Ramipril MR capsule 10mg,For the treatment of hypertension/ cardiac failure and myocardial infarction,2009-07-30,True,True,Ramipril MR capsule 10mg For the treatment of hypertension/ cardiac failure and myocardial infarction 30.7.2009,LIST OF NEW DRUGS APPROVED 2009,https://cdsco.gov.in/opencms/resources/UploadCDSCOWeb/2018/UploadApprovalNewDrugs/2009.pdf,numbered,2009,CDSCO List of Approved New Drugs,2026-08-05T12:13:39+00:00
127,Abacavir Sulfate Tablet 60mg,For the treatment of HIV-1 infection in combination with other antiretroviral agents,2009-08-01,True,True,Abacavir Sulfate Tablet 60mg For the treatment of HIV-1 infection in combination with other antiretroviral agents 1.08.2009,LIST OF NEW DRUGS APPROVED 2009,https://cdsco.gov.in/opencms/resources/UploadCDSCOWeb/2018/UploadApprovalNewDrugs/2009.pdf,numbered,2009,CDSCO List of Approved New Drugs,2026-08-05T12:13:39+00:00
128,Zoledronic Acid Solution for Infusion Addl. Indication Prevention of clinical fractures after hip fracture in men and women,,2009-08-01,True,False,Zoledronic Acid Solution for Infusion Addl. Indication Prevention of clinical fractures after hip fracture in men and women 1.08.2009,LIST OF NEW DRUGS APPROVED 2009,https://cdsco.gov.in/opencms/resources/UploadCDSCOWeb/2018/UploadApprovalNewDrugs/2009.pdf,numbered,2009,CDSCO List of Approved New Drugs,2026-08-05T12:13:39+00:00
129,Sumatriptan 85 mg + Naproxen 500 mg Tablets Additional Strength,for the treatment of migraine,2009-08-03,True,True,Sumatriptan 85 mg + Naproxen 500 mg Tablets Additional Strength for the treatment of migraine 3.08.2009,LIST OF NEW DRUGS APPROVED 2009,https://cdsco.gov.in/opencms/resources/UploadCDSCOWeb/2018/UploadApprovalNewDrugs/2009.pdf,numbered,2009,CDSCO List of Approved New Drugs,2026-08-05T12:13:39+00:00
130,Aceclofenac(100mg) + Thiocolchicoside ( 8 mg) tablets,For the treatment of acute inflammation conditions associated with spasm in adults only,2009-08-03,True,True,Aceclofenac(100mg) + Thiocolchicoside ( 8 mg) tablets For the treatment of acute inflammation conditions associated with spasm in adults only 3.08.2009,LIST OF NEW DRUGS APPROVED 2009,https://cdsco.gov.in/opencms/resources/UploadCDSCOWeb/2018/UploadApprovalNewDrugs/2009.pdf,numbered,2009,CDSCO List of Approved New Drugs,2026-08-05T12:13:39+00:00
131,Aceclofenac(100mg) + Thiocolchicoside ( 4 mg) tablets (Additional strength),For the treatment of acute inflammation conditions associated with spasm in adults only,2009-08-11,True,True,Aceclofenac(100mg) + Thiocolchicoside ( 4 mg) tablets (Additional strength) For the treatment of acute inflammation conditions associated with spasm in adults only 11.08.2009,LIST OF NEW DRUGS APPROVED 2009,https://cdsco.gov.in/opencms/resources/UploadCDSCOWeb/2018/UploadApprovalNewDrugs/2009.pdf,numbered,2009,CDSCO List of Approved New Drugs,2026-08-05T12:13:39+00:00
132,Oxcarbazepine 150/300/600mg Tablet (Addl. Indication Treatment of generalized tonic- clonic seizures in adults and children,,2009-08-13,True,False,Oxcarbazepine 150/300/600mg Tablet (Addl. Indication Treatment of generalized tonic- clonic seizures in adults and children 13.08.2009,LIST OF NEW DRUGS APPROVED 2009,https://cdsco.gov.in/opencms/resources/UploadCDSCOWeb/2018/UploadApprovalNewDrugs/2009.pdf,numbered,2009,CDSCO List of Approved New Drugs,2026-08-05T12:13:39+00:00
133,Ofloxacin 2mg + Ornidazole 5 mg per ml Infusion,for the treatment of diarrhoea of mixed infection in adult patients,2009-08-17,True,True,Ofloxacin 2mg + Ornidazole 5 mg per ml Infusion for the treatment of diarrhoea of mixed infection in adult patients 17.08.2009,LIST OF NEW DRUGS APPROVED 2009,https://cdsco.gov.in/opencms/resources/UploadCDSCOWeb/2018/UploadApprovalNewDrugs/2009.pdf,numbered,2009,CDSCO List of Approved New Drugs,2026-08-05T12:13:39+00:00
134,Clozapine Tablet200mg (Addl. Strength),Indicated in the management of Schizophrenic patients,2009-08-19,True,True,Clozapine Tablet200mg (Addl. Strength) Indicated in the management of Schizophrenic patients 19.08.2009,LIST OF NEW DRUGS APPROVED 2009,https://cdsco.gov.in/opencms/resources/UploadCDSCOWeb/2018/UploadApprovalNewDrugs/2009.pdf,numbered,2009,CDSCO List of Approved New Drugs,2026-08-05T12:13:39+00:00
135,Oxymetazoline Hydrochloride Nasal Spray50mcg/0.05%w/w,"Is indicated for the relief of stuffy,running nose associated with colds and influenza, also post nasal drip, sinusitis",2009-08-19,True,True,"Oxymetazoline Hydrochloride Nasal Spray50mcg/0.05%w/w Is indicated for the relief of stuffy,running nose associated with colds and influenza, also post nasal drip, sinusitis. 19.08.2009",LIST OF NEW DRUGS APPROVED 2009,https://cdsco.gov.in/opencms/resources/UploadCDSCOWeb/2018/UploadApprovalNewDrugs/2009.pdf,numbered,2009,CDSCO List of Approved New Drugs,2026-08-05T12:13:39+00:00
136,Enoxaparin Sodium Injection (Addl.Indication) Treatment of acute ST-segment elevation myocardial infarction including patients to be managed medically or with subsequent percuaneous coronary intervention (PCI),,2009-08-19,True,False,Enoxaparin Sodium Injection (Addl.Indication) Treatment of acute ST-segment elevation myocardial infarction including patients to be managed medically or with subsequent percuaneous coronary intervention (PCI) 19.08.2009,LIST OF NEW DRUGS APPROVED 2009,https://cdsco.gov.in/opencms/resources/UploadCDSCOWeb/2018/UploadApprovalNewDrugs/2009.pdf,numbered,2009,CDSCO List of Approved New Drugs,2026-08-05T12:13:39+00:00
137,Fluvoxamine Maleate100/150mg ER Tablets,For the treatment of obsessive compulsive disorder (OCD)and depression,2009-08-19,True,True,Fluvoxamine Maleate100/150mg ER Tablets For the treatment of obsessive compulsive disorder (OCD)and depression 19.08.2009,LIST OF NEW DRUGS APPROVED 2009,https://cdsco.gov.in/opencms/resources/UploadCDSCOWeb/2018/UploadApprovalNewDrugs/2009.pdf,numbered,2009,CDSCO List of Approved New Drugs,2026-08-05T12:13:39+00:00
138,Lidocaine Lozenges 200/300mg (Addl. Indication) For single agent anesthesia in procedure involving the introduction of instrument & tubes into respiratory tract,,2009-08-19,True,False,Lidocaine Lozenges 200/300mg (Addl. Indication) For single agent anesthesia in procedure involving the introduction of instrument & tubes into respiratory tract. 19.08.2009,LIST OF NEW DRUGS APPROVED 2009,https://cdsco.gov.in/opencms/resources/UploadCDSCOWeb/2018/UploadApprovalNewDrugs/2009.pdf,numbered,2009,CDSCO List of Approved New Drugs,2026-08-05T12:13:39+00:00
139,Risperidone long acting injection (Addl. Indication) Indicated as monotherapy or as adjunctive therapy in lithium or valproate for the maintenance treatment of Bipolar-1 disorder. 140 Exemestane 25mg Tablet (Addl. Indication),Indicated for adjuvant treatment of Post Menopausal Women with estrogen receptor positive early breast cancer who have received two-three year of tamoxifen and are switched to exemestane for completion of total of five years of adjuvant hormonal therapy. 141 Artesunate (25/50/100mg) + Amodiaquine (67.5 mg/135/270mg) bilayerd Tablets For the treatment of uncomplicated malaria due to plasmodium falciparum strain in various age groups 142 Ezetimibe 10 mg + Fenofibrate 145 mg Film coated tablets For the treatment of combined hyperlipidemia in patients with normal hepatic and renal function 143 Bup,2009-08-29,True,True,Risperidone long acting injection (Addl. Indication) Indicated as monotherapy or as adjunctive therapy in lithium or valproate for the maintenance treatment of Bipolar-1 disorder. 29.08.2009 140 Exemestane 25mg Tablet (Addl. Indication) Indicated for adjuvant treatment of Post Menopausal Women with estrogen receptor positive early breast cancer who have received two-three year of tamoxifen and are switched to exemestane for completion of total of five years of adjuvant hormonal therapy. 29.08.2009 141 Artesunate (25/50/100mg) + Amodiaquine (67.5 mg/135/270mg) bilayerd Tablets For the treatment of uncomplicated malaria due to plasmodium falciparum strain in various age groups 01.09.2009 142 Ezetimibe 10 mg + Fenofibrate 145 mg Film coated tablets For the treatment of combined hyperlipidemia in patients with normal hepatic and renal function 01.09.2009 143 Buprenorphine Transdermal Patch E,LIST OF NEW DRUGS APPROVED 2009,https://cdsco.gov.in/opencms/resources/UploadCDSCOWeb/2018/UploadApprovalNewDrugs/2009.pdf,numbered,2009,CDSCO List of Approved New Drugs,2026-08-05T12:13:39+00:00
1,Mycophenolate sodium (Gastro-resistant tablets) Each gastro-resistant tablet contains 180 mg or 360 mg mycophenolic acid (MPA) equivalent to 192. .4 mycophenolate sodium.,For the prophylaxis of acute organ rejection and for the treatment of refractory organ rejection in patients receiving allogeneic renal transplants increased graft and patients survival receiving allogeneic cardiac transplants and used concomitantly with cyclosporine and cortico-steroids,2002-12-05,True,True,Mycophenolate sodium (Gastro-resistant tablets) Each gastro-resistant tablet contains 180 mg or 360 mg mycophenolic acid (MPA) equivalent to 192.4 and 384.4 mycophenolate sodium. For the prophylaxis of acute organ rejection and for the treatment of refractory organ rejection in patients receiving allogeneic renal transplants increased graft and patients survival receiving allogeneic cardiac transplants and used concomitantly with cyclosporine and cortico-steroids 05/12/2002,2 LIST OF NEW DRUGS APPROVED 2002,https://cdsco.gov.in/opencms/resources/UploadCDSCOWeb/2018/UploadApprovalNewDrugs/addnew%20drugs%20approval%202002.pdf,unnumbered,2002,CDSCO List of Approved New Drugs,2026-08-05T12:13:39+00:00
1,"Diclofenac potassium 25mg, 50mg Tablet For additional indication of migraine attack",,2001-03-27,True,False,"Diclofenac potassium 25mg, 50mg Tablet For additional indication of migraine attack 27-03-2001",2LIST OF NEW DRUGS APPROVED 2001,https://cdsco.gov.in/opencms/resources/UploadCDSCOWeb/2018/UploadApprovalNewDrugs/2new%20drugs%20approval%202001.pdf,unnumbered,2001,CDSCO List of Approved New Drugs,2026-08-05T12:13:39+00:00
1,"Inj. Immunomodulator (for chronic Hepatitis-B) 55 Vinorelbin Tartrate Inj. Antineoplastic aggregation inhibitor 56 Broncho-Vaxom Antiasthamatic, immune boosting drug Feb, 2001 57 Indinavir Sulphate Antiviral (Anti-HIV) 58 Butenafine HCl cream Antifungal 59 Mirtazapine Antidepressant 60 Clopidogrel A",,2001-01-17,True,False,"Inj. Immunomodulator (for chronic Hepatitis-B) 17.01.2001 55 Vinorelbin Tartrate Inj. Antineoplastic aggregation inhibitor 17.01.2001 56 Broncho-Vaxom Antiasthamatic, immune boosting drug Feb, 2001 57 Indinavir Sulphate Antiviral (Anti-HIV) 01.02.2001 58 Butenafine HCl cream Antifungal 14.02.2001 59 Mirtazapine Antidepressant 14.02.2001 60 Clopidogrel Antithrombotic; platelet aggregation inhibitor 22.02.2001 61 Mosapride Prokinetic agent, GERD 12.03.2001 62 Donepezil HCl For Alzheimer's Dementia 20.03.2001 63 Bupropion SR Smoking cessation adjunct 10.04.2001 64 Raloxifene HCl Menopausal osteoporosis 04.05.2001 65 Efavirenz Anti-HIV 06.06.2001 66 Moxifloxacin Antibacterial 26.06.2001 67 Misoprostol Antiulcer agent 21.06.2001 68 Human Recombinant Granulocyte Colony Stimulating Factor Inj. Haemopoietic stimulant, antineutropenic 29.06.2001 69 Nelfinavir Mesylate Anti-HIV 02.07.2001 70 Cipro",LIST OF NEW DRUGS APPROVED 2001,https://cdsco.gov.in/opencms/resources/UploadCDSCOWeb/2018/UploadApprovalNewDrugs/2001.pdf,unnumbered,2001,CDSCO List of Approved New Drugs,2026-08-05T12:13:39+00:00
1,Ciprofloxacin 0.3% w/v Eye Drops/Eye Ointment/Ear Drop,Indicated in the treatment of external ocular infection of the eye,1991-02-01,False,True,Ciprofloxacin 0.3% w/v Eye Drops/Eye Ointment/Ear Drop Indicated in the treatment of external ocular infection of the eye. February-1991,LIST OF NEW DRUGS APPROVED 1991_2000,https://cdsco.gov.in/opencms/resources/UploadCDSCOWeb/2018/UploadApprovalNewDrugs/1991_2000new.pdf,unnumbered,1991,CDSCO List of Approved New Drugs,2026-08-05T12:13:39+00:00
2,"Diclofenac Sodium 1gm Gel 3 i)Cefaclor Monohydrate 250mg/500mg Capsule. ii)Cefaclor Monohydrate 125mg/5ml & 250mg/5ml Suspension. iii)Cefaclor Monohydrate 100mg/ml Drops. iv)Cefaclor 187mg/5ml Suspension (For paediatric use). Antibiotic- In respiratory infections, ENT infection, UT infections, Skin ","Indicated in the treatment of bovine theileriosis. Veterinary) 8 i)Kitotifen F umerate 1mg Tablet ii)Kitotifen Fumerate Syrup iii)Ketotifen Fumerate N asal Drops Anti asthmatic drug - Indicated in prophylactic treatment of bronchial asthma, symptomatic improvement of allergic conditions including rhinitis and conjunctivitis. 9 i)Pefloxacin Mesylate Dihydrate 400mg Film Coated Tablet ii)Pefloxacin Mesylate Dihydrate 400mg/5ml Injection iii)Pefloxacin Mesylate Dihydrate 400mg I.V Bottles of 100ml/200ml Antibacterial- In the treatment of severe infection in adults caused by sensitive microorganis",1992-02-27,True,True,"Diclofenac Sodium 1gm Gel March-1991 3 i)Cefaclor Monohydrate 250mg/500mg Capsule. ii)Cefaclor Monohydrate 125mg/5ml & 250mg/5ml Suspension. iii)Cefaclor Monohydrate 100mg/ml Drops. iv)Cefaclor 187mg/5ml Suspension (For paediatric use). Antibiotic- In respiratory infections, ENT infection, UT infections, Skin and skin structure infections. April-1991 4 Sheep P ox Vaccine (For Veterinary) April-1991 5 Omeprazole 10mg/20mg Enteric C oated Granules Capsule Short term treatment of duodenal ulcer, gastric ulcer, reflux oesophagitis, management of Zollinger- Ellison syndrome. April-1991 6 i)Nefopam Hydrochloride 30mg Tablet. ii)Nefopam Hydrochloride 20mg/ml Injection. Non narcotic analgesic - Acute and chronic pain, including post-operative pain, dental pain, musculo -skeletal pain, acute traumatic pain and cancer pain. April-1991 7 Buparvaquone 5% w/v Solution for Injection (For Indicated in ",LIST OF NEW DRUGS APPROVED 1991_2000,https://cdsco.gov.in/opencms/resources/UploadCDSCOWeb/2018/UploadApprovalNewDrugs/1991_2000new.pdf,unnumbered,1991,CDSCO List of Approved New Drugs,2026-08-05T12:13:39+00:00
3,"Hydroxypyrid- 4-one 250mg/500mg Capsule 136 Haemophilus Type -b Conjugate Vaccine For the indication in infants from 2 months for the prevention of invasive disease such as meningitis, septicemia epiglotitis. 137 Lansoprazole 15mg/ 30mg (as enteric coated granule) Capsule","For the treatment of duodenal ulcer, gastr ic ulcer, reflux oesophagitis, Z ollinger-Ellison syndrome. 138 i)Nimesulide 100mg Tablet ii)Nimesulide 50mg/5ml Suspension iii)Nimesulide Transdermal 1% Gel iv)Nimesulide 50mg/100mg Suppository Inflammatory condition including joint disorders such as rheumatoid arthritis, post traumatic and post operative painful condition and fever. 139 Clonazepam 0.5mg/1.0mg/2.0mg Tablet In the treatment of petitmal and its variant, akinetic and myoclonic seizures. 140 Diclofenac Sodium 0.1% (1mg/ml) Ophthalmic S olution Sterile Indicated in post operative inflamma",1994-12-07,True,True,"Hydroxypyrid- 4-one 250mg/500mg Capsule 7-12-1994 136 Haemophilus Type -b Conjugate Vaccine For the indication in infants from 2 months for the prevention of invasive disease such as meningitis, septicemia epiglotitis. 13-12-1994 137 Lansoprazole 15mg/ 30mg (as enteric coated granule) Capsule For the treatment of duodenal ulcer, gastr ic ulcer, reflux oesophagitis, Z ollinger-Ellison syndrome. 16-12-1994 138 i)Nimesulide 100mg Tablet ii)Nimesulide 50mg/5ml Suspension iii)Nimesulide Transdermal 1% Gel iv)Nimesulide 50mg/100mg Suppository Inflammatory condition including joint disorders such as rheumatoid arthritis, post traumatic and post operative painful condition and fever. 13-1-1995 139 Clonazepam 0.5mg/1.0mg/2.0mg Tablet In the treatment of petitmal and its variant, akinetic and myoclonic seizures. 25-1-1995 140 Diclofenac Sodium 0.1% (1mg/ml) Ophthalmic S olution Sterile Indicated i",LIST OF NEW DRUGS APPROVED 1991_2000,https://cdsco.gov.in/opencms/resources/UploadCDSCOWeb/2018/UploadApprovalNewDrugs/1991_2000new.pdf,unnumbered,1991,CDSCO List of Approved New Drugs,2026-08-05T12:13:39+00:00
1,Plantago Ovate (Isapgol) Seed Husk (IP) and Effervescent Powder,,1981-03-01,False,False,Plantago Ovate (Isapgol) Seed Husk (IP) and Effervescent Powder March-1981,LIST OF NEW DRUGS APPROVED 1981_1990,https://cdsco.gov.in/opencms/resources/UploadCDSCOWeb/2018/UploadApprovalNewDrugs/1981_1990.pdf,unnumbered,1981,CDSCO List of Approved New Drugs,2026-08-05T12:13:39+00:00
2,Clonidine (Bulk) Antihypertensive,,1981-03-01,False,False,Clonidine (Bulk) Antihypertensive March-1981,LIST OF NEW DRUGS APPROVED 1981_1990,https://cdsco.gov.in/opencms/resources/UploadCDSCOWeb/2018/UploadApprovalNewDrugs/1981_1990.pdf,unnumbered,1981,CDSCO List of Approved New Drugs,2026-08-05T12:13:39+00:00
3,Mesterolone 25mg Tablet 4 Tamoxifen Citrate 10mg Capsule 5 Ketoprofen 50mg Tablets/Capsules Non steroidal anti- inflammatory agent,"Indicated in the treatment rheumatoid arthritis, Osteoarthritis, ankylosing spondylites, gout. 6 Sulphadoxine The drug sulphadoxine should be used only in the manufacture of tablets containing this drug in combination with pyrimethamine for the treatment of cases of malaria which are resistent to chloroquine. 7 Procarbazine Hydrochloride USP Indicated in the treatment of Hodgkin’s disease. 8 Inactivated Rabies Vaccine (Human diploid cell) Antirabies- For the treatment of rabies. 9 Sisomicin Sulfate Aminoglycoside antibiotic- Indicated in the treatment of the systemic and local infections of th",1991-07-30,True,True,"Mesterolone 25mg Tablet March-1981 4 Tamoxifen Citrate 10mg Capsule April-1981 5 Ketoprofen 50mg Tablets/Capsules Non steroidal anti- inflammatory agent- Indicated in the treatment rheumatoid arthritis, Osteoarthritis, ankylosing spondylites, gout. April-1981 6 Sulphadoxine The drug sulphadoxine should be used only in the manufacture of tablets containing this drug in combination with pyrimethamine for the treatment of cases of malaria which are resistent to chloroquine. April-1981 7 Procarbazine Hydrochloride USP Indicated in the treatment of Hodgkin’s disease. April-1981 8 Inactivated Rabies Vaccine (Human diploid cell) Antirabies- For the treatment of rabies. April-1981 9 Sisomicin Sulfate Aminoglycoside antibiotic- Indicated in the treatment of the systemic and local April-1981 infections of the kidney, genitourinary tract, lower respiratory tract infections, septicemia, soft tissue ",LIST OF NEW DRUGS APPROVED 1981_1990,https://cdsco.gov.in/opencms/resources/UploadCDSCOWeb/2018/UploadApprovalNewDrugs/1981_1990.pdf,unnumbered,1981,CDSCO List of Approved New Drugs,2026-08-05T12:13:39+00:00
1,"Flurbiprofen Gel Flurbiprofen Gel 5 % w/w In treatment of acute and chronic muscle skeletal disorders characterized by pain and inflammation, including articular and non- articular reheumatic conditions & soft tissue injuries",,1995-04-16,True,False,"Flurbiprofen Gel Flurbiprofen Gel 5 % w/w In treatment of acute and chronic muscle skeletal disorders characterized by pain and inflammation, including articular and non- articular reheumatic conditions & soft tissue injuries. 16.04.1995",2LIST OF NEW DRUGS APPROVED 1995,https://cdsco.gov.in/opencms/resources/UploadCDSCOWeb/2018/UploadApprovalNewDrugs/new2drugs%20approval%201995%20.pdf,unnumbered,1995,CDSCO List of Approved New Drugs,2026-08-05T12:13:39+00:00
2,Tretinoin 10 mg Soft Gelatin Capsule Each capsule Contains 10 mg of Tretinoin For Induction of remission in acute promyelocytic Leukemia,,1995-11-14,True,False,Tretinoin 10 mg Soft Gelatin Capsule Each capsule Contains 10 mg of Tretinoin For Induction of remission in acute promyelocytic Leukemia 14.11.1995,2LIST OF NEW DRUGS APPROVED 1995,https://cdsco.gov.in/opencms/resources/UploadCDSCOWeb/2018/UploadApprovalNewDrugs/new2drugs%20approval%201995%20.pdf,unnumbered,1995,CDSCO List of Approved New Drugs,2026-08-05T12:13:39+00:00
1,Hydrocortisone Aceponate 0.584mg/ml Cutaneous Spray Solution (Vet.) For symptomatic treatment of inflammatory and pruritic dermatosis in dogs,,2017-01-06,True,False,Hydrocortisone Aceponate 0.584mg/ml Cutaneous Spray Solution (Vet.) For symptomatic treatment of inflammatory and pruritic dermatosis in dogs. 06.01.17,LIST OF NEW DRUG APPROVED FROM 01-01-2017 to TILL DATE BY NEW DRUGS DIVISION,https://cdsco.gov.in/opencms/resources/UploadCDSCOWeb/2018/UploadApprovalNewDrugs/2_LIST%20OF%20NEW%20DRUGS%20APPROVED%20FROM%2001-01-2017.pdf,unnumbered,2017,CDSCO List of Approved New Drugs,2026-08-05T12:13:39+00:00
2,Dexlansoprazole Delayed Release Capsule 30/60mg & Bulk,For the treatment of i) Healing of all grades of erosive esophagitis (EE). ii) Maintaining healing of EE and relief of heartburn. iii) Treating heartburn associated with symptomatic non -erosive gastroesophageal reflux disease (GERD),2017-01-16,True,True,Dexlansoprazole Delayed Release Capsule 30/60mg & Bulk For the treatment of i) Healing of all grades of erosive esophagitis (EE). ii) Maintaining healing of EE and relief of heartburn. iii) Treating heartburn associated with symptomatic non -erosive gastroesophageal reflux disease (GERD). 16.01.17,LIST OF NEW DRUG APPROVED FROM 01-01-2017 to TILL DATE BY NEW DRUGS DIVISION,https://cdsco.gov.in/opencms/resources/UploadCDSCOWeb/2018/UploadApprovalNewDrugs/2_LIST%20OF%20NEW%20DRUGS%20APPROVED%20FROM%2001-01-2017.pdf,unnumbered,2017,CDSCO List of Approved New Drugs,2026-08-05T12:13:39+00:00
3,Carfilzomib Sterile Lyophilized Powder for Injection 60mg/vial (50ml vial) Relapsed or refractory multiple myeloma  Carfilzomib for injection,is indicated in combination with dexamethasone or with lenalidomide plus dexamethasone for the treatment of patients with relapsed or refractory multiple myeloma who have received one to three lines of therapy.  Carfilzomib for injection is indicated as a single agent for the treatment of patients with relapsed or refractory multiple myeloma who have received one or more lines of therapy,2017-01-17,True,True,Carfilzomib Sterile Lyophilized Powder for Injection 60mg/vial (50ml vial) Relapsed or refractory multiple myeloma  Carfilzomib for injection is indicated in combination with dexamethasone or with lenalidomide plus dexamethasone for the treatment of patients with relapsed or refractory multiple myeloma who have received one to three lines of therapy.  Carfilzomib for injection is indicated as a single agent for the treatment of patients with relapsed or refractory multiple myeloma who have received one or more lines of therapy. 17.01.17,LIST OF NEW DRUG APPROVED FROM 01-01-2017 to TILL DATE BY NEW DRUGS DIVISION,https://cdsco.gov.in/opencms/resources/UploadCDSCOWeb/2018/UploadApprovalNewDrugs/2_LIST%20OF%20NEW%20DRUGS%20APPROVED%20FROM%2001-01-2017.pdf,unnumbered,2017,CDSCO List of Approved New Drugs,2026-08-05T12:13:39+00:00
4,Dabrafenib 50mg/75mg Capsules (Dabrafenib Mesylate) As a single agent,for the treatment of patients with unresectable or metastatic melanoma with BRAF V600E mutation as detected by an appropriate test. In combination with Trametinib for the treatment of patients with unresectable or metastatic melanoma with BRAF V600E mutation as detected by an appropriate test,2017-01-18,True,True,Dabrafenib 50mg/75mg Capsules (Dabrafenib Mesylate) As a single agent for the treatment of patients with unresectable or metastatic melanoma with BRAF V600E mutation as detected by an appropriate test. In combination with Trametinib for the treatment of patients with unresectable or metastatic melanoma with BRAF V600E mutation as detected by an appropriate test. 18.01.17,LIST OF NEW DRUG APPROVED FROM 01-01-2017 to TILL DATE BY NEW DRUGS DIVISION,https://cdsco.gov.in/opencms/resources/UploadCDSCOWeb/2018/UploadApprovalNewDrugs/2_LIST%20OF%20NEW%20DRUGS%20APPROVED%20FROM%2001-01-2017.pdf,unnumbered,2017,CDSCO List of Approved New Drugs,2026-08-05T12:13:39+00:00
5,Trametinib 0.5mg/2mg Tablets (Trametinib Dimethyl Sulfoxide) As a monotherapy and in combination with Dabrafenib,for the treatment of patients with unresectable or metastatic melanoma with BRAF V600E mutation as detected by an appropriate test,2017-01-18,True,True,Trametinib 0.5mg/2mg Tablets (Trametinib Dimethyl Sulfoxide) As a monotherapy and in combination with Dabrafenib for the treatment of patients with unresectable or metastatic melanoma with BRAF V600E mutation as detected by an appropriate test. 18.01.17,LIST OF NEW DRUG APPROVED FROM 01-01-2017 to TILL DATE BY NEW DRUGS DIVISION,https://cdsco.gov.in/opencms/resources/UploadCDSCOWeb/2018/UploadApprovalNewDrugs/2_LIST%20OF%20NEW%20DRUGS%20APPROVED%20FROM%2001-01-2017.pdf,unnumbered,2017,CDSCO List of Approved New Drugs,2026-08-05T12:13:39+00:00
6,Alectinib 150mg Capsules (Alectinib Hydrochloride),"For the treatment of patients with anaplastic lymphoma kinase (ALK) -Positive, metastatic non-small cell lung cancer (NSCLC) who have progressed on or are intolerant to Crizotinib",2017-01-23,True,True,"Alectinib 150mg Capsules (Alectinib Hydrochloride) For the treatment of patients with anaplastic lymphoma kinase (ALK) -Positive, metastatic non-small cell lung cancer (NSCLC) who have progressed on or are intolerant to Crizotinib. 23.01.17",LIST OF NEW DRUG APPROVED FROM 01-01-2017 to TILL DATE BY NEW DRUGS DIVISION,https://cdsco.gov.in/opencms/resources/UploadCDSCOWeb/2018/UploadApprovalNewDrugs/2_LIST%20OF%20NEW%20DRUGS%20APPROVED%20FROM%2001-01-2017.pdf,unnumbered,2017,CDSCO List of Approved New Drugs,2026-08-05T12:13:39+00:00
7,"Eliglustat 84mg Capsules (Eliglustat Tartrate or Hemitartrate Salt) For the long term treatment of adult patients with Gaucher disease type 1 who are CYP2D6 extensive metabolizers (EMs), intermediate metabolizers (IMs), or poor metabolizers (PMs) as detected by an appropriate test",,2017-01-31,True,False,"Eliglustat 84mg Capsules (Eliglustat Tartrate or Hemitartrate Salt) For the long term treatment of adult patients with Gaucher disease type 1 who are CYP2D6 extensive metabolizers (EMs), intermediate metabolizers (IMs), or poor metabolizers (PMs) as detected by an appropriate test. 31.01.17",LIST OF NEW DRUG APPROVED FROM 01-01-2017 to TILL DATE BY NEW DRUGS DIVISION,https://cdsco.gov.in/opencms/resources/UploadCDSCOWeb/2018/UploadApprovalNewDrugs/2_LIST%20OF%20NEW%20DRUGS%20APPROVED%20FROM%2001-01-2017.pdf,unnumbered,2017,CDSCO List of Approved New Drugs,2026-08-05T12:13:39+00:00
8,Pasireotide long-acting release 20/40/60mg powder for suspension for injection (Additional Indication) (Pasireotide pamoate),For the treatment of patients with acromegaly who have had an inadequate response to surgery and/ or for whom surgery is not an option,2017-02-14,True,True,Pasireotide long-acting release 20/40/60mg powder for suspension for injection (Additional Indication) (Pasireotide pamoate) For the treatment of patients with acromegaly who have had an inadequate response to surgery and/ or for whom surgery is not an option. 14.02.2017,LIST OF NEW DRUG APPROVED FROM 01-01-2017 to TILL DATE BY NEW DRUGS DIVISION,https://cdsco.gov.in/opencms/resources/UploadCDSCOWeb/2018/UploadApprovalNewDrugs/2_LIST%20OF%20NEW%20DRUGS%20APPROVED%20FROM%2001-01-2017.pdf,unnumbered,2017,CDSCO List of Approved New Drugs,2026-08-05T12:13:39+00:00
9,Etonogestrel 68 mg implant For use by women to prevent pregnancy,,2017-02-15,True,False,Etonogestrel 68 mg implant For use by women to prevent pregnancy. 15.02.2017,LIST OF NEW DRUG APPROVED FROM 01-01-2017 to TILL DATE BY NEW DRUGS DIVISION,https://cdsco.gov.in/opencms/resources/UploadCDSCOWeb/2018/UploadApprovalNewDrugs/2_LIST%20OF%20NEW%20DRUGS%20APPROVED%20FROM%2001-01-2017.pdf,unnumbered,2017,CDSCO List of Approved New Drugs,2026-08-05T12:13:39+00:00
10,Bepotastine Besilate 1.5 %w/v Ophthalmic solution,For the treatment of itching associated with allergic conjunctivitis,2017-02-22,True,True,Bepotastine Besilate 1.5 %w/v Ophthalmic solution For the treatment of itching associated with allergic conjunctivitis 22.02.2017,LIST OF NEW DRUG APPROVED FROM 01-01-2017 to TILL DATE BY NEW DRUGS DIVISION,https://cdsco.gov.in/opencms/resources/UploadCDSCOWeb/2018/UploadApprovalNewDrugs/2_LIST%20OF%20NEW%20DRUGS%20APPROVED%20FROM%2001-01-2017.pdf,unnumbered,2017,CDSCO List of Approved New Drugs,2026-08-05T12:13:39+00:00
11,Dienogest 2mg Tablets For the management of Pelvic pain associated with Endometriosis,,2017-03-09,True,False,Dienogest 2mg Tablets For the management of Pelvic pain associated with Endometriosis 09.03.2017,LIST OF NEW DRUG APPROVED FROM 01-01-2017 to TILL DATE BY NEW DRUGS DIVISION,https://cdsco.gov.in/opencms/resources/UploadCDSCOWeb/2018/UploadApprovalNewDrugs/2_LIST%20OF%20NEW%20DRUGS%20APPROVED%20FROM%2001-01-2017.pdf,unnumbered,2017,CDSCO List of Approved New Drugs,2026-08-05T12:13:39+00:00
12,Eprinomectin 0.5% for beef and dairy cattle (vet.) It,"is indicated for the treatment and control of gastrointestinal roundworm (including inhibited Ostertagia ostertagi), lungworm, grubs, sucking and biting lice, chlorioptic and sarcoptic -mange mites, and horn flies in beef and dairy cattle of all ages, including lactating dairy cattle",2017-03-14,True,True,"Eprinomectin 0.5% for beef and dairy cattle (vet.) It is indicated for the treatment and control of gastrointestinal roundworm (including inhibited Ostertagia ostertagi), lungworm, grubs, sucking and biting lice, chlorioptic and sarcoptic -mange mites, and horn flies in beef and dairy cattle of all ages, including lactating dairy cattle. 14.03.2017",LIST OF NEW DRUG APPROVED FROM 01-01-2017 to TILL DATE BY NEW DRUGS DIVISION,https://cdsco.gov.in/opencms/resources/UploadCDSCOWeb/2018/UploadApprovalNewDrugs/2_LIST%20OF%20NEW%20DRUGS%20APPROVED%20FROM%2001-01-2017.pdf,unnumbered,2017,CDSCO List of Approved New Drugs,2026-08-05T12:13:39+00:00
13,Bepotastine Besilate 10 mg Tablets,For the treatment of allergic rhinitis,2017-03-27,True,True,Bepotastine Besilate 10 mg Tablets For the treatment of allergic rhinitis 27.03.2017,LIST OF NEW DRUG APPROVED FROM 01-01-2017 to TILL DATE BY NEW DRUGS DIVISION,https://cdsco.gov.in/opencms/resources/UploadCDSCOWeb/2018/UploadApprovalNewDrugs/2_LIST%20OF%20NEW%20DRUGS%20APPROVED%20FROM%2001-01-2017.pdf,unnumbered,2017,CDSCO List of Approved New Drugs,2026-08-05T12:13:39+00:00
14,Prucalopride 1mg/2mg Tablet & Bulk (Prucalopride Succinate),For the treatment of chronic idiopathic constipation in adults in whom laxatives fail to provide adequate relief,2017-04-13,True,True,Prucalopride 1mg/2mg Tablet & Bulk (Prucalopride Succinate) For the treatment of chronic idiopathic constipation in adults in whom laxatives fail to provide adequate relief 13.04.2017,LIST OF NEW DRUG APPROVED FROM 01-01-2017 to TILL DATE BY NEW DRUGS DIVISION,https://cdsco.gov.in/opencms/resources/UploadCDSCOWeb/2018/UploadApprovalNewDrugs/2_LIST%20OF%20NEW%20DRUGS%20APPROVED%20FROM%2001-01-2017.pdf,unnumbered,2017,CDSCO List of Approved New Drugs,2026-08-05T12:13:39+00:00
15,Teriflunomide 14 mg tablets,For the treatment of patients with relapsing form of multiple sclerosis,2017-04-13,True,True,Teriflunomide 14 mg tablets For the treatment of patients with relapsing form of multiple sclerosis 13.04.2017,LIST OF NEW DRUG APPROVED FROM 01-01-2017 to TILL DATE BY NEW DRUGS DIVISION,https://cdsco.gov.in/opencms/resources/UploadCDSCOWeb/2018/UploadApprovalNewDrugs/2_LIST%20OF%20NEW%20DRUGS%20APPROVED%20FROM%2001-01-2017.pdf,unnumbered,2017,CDSCO List of Approved New Drugs,2026-08-05T12:13:39+00:00
16,"Pomalidomide 1mg/2mg/3mg/4mg Capsules & Bulk In combination with dexamethasone, for patient with patient multiple myeloma who have received at least two prior therapies including lenalidomide and a proteasome inhibitor and have demonstrated disease progression on or within 60 days of completion of t",,2017-05-01,True,False,"Pomalidomide 1mg/2mg/3mg/4mg Capsules & Bulk In combination with dexamethasone, for patient with patient multiple myeloma who have received at least two prior therapies including lenalidomide and a proteasome inhibitor and have demonstrated disease progression on or within 60 days of completion of the last therapy. 01.05.2017",LIST OF NEW DRUG APPROVED FROM 01-01-2017 to TILL DATE BY NEW DRUGS DIVISION,https://cdsco.gov.in/opencms/resources/UploadCDSCOWeb/2018/UploadApprovalNewDrugs/2_LIST%20OF%20NEW%20DRUGS%20APPROVED%20FROM%2001-01-2017.pdf,unnumbered,2017,CDSCO List of Approved New Drugs,2026-08-05T12:13:39+00:00
17,Sofosbuvir 400 mg +Velpatasvir 100 mg Tablet,"For the treatment of adult patients with -chronic Hepatitis C virus, Genotype 1,2,3,4,5 or 6 infection. -Without cirrhosis or with compensated cirrhosis -With decompensated with chronic for use in combination with Ribavirin",2017-05-04,True,True,"Sofosbuvir 400 mg +Velpatasvir 100 mg Tablet For the treatment of adult patients with -chronic Hepatitis C virus, Genotype 1,2,3,4,5 or 6 infection. -Without cirrhosis or with compensated cirrhosis -With decompensated with chronic for use in combination with Ribavirin. 04.05.2017",LIST OF NEW DRUG APPROVED FROM 01-01-2017 to TILL DATE BY NEW DRUGS DIVISION,https://cdsco.gov.in/opencms/resources/UploadCDSCOWeb/2018/UploadApprovalNewDrugs/2_LIST%20OF%20NEW%20DRUGS%20APPROVED%20FROM%2001-01-2017.pdf,unnumbered,2017,CDSCO List of Approved New Drugs,2026-08-05T12:13:39+00:00
18,Velpatasvir Bulk 19 Osimertinib 40 mg/80 mg Film coated Tablets (Osimertinib Mesylate),"For the treatment of patient with metastatic epidermal growth factor receptor (EGFR) T790 M mutation-positive non-small cell lung cancer (NSCLC), as detected by an appropriate test, whose disease has progressed on or after EGFR TKI therapy 20 Argatroban Hydrate Bulk & Injection 250 mg/2.5 ml 1) For prophylaxis or treatment of thrombosis in adult patients with Heparin induced thrombocytopenia (HIT). 2) As an anticoagulant in adults patients with or at risk for heparin-induced thrombocytopenia undergoing percutaneous coronary intervention (PCI) 21 Fluralaner chewable tablets 112.5 mg/250 mg/500m",2017-05-04,True,True,"Velpatasvir Bulk 04.05.2017 19 Osimertinib 40 mg/80 mg Film coated Tablets (Osimertinib Mesylate) For the treatment of patient with metastatic epidermal growth factor receptor (EGFR) T790 M mutation-positive non-small cell lung cancer (NSCLC), as detected by an appropriate test, whose disease has progressed on or after EGFR TKI therapy 29.05.2017 20 Argatroban Hydrate Bulk & Injection 250 mg/2.5 ml 1) For prophylaxis or treatment of thrombosis in adult patients with Heparin induced thrombocytopenia (HIT). 2) As an anticoagulant in adults patients with or at risk for heparin-induced thrombocytopenia undergoing percutaneous coronary intervention (PCI) 30.05.2017 21 Fluralaner chewable tablets 112.5 mg/250 mg/500mg/1000mg/1400 mg For the treatment of tick and flea infestations on dogs for 12 weeks. This veterinary medicinal product is a systemic insecticide and acaricide with a long duratio",LIST OF NEW DRUG APPROVED FROM 01-01-2017 to TILL DATE BY NEW DRUGS DIVISION,https://cdsco.gov.in/opencms/resources/UploadCDSCOWeb/2018/UploadApprovalNewDrugs/2_LIST%20OF%20NEW%20DRUGS%20APPROVED%20FROM%2001-01-2017.pdf,unnumbered,2017,CDSCO List of Approved New Drugs,2026-08-05T12:13:39+00:00
1,Nintedanib soft Gelatin Capsule 100/150mg (Nintedanib ethanesulfonate),For the treatment of Idiopathic Pulmonary Fibrosis (IPF),2016-03-11,True,True,Nintedanib soft Gelatin Capsule 100/150mg (Nintedanib ethanesulfonate) For the treatment of Idiopathic Pulmonary Fibrosis (IPF). 11.03.16,LIST OF NEW DRUG APPROVED FROM 01-01-2016 to TILL DATE BY NEW DRUGS DIVISION,https://cdsco.gov.in/opencms/resources/UploadCDSCOWeb/2018/UploadApprovalNewDrugs/3_LIST%20OF%20NEW%20DRUG%20APPROVED%20FROM%2001-01-2016.pdf,unnumbered,2016,CDSCO List of Approved New Drugs,2026-08-05T12:13:39+00:00
2,Cisatracurium Besylate Bulk & 2mg/ml injection,"As an adjunct to general anaesthesia, to facilitate tracheal intubation and to provide skeletal muscle relaxation during surgery",2016-03-14,True,True,"Cisatracurium Besylate Bulk & 2mg/ml injection As an adjunct to general anaesthesia, to facilitate tracheal intubation and to provide skeletal muscle relaxation during surgery. 14.03.16",LIST OF NEW DRUG APPROVED FROM 01-01-2016 to TILL DATE BY NEW DRUGS DIVISION,https://cdsco.gov.in/opencms/resources/UploadCDSCOWeb/2018/UploadApprovalNewDrugs/3_LIST%20OF%20NEW%20DRUG%20APPROVED%20FROM%2001-01-2016.pdf,unnumbered,2016,CDSCO List of Approved New Drugs,2026-08-05T12:13:39+00:00
3,Fomepizole Bulk & Fomepizole Injection 1.5gm/Ampoule As an antidote for Ethylene glycol or Methanol used poisoning or,"for use in suspected Ethylene glycol or Methanol ingestion, either alone or in combination with hemodialysis",2016-03-14,True,True,"Fomepizole Bulk & Fomepizole Injection 1.5gm/Ampoule As an antidote for Ethylene glycol or Methanol used poisoning or for use in suspected Ethylene glycol or Methanol ingestion, either alone or in combination with hemodialysis. 14.03.16",LIST OF NEW DRUG APPROVED FROM 01-01-2016 to TILL DATE BY NEW DRUGS DIVISION,https://cdsco.gov.in/opencms/resources/UploadCDSCOWeb/2018/UploadApprovalNewDrugs/3_LIST%20OF%20NEW%20DRUG%20APPROVED%20FROM%2001-01-2016.pdf,unnumbered,2016,CDSCO List of Approved New Drugs,2026-08-05T12:13:39+00:00
4,Tofacitinib Tablets 5 mg(Tofacitinib Citrate) “,For the treatment of adult patients with moderately to severely active rheumatoid arthritis who have had an inadequate response or intolerance to Methotrexate. It may be used as monotherapy or in combination with methotrexate or other nonbiologic disease-modifying antirheumatic drugs (DMARDs)”,2016-04-01,True,True,Tofacitinib Tablets 5 mg(Tofacitinib Citrate) “For the treatment of adult patients with moderately to severely active rheumatoid arthritis who have had an inadequate response or intolerance to Methotrexate. It may be used as monotherapy or in combination with methotrexate or other nonbiologic disease-modifying antirheumatic drugs (DMARDs)”. 01.04.16,LIST OF NEW DRUG APPROVED FROM 01-01-2016 to TILL DATE BY NEW DRUGS DIVISION,https://cdsco.gov.in/opencms/resources/UploadCDSCOWeb/2018/UploadApprovalNewDrugs/3_LIST%20OF%20NEW%20DRUG%20APPROVED%20FROM%2001-01-2016.pdf,unnumbered,2016,CDSCO List of Approved New Drugs,2026-08-05T12:13:39+00:00
5,"Nintedanib Soft Gelatin Capsule 100/150mg (Nintedanib ethanesulfonate) ""In combination with docetaxel","for the treatment of adult patients with locally advanced, metastatic or recurrent non-small cell lung cancer (NSCLC) of adenocarcinoma tumor histology after line chemotherapy""",2016-04-01,True,True,"Nintedanib Soft Gelatin Capsule 100/150mg (Nintedanib ethanesulfonate) ""In combination with docetaxel for the treatment of adult patients with locally advanced, metastatic or recurrent non-small cell lung cancer (NSCLC) of adenocarcinoma tumor histology after line chemotherapy"". 01.04.16",LIST OF NEW DRUG APPROVED FROM 01-01-2016 to TILL DATE BY NEW DRUGS DIVISION,https://cdsco.gov.in/opencms/resources/UploadCDSCOWeb/2018/UploadApprovalNewDrugs/3_LIST%20OF%20NEW%20DRUG%20APPROVED%20FROM%2001-01-2016.pdf,unnumbered,2016,CDSCO List of Approved New Drugs,2026-08-05T12:13:39+00:00
6,"Ceftaroline Fosamil Injection 600 mg/Vial ""","For the treatment of adult (≥ 18 years of age patients with community-acquired pneumonia""",2016-05-09,True,True,"Ceftaroline Fosamil Injection 600 mg/Vial ""For the treatment of adult (≥ 18 years of age patients with community-acquired pneumonia"". 09.05.2016",LIST OF NEW DRUG APPROVED FROM 01-01-2016 to TILL DATE BY NEW DRUGS DIVISION,https://cdsco.gov.in/opencms/resources/UploadCDSCOWeb/2018/UploadApprovalNewDrugs/3_LIST%20OF%20NEW%20DRUG%20APPROVED%20FROM%2001-01-2016.pdf,unnumbered,2016,CDSCO List of Approved New Drugs,2026-08-05T12:13:39+00:00
7,"Panobinostat Hard Gelatin Capsules 10mg/15mg/20mg (Panobinostat lactate) ""In combination with bortezomib and dexamethasone","is indicated for the treatment of patients with multiple myeloma, who have received at least 1 prior therapy""",2016-05-27,True,True,"Panobinostat Hard Gelatin Capsules 10mg/15mg/20mg (Panobinostat lactate) ""In combination with bortezomib and dexamethasone, is indicated for the treatment of patients with multiple myeloma, who have received at least 1 prior therapy"" 27.05.2016",LIST OF NEW DRUG APPROVED FROM 01-01-2016 to TILL DATE BY NEW DRUGS DIVISION,https://cdsco.gov.in/opencms/resources/UploadCDSCOWeb/2018/UploadApprovalNewDrugs/3_LIST%20OF%20NEW%20DRUG%20APPROVED%20FROM%2001-01-2016.pdf,unnumbered,2016,CDSCO List of Approved New Drugs,2026-08-05T12:13:39+00:00
8,Bepotastine Besilate Bulk & Bepotastine Besilate 1.5 %w/v Ophthalmic solution “,For the treatment of itching associated with allergic conjunctivitis”,2016-06-08,True,True,Bepotastine Besilate Bulk & Bepotastine Besilate 1.5 %w/v Ophthalmic solution “For the treatment of itching associated with allergic conjunctivitis” 08.06.16,LIST OF NEW DRUG APPROVED FROM 01-01-2016 to TILL DATE BY NEW DRUGS DIVISION,https://cdsco.gov.in/opencms/resources/UploadCDSCOWeb/2018/UploadApprovalNewDrugs/3_LIST%20OF%20NEW%20DRUG%20APPROVED%20FROM%2001-01-2016.pdf,unnumbered,2016,CDSCO List of Approved New Drugs,2026-08-05T12:13:39+00:00
9,"Ibutilide Bulk &amp; Ibutilide Fumarate Injection 0.1mg/ml ""For the rapid conversion of atrial fibrillation or atrial flutterof recent onset to sinus rhythm. Patient with atrial arrhythmias of longer duration are less likely to respond to Ibutilide Fumarate Injection. The effectiveness of Ibutilideh",in patients with arrhythmias of more than 90 days in duration”,2016-06-10,True,True,"Ibutilide Bulk &amp; Ibutilide Fumarate Injection 0.1mg/ml ""For the rapid conversion of atrial fibrillation or atrial flutterof recent onset to sinus rhythm. Patient with atrial arrhythmias of longer duration are less likely to respond to Ibutilide Fumarate Injection. The effectiveness of Ibutilidehas not been determined in patients with arrhythmias of more than 90 days in duration”. 10.06.16",LIST OF NEW DRUG APPROVED FROM 01-01-2016 to TILL DATE BY NEW DRUGS DIVISION,https://cdsco.gov.in/opencms/resources/UploadCDSCOWeb/2018/UploadApprovalNewDrugs/3_LIST%20OF%20NEW%20DRUG%20APPROVED%20FROM%2001-01-2016.pdf,unnumbered,2016,CDSCO List of Approved New Drugs,2026-08-05T12:13:39+00:00
10,"Acotiamide Hydrochloride Bulk & Tablet 100mg ""","For the treatment of bloating after meals, epigastric bloating and early satiety in functional dyspepsia""",2016-07-06,True,True,"Acotiamide Hydrochloride Bulk & Tablet 100mg ""For the treatment of bloating after meals, epigastric bloating and early satiety in functional dyspepsia"". 06.07.2016",LIST OF NEW DRUG APPROVED FROM 01-01-2016 to TILL DATE BY NEW DRUGS DIVISION,https://cdsco.gov.in/opencms/resources/UploadCDSCOWeb/2018/UploadApprovalNewDrugs/3_LIST%20OF%20NEW%20DRUG%20APPROVED%20FROM%2001-01-2016.pdf,unnumbered,2016,CDSCO List of Approved New Drugs,2026-08-05T12:13:39+00:00
11,"Sacubutril+ Valsartan film coated tablets 50mg/100 mg/200mg ""","To reduce the risk of cardiovascular death and hospitalization for heart failure in patients with chronic heart failure (NYHA Class II-IV) and reduced ejection fraction""",2016-07-14,True,True,"Sacubutril+ Valsartan film coated tablets 50mg/100 mg/200mg ""To reduce the risk of cardiovascular death and hospitalization for heart failure in patients with chronic heart failure (NYHA Class II-IV) and reduced ejection fraction"". 14.07.2016",LIST OF NEW DRUG APPROVED FROM 01-01-2016 to TILL DATE BY NEW DRUGS DIVISION,https://cdsco.gov.in/opencms/resources/UploadCDSCOWeb/2018/UploadApprovalNewDrugs/3_LIST%20OF%20NEW%20DRUG%20APPROVED%20FROM%2001-01-2016.pdf,unnumbered,2016,CDSCO List of Approved New Drugs,2026-08-05T12:13:39+00:00
12,"Lurasidone Hydrochloride Bulk & Lurasidone Hydrochloride Tablets 40mg/80mg ""","For the treatment of Patients with Schizophrenia""",2016-07-18,True,True,"Lurasidone Hydrochloride Bulk & Lurasidone Hydrochloride Tablets 40mg/80mg ""For the treatment of Patients with Schizophrenia"" 18.07.16",LIST OF NEW DRUG APPROVED FROM 01-01-2016 to TILL DATE BY NEW DRUGS DIVISION,https://cdsco.gov.in/opencms/resources/UploadCDSCOWeb/2018/UploadApprovalNewDrugs/3_LIST%20OF%20NEW%20DRUG%20APPROVED%20FROM%2001-01-2016.pdf,unnumbered,2016,CDSCO List of Approved New Drugs,2026-08-05T12:13:39+00:00
13,"Fenticonazole Nitrate Vaginal Capsule 600 mg ""","For the treatment of vulvovaginal candidiasis""",2016-08-10,True,True,"Fenticonazole Nitrate Vaginal Capsule 600 mg ""For the treatment of vulvovaginal candidiasis"" 10.08.2016",LIST OF NEW DRUG APPROVED FROM 01-01-2016 to TILL DATE BY NEW DRUGS DIVISION,https://cdsco.gov.in/opencms/resources/UploadCDSCOWeb/2018/UploadApprovalNewDrugs/3_LIST%20OF%20NEW%20DRUG%20APPROVED%20FROM%2001-01-2016.pdf,unnumbered,2016,CDSCO List of Approved New Drugs,2026-08-05T12:13:39+00:00
14,"Palbociclib Capsules 75mg/100mg/125 mg ""Palbociclib is a kinase inhibitor","indicated in combination with Letrozole for the treatment of postmenopausal women with estrogen receptor (ER)- Positive, human epidermal growth factor receptor 2 (HER2)-Negative advanced breast cancer as initial endocrine-based therapy for their metastatic disease""",2016-08-11,True,True,"Palbociclib Capsules 75mg/100mg/125 mg ""Palbociclib is a kinase inhibitor indicated in combination with Letrozole for the treatment of postmenopausal women with estrogen receptor (ER)- Positive, human epidermal growth factor receptor 2 (HER2)-Negative advanced breast cancer as initial endocrine-based therapy for their metastatic disease"". 11.08.2016",LIST OF NEW DRUG APPROVED FROM 01-01-2016 to TILL DATE BY NEW DRUGS DIVISION,https://cdsco.gov.in/opencms/resources/UploadCDSCOWeb/2018/UploadApprovalNewDrugs/3_LIST%20OF%20NEW%20DRUG%20APPROVED%20FROM%2001-01-2016.pdf,unnumbered,2016,CDSCO List of Approved New Drugs,2026-08-05T12:13:39+00:00
15,"Midodrine Hydrochloride 2.5 mg Tablet ""","For the treatment of symptomatic orthostatic hypotension""",2016-09-02,True,True,"Midodrine Hydrochloride 2.5 mg Tablet ""For the treatment of symptomatic orthostatic hypotension"" 02.09.2016",LIST OF NEW DRUG APPROVED FROM 01-01-2016 to TILL DATE BY NEW DRUGS DIVISION,https://cdsco.gov.in/opencms/resources/UploadCDSCOWeb/2018/UploadApprovalNewDrugs/3_LIST%20OF%20NEW%20DRUG%20APPROVED%20FROM%2001-01-2016.pdf,unnumbered,2016,CDSCO List of Approved New Drugs,2026-08-05T12:13:39+00:00
16,"Phospholipids Fraction from Bovine Lung (surfactant) 50 mg/vial ""Preventive use in premature neonates with a high risk of respiratory Distress Syndrome""",,2016-09-12,True,False,"Phospholipids Fraction from Bovine Lung (surfactant) 50 mg/vial ""Preventive use in premature neonates with a high risk of respiratory Distress Syndrome"" 12.09.2016",LIST OF NEW DRUG APPROVED FROM 01-01-2016 to TILL DATE BY NEW DRUGS DIVISION,https://cdsco.gov.in/opencms/resources/UploadCDSCOWeb/2018/UploadApprovalNewDrugs/3_LIST%20OF%20NEW%20DRUG%20APPROVED%20FROM%2001-01-2016.pdf,unnumbered,2016,CDSCO List of Approved New Drugs,2026-08-05T12:13:39+00:00
17,Dolutegravir 50 mg Tablet & Bulk (Dolutegravir Sodium) “,Indicated in combination with other antiretroviral agents for the treatment of HIV-1 infection in adults weighing more than 40 kg”,2016-11-07,True,True,Dolutegravir 50 mg Tablet & Bulk (Dolutegravir Sodium) “Indicated in combination with other antiretroviral agents for the treatment of HIV-1 infection in adults weighing more than 40 kg” 07.11.2016,LIST OF NEW DRUG APPROVED FROM 01-01-2016 to TILL DATE BY NEW DRUGS DIVISION,https://cdsco.gov.in/opencms/resources/UploadCDSCOWeb/2018/UploadApprovalNewDrugs/3_LIST%20OF%20NEW%20DRUG%20APPROVED%20FROM%2001-01-2016.pdf,unnumbered,2016,CDSCO List of Approved New Drugs,2026-08-05T12:13:39+00:00
18,"Alcaftadine Eye Drops 0.25% w/v & Bulk ""For the prevention of itching associated with allergic conjunctivitis","in patients between the age group 10 to 60 years""",2016-11-21,True,True,"Alcaftadine Eye Drops 0.25% w/v & Bulk ""For the prevention of itching associated with allergic conjunctivitis in patients between the age group 10 to 60 years"" 21.11.2016",LIST OF NEW DRUG APPROVED FROM 01-01-2016 to TILL DATE BY NEW DRUGS DIVISION,https://cdsco.gov.in/opencms/resources/UploadCDSCOWeb/2018/UploadApprovalNewDrugs/3_LIST%20OF%20NEW%20DRUG%20APPROVED%20FROM%2001-01-2016.pdf,unnumbered,2016,CDSCO List of Approved New Drugs,2026-08-05T12:13:39+00:00
19,Bepotastine Besilate Bulk,,2016-11-23,True,False,Bepotastine Besilate Bulk 23.11.2016,LIST OF NEW DRUG APPROVED FROM 01-01-2016 to TILL DATE BY NEW DRUGS DIVISION,https://cdsco.gov.in/opencms/resources/UploadCDSCOWeb/2018/UploadApprovalNewDrugs/3_LIST%20OF%20NEW%20DRUG%20APPROVED%20FROM%2001-01-2016.pdf,unnumbered,2016,CDSCO List of Approved New Drugs,2026-08-05T12:13:39+00:00
20,"Lenvatinib 4mg/10mg Hard Gelatin Capsules (Lenvatinib Mesylate) ""","For the treatment of patients with locally recurrent or metastatic, progressive, radioactive iodine-refractory differentiated thyroid cancer""",2016-12-02,True,True,"Lenvatinib 4mg/10mg Hard Gelatin Capsules (Lenvatinib Mesylate) ""For the treatment of patients with locally recurrent or metastatic, progressive, radioactive iodine-refractory differentiated thyroid cancer"" 02.12.2016",LIST OF NEW DRUG APPROVED FROM 01-01-2016 to TILL DATE BY NEW DRUGS DIVISION,https://cdsco.gov.in/opencms/resources/UploadCDSCOWeb/2018/UploadApprovalNewDrugs/3_LIST%20OF%20NEW%20DRUG%20APPROVED%20FROM%2001-01-2016.pdf,unnumbered,2016,CDSCO List of Approved New Drugs,2026-08-05T12:13:39+00:00
21,"Perampanel 2mg/4mg/6mg/8mg/10mg/12mg Tablets ""The adjunctive treatment of partial-onset seizures with or without secondarily generalized seizures","in patients with epilepsy aged 12 years and older""",2016-12-02,True,True,"Perampanel 2mg/4mg/6mg/8mg/10mg/12mg Tablets ""The adjunctive treatment of partial-onset seizures with or without secondarily generalized seizures in patients with epilepsy aged 12 years and older"" 02.12.2016",LIST OF NEW DRUG APPROVED FROM 01-01-2016 to TILL DATE BY NEW DRUGS DIVISION,https://cdsco.gov.in/opencms/resources/UploadCDSCOWeb/2018/UploadApprovalNewDrugs/3_LIST%20OF%20NEW%20DRUG%20APPROVED%20FROM%2001-01-2016.pdf,unnumbered,2016,CDSCO List of Approved New Drugs,2026-08-05T12:13:39+00:00
22,"Azilsartan Medoxomil Bulk & 40mg/80mg Tablets ""","Indicated for the treatment of hypertension in adults patients, either alone or in combination with other antihypertensive agents""",2016-12-09,True,True,"Azilsartan Medoxomil Bulk & 40mg/80mg Tablets ""Indicated for the treatment of hypertension in adults patients, either alone or in combination with other antihypertensive agents"" 09.12.2016",LIST OF NEW DRUG APPROVED FROM 01-01-2016 to TILL DATE BY NEW DRUGS DIVISION,https://cdsco.gov.in/opencms/resources/UploadCDSCOWeb/2018/UploadApprovalNewDrugs/3_LIST%20OF%20NEW%20DRUG%20APPROVED%20FROM%2001-01-2016.pdf,unnumbered,2016,CDSCO List of Approved New Drugs,2026-08-05T12:13:39+00:00
1,Sofosbuvir Tablet 400 mg “In combination with other medicinal products,for the treatment of chronic Hepatitis C (CHC) in adults”,2015-01-13,True,True,Sofosbuvir Tablet 400 mg “In combination with other medicinal products for the treatment of chronic Hepatitis C (CHC) in adults”. 13.01.2015,LIST OF APPROVED DRUG FROM 01-01-2015 to 31-01-2015,https://cdsco.gov.in/opencms/resources/UploadCDSCOWeb/2018/UploadApprovalNewDrugs/4_LIST%20OF%20APPROVED%20DRUG%20FROM%2001-01-2015.pdf,unnumbered,2015,CDSCO List of Approved New Drugs,2026-08-05T12:13:39+00:00
2,"Bedaquiline Tablet 100 mg ""In adults (≥ 18 years), as part of Combination therapy of pulmonary tuberculosis due to multi-drug resistant Mycobacterium tuberculosis when an effective treatment regimen cannot Otherwise be provided”",,2015-01-14,True,False,"Bedaquiline Tablet 100 mg ""In adults (≥ 18 years), as part of Combination therapy of pulmonary tuberculosis due to multi-drug resistant Mycobacterium tuberculosis when an effective treatment regimen cannot Otherwise be provided”. 14.01.2015",LIST OF APPROVED DRUG FROM 01-01-2015 to 31-01-2015,https://cdsco.gov.in/opencms/resources/UploadCDSCOWeb/2018/UploadApprovalNewDrugs/4_LIST%20OF%20APPROVED%20DRUG%20FROM%2001-01-2015.pdf,unnumbered,2015,CDSCO List of Approved New Drugs,2026-08-05T12:13:39+00:00
3,Lixisenatide pre-filled solution for injection 10µg/20 µg,"For the treatment of adults with type 2 diabetes mellitus to achieve glycaemic control in patients who are not controlled on existing therapy: In combination with the following oral antibiotics: -Metformin, a sulphonyl urea, or a combination of these agents. In combination with a basal insulin: alone, in combination with metformin, or in combination with sulphonyl urea",2015-01-15,True,True,"Lixisenatide pre-filled solution for injection 10µg/20 µg For the treatment of adults with type 2 diabetes mellitus to achieve glycaemic control in patients who are not controlled on existing therapy: In combination with the following oral antibiotics: -Metformin, a sulphonyl urea, or a combination of these agents. In combination with a basal insulin: alone, in combination with metformin, or in combination with sulphonyl urea. 15.01.2015",LIST OF APPROVED DRUG FROM 01-01-2015 to 31-01-2015,https://cdsco.gov.in/opencms/resources/UploadCDSCOWeb/2018/UploadApprovalNewDrugs/4_LIST%20OF%20APPROVED%20DRUG%20FROM%2001-01-2015.pdf,unnumbered,2015,CDSCO List of Approved New Drugs,2026-08-05T12:13:39+00:00
4,Dapagliflozin Tablet 5mg/10mg “In adult aged 18 years and older with Type-II diabetic mellitus to improve glycemic control: As mono-therapy when diet and exercise alone do not provide adequate glycemic control,"in patients for whom use of metformin is considered inappropriate due to intolerance. As add-on combination therapy in combination therapy in combination with other glucose- lowering medicinal products including insulin, when these, together with diet and exercise, do not provide adequate glycemic control""",2015-02-25,True,True,"Dapagliflozin Tablet 5mg/10mg “In adult aged 18 years and older with Type-II diabetic mellitus to improve glycemic control: As mono-therapy when diet and exercise alone do not provide adequate glycemic control in patients for whom use of metformin is considered inappropriate due to intolerance. As add-on combination therapy in combination therapy in combination with other glucose- lowering medicinal products including insulin, when these, together with diet and exercise, do not provide adequate glycemic control"" 25.02.2015",LIST OF APPROVED DRUG FROM 01-01-2015 to 31-01-2015,https://cdsco.gov.in/opencms/resources/UploadCDSCOWeb/2018/UploadApprovalNewDrugs/4_LIST%20OF%20APPROVED%20DRUG%20FROM%2001-01-2015.pdf,unnumbered,2015,CDSCO List of Approved New Drugs,2026-08-05T12:13:39+00:00
5,Pasireotide solution for injection 0.3mg/0.6mg/0.9mg “,For the treatment of adult patients with Cushing’s disease for whom pituitary surgery is not an option or has not been Curative”,2015-03-18,True,True,Pasireotide solution for injection 0.3mg/0.6mg/0.9mg “For the treatment of adult patients with Cushing’s disease for whom pituitary surgery is not an option or has not been Curative” 18.03.2015,LIST OF APPROVED DRUG FROM 01-01-2015 to 31-01-2015,https://cdsco.gov.in/opencms/resources/UploadCDSCOWeb/2018/UploadApprovalNewDrugs/4_LIST%20OF%20APPROVED%20DRUG%20FROM%2001-01-2015.pdf,unnumbered,2015,CDSCO List of Approved New Drugs,2026-08-05T12:13:39+00:00
6,Emphagliflozin Tablet 10mg/25mg “,As an adjunct to diet and exercise to improve glycemic Control in adults with Type 2 diabetes Mellitus.”,2015-05-07,True,True,Emphagliflozin Tablet 10mg/25mg “As an adjunct to diet and exercise to improve glycemic Control in adults with Type 2 diabetes Mellitus.” 07.05.2015,LIST OF APPROVED DRUG FROM 01-01-2015 to 31-01-2015,https://cdsco.gov.in/opencms/resources/UploadCDSCOWeb/2018/UploadApprovalNewDrugs/4_LIST%20OF%20APPROVED%20DRUG%20FROM%2001-01-2015.pdf,unnumbered,2015,CDSCO List of Approved New Drugs,2026-08-05T12:13:39+00:00
7,"Gadobutrol solution for injection ""In adult, adolescence and children aged 2 years and older for: 1.contrast enhancement in cranial and spinal magnetic resonance imaging (MRI). 2. Contrast enhancement MRI of other body regions: liver kidneys. 3. Contrast enhancement in Magnetic Resonance Angiograpy ",,2015-05-07,True,False,"Gadobutrol solution for injection ""In adult, adolescence and children aged 2 years and older for: 1.contrast enhancement in cranial and spinal magnetic resonance imaging (MRI). 2. Contrast enhancement MRI of other body regions: liver kidneys. 3. Contrast enhancement in Magnetic Resonance Angiograpy (CE- MRA) 4.For MRI of the breast to assess the presence and extent of malignant breast 07.05.2015",LIST OF APPROVED DRUG FROM 01-01-2015 to 31-01-2015,https://cdsco.gov.in/opencms/resources/UploadCDSCOWeb/2018/UploadApprovalNewDrugs/4_LIST%20OF%20APPROVED%20DRUG%20FROM%2001-01-2015.pdf,unnumbered,2015,CDSCO List of Approved New Drugs,2026-08-05T12:13:39+00:00
8,Teneligliptin Tablet 20mg,For the treatment of Type 2 Diabetes Mellitus as a Monotherapy adjunct to diet and Exercise,2015-05-18,True,True,Teneligliptin Tablet 20mg For the treatment of Type 2 Diabetes Mellitus as a Monotherapy adjunct to diet and Exercise 18.05.2015,LIST OF APPROVED DRUG FROM 01-01-2015 to 31-01-2015,https://cdsco.gov.in/opencms/resources/UploadCDSCOWeb/2018/UploadApprovalNewDrugs/4_LIST%20OF%20APPROVED%20DRUG%20FROM%2001-01-2015.pdf,unnumbered,2015,CDSCO List of Approved New Drugs,2026-08-05T12:13:39+00:00
9,"Ceritinib 150 mg Hard Gelatin Capsules ""","For the treatment of patients with Anaplastic lymphoma Kinase (ALK)- positive metastatic non- small cell lung cancer (NSCLC) who have progressed on or are intolerant to crizotinib""",2015-01-13,True,True,"Ceritinib 150 mg Hard Gelatin Capsules ""For the treatment of patients with Anaplastic lymphoma Kinase (ALK)- positive metastatic non- small cell lung cancer (NSCLC) who have progressed on or are intolerant to crizotinib"" 13.01.2015",LIST OF APPROVED DRUG FROM 01-01-2015 to 31-01-2015,https://cdsco.gov.in/opencms/resources/UploadCDSCOWeb/2018/UploadApprovalNewDrugs/4_LIST%20OF%20APPROVED%20DRUG%20FROM%2001-01-2015.pdf,unnumbered,2015,CDSCO List of Approved New Drugs,2026-08-05T12:13:39+00:00
10,"Vilazodone Hydrochloride 20mg/40mg and Bulk ""","For the treatment of Major depressive disorders in adults""",2015-08-19,True,True,"Vilazodone Hydrochloride 20mg/40mg and Bulk ""For the treatment of Major depressive disorders in adults"" 19.08.15",LIST OF APPROVED DRUG FROM 01-01-2015 to 31-01-2015,https://cdsco.gov.in/opencms/resources/UploadCDSCOWeb/2018/UploadApprovalNewDrugs/4_LIST%20OF%20APPROVED%20DRUG%20FROM%2001-01-2015.pdf,unnumbered,2015,CDSCO List of Approved New Drugs,2026-08-05T12:13:39+00:00
11,Gemigliptin 50mg tablets “,"As an adjunct to the diet & exercise to improve to improve glycemic control in adults with type-2 diabetes mellitus, as an monotherapy or in combination with metformin in patients with inadequate glycemic control on metformin alone”",2015-08-21,True,True,"Gemigliptin 50mg tablets “ As an adjunct to the diet & exercise to improve to improve glycemic control in adults with type-2 diabetes mellitus, as an monotherapy or in combination with metformin in patients with inadequate glycemic control on metformin alone” 21.08.15",LIST OF APPROVED DRUG FROM 01-01-2015 to 31-01-2015,https://cdsco.gov.in/opencms/resources/UploadCDSCOWeb/2018/UploadApprovalNewDrugs/4_LIST%20OF%20APPROVED%20DRUG%20FROM%2001-01-2015.pdf,unnumbered,2015,CDSCO List of Approved New Drugs,2026-08-05T12:13:39+00:00
12,"Atosiban Acetate Injection 6.75mg/0.9ml and Bulk ""Indicated to delay imminent pre-term birth in pregnant adult women with: -regular uterine contractions of at least 30 Seconds duration at the rate of ≥ minutes -a cervical dilation of 1 to 3 cm (0-3 for nulliparas) and effacement of ≥50% - a gestatio",,2015-09-16,True,False,"Atosiban Acetate Injection 6.75mg/0.9ml and Bulk ""Indicated to delay imminent pre-term birth in pregnant adult women with: -regular uterine contractions of at least 30 Seconds duration at the rate of ≥ 4 per 30 minutes -a cervical dilation of 1 to 3 cm (0-3 for nulliparas) and effacement of ≥50% - a gestational age from 24 until 33 Completed weeks a normal foetal heart rate"" 16.09.15",LIST OF APPROVED DRUG FROM 01-01-2015 to 31-01-2015,https://cdsco.gov.in/opencms/resources/UploadCDSCOWeb/2018/UploadApprovalNewDrugs/4_LIST%20OF%20APPROVED%20DRUG%20FROM%2001-01-2015.pdf,unnumbered,2015,CDSCO List of Approved New Drugs,2026-08-05T12:13:39+00:00
13,"Ibrutinib Hard gelatin Capsule 140mg ""","For the treatment of adult patients with:- -mantle cell lymphoma (MCL) who have received at least one prior therapy. -Chronic Lymphocytic leukemia (CLL) who have received at least one prior therapy. - Chronic lymphocytic leukemia with 17p deletion""",2015-10-07,True,True,"Ibrutinib Hard gelatin Capsule 140mg ""For the treatment of adult patients with:- -mantle cell lymphoma (MCL) who have received at least one prior therapy. -Chronic Lymphocytic leukemia (CLL) who have received at least one prior therapy. - Chronic lymphocytic leukemia with 17p deletion"" 07.10.2015",LIST OF APPROVED DRUG FROM 01-01-2015 to 31-01-2015,https://cdsco.gov.in/opencms/resources/UploadCDSCOWeb/2018/UploadApprovalNewDrugs/4_LIST%20OF%20APPROVED%20DRUG%20FROM%2001-01-2015.pdf,unnumbered,2015,CDSCO List of Approved New Drugs,2026-08-05T12:13:39+00:00
14,"Ledipasvir (90mg)+ Sofosbuvir (400mg) Tablet ""","For the treatment of chronic hepatitis C (CHC) Genotype 1 infection in adults""",2015-12-08,True,True,"Ledipasvir (90mg)+ Sofosbuvir (400mg) Tablet "" For the treatment of chronic hepatitis C (CHC) Genotype 1 infection in adults"" 08.12.2015",LIST OF APPROVED DRUG FROM 01-01-2015 to 31-01-2015,https://cdsco.gov.in/opencms/resources/UploadCDSCOWeb/2018/UploadApprovalNewDrugs/4_LIST%20OF%20APPROVED%20DRUG%20FROM%2001-01-2015.pdf,unnumbered,2015,CDSCO List of Approved New Drugs,2026-08-05T12:13:39+00:00
15,"Ledipasvir Bulk 16 Daclatasvir Dihydrochloride bulk & Tablet 30mg/60mg ""For use with Sofosbuvir","for the treatment of patient with chronic hepatitis C virus (HCV) genotype 3 infection” 17 Enzalutamide 40 mg soft Capsule ""For the treatment of adults with metastatic castration resistant prostate cancer whose disease has progessed on or after Docetaxel therapy 18. 12 .2015 Netupitant 300 mg + Palonosetron 0.5 mg Capsule Cadexomer Iodine Bulk & Powder 100 % w/w (contain 0.9 % w/v Iodine) or Cadexomer Iodine Ointment 500 mg (contains 0.9% w/v iodine) For the treatment of chronic exuding wounds such as leg ulcers, pressure ulcers and diabetes ulcers infected traumatic and surgical wounds",2015-12-08,True,True,"Ledipasvir Bulk 08.12.2015 16 Daclatasvir Dihydrochloride bulk & Tablet 30mg/60mg ""For use with Sofosbuvir for the treatment of patient with chronic hepatitis C virus (HCV) genotype 3 infection” 14.12.2015 17 Enzalutamide 40 mg soft Capsule ""For the treatment of adults with metastatic castration resistant prostate cancer whose disease has progessed on or after Docetaxel therapy 18. 12 .2015 Netupitant 300 mg + Palonosetron 0.5 mg Capsule Cadexomer Iodine Bulk & Powder 100 % w/w (contain 0.9 % w/v Iodine) or Cadexomer Iodine Ointment 500 mg (contains 0.9% w/v iodine) For the treatment of chronic exuding wounds such as leg ulcers, pressure ulcers and diabetes ulcers infected traumatic and surgical wounds 05.03.2018",LIST OF APPROVED DRUG FROM 01-01-2015 to 31-01-2015,https://cdsco.gov.in/opencms/resources/UploadCDSCOWeb/2018/UploadApprovalNewDrugs/4_LIST%20OF%20APPROVED%20DRUG%20FROM%2001-01-2015.pdf,unnumbered,2015,CDSCO List of Approved New Drugs,2026-08-05T12:13:39+00:00
1,"Ephedrine R esonate 50mg Tablet Same as ephedrine, longer duration of action",,1961-01-01,False,False,"Ephedrine R esonate 50mg Tablet Same as ephedrine, longer duration of action. January-1961",LIST OF NEW DRUGS APPROVED 1961_1970,https://cdsco.gov.in/opencms/resources/UploadCDSCOWeb/2018/UploadApprovalNewDrugs/1961_1970.pdf,unnumbered,1961,CDSCO List of Approved New Drugs,2026-08-05T12:13:39+00:00
2,Vasolastine Ampoule (2ml) Enzyme complexes exert a normalising influence on the deamination of amino acids and on lipid metabolism,,1961-01-01,False,False,Vasolastine Ampoule (2ml) Enzyme complexes exert a normalising influence on the deamination of amino acids and on lipid metabolism. January-1961,LIST OF NEW DRUGS APPROVED 1961_1970,https://cdsco.gov.in/opencms/resources/UploadCDSCOWeb/2018/UploadApprovalNewDrugs/1961_1970.pdf,unnumbered,1961,CDSCO List of Approved New Drugs,2026-08-05T12:13:39+00:00
3,"Methychlothiazide 2.5mg/5mg Tablet Oral diuretic agent . Longest duration: more sodium excretion less potassium loss. 4 O-Ethoxybenzamide 200mg/500mg Dragees Analgesic, A ntiphlogistic, & Antipyretic. 5 P-Piperidinoethoxy-O- Carbomethoxy Benzophenone Hydrochloride, 5mg/10mg Injection, Tablet & Suppo","in patients with oedema or ascites, resistant or partly resistant to conventional diuretics. 10 Triethanalamine Trinitrate Bisphosphate 8mg/16mg Tablets Treatment of Angina pectoris. It is a vasodilator like glyceryl trinitrate. 11 Paromomycin 150mg Capsule Antibiotic for amoebiasis. 12 Xylometazoline Nasal drops (0.05% & 0.11% ) solution Nasal decongestant. 13 Methdilazine 8mg Tablet & Syrup New long acting Antihistaminic. 14 Isoxsuprine 10mg Tablet & Ampoule Peripheral vasodilator. 15 Chlorthalidone 100/200mg Tablet A long acting oral diuretic. 16 Mepenzolate methylbromite 25mg Tablet Antich",2010-05-01,True,True,"Methychlothiazide 2.5mg/5mg Tablet Oral diuretic agent . Longest duration: more sodium excretion less potassium loss. February-1961 4 O-Ethoxybenzamide 200mg/500mg Dragees Analgesic, A ntiphlogistic, & Antipyretic. February-1961 5 P-Piperidinoethoxy-O- Carbomethoxy Benzophenone Hydrochloride, 5mg/10mg Injection, Tablet & Suppository Antispasmodic and Analgesic. February-1961 6 Methocarbamol 1gm/1.5gm I.V Injection & Tablet Skeletal muscle relaxant. February-1961 7 Benziquinone Guanyl Hydrazone Thiosemicarbazone (Ambazone) 10mg Troches Powerful oral and pharyngeal disinfectant. March-1961 8 Metronidazole 250mg Oral Tablet & 500mg V aginal Tablet Treatment of t richomonal infestations. March-1961 9 Spiranolactone 100mg Tablet Promotes diuresis in patients with oedema or ascites, resistant or partly resistant to conventional diuretics. March-1961 10 Triethanalamine Trinitrate Bisphosphate 8",LIST OF NEW DRUGS APPROVED 1961_1970,https://cdsco.gov.in/opencms/resources/UploadCDSCOWeb/2018/UploadApprovalNewDrugs/1961_1970.pdf,unnumbered,1961,CDSCO List of Approved New Drugs,2026-08-05T12:13:39+00:00
