molecule_read,brand_read,strength_read,dosage_type,raw,cghs_list,standing_technical_committee_required,approved_by,restricted,stc_cost_triggers,source_name,source_file,out_of_scope,out_of_scope_reason,retrieved_utc
Aminoglutethimide,,,Tab,AMINOGLUTETHIMIDE TAB (PACK SIZE 10X1),STC,True,Standing Technical Committee,True,"{""per_administration_inr"": 10000, ""per_month_inr"": 50000, ""cancer_cycle_inr"": 1500000, ""non_stc_cancer_cycle_below_inr"": 100000, ""auto_transition_cases_in_6_months"": 20, ""always_stc"": ""immunotherapy""}",CGHS restricted medicine lists,STC_Restricted_Medicine.csv,False,,2026-08-05T15:26:38+00:00
Amivantamab,,350 MG,Inj.,AMIVANTAMAB 350 MG INJ (PACK SIZE 1X1),STC,True,Standing Technical Committee,True,"{""per_administration_inr"": 10000, ""per_month_inr"": 50000, ""cancer_cycle_inr"": 1500000, ""non_stc_cancer_cycle_below_inr"": 100000, ""auto_transition_cases_in_6_months"": 20, ""always_stc"": ""immunotherapy""}",CGHS restricted medicine lists,STC_Restricted_Medicine.csv,False,,2026-08-05T15:26:38+00:00
Apalutamide,,60 MG,Tab,APALUTAMIDE 60 MG TAB (PACK SIZE 1X120),STC,True,Standing Technical Committee,True,"{""per_administration_inr"": 10000, ""per_month_inr"": 50000, ""cancer_cycle_inr"": 1500000, ""non_stc_cancer_cycle_below_inr"": 100000, ""auto_transition_cases_in_6_months"": 20, ""always_stc"": ""immunotherapy""}",CGHS restricted medicine lists,STC_Restricted_Medicine.csv,False,,2026-08-05T15:26:38+00:00
Apalutamide,,60 MG,Tab,APALUTAMIDE 60 MG TAB (PACK SIZE 1X60),STC,True,Standing Technical Committee,True,"{""per_administration_inr"": 10000, ""per_month_inr"": 50000, ""cancer_cycle_inr"": 1500000, ""non_stc_cancer_cycle_below_inr"": 100000, ""auto_transition_cases_in_6_months"": 20, ""always_stc"": ""immunotherapy""}",CGHS restricted medicine lists,STC_Restricted_Medicine.csv,False,,2026-08-05T15:26:38+00:00
Asciminib Fct,KYZIFIC,40 MG,Tab,ASCIMINIB (KYZIFIC) FCT 40 MG (PACK SIZE 1X60),STC,True,Standing Technical Committee,True,"{""per_administration_inr"": 10000, ""per_month_inr"": 50000, ""cancer_cycle_inr"": 1500000, ""non_stc_cancer_cycle_below_inr"": 100000, ""auto_transition_cases_in_6_months"": 20, ""always_stc"": ""immunotherapy""}",CGHS restricted medicine lists,STC_Restricted_Medicine.csv,False,,2026-08-05T15:26:38+00:00
Avelumab,,200MG,Inj.,AVELUMAB 200MG INJ (PACK SIZE 1x1),STC,True,Standing Technical Committee,True,"{""per_administration_inr"": 10000, ""per_month_inr"": 50000, ""cancer_cycle_inr"": 1500000, ""non_stc_cancer_cycle_below_inr"": 100000, ""auto_transition_cases_in_6_months"": 20, ""always_stc"": ""immunotherapy""}",CGHS restricted medicine lists,STC_Restricted_Medicine.csv,False,,2026-08-05T15:26:38+00:00
Belumosudil,,200 MG,Tab,BELUMOSUDIL 200 MG TAB (PACK SIZE 1X30),STC,True,Standing Technical Committee,True,"{""per_administration_inr"": 10000, ""per_month_inr"": 50000, ""cancer_cycle_inr"": 1500000, ""non_stc_cancer_cycle_below_inr"": 100000, ""auto_transition_cases_in_6_months"": 20, ""always_stc"": ""immunotherapy""}",CGHS restricted medicine lists,STC_Restricted_Medicine.csv,False,,2026-08-05T15:26:38+00:00
Benralizumab,,30 MG,Inj.,BENRALIZUMAB 30 MG PFS INJ (PACK SIZE 1X1),STC,True,Standing Technical Committee,True,"{""per_administration_inr"": 10000, ""per_month_inr"": 50000, ""cancer_cycle_inr"": 1500000, ""non_stc_cancer_cycle_below_inr"": 100000, ""auto_transition_cases_in_6_months"": 20, ""always_stc"": ""immunotherapy""}",CGHS restricted medicine lists,STC_Restricted_Medicine.csv,False,,2026-08-05T15:26:38+00:00
Brentuximab Vedotin,,50MG,Inj.,BRENTUXIMAB VEDOTIN 50MG INJ (PACK SIZE 1 X 1),STC,True,Standing Technical Committee,True,"{""per_administration_inr"": 10000, ""per_month_inr"": 50000, ""cancer_cycle_inr"": 1500000, ""non_stc_cancer_cycle_below_inr"": 100000, ""auto_transition_cases_in_6_months"": 20, ""always_stc"": ""immunotherapy""}",CGHS restricted medicine lists,STC_Restricted_Medicine.csv,True,brentuximab is an oncology molecule,2026-08-05T15:26:38+00:00
Capmatinib,,150 MG,Tab,CAPMATINIB 150 MG TAB (PACK SIZE 1X60),STC,True,Standing Technical Committee,True,"{""per_administration_inr"": 10000, ""per_month_inr"": 50000, ""cancer_cycle_inr"": 1500000, ""non_stc_cancer_cycle_below_inr"": 100000, ""auto_transition_cases_in_6_months"": 20, ""always_stc"": ""immunotherapy""}",CGHS restricted medicine lists,STC_Restricted_Medicine.csv,False,,2026-08-05T15:26:38+00:00
Capmatinib,,200 MG,Tab,CAPMATINIB 200 MG TAB (PACK SIZE 1X60),STC,True,Standing Technical Committee,True,"{""per_administration_inr"": 10000, ""per_month_inr"": 50000, ""cancer_cycle_inr"": 1500000, ""non_stc_cancer_cycle_below_inr"": 100000, ""auto_transition_cases_in_6_months"": 20, ""always_stc"": ""immunotherapy""}",CGHS restricted medicine lists,STC_Restricted_Medicine.csv,False,,2026-08-05T15:26:38+00:00
Concizumab,,150 MG,Inj.,CONCIZUMAB 150 MG PFS INJ (PACK SIZE 1X1),STC,True,Standing Technical Committee,True,"{""per_administration_inr"": 10000, ""per_month_inr"": 50000, ""cancer_cycle_inr"": 1500000, ""non_stc_cancer_cycle_below_inr"": 100000, ""auto_transition_cases_in_6_months"": 20, ""always_stc"": ""immunotherapy""}",CGHS restricted medicine lists,STC_Restricted_Medicine.csv,False,,2026-08-05T15:26:38+00:00
Concizumab,,60 MG,Inj.,CONCIZUMAB 60 MG PFS INJ (PACK SIZE 1X1),STC,True,Standing Technical Committee,True,"{""per_administration_inr"": 10000, ""per_month_inr"": 50000, ""cancer_cycle_inr"": 1500000, ""non_stc_cancer_cycle_below_inr"": 100000, ""auto_transition_cases_in_6_months"": 20, ""always_stc"": ""immunotherapy""}",CGHS restricted medicine lists,STC_Restricted_Medicine.csv,False,,2026-08-05T15:26:38+00:00
Dabrafenib,,75 MG,Caps,DABRAFENIB 75 MG CAP (PACK SIZE 1X28),STC,True,Standing Technical Committee,True,"{""per_administration_inr"": 10000, ""per_month_inr"": 50000, ""cancer_cycle_inr"": 1500000, ""non_stc_cancer_cycle_below_inr"": 100000, ""auto_transition_cases_in_6_months"": 20, ""always_stc"": ""immunotherapy""}",CGHS restricted medicine lists,STC_Restricted_Medicine.csv,False,,2026-08-05T15:26:38+00:00
Darolutamide,,300 MG,Tab,DAROLUTAMIDE 300 MG TAB (PACK SIZE 1X16),STC,True,Standing Technical Committee,True,"{""per_administration_inr"": 10000, ""per_month_inr"": 50000, ""cancer_cycle_inr"": 1500000, ""non_stc_cancer_cycle_below_inr"": 100000, ""auto_transition_cases_in_6_months"": 20, ""always_stc"": ""immunotherapy""}",CGHS restricted medicine lists,STC_Restricted_Medicine.csv,False,,2026-08-05T15:26:38+00:00
Dostarlimab,,500MG/10ML,Inj.,DOSTARLIMAB 500MG/10ML INJ (PACK SIZE 1X1),STC,True,Standing Technical Committee,True,"{""per_administration_inr"": 10000, ""per_month_inr"": 50000, ""cancer_cycle_inr"": 1500000, ""non_stc_cancer_cycle_below_inr"": 100000, ""auto_transition_cases_in_6_months"": 20, ""always_stc"": ""immunotherapy""}",CGHS restricted medicine lists,STC_Restricted_Medicine.csv,False,,2026-08-05T15:26:38+00:00
Eculizumab,,300MG/30ML,Inj.,ECULIZUMAB 300MG/30ML INJ (PACK SIZE 1X1),STC,True,Standing Technical Committee,True,"{""per_administration_inr"": 10000, ""per_month_inr"": 50000, ""cancer_cycle_inr"": 1500000, ""non_stc_cancer_cycle_below_inr"": 100000, ""auto_transition_cases_in_6_months"": 20, ""always_stc"": ""immunotherapy""}",CGHS restricted medicine lists,STC_Restricted_Medicine.csv,False,,2026-08-05T15:26:38+00:00
Enfortumab Vedotin,,20 mg,Inj.,ENFORTUMAB VEDOTIN 20 mg INJ. (PACK SIZE 1x1),STC,True,Standing Technical Committee,True,"{""per_administration_inr"": 10000, ""per_month_inr"": 50000, ""cancer_cycle_inr"": 1500000, ""non_stc_cancer_cycle_below_inr"": 100000, ""auto_transition_cases_in_6_months"": 20, ""always_stc"": ""immunotherapy""}",CGHS restricted medicine lists,STC_Restricted_Medicine.csv,True,enfortumab is an oncology molecule,2026-08-05T15:26:38+00:00
Entrectinib Capsules,,100 mg,Caps,ENTRECTINIB 100 mg Capsules (PACK SIZE 1x30),STC,True,Standing Technical Committee,True,"{""per_administration_inr"": 10000, ""per_month_inr"": 50000, ""cancer_cycle_inr"": 1500000, ""non_stc_cancer_cycle_below_inr"": 100000, ""auto_transition_cases_in_6_months"": 20, ""always_stc"": ""immunotherapy""}",CGHS restricted medicine lists,STC_Restricted_Medicine.csv,False,,2026-08-05T15:26:38+00:00
Entrectinib Capsules,,200 mg,Caps,ENTRECTINIB 200 mg Capsules (PACK SIZE 1x90),STC,True,Standing Technical Committee,True,"{""per_administration_inr"": 10000, ""per_month_inr"": 50000, ""cancer_cycle_inr"": 1500000, ""non_stc_cancer_cycle_below_inr"": 100000, ""auto_transition_cases_in_6_months"": 20, ""always_stc"": ""immunotherapy""}",CGHS restricted medicine lists,STC_Restricted_Medicine.csv,False,,2026-08-05T15:26:38+00:00
Eptacog Alfa Human Recombinant Coagulation Factor Vii Activated,ACTIVATED,1 MG,Inj.,EPTACOG ALFA (ACTIVATED) HUMAN RECOMBINANT COAGULATION FACTOR VII ACTIVATED 1 MG INJ (PACK SIZE 1x1),STC,True,Standing Technical Committee,True,"{""per_administration_inr"": 10000, ""per_month_inr"": 50000, ""cancer_cycle_inr"": 1500000, ""non_stc_cancer_cycle_below_inr"": 100000, ""auto_transition_cases_in_6_months"": 20, ""always_stc"": ""immunotherapy""}",CGHS restricted medicine lists,STC_Restricted_Medicine.csv,False,,2026-08-05T15:26:38+00:00
Eptacog Alfa Human Recombinant Coagulation Factor Vii Activated,ACTIVATED,2MG,Inj.,EPTACOG ALFA (ACTIVATED) HUMAN RECOMBINANT COAGULATION FACTOR VII ACTIVATED 2MG (PACK SIZE 1X1),STC,True,Standing Technical Committee,True,"{""per_administration_inr"": 10000, ""per_month_inr"": 50000, ""cancer_cycle_inr"": 1500000, ""non_stc_cancer_cycle_below_inr"": 100000, ""auto_transition_cases_in_6_months"": 20, ""always_stc"": ""immunotherapy""}",CGHS restricted medicine lists,STC_Restricted_Medicine.csv,False,,2026-08-05T15:26:38+00:00
Erenumab,,70 MG/ML,Inj.,ERENUMAB SOLUTION INJ 70 MG/ML (PACK SIZE 1X1),STC,True,Standing Technical Committee,True,"{""per_administration_inr"": 10000, ""per_month_inr"": 50000, ""cancer_cycle_inr"": 1500000, ""non_stc_cancer_cycle_below_inr"": 100000, ""auto_transition_cases_in_6_months"": 20, ""always_stc"": ""immunotherapy""}",CGHS restricted medicine lists,STC_Restricted_Medicine.csv,False,,2026-08-05T15:26:38+00:00
Erenumab,,70 mg/ml,Inj.,ERENUMAB SOLUTION INJ 70 mg/ml (PACK SIZE 1X1)(PFS),STC,True,Standing Technical Committee,True,"{""per_administration_inr"": 10000, ""per_month_inr"": 50000, ""cancer_cycle_inr"": 1500000, ""non_stc_cancer_cycle_below_inr"": 100000, ""auto_transition_cases_in_6_months"": 20, ""always_stc"": ""immunotherapy""}",CGHS restricted medicine lists,STC_Restricted_Medicine.csv,False,,2026-08-05T15:26:38+00:00
Evolocumab,,140 MG,Inj.,EVOLOCUMAB 140 MG INJ (PACK SIZE 1X1),STC,True,Standing Technical Committee,True,"{""per_administration_inr"": 10000, ""per_month_inr"": 50000, ""cancer_cycle_inr"": 1500000, ""non_stc_cancer_cycle_below_inr"": 100000, ""auto_transition_cases_in_6_months"": 20, ""always_stc"": ""immunotherapy""}",CGHS restricted medicine lists,STC_Restricted_Medicine.csv,False,,2026-08-05T15:26:38+00:00
Gilteritinib,XOSPATA,40 MG,Tab,GILTERITINIB (XOSPATA) 40 MG TAB (PACK SIZE 1X21),STC,True,Standing Technical Committee,True,"{""per_administration_inr"": 10000, ""per_month_inr"": 50000, ""cancer_cycle_inr"": 1500000, ""non_stc_cancer_cycle_below_inr"": 100000, ""auto_transition_cases_in_6_months"": 20, ""always_stc"": ""immunotherapy""}",CGHS restricted medicine lists,STC_Restricted_Medicine.csv,False,,2026-08-05T15:26:38+00:00
Guselkumab,,100 mg,Solution,GUSELKUMAB 100 mg SOLUTION (PACK SIZE 1X1),STC,True,Standing Technical Committee,True,"{""per_administration_inr"": 10000, ""per_month_inr"": 50000, ""cancer_cycle_inr"": 1500000, ""non_stc_cancer_cycle_below_inr"": 100000, ""auto_transition_cases_in_6_months"": 20, ""always_stc"": ""immunotherapy""}",CGHS restricted medicine lists,STC_Restricted_Medicine.csv,False,,2026-08-05T15:26:38+00:00
Imiglucerase,,400 IU,Inj.,IMIGLUCERASE 400 IU INJ (PACK SIZE 1X1),STC,True,Standing Technical Committee,True,"{""per_administration_inr"": 10000, ""per_month_inr"": 50000, ""cancer_cycle_inr"": 1500000, ""non_stc_cancer_cycle_below_inr"": 100000, ""auto_transition_cases_in_6_months"": 20, ""always_stc"": ""immunotherapy""}",CGHS restricted medicine lists,STC_Restricted_Medicine.csv,False,,2026-08-05T15:26:38+00:00
Enfortumab Vedotin,,30 mg,Inj.,Inj. Enfortumab Vedotin 30 mg (PACK SIZE 1x1),STC,True,Standing Technical Committee,True,"{""per_administration_inr"": 10000, ""per_month_inr"": 50000, ""cancer_cycle_inr"": 1500000, ""non_stc_cancer_cycle_below_inr"": 100000, ""auto_transition_cases_in_6_months"": 20, ""always_stc"": ""immunotherapy""}",CGHS restricted medicine lists,STC_Restricted_Medicine.csv,True,enfortumab is an oncology molecule,2026-08-05T15:26:38+00:00
Inclisiran,SYBRAVA,284 MG/1.5 ML,Inj.,INJ. INCLISIRAN (SYBRAVA) 284 MG/1.5 ML,STC,True,Standing Technical Committee,True,"{""per_administration_inr"": 10000, ""per_month_inr"": 50000, ""cancer_cycle_inr"": 1500000, ""non_stc_cancer_cycle_below_inr"": 100000, ""auto_transition_cases_in_6_months"": 20, ""always_stc"": ""immunotherapy""}",CGHS restricted medicine lists,STC_Restricted_Medicine.csv,False,,2026-08-05T15:26:38+00:00
Innotuzumab Ozogamicin,,1MG,Inj.,INNOTUZUMAB OZOGAMICIN 1MG INJ (PACK SIZE 1x1),STC,True,Standing Technical Committee,True,"{""per_administration_inr"": 10000, ""per_month_inr"": 50000, ""cancer_cycle_inr"": 1500000, ""non_stc_cancer_cycle_below_inr"": 100000, ""auto_transition_cases_in_6_months"": 20, ""always_stc"": ""immunotherapy""}",CGHS restricted medicine lists,STC_Restricted_Medicine.csv,False,,2026-08-05T15:26:38+00:00
Ipilimumab,,50 MG,Inj.,IPILIMUMAB 50 MG INJ(PACK SIZE 1X1),STC,True,Standing Technical Committee,True,"{""per_administration_inr"": 10000, ""per_month_inr"": 50000, ""cancer_cycle_inr"": 1500000, ""non_stc_cancer_cycle_below_inr"": 100000, ""auto_transition_cases_in_6_months"": 20, ""always_stc"": ""immunotherapy""}",CGHS restricted medicine lists,STC_Restricted_Medicine.csv,True,ipilimumab is an oncology molecule,2026-08-05T15:26:38+00:00
Ivosidenib,TIBSOVO,250 MG,Tab,IVOSIDENIB 250 MG (TIBSOVO) (PACK SIZE 1X60),STC,True,Standing Technical Committee,True,"{""per_administration_inr"": 10000, ""per_month_inr"": 50000, ""cancer_cycle_inr"": 1500000, ""non_stc_cancer_cycle_below_inr"": 100000, ""auto_transition_cases_in_6_months"": 20, ""always_stc"": ""immunotherapy""}",CGHS restricted medicine lists,STC_Restricted_Medicine.csv,False,,2026-08-05T15:26:38+00:00
Ixekizumab,COPELLOR,80 MG,Pfs,IXEKIZUMAB 80 MG (COPELLOR ) PFS (PACK SIZE 1X1),STC,True,Standing Technical Committee,True,"{""per_administration_inr"": 10000, ""per_month_inr"": 50000, ""cancer_cycle_inr"": 1500000, ""non_stc_cancer_cycle_below_inr"": 100000, ""auto_transition_cases_in_6_months"": 20, ""always_stc"": ""immunotherapy""}",CGHS restricted medicine lists,STC_Restricted_Medicine.csv,False,,2026-08-05T15:26:38+00:00
Letermovir,ANVIMO,240 MG,Tab,LETERMOVIR 240 MG TAB (ANVIMO) (PACK SIZE 1X10),STC,True,Standing Technical Committee,True,"{""per_administration_inr"": 10000, ""per_month_inr"": 50000, ""cancer_cycle_inr"": 1500000, ""non_stc_cancer_cycle_below_inr"": 100000, ""auto_transition_cases_in_6_months"": 20, ""always_stc"": ""immunotherapy""}",CGHS restricted medicine lists,STC_Restricted_Medicine.csv,False,,2026-08-05T15:26:38+00:00
Letermovir,ANVIMO,480 MG,Tab,LETERMOVIR 480 MG TAB (ANVIMO) (PACK SIZE 1X10),STC,True,Standing Technical Committee,True,"{""per_administration_inr"": 10000, ""per_month_inr"": 50000, ""cancer_cycle_inr"": 1500000, ""non_stc_cancer_cycle_below_inr"": 100000, ""auto_transition_cases_in_6_months"": 20, ""always_stc"": ""immunotherapy""}",CGHS restricted medicine lists,STC_Restricted_Medicine.csv,False,,2026-08-05T15:26:38+00:00
Luspatercept,,25 MG,Inj.,LUSPATERCEPT 25 MG INJ (PACK SIZE 1X1),STC,True,Standing Technical Committee,True,"{""per_administration_inr"": 10000, ""per_month_inr"": 50000, ""cancer_cycle_inr"": 1500000, ""non_stc_cancer_cycle_below_inr"": 100000, ""auto_transition_cases_in_6_months"": 20, ""always_stc"": ""immunotherapy""}",CGHS restricted medicine lists,STC_Restricted_Medicine.csv,False,,2026-08-05T15:26:38+00:00
Luspatercept,,75 MG,Inj.,LUSPATERCEPT 75 MG INJ (PACK SIZE 1X1),STC,True,Standing Technical Committee,True,"{""per_administration_inr"": 10000, ""per_month_inr"": 50000, ""cancer_cycle_inr"": 1500000, ""non_stc_cancer_cycle_below_inr"": 100000, ""auto_transition_cases_in_6_months"": 20, ""always_stc"": ""immunotherapy""}",CGHS restricted medicine lists,STC_Restricted_Medicine.csv,False,,2026-08-05T15:26:38+00:00
Mavacamten,,10 MG,Caps,MAVACAMTEN 10 MG CAP (PACK SIZE 1X14),STC,True,Standing Technical Committee,True,"{""per_administration_inr"": 10000, ""per_month_inr"": 50000, ""cancer_cycle_inr"": 1500000, ""non_stc_cancer_cycle_below_inr"": 100000, ""auto_transition_cases_in_6_months"": 20, ""always_stc"": ""immunotherapy""}",CGHS restricted medicine lists,STC_Restricted_Medicine.csv,False,,2026-08-05T15:26:38+00:00
Mavacamten,,15 MG,Caps,MAVACAMTEN 15 MG CAP (PACK SIZE 1X14),STC,True,Standing Technical Committee,True,"{""per_administration_inr"": 10000, ""per_month_inr"": 50000, ""cancer_cycle_inr"": 1500000, ""non_stc_cancer_cycle_below_inr"": 100000, ""auto_transition_cases_in_6_months"": 20, ""always_stc"": ""immunotherapy""}",CGHS restricted medicine lists,STC_Restricted_Medicine.csv,False,,2026-08-05T15:26:38+00:00
Mavacamten,,2.5 MG,Caps,MAVACAMTEN 2.5 MG CAP (PACK SIZE 1X14),STC,True,Standing Technical Committee,True,"{""per_administration_inr"": 10000, ""per_month_inr"": 50000, ""cancer_cycle_inr"": 1500000, ""non_stc_cancer_cycle_below_inr"": 100000, ""auto_transition_cases_in_6_months"": 20, ""always_stc"": ""immunotherapy""}",CGHS restricted medicine lists,STC_Restricted_Medicine.csv,False,,2026-08-05T15:26:38+00:00
Mavacamten,,5 MG,Caps,MAVACAMTEN 5 MG CAP (PACK SIZE 1X14),STC,True,Standing Technical Committee,True,"{""per_administration_inr"": 10000, ""per_month_inr"": 50000, ""cancer_cycle_inr"": 1500000, ""non_stc_cancer_cycle_below_inr"": 100000, ""auto_transition_cases_in_6_months"": 20, ""always_stc"": ""immunotherapy""}",CGHS restricted medicine lists,STC_Restricted_Medicine.csv,False,,2026-08-05T15:26:38+00:00
Mepolizumab,,100 MG,Pfs,MEPOLIZUMAB 100 MG INJ (PACK SIZE 1X1)(PFS),STC,True,Standing Technical Committee,True,"{""per_administration_inr"": 10000, ""per_month_inr"": 50000, ""cancer_cycle_inr"": 1500000, ""non_stc_cancer_cycle_below_inr"": 100000, ""auto_transition_cases_in_6_months"": 20, ""always_stc"": ""immunotherapy""}",CGHS restricted medicine lists,STC_Restricted_Medicine.csv,False,,2026-08-05T15:26:38+00:00
Niraparib,,100 MG,Tab,NIRAPARIB 100 MG TAB (PACK SIZE 8X7),STC,True,Standing Technical Committee,True,"{""per_administration_inr"": 10000, ""per_month_inr"": 50000, ""cancer_cycle_inr"": 1500000, ""non_stc_cancer_cycle_below_inr"": 100000, ""auto_transition_cases_in_6_months"": 20, ""always_stc"": ""immunotherapy""}",CGHS restricted medicine lists,STC_Restricted_Medicine.csv,False,,2026-08-05T15:26:38+00:00
Nonacog Beta Pegol And Glycopegylated Recombinant,,1000 IU,Inj.,NONACOG BETA PEGOL AND GLYCOPEGYLATED RECOMBINANT 1000 IU INJ (PACK SIZE 1x1),STC,True,Standing Technical Committee,True,"{""per_administration_inr"": 10000, ""per_month_inr"": 50000, ""cancer_cycle_inr"": 1500000, ""non_stc_cancer_cycle_below_inr"": 100000, ""auto_transition_cases_in_6_months"": 20, ""always_stc"": ""immunotherapy""}",CGHS restricted medicine lists,STC_Restricted_Medicine.csv,False,,2026-08-05T15:26:38+00:00
Nonacog Beta Pegol And Glycopegylated Recombinant,,2000 IU,Inj.,NONACOG BETA PEGOL AND GLYCOPEGYLATED RECOMBINANT 2000 IU INJ (PACK SIZE 1X1),STC,True,Standing Technical Committee,True,"{""per_administration_inr"": 10000, ""per_month_inr"": 50000, ""cancer_cycle_inr"": 1500000, ""non_stc_cancer_cycle_below_inr"": 100000, ""auto_transition_cases_in_6_months"": 20, ""always_stc"": ""immunotherapy""}",CGHS restricted medicine lists,STC_Restricted_Medicine.csv,False,,2026-08-05T15:26:38+00:00
Nonacog Beta Pegol And Glycopegylated Recombinant,,500 IU,Inj.,NONACOG BETA PEGOL AND GLYCOPEGYLATED RECOMBINANT 500 IU INJ (PACK SIZE 1X1),STC,True,Standing Technical Committee,True,"{""per_administration_inr"": 10000, ""per_month_inr"": 50000, ""cancer_cycle_inr"": 1500000, ""non_stc_cancer_cycle_below_inr"": 100000, ""auto_transition_cases_in_6_months"": 20, ""always_stc"": ""immunotherapy""}",CGHS restricted medicine lists,STC_Restricted_Medicine.csv,False,,2026-08-05T15:26:38+00:00
Obinutuzumab,,1000 MG,Inj.,OBINUTUZUMAB 1000 MG INJ (PACK SIZE 1x1),STC,True,Standing Technical Committee,True,"{""per_administration_inr"": 10000, ""per_month_inr"": 50000, ""cancer_cycle_inr"": 1500000, ""non_stc_cancer_cycle_below_inr"": 100000, ""auto_transition_cases_in_6_months"": 20, ""always_stc"": ""immunotherapy""}",CGHS restricted medicine lists,STC_Restricted_Medicine.csv,True,obinutuzumab is an oncology molecule,2026-08-05T15:26:38+00:00
Ocrelizumab,OCREVUS,300MG/1 ML,Inj.,OCRELIZUMAB (OCREVUS) 300MG/1 ML INJ,STC,True,Standing Technical Committee,True,"{""per_administration_inr"": 10000, ""per_month_inr"": 50000, ""cancer_cycle_inr"": 1500000, ""non_stc_cancer_cycle_below_inr"": 100000, ""auto_transition_cases_in_6_months"": 20, ""always_stc"": ""immunotherapy""}",CGHS restricted medicine lists,STC_Restricted_Medicine.csv,False,,2026-08-05T15:26:38+00:00
Pegylated Liposomal Irinotecan,,4.3 MG/ML,Vial,PEGYLATED LIPOSOMAL IRINOTECAN 4.3 MG/ML (PACK SIZE 1X1),STC,True,Standing Technical Committee,True,"{""per_administration_inr"": 10000, ""per_month_inr"": 50000, ""cancer_cycle_inr"": 1500000, ""non_stc_cancer_cycle_below_inr"": 100000, ""auto_transition_cases_in_6_months"": 20, ""always_stc"": ""immunotherapy""}",CGHS restricted medicine lists,STC_Restricted_Medicine.csv,False,,2026-08-05T15:26:38+00:00
Polatuzumab Vedotin,POLIVY,30 MG,Inj.,POLATUZUMAB VEDOTIN (POLIVY) 30 MG INJ (PACK 1X1),STC,True,Standing Technical Committee,True,"{""per_administration_inr"": 10000, ""per_month_inr"": 50000, ""cancer_cycle_inr"": 1500000, ""non_stc_cancer_cycle_below_inr"": 100000, ""auto_transition_cases_in_6_months"": 20, ""always_stc"": ""immunotherapy""}",CGHS restricted medicine lists,STC_Restricted_Medicine.csv,True,polatuzumab is an oncology molecule,2026-08-05T15:26:38+00:00
Ramucirumab,,100 MG,Inj.,RAMUCIRUMAB 100 MG 10 ML INJ(PACK SIZE 1X1),STC,True,Standing Technical Committee,True,"{""per_administration_inr"": 10000, ""per_month_inr"": 50000, ""cancer_cycle_inr"": 1500000, ""non_stc_cancer_cycle_below_inr"": 100000, ""auto_transition_cases_in_6_months"": 20, ""always_stc"": ""immunotherapy""}",CGHS restricted medicine lists,STC_Restricted_Medicine.csv,True,ramucirumab is an oncology molecule,2026-08-05T15:26:38+00:00
Ramucirumab,,500 MG,Inj.,RAMUCIRUMAB 500 MG 50 ML INJ(PACK SIZE 1X1),STC,True,Standing Technical Committee,True,"{""per_administration_inr"": 10000, ""per_month_inr"": 50000, ""cancer_cycle_inr"": 1500000, ""non_stc_cancer_cycle_below_inr"": 100000, ""auto_transition_cases_in_6_months"": 20, ""always_stc"": ""immunotherapy""}",CGHS restricted medicine lists,STC_Restricted_Medicine.csv,True,ramucirumab is an oncology molecule,2026-08-05T15:26:38+00:00
Risdiplam,,60 MG,Solution,RISDIPLAM 60 MG (PACK SIZE 1X1),STC,True,Standing Technical Committee,True,"{""per_administration_inr"": 10000, ""per_month_inr"": 50000, ""cancer_cycle_inr"": 1500000, ""non_stc_cancer_cycle_below_inr"": 100000, ""auto_transition_cases_in_6_months"": 20, ""always_stc"": ""immunotherapy""}",CGHS restricted medicine lists,STC_Restricted_Medicine.csv,False,,2026-08-05T15:26:38+00:00
Romosozumab,,105 MG/1.17 ML,Inj.,ROMOSOZUMAB 105 MG/1.17 ML INJ (PACK SIZE 2PFS x 1),STC,True,Standing Technical Committee,True,"{""per_administration_inr"": 10000, ""per_month_inr"": 50000, ""cancer_cycle_inr"": 1500000, ""non_stc_cancer_cycle_below_inr"": 100000, ""auto_transition_cases_in_6_months"": 20, ""always_stc"": ""immunotherapy""}",CGHS restricted medicine lists,STC_Restricted_Medicine.csv,False,,2026-08-05T15:26:38+00:00
Rucaparib,,200MG,Tab,RUCAPARIB 200MG TAB (PACK SIZE 1X60),STC,True,Standing Technical Committee,True,"{""per_administration_inr"": 10000, ""per_month_inr"": 50000, ""cancer_cycle_inr"": 1500000, ""non_stc_cancer_cycle_below_inr"": 100000, ""auto_transition_cases_in_6_months"": 20, ""always_stc"": ""immunotherapy""}",CGHS restricted medicine lists,STC_Restricted_Medicine.csv,False,,2026-08-05T15:26:38+00:00
Rucaparib,,300MG,Tab,RUCAPARIB 300MG TAB (PACK SIZE 1X60),STC,True,Standing Technical Committee,True,"{""per_administration_inr"": 10000, ""per_month_inr"": 50000, ""cancer_cycle_inr"": 1500000, ""non_stc_cancer_cycle_below_inr"": 100000, ""auto_transition_cases_in_6_months"": 20, ""always_stc"": ""immunotherapy""}",CGHS restricted medicine lists,STC_Restricted_Medicine.csv,False,,2026-08-05T15:26:38+00:00
Selpercatinib,,120 MG,Tab,SELPERCATINIB 120 MG TAB (PACK SIZE 1X28),STC,True,Standing Technical Committee,True,"{""per_administration_inr"": 10000, ""per_month_inr"": 50000, ""cancer_cycle_inr"": 1500000, ""non_stc_cancer_cycle_below_inr"": 100000, ""auto_transition_cases_in_6_months"": 20, ""always_stc"": ""immunotherapy""}",CGHS restricted medicine lists,STC_Restricted_Medicine.csv,False,,2026-08-05T15:26:38+00:00
Selpercatinib,,160 MG,Tab,SELPERCATINIB 160 MG TAB (PACK SIZE 1X28),STC,True,Standing Technical Committee,True,"{""per_administration_inr"": 10000, ""per_month_inr"": 50000, ""cancer_cycle_inr"": 1500000, ""non_stc_cancer_cycle_below_inr"": 100000, ""auto_transition_cases_in_6_months"": 20, ""always_stc"": ""immunotherapy""}",CGHS restricted medicine lists,STC_Restricted_Medicine.csv,False,,2026-08-05T15:26:38+00:00
Selpercatinib,,40 MG,Tab,SELPERCATINIB 40 MG TAB (PACK SIZE 1X28),STC,True,Standing Technical Committee,True,"{""per_administration_inr"": 10000, ""per_month_inr"": 50000, ""cancer_cycle_inr"": 1500000, ""non_stc_cancer_cycle_below_inr"": 100000, ""auto_transition_cases_in_6_months"": 20, ""always_stc"": ""immunotherapy""}",CGHS restricted medicine lists,STC_Restricted_Medicine.csv,False,,2026-08-05T15:26:38+00:00
Selpercatinib,,80 MG,Tab,SELPERCATINIB 80 MG TAB (PACK SIZE 1X28),STC,True,Standing Technical Committee,True,"{""per_administration_inr"": 10000, ""per_month_inr"": 50000, ""cancer_cycle_inr"": 1500000, ""non_stc_cancer_cycle_below_inr"": 100000, ""auto_transition_cases_in_6_months"": 20, ""always_stc"": ""immunotherapy""}",CGHS restricted medicine lists,STC_Restricted_Medicine.csv,False,,2026-08-05T15:26:38+00:00
Serplulimab,,100 MG/10 ML,Inj.,SERPLULIMAB 100 MG/10 ML INJ (PACK SIZE 1X1),STC,True,Standing Technical Committee,True,"{""per_administration_inr"": 10000, ""per_month_inr"": 50000, ""cancer_cycle_inr"": 1500000, ""non_stc_cancer_cycle_below_inr"": 100000, ""auto_transition_cases_in_6_months"": 20, ""always_stc"": ""immunotherapy""}",CGHS restricted medicine lists,STC_Restricted_Medicine.csv,False,,2026-08-05T15:26:38+00:00
Somatrogon,GENRYZON,24 MG,Inj.,SOMATROGON (GENRYZON) 24 MG INJ (PACK SIZE 1X1),STC,True,Standing Technical Committee,True,"{""per_administration_inr"": 10000, ""per_month_inr"": 50000, ""cancer_cycle_inr"": 1500000, ""non_stc_cancer_cycle_below_inr"": 100000, ""auto_transition_cases_in_6_months"": 20, ""always_stc"": ""immunotherapy""}",CGHS restricted medicine lists,STC_Restricted_Medicine.csv,False,,2026-08-05T15:26:38+00:00
Somatrogon,GENRYZON,60 MG,Inj.,SOMATROGON (GENRYZON) 60 MG INJ (PACK SIZE 1X1),STC,True,Standing Technical Committee,True,"{""per_administration_inr"": 10000, ""per_month_inr"": 50000, ""cancer_cycle_inr"": 1500000, ""non_stc_cancer_cycle_below_inr"": 100000, ""auto_transition_cases_in_6_months"": 20, ""always_stc"": ""immunotherapy""}",CGHS restricted medicine lists,STC_Restricted_Medicine.csv,False,,2026-08-05T15:26:38+00:00
Sotatercept,,45 MG,Inj.,SOTATERCEPT 45 MG INJ  (PACK SIZE 1X1),STC,True,Standing Technical Committee,True,"{""per_administration_inr"": 10000, ""per_month_inr"": 50000, ""cancer_cycle_inr"": 1500000, ""non_stc_cancer_cycle_below_inr"": 100000, ""auto_transition_cases_in_6_months"": 20, ""always_stc"": ""immunotherapy""}",CGHS restricted medicine lists,STC_Restricted_Medicine.csv,False,,2026-08-05T15:26:38+00:00
Sotatercept,,60 MG,Inj.,SOTATERCEPT 60 MG INJ  (PACK SIZE 1X1),STC,True,Standing Technical Committee,True,"{""per_administration_inr"": 10000, ""per_month_inr"": 50000, ""cancer_cycle_inr"": 1500000, ""non_stc_cancer_cycle_below_inr"": 100000, ""auto_transition_cases_in_6_months"": 20, ""always_stc"": ""immunotherapy""}",CGHS restricted medicine lists,STC_Restricted_Medicine.csv,False,,2026-08-05T15:26:38+00:00
Teclistamab,,153 MG,Inj.,TECLISTAMAB 153 MG INJ (PACK 1X1),STC,True,Standing Technical Committee,True,"{""per_administration_inr"": 10000, ""per_month_inr"": 50000, ""cancer_cycle_inr"": 1500000, ""non_stc_cancer_cycle_below_inr"": 100000, ""auto_transition_cases_in_6_months"": 20, ""always_stc"": ""immunotherapy""}",CGHS restricted medicine lists,STC_Restricted_Medicine.csv,False,,2026-08-05T15:26:38+00:00
Teclistamab,,30 MG,Inj.,TECLISTAMAB 30 MG INJ (PACK 1X1),STC,True,Standing Technical Committee,True,"{""per_administration_inr"": 10000, ""per_month_inr"": 50000, ""cancer_cycle_inr"": 1500000, ""non_stc_cancer_cycle_below_inr"": 100000, ""auto_transition_cases_in_6_months"": 20, ""always_stc"": ""immunotherapy""}",CGHS restricted medicine lists,STC_Restricted_Medicine.csv,False,,2026-08-05T15:26:38+00:00
Tepotinib,,225 MG,Tab,TEPOTINIB 225 MG TAB (PACK SIZE 1X30),STC,True,Standing Technical Committee,True,"{""per_administration_inr"": 10000, ""per_month_inr"": 50000, ""cancer_cycle_inr"": 1500000, ""non_stc_cancer_cycle_below_inr"": 100000, ""auto_transition_cases_in_6_months"": 20, ""always_stc"": ""immunotherapy""}",CGHS restricted medicine lists,STC_Restricted_Medicine.csv,False,,2026-08-05T15:26:38+00:00
Tislelizumab,,100 MG,Inj.,TISLELIZUMAB 100 MG INJ (PACK SIZE 1x1),STC,True,Standing Technical Committee,True,"{""per_administration_inr"": 10000, ""per_month_inr"": 50000, ""cancer_cycle_inr"": 1500000, ""non_stc_cancer_cycle_below_inr"": 100000, ""auto_transition_cases_in_6_months"": 20, ""always_stc"": ""immunotherapy""}",CGHS restricted medicine lists,STC_Restricted_Medicine.csv,True,tislelizumab is an oncology molecule,2026-08-05T15:26:38+00:00
Toripalimab,ZYTORVI,240 mg/6 ml,Inj.,TORIPALIMAB (ZYTORVI) 240 mg/6 ml Inj (PACK SIZE 1X1),STC,True,Standing Technical Committee,True,"{""per_administration_inr"": 10000, ""per_month_inr"": 50000, ""cancer_cycle_inr"": 1500000, ""non_stc_cancer_cycle_below_inr"": 100000, ""auto_transition_cases_in_6_months"": 20, ""always_stc"": ""immunotherapy""}",CGHS restricted medicine lists,STC_Restricted_Medicine.csv,False,,2026-08-05T15:26:38+00:00
Trametinib,,0.5 MG,Tab,TRAMETINIB 0.5 MG TAB (PACK SIZE 1X30),STC,True,Standing Technical Committee,True,"{""per_administration_inr"": 10000, ""per_month_inr"": 50000, ""cancer_cycle_inr"": 1500000, ""non_stc_cancer_cycle_below_inr"": 100000, ""auto_transition_cases_in_6_months"": 20, ""always_stc"": ""immunotherapy""}",CGHS restricted medicine lists,STC_Restricted_Medicine.csv,False,,2026-08-05T15:26:38+00:00
Tremelimumab,,300 MG/15 ML,Inj.,TREMELIMUMAB 300 MG/15 ML INJ (PACK SIZE 1X1),STC,True,Standing Technical Committee,True,"{""per_administration_inr"": 10000, ""per_month_inr"": 50000, ""cancer_cycle_inr"": 1500000, ""non_stc_cancer_cycle_below_inr"": 100000, ""auto_transition_cases_in_6_months"": 20, ""always_stc"": ""immunotherapy""}",CGHS restricted medicine lists,STC_Restricted_Medicine.csv,False,,2026-08-05T15:26:38+00:00
Trientine,,250MG,Caps,TRIENTINE 250MG TAB (PACK SIZE 1X30),STC,True,Standing Technical Committee,True,"{""per_administration_inr"": 10000, ""per_month_inr"": 50000, ""cancer_cycle_inr"": 1500000, ""non_stc_cancer_cycle_below_inr"": 100000, ""auto_transition_cases_in_6_months"": 20, ""always_stc"": ""immunotherapy""}",CGHS restricted medicine lists,STC_Restricted_Medicine.csv,False,,2026-08-05T15:26:38+00:00
Turoctocog Alfa Pegol Esperoct,,1000 IU,Inj.,TUROCTOCOG ALFA PEGOL (ESPEROCT 1000 IU) INJ,STC,True,Standing Technical Committee,True,"{""per_administration_inr"": 10000, ""per_month_inr"": 50000, ""cancer_cycle_inr"": 1500000, ""non_stc_cancer_cycle_below_inr"": 100000, ""auto_transition_cases_in_6_months"": 20, ""always_stc"": ""immunotherapy""}",CGHS restricted medicine lists,STC_Restricted_Medicine.csv,False,,2026-08-05T15:26:38+00:00
Turoctocog Alfa Pegol Esperoct,,1500 IU,Inj.,TUROCTOCOG ALFA PEGOL (ESPEROCT 1500 IU) INJ,STC,True,Standing Technical Committee,True,"{""per_administration_inr"": 10000, ""per_month_inr"": 50000, ""cancer_cycle_inr"": 1500000, ""non_stc_cancer_cycle_below_inr"": 100000, ""auto_transition_cases_in_6_months"": 20, ""always_stc"": ""immunotherapy""}",CGHS restricted medicine lists,STC_Restricted_Medicine.csv,False,,2026-08-05T15:26:38+00:00
Turoctocog Alfa Pegol Esperoct,,2000 IU,Inj.,TUROCTOCOG ALFA PEGOL (ESPEROCT 2000 IU),STC,True,Standing Technical Committee,True,"{""per_administration_inr"": 10000, ""per_month_inr"": 50000, ""cancer_cycle_inr"": 1500000, ""non_stc_cancer_cycle_below_inr"": 100000, ""auto_transition_cases_in_6_months"": 20, ""always_stc"": ""immunotherapy""}",CGHS restricted medicine lists,STC_Restricted_Medicine.csv,False,,2026-08-05T15:26:38+00:00
Turoctocog Alfa Pegol Esperoct,,500 IU,Inj.,TUROCTOCOG ALFA PEGOL (ESPEROCT 500 IU) INJ,STC,True,Standing Technical Committee,True,"{""per_administration_inr"": 10000, ""per_month_inr"": 50000, ""cancer_cycle_inr"": 1500000, ""non_stc_cancer_cycle_below_inr"": 100000, ""auto_transition_cases_in_6_months"": 20, ""always_stc"": ""immunotherapy""}",CGHS restricted medicine lists,STC_Restricted_Medicine.csv,False,,2026-08-05T15:26:38+00:00
Vorasidenib,,10 MG,Tab,VORASIDENIB 10 MG TAB (PACK SIZE 1X30),STC,True,Standing Technical Committee,True,"{""per_administration_inr"": 10000, ""per_month_inr"": 50000, ""cancer_cycle_inr"": 1500000, ""non_stc_cancer_cycle_below_inr"": 100000, ""auto_transition_cases_in_6_months"": 20, ""always_stc"": ""immunotherapy""}",CGHS restricted medicine lists,STC_Restricted_Medicine.csv,False,,2026-08-05T15:26:38+00:00
Vorasidenib,,40 MG,Tab,VORASIDENIB 40 MG TAB (PACK SIZE 1x30),STC,True,Standing Technical Committee,True,"{""per_administration_inr"": 10000, ""per_month_inr"": 50000, ""cancer_cycle_inr"": 1500000, ""non_stc_cancer_cycle_below_inr"": 100000, ""auto_transition_cases_in_6_months"": 20, ""always_stc"": ""immunotherapy""}",CGHS restricted medicine lists,STC_Restricted_Medicine.csv,False,,2026-08-05T15:26:38+00:00
Zanubrutinib,,80MG,Tab,ZANUBRUTINIB 80MG TAB (PACK SIZE 1X120),STC,True,Standing Technical Committee,True,"{""per_administration_inr"": 10000, ""per_month_inr"": 50000, ""cancer_cycle_inr"": 1500000, ""non_stc_cancer_cycle_below_inr"": 100000, ""auto_transition_cases_in_6_months"": 20, ""always_stc"": ""immunotherapy""}",CGHS restricted medicine lists,STC_Restricted_Medicine.csv,False,,2026-08-05T15:26:38+00:00
Baxter 4-Prong Pd Set,CAPD,,Device,(CAPD)(BAXTER) 4-PRONG PD SET(PACK SIZE 1X1),NON_STC,False,Additional Director / CMO of the Medical Store Depot,True,,CGHS restricted medicine lists,NON_STC_Restricted_Medicine.csv,False,,2026-08-05T15:26:38+00:00
Baxter Capd 1 5 2 5 Ltr,CAPD,,Liquid,(CAPD)(BAXTER) CAPD 1.5% 2.5 LTR(PACK SIZE 1X1),NON_STC,False,Additional Director / CMO of the Medical Store Depot,True,,CGHS restricted medicine lists,NON_STC_Restricted_Medicine.csv,False,,2026-08-05T15:26:38+00:00
Baxter Capd 2 5 2 5 Ltr,CAPD,,Liquid,(CAPD)(BAXTER) CAPD 2.5% 2.5 LTR(PACK SIZE 1X1),NON_STC,False,Additional Director / CMO of the Medical Store Depot,True,,CGHS restricted medicine lists,NON_STC_Restricted_Medicine.csv,False,,2026-08-05T15:26:38+00:00
Baxter Extraneal Icodextrin 7 5 1X1,CAPD,,Device,(CAPD)(BAXTER) EXTRANEAL (ICODEXTRIN 7.5%)(1X1),NON_STC,False,Additional Director / CMO of the Medical Store Depot,True,,CGHS restricted medicine lists,NON_STC_Restricted_Medicine.csv,False,,2026-08-05T15:26:38+00:00
Baxter Titanium Adopter,CAPD,,Device,(CAPD)(BAXTER) TITANIUM ADOPTER(PACK SIZE 1X1),NON_STC,False,Additional Director / CMO of the Medical Store Depot,True,,CGHS restricted medicine lists,NON_STC_Restricted_Medicine.csv,False,,2026-08-05T15:26:38+00:00
Baxter Capd 1 5 Low Calciulm 2 Ltr 1X1,CAPD,,Liquid,(CAPD)(BAXTER)CAPD 1.5%(LOW CALCIULM) 2 LTR(1X1),NON_STC,False,Additional Director / CMO of the Medical Store Depot,True,,CGHS restricted medicine lists,NON_STC_Restricted_Medicine.csv,False,,2026-08-05T15:26:38+00:00
Baxter Capd 2 5 Low Calciulm 2 Ltr 1X1,CAPD,,Liquid,(CAPD)(BAXTER)CAPD 2.5%(LOW CALCIULM) 2 LTR(1X1),NON_STC,False,Additional Director / CMO of the Medical Store Depot,True,,CGHS restricted medicine lists,NON_STC_Restricted_Medicine.csv,False,,2026-08-05T15:26:38+00:00
Baxter Capd Mini,CAPD,,Device,(CAPD)(BAXTER)CAPD MINI CAP(PACK SIZE 1X1),NON_STC,False,Additional Director / CMO of the Medical Store Depot,True,,CGHS restricted medicine lists,NON_STC_Restricted_Medicine.csv,False,,2026-08-05T15:26:38+00:00
Baxter Capd Sol 1 5 2 Ltr,CAPD,,Liquid,(CAPD)(BAXTER)CAPD SOL 1.5% 2 LTR(PACK SIZE 1X1),NON_STC,False,Additional Director / CMO of the Medical Store Depot,True,,CGHS restricted medicine lists,NON_STC_Restricted_Medicine.csv,False,,2026-08-05T15:26:38+00:00
Baxter Capd Sol 1 5 5 Ltr,CAPD,,Liquid,(CAPD)(BAXTER)CAPD SOL 1.5% 5 LTR(PACK SIZE 1X1),NON_STC,False,Additional Director / CMO of the Medical Store Depot,True,,CGHS restricted medicine lists,NON_STC_Restricted_Medicine.csv,False,,2026-08-05T15:26:38+00:00
Baxter Capd Soln 2 5 2 Ltr,CAPD,,Liquid,(CAPD)(BAXTER)CAPD SOLN 2.5% 2 LTR(PACK SIZE 1X1),NON_STC,False,Additional Director / CMO of the Medical Store Depot,True,,CGHS restricted medicine lists,NON_STC_Restricted_Medicine.csv,False,,2026-08-05T15:26:38+00:00
Baxter Capd Soln 2 5 5 Ltr,CAPD,,Liquid,(CAPD)(BAXTER)CAPD SOLN 2.5% 5 LTR(PACK SIZE 1X1),NON_STC,False,Additional Director / CMO of the Medical Store Depot,True,,CGHS restricted medicine lists,NON_STC_Restricted_Medicine.csv,False,,2026-08-05T15:26:38+00:00
Baxter Capd Soln 4 5 2 Ltr,CAPD,,Liquid,(CAPD)(BAXTER)CAPD SOLN 4.5% 2 LTR(PACK SIZE 1X1),NON_STC,False,Additional Director / CMO of the Medical Store Depot,True,,CGHS restricted medicine lists,NON_STC_Restricted_Medicine.csv,False,,2026-08-05T15:26:38+00:00
Baxter Clamp,CAPD,,Device,(CAPD)(BAXTER)CLAMP(PACK SIZE 1X1),NON_STC,False,Additional Director / CMO of the Medical Store Depot,True,,CGHS restricted medicine lists,NON_STC_Restricted_Medicine.csv,False,,2026-08-05T15:26:38+00:00
Baxter Drain Bag 15 Ltr,CAPD,,Device,(CAPD)(BAXTER)DRAIN BAG 15 LTR(PACK SIZE 1X1),NON_STC,False,Additional Director / CMO of the Medical Store Depot,True,,CGHS restricted medicine lists,NON_STC_Restricted_Medicine.csv,False,,2026-08-05T15:26:38+00:00
Baxter Transfer Set 2 Ltr,CAPD,,Device,(CAPD)(BAXTER)TRANSFER SET 2 LTR(PACK SIZE 1X1),NON_STC,False,Additional Director / CMO of the Medical Store Depot,True,,CGHS restricted medicine lists,NON_STC_Restricted_Medicine.csv,False,,2026-08-05T15:26:38+00:00
Baxter Ultra Y Set Simple Disconnect 3 Ltr,CAPD,,Device,(CAPD)(BAXTER)ULTRA Y SET SIMPLE DISCONNECT 3 LTR (PACK SIZE 1X1),NON_STC,False,Additional Director / CMO of the Medical Store Depot,True,,CGHS restricted medicine lists,NON_STC_Restricted_Medicine.csv,False,,2026-08-05T15:26:38+00:00
Fresenius Capd Soln 1 5 2 Ltr 1X1,CAPD,,Liquid,(CAPD)(FRESENIUS)CAPD SOLN 1.5% 2 LTR(1X1),NON_STC,False,Additional Director / CMO of the Medical Store Depot,True,,CGHS restricted medicine lists,NON_STC_Restricted_Medicine.csv,False,,2026-08-05T15:26:38+00:00
Fresenius Capd Soln 2 3 2 Ltr 1X1,CAPD,,Liquid,(CAPD)(FRESENIUS)CAPD SOLN 2.3% 2 LTR(1X1),NON_STC,False,Additional Director / CMO of the Medical Store Depot,True,,CGHS restricted medicine lists,NON_STC_Restricted_Medicine.csv,False,,2026-08-05T15:26:38+00:00
Fresenius Capd Soln 4 5 2 Ltr 1X1,CAPD,,Liquid,(CAPD)(FRESENIUS)CAPD SOLN 4.5% 2 LTR(1X1),NON_STC,False,Additional Director / CMO of the Medical Store Depot,True,,CGHS restricted medicine lists,NON_STC_Restricted_Medicine.csv,False,,2026-08-05T15:26:38+00:00
Fresenius Catheter Adapter Luer Lock 1X1,CAPD,,Device,(CAPD)(FRESENIUS)CATHETER ADAPTER LUER LOCK(1X1),NON_STC,False,Additional Director / CMO of the Medical Store Depot,True,,CGHS restricted medicine lists,NON_STC_Restricted_Medicine.csv,False,,2026-08-05T15:26:38+00:00
Fresenius Catheter Extension Line 1X1,CAPD,,Device,(CAPD)(FRESENIUS)CATHETER EXTENSION LINE(1X1),NON_STC,False,Additional Director / CMO of the Medical Store Depot,True,,CGHS restricted medicine lists,NON_STC_Restricted_Medicine.csv,False,,2026-08-05T15:26:38+00:00
Fresenius Disinfection Safety 1X1,CAPD,,Device,(CAPD)(FRESENIUS)DISINFECTION SAFETY CAP(1X1),NON_STC,False,Additional Director / CMO of the Medical Store Depot,True,,CGHS restricted medicine lists,NON_STC_Restricted_Medicine.csv,False,,2026-08-05T15:26:38+00:00
Fresenius Drainage Bag Kit,CAPD,,Device,(CAPD)(FRESENIUS)DRAINAGE BAG KIT(PACK SIZE 1X1),NON_STC,False,Additional Director / CMO of the Medical Store Depot,True,,CGHS restricted medicine lists,NON_STC_Restricted_Medicine.csv,False,,2026-08-05T15:26:38+00:00
Fresenius Organiser,CAPD,,Device,(CAPD)(FRESENIUS)ORGANISER(PACK SIZE 1X1),NON_STC,False,Additional Director / CMO of the Medical Store Depot,True,,CGHS restricted medicine lists,NON_STC_Restricted_Medicine.csv,False,,2026-08-05T15:26:38+00:00
J Mitra Mini,CAPD,,Device,(CAPD)(J MITRA) MINI CAP(PACK SIZE 1X1),NON_STC,False,Additional Director / CMO of the Medical Store Depot,True,,CGHS restricted medicine lists,NON_STC_Restricted_Medicine.csv,False,,2026-08-05T15:26:38+00:00
J Mitra Capd Soln 1 5 2 Ltr P Size 1X1,CAPD,,Liquid,(CAPD)(J MITRA)CAPD SOLN 1.5% 2 LTR(P.SIZE 1X1),NON_STC,False,Additional Director / CMO of the Medical Store Depot,True,,CGHS restricted medicine lists,NON_STC_Restricted_Medicine.csv,False,,2026-08-05T15:26:38+00:00
J Mitra Capd Soln 2 5 2 Ltr,CAPD,,Liquid,(CAPD)(J MITRA)CAPD SOLN 2.5% 2 LTR(PACK SIZE 1X1),NON_STC,False,Additional Director / CMO of the Medical Store Depot,True,,CGHS restricted medicine lists,NON_STC_Restricted_Medicine.csv,False,,2026-08-05T15:26:38+00:00
J Mitra Capd Soln 4 25 2 Ltr 1X1,CAPD,,Liquid,(CAPD)(J MITRA)CAPD SOLN 4.25% 2 LTR (1X1),NON_STC,False,Additional Director / CMO of the Medical Store Depot,True,,CGHS restricted medicine lists,NON_STC_Restricted_Medicine.csv,False,,2026-08-05T15:26:38+00:00
J Mitra Dressing Kit,CAPD,,Device,(CAPD)(J MITRA)DRESSING KIT(PACK SIZE 1X30),NON_STC,False,Additional Director / CMO of the Medical Store Depot,True,,CGHS restricted medicine lists,NON_STC_Restricted_Medicine.csv,False,,2026-08-05T15:26:38+00:00
J Mitra Titanium Adopter,CAPD,,Device,(CAPD)(J MITRA)TITANIUM ADOPTER(PACK SIZE 1X1),NON_STC,False,Additional Director / CMO of the Medical Store Depot,True,,CGHS restricted medicine lists,NON_STC_Restricted_Medicine.csv,False,,2026-08-05T15:26:38+00:00
J Mitra Transfer Set,CAPD,,Device,(CAPD)(J MITRA)TRANSFER SET(PACK SIZE 1X1),NON_STC,False,Additional Director / CMO of the Medical Store Depot,True,,CGHS restricted medicine lists,NON_STC_Restricted_Medicine.csv,False,,2026-08-05T15:26:38+00:00
J Mitra Trichoice,CAPD,,Device,(CAPD)(J MITRA)TRICHOICE(PACK SIZE 1X1),NON_STC,False,Additional Director / CMO of the Medical Store Depot,True,,CGHS restricted medicine lists,NON_STC_Restricted_Medicine.csv,False,,2026-08-05T15:26:38+00:00
J Mitra Ultra Y Set,CAPD,,Device,(CAPD)(J MITRA)ULTRA Y SET(PACK SIZE 1X1),NON_STC,False,Additional Director / CMO of the Medical Store Depot,True,,CGHS restricted medicine lists,NON_STC_Restricted_Medicine.csv,False,,2026-08-05T15:26:38+00:00
Sterling Life System Dressing Kit 1X30,CAPD,,Device,(CAPD)(STERLING LIFE SYSTEM)DRESSING KIT(1X30),NON_STC,False,Additional Director / CMO of the Medical Store Depot,True,,CGHS restricted medicine lists,NON_STC_Restricted_Medicine.csv,False,,2026-08-05T15:26:38+00:00
Ab-Taxomed Injection,,,Inj.,Ab-Taxomed Injection,NON_STC,False,Additional Director / CMO of the Medical Store Depot,True,,CGHS restricted medicine lists,NON_STC_Restricted_Medicine.csv,False,,2026-08-05T15:26:38+00:00
Abemaciclib,,100MG,Tab,ABEMACICLIB 100MG TAB (PACK SIZE 2X7),NON_STC,False,Additional Director / CMO of the Medical Store Depot,True,,CGHS restricted medicine lists,NON_STC_Restricted_Medicine.csv,False,,2026-08-05T15:26:38+00:00
Abemaciclib,,150MG,Tab,ABEMACICLIB 150MG (PACK SIZE 2X7),NON_STC,False,Additional Director / CMO of the Medical Store Depot,True,,CGHS restricted medicine lists,NON_STC_Restricted_Medicine.csv,False,,2026-08-05T15:26:38+00:00
Abemaciclib,,200MG,Tab,ABEMACICLIB 200MG TAB (PACK SIZE 2X7),NON_STC,False,Additional Director / CMO of the Medical Store Depot,True,,CGHS restricted medicine lists,NON_STC_Restricted_Medicine.csv,False,,2026-08-05T15:26:38+00:00
Abemaciclib,,50 MG,Tab,ABEMACICLIB 50 MG TAB (PACK SIZE 2X7),NON_STC,False,Additional Director / CMO of the Medical Store Depot,True,,CGHS restricted medicine lists,NON_STC_Restricted_Medicine.csv,False,,2026-08-05T15:26:38+00:00
Abirateron Acetate,,250mg,Tab,ABIRATERON ACETATE 250mg TAB (PACK SIZE 1x120),NON_STC,False,Additional Director / CMO of the Medical Store Depot,True,,CGHS restricted medicine lists,NON_STC_Restricted_Medicine.csv,False,,2026-08-05T15:26:38+00:00
Acalabrutinib,,100MG,Tab,ACALABRUTINIB 100MG TAB (PACK SIZE X 30),NON_STC,False,Additional Director / CMO of the Medical Store Depot,True,,CGHS restricted medicine lists,NON_STC_Restricted_Medicine.csv,False,,2026-08-05T15:26:38+00:00
Adalimumab,EXEMPTIA,40 MG,Inj.,ADALIMUMAB 40 MG INJ (PACK SIZE 1x1) (EXEMPTIA),NON_STC,False,Additional Director / CMO of the Medical Store Depot,True,,CGHS restricted medicine lists,NON_STC_Restricted_Medicine.csv,False,,2026-08-05T15:26:38+00:00
Adalimumab,MABURA,40MG,Inj.,ADALIMUMAB 40MG INJ (PACK SIZE 1X1)(MABURA),NON_STC,False,Additional Director / CMO of the Medical Store Depot,True,,CGHS restricted medicine lists,NON_STC_Restricted_Medicine.csv,False,,2026-08-05T15:26:38+00:00
Ado-Trastuzumab Emtansine,,100mg,Inj.,ADO-TRASTUZUMAB EMTANSINE (100mg) Inj. (PACK 1X1),NON_STC,False,Additional Director / CMO of the Medical Store Depot,True,,CGHS restricted medicine lists,NON_STC_Restricted_Medicine.csv,True,trastuzumab is an oncology molecule,2026-08-05T15:26:38+00:00
Ado-Trastuzumab Emtansine,,160mg,Inj.,ADO-TRASTUZUMAB EMTANSINE (160mg) Inj. (PACK 1X1),NON_STC,False,Additional Director / CMO of the Medical Store Depot,True,,CGHS restricted medicine lists,NON_STC_Restricted_Medicine.csv,True,trastuzumab is an oncology molecule,2026-08-05T15:26:38+00:00
Afatinib Dimaleate,,30 MG,Tab,AFATINIB DIMALEATE 30 MG (PACK SIZE 1X28),NON_STC,False,Additional Director / CMO of the Medical Store Depot,True,,CGHS restricted medicine lists,NON_STC_Restricted_Medicine.csv,False,,2026-08-05T15:26:38+00:00
Afatinib Dimaleate,,40 MG,Tab,AFATINIB DIMALEATE 40 MG (PACK SIZE 1X28),NON_STC,False,Additional Director / CMO of the Medical Store Depot,True,,CGHS restricted medicine lists,NON_STC_Restricted_Medicine.csv,False,,2026-08-05T15:26:38+00:00
Aflibercept,,40 MG/ML,Inj.,AFLIBERCEPT 40 MG/ML (PACK SIZE 1X1),NON_STC,False,Additional Director / CMO of the Medical Store Depot,True,,CGHS restricted medicine lists,NON_STC_Restricted_Medicine.csv,False,,2026-08-05T15:26:38+00:00
Albumin Bound Paclitaxel,,100 MG,Inj.,ALBUMIN BOUND PACLITAXEL 100 MG (PACK SIZE1X1),NON_STC,False,Additional Director / CMO of the Medical Store Depot,True,,CGHS restricted medicine lists,NON_STC_Restricted_Medicine.csv,False,,2026-08-05T15:26:38+00:00
Albutein,,,Inj.,ALBUTEIN,NON_STC,False,Additional Director / CMO of the Medical Store Depot,True,,CGHS restricted medicine lists,NON_STC_Restricted_Medicine.csv,False,,2026-08-05T15:26:38+00:00
Alecensa Capsule,,150mg,Tab,Alecensa 150mg Capsule,NON_STC,False,Additional Director / CMO of the Medical Store Depot,True,,CGHS restricted medicine lists,NON_STC_Restricted_Medicine.csv,False,,2026-08-05T15:26:38+00:00
Alectinib,ALECENSA,150 MG,Tab,ALECTINIB 150 MG (ALECENSA )(PACK SIZE 1X224),NON_STC,False,Additional Director / CMO of the Medical Store Depot,True,,CGHS restricted medicine lists,NON_STC_Restricted_Medicine.csv,False,,2026-08-05T15:26:38+00:00
Alpelisib,,150MG,Tab,ALPELISIB 150MG TAB (PACK 1X28),NON_STC,False,Additional Director / CMO of the Medical Store Depot,True,,CGHS restricted medicine lists,NON_STC_Restricted_Medicine.csv,False,,2026-08-05T15:26:38+00:00
Alpelisib,,200MG,Tab,ALPELISIB 200MG (PACK 1X14),NON_STC,False,Additional Director / CMO of the Medical Store Depot,True,,CGHS restricted medicine lists,NON_STC_Restricted_Medicine.csv,False,,2026-08-05T15:26:38+00:00
Alpelisib,,250MG,Tab,ALPELISIB 250MG TAB (PACK 1X14 ),NON_STC,False,Additional Director / CMO of the Medical Store Depot,True,,CGHS restricted medicine lists,NON_STC_Restricted_Medicine.csv,False,,2026-08-05T15:26:38+00:00
Anastrozole,,1MG,Caps,ANASTROZOLE 1MG (PACK SIZE 1X10),NON_STC,False,Additional Director / CMO of the Medical Store Depot,True,,CGHS restricted medicine lists,NON_STC_Restricted_Medicine.csv,True,anastrozole is an oncology molecule,2026-08-05T15:26:38+00:00
Atezolizumab 1X1,TECENTRIQ,1200 MG/ 20 ML,Inj.,ATEZOLIZUMAB 1200 MG/ 20 ML (TECENTRIQ) (1X1),NON_STC,False,Additional Director / CMO of the Medical Store Depot,True,,CGHS restricted medicine lists,NON_STC_Restricted_Medicine.csv,True,atezolizumab is an oncology molecule,2026-08-05T15:26:38+00:00
Atezolizumab 1X1,TECENTRIQ,1875 MG/ 15 ML,Inj.,ATEZOLIZUMAB 1875 MG/ 15 ML (TECENTRIQ) (1X1),NON_STC,False,Additional Director / CMO of the Medical Store Depot,True,,CGHS restricted medicine lists,NON_STC_Restricted_Medicine.csv,True,atezolizumab is an oncology molecule,2026-08-05T15:26:38+00:00
Augplat Injection,,250mcg,Inj.,Augplat 250mcg Injection,NON_STC,False,Additional Director / CMO of the Medical Store Depot,True,,CGHS restricted medicine lists,NON_STC_Restricted_Medicine.csv,False,,2026-08-05T15:26:38+00:00
Axitinib,,1 MG,Tab,AXITINIB 1 MG (PACK SIZE 1X14),NON_STC,False,Additional Director / CMO of the Medical Store Depot,True,,CGHS restricted medicine lists,NON_STC_Restricted_Medicine.csv,False,,2026-08-05T15:26:38+00:00
Axitinib,,5 MG,Tab,AXITINIB 5 MG (PACK SIZE 1X14),NON_STC,False,Additional Director / CMO of the Medical Store Depot,True,,CGHS restricted medicine lists,NON_STC_Restricted_Medicine.csv,False,,2026-08-05T15:26:38+00:00
Azacitidine,,100 MG,Inj.,AZACITIDINE 100 MG (PACK SIZE 1X1),NON_STC,False,Additional Director / CMO of the Medical Store Depot,True,,CGHS restricted medicine lists,NON_STC_Restricted_Medicine.csv,False,,2026-08-05T15:26:38+00:00
Baricitinib,,2 MG,Tab,BARICITINIB 2 MG (PACK 1X7),NON_STC,False,Additional Director / CMO of the Medical Store Depot,True,,CGHS restricted medicine lists,NON_STC_Restricted_Medicine.csv,False,,2026-08-05T15:26:38+00:00
Baricitinib,,4 MG,Tab,BARICITINIB 4 MG (PACK 1X7),NON_STC,False,Additional Director / CMO of the Medical Store Depot,True,,CGHS restricted medicine lists,NON_STC_Restricted_Medicine.csv,False,,2026-08-05T15:26:38+00:00
Bendamustine Hcl,,100 MG,Inj.,BENDAMUSTINE HCL 100 MG (PACK SIZE 1X1),NON_STC,False,Additional Director / CMO of the Medical Store Depot,True,,CGHS restricted medicine lists,NON_STC_Restricted_Medicine.csv,False,,2026-08-05T15:26:38+00:00
Bevacizumab,CIZUMAB,100 MG,Inj.,BEVACIZUMAB 100 MG INJ (CIZUMAB) (PACK SIZE 1X1),NON_STC,False,Additional Director / CMO of the Medical Store Depot,True,,CGHS restricted medicine lists,NON_STC_Restricted_Medicine.csv,True,bevacizumab is an oncology molecule,2026-08-05T15:26:38+00:00
Bevacizumab,VERSAVO,100 MG,Inj.,BEVACIZUMAB 100 MG INJ (VERSAVO)(PACK SIZE 1X1),NON_STC,False,Additional Director / CMO of the Medical Store Depot,True,,CGHS restricted medicine lists,NON_STC_Restricted_Medicine.csv,True,bevacizumab is an oncology molecule,2026-08-05T15:26:38+00:00
Bicalutamide,,50MG,Tab,BICALUTAMIDE 50MG (PACK SIZE1X30),NON_STC,False,Additional Director / CMO of the Medical Store Depot,True,,CGHS restricted medicine lists,NON_STC_Restricted_Medicine.csv,False,,2026-08-05T15:26:38+00:00
Biovisc Ortho Single Hyaluronic Acid,,90MG,Inj.,BIOVISC ORTHO SINGLE 90MG 3 ML HYALURONIC ACID,NON_STC,False,Additional Director / CMO of the Medical Store Depot,True,,CGHS restricted medicine lists,NON_STC_Restricted_Medicine.csv,False,,2026-08-05T15:26:38+00:00
Bortezomib,,2 MG,Inj.,BORTEZOMIB 2 MG (PACK SIZE1X1),NON_STC,False,Additional Director / CMO of the Medical Store Depot,True,,CGHS restricted medicine lists,NON_STC_Restricted_Medicine.csv,False,,2026-08-05T15:26:38+00:00
Botulinum Toxin A,,100IU,Inj.,BOTULINUM TOXIN A 100IU (PACK SIZE1X1),NON_STC,False,Additional Director / CMO of the Medical Store Depot,True,,CGHS restricted medicine lists,NON_STC_Restricted_Medicine.csv,False,,2026-08-05T15:26:38+00:00
Botulinum Toxin A,,50IU,Inj.,BOTULINUM TOXIN A 50IU (PACK SIZE 1X1),NON_STC,False,Additional Director / CMO of the Medical Store Depot,True,,CGHS restricted medicine lists,NON_STC_Restricted_Medicine.csv,False,,2026-08-05T15:26:38+00:00
Brolucizumab,,120 MG/ML,Inj.,BROLUCIZUMAB 120 MG/ML INJ (PACK 1X1),NON_STC,False,Additional Director / CMO of the Medical Store Depot,True,,CGHS restricted medicine lists,NON_STC_Restricted_Medicine.csv,False,,2026-08-05T15:26:38+00:00
Cabazitaxel,,60 MG,Inj.,CABAZITAXEL 60 MG (PACK SIZE 1X1),NON_STC,False,Additional Director / CMO of the Medical Store Depot,True,,CGHS restricted medicine lists,NON_STC_Restricted_Medicine.csv,False,,2026-08-05T15:26:38+00:00
Capecitabine Cyclophosphamide,,400mg,Tab,CAPECITABINE 400mg CYCLOPHOSPHAMIDE 20mg Tab (PACK SIZE 1X7),NON_STC,False,Additional Director / CMO of the Medical Store Depot,True,,CGHS restricted medicine lists,NON_STC_Restricted_Medicine.csv,False,,2026-08-05T15:26:38+00:00
Capecitabine,,500MG,Tab,CAPECITABINE 500MG (PACK SIZE 1X10),NON_STC,False,Additional Director / CMO of the Medical Store Depot,True,,CGHS restricted medicine lists,NON_STC_Restricted_Medicine.csv,False,,2026-08-05T15:26:38+00:00
Capecitabine Cyclophosphamide,,700 MG,Tab,CAPECITABINE 700 MG CYCLOPHOSPHAMIDE 30 MG Tab (PACK SIZE 1X7),NON_STC,False,Additional Director / CMO of the Medical Store Depot,True,,CGHS restricted medicine lists,NON_STC_Restricted_Medicine.csv,False,,2026-08-05T15:26:38+00:00
Carboplatin,,150MG,Inj.,CARBOPLATIN 150MG (PACK SIZE 1X1),NON_STC,False,Additional Director / CMO of the Medical Store Depot,True,,CGHS restricted medicine lists,NON_STC_Restricted_Medicine.csv,False,,2026-08-05T15:26:38+00:00
Carboplatin,,450 MG,Inj.,CARBOPLATIN 450 MG (PACK SIZE 1X1),NON_STC,False,Additional Director / CMO of the Medical Store Depot,True,,CGHS restricted medicine lists,NON_STC_Restricted_Medicine.csv,False,,2026-08-05T15:26:38+00:00
Carfilazomib,CARFIZOME,60 MG,Inj.,CARFILAZOMIB 60 MG (CARFIZOME) (PACK SIZE 1X1),NON_STC,False,Additional Director / CMO of the Medical Store Depot,True,,CGHS restricted medicine lists,NON_STC_Restricted_Medicine.csv,False,,2026-08-05T15:26:38+00:00
Ceritinib,SPEXIB HGC,150 MG,Caps,CERITINIB 150 MG (SPEXIB HGC) (PACK SIZE 1X150),NON_STC,False,Additional Director / CMO of the Medical Store Depot,True,,CGHS restricted medicine lists,NON_STC_Restricted_Medicine.csv,False,,2026-08-05T15:26:38+00:00
Cetuximab,CETUXA,100 MG,Inj.,CETUXIMAB 100 MG (CETUXA) (PACK SIZE 1X1),NON_STC,False,Additional Director / CMO of the Medical Store Depot,True,,CGHS restricted medicine lists,NON_STC_Restricted_Medicine.csv,True,cetuximab is an oncology molecule,2026-08-05T15:26:38+00:00
Chlorambucil,,2 MG,Tab,CHLORAMBUCIL 2 MG (PACK SIZE 1X30),NON_STC,False,Additional Director / CMO of the Medical Store Depot,True,,CGHS restricted medicine lists,NON_STC_Restricted_Medicine.csv,False,,2026-08-05T15:26:38+00:00
Chlorambucil,,5 MG,Tab,CHLORAMBUCIL 5 MG (PACK SIZE 1X30),NON_STC,False,Additional Director / CMO of the Medical Store Depot,True,,CGHS restricted medicine lists,NON_STC_Restricted_Medicine.csv,False,,2026-08-05T15:26:38+00:00
Clostridium Borulinum Type A 1X1,DYSPORT,500 IU,Inj.,CLOSTRIDIUM BORULINUM TYPE A 500 IU (DYSPORT)(1X1),NON_STC,False,Additional Director / CMO of the Medical Store Depot,True,,CGHS restricted medicine lists,NON_STC_Restricted_Medicine.csv,False,,2026-08-05T15:26:38+00:00
Comcapsy / Tablet,,400mg,Tab,Comcapsy 400mg/20mg Tablet,NON_STC,False,Additional Director / CMO of the Medical Store Depot,True,,CGHS restricted medicine lists,NON_STC_Restricted_Medicine.csv,False,,2026-08-05T15:26:38+00:00
Comcapsy 700/ Tablet,,30 mg,Tab,Comcapsy 700/30 mg Tablet,NON_STC,False,Additional Director / CMO of the Medical Store Depot,True,,CGHS restricted medicine lists,NON_STC_Restricted_Medicine.csv,False,,2026-08-05T15:26:38+00:00
Crizotinib,CRIZALK,200 MG,Caps,CRIZOTINIB 200 MG (CRIZALK) (PACK SIZE 1X60),NON_STC,False,Additional Director / CMO of the Medical Store Depot,True,,CGHS restricted medicine lists,NON_STC_Restricted_Medicine.csv,False,,2026-08-05T15:26:38+00:00
Crizotinib,CRIZALK,250 MG,Tab,CRIZOTINIB 250 MG (CRIZALK) (PACK SIZE 1X60),NON_STC,False,Additional Director / CMO of the Medical Store Depot,True,,CGHS restricted medicine lists,NON_STC_Restricted_Medicine.csv,False,,2026-08-05T15:26:38+00:00
Cross Linked Sodium Hyaluronate Monovisc,,22MG/ML,Inj.,CROSS LINKED SODIUM HYALURONATE 22MG/ML(88MG/4ML PFS(INJ MONOVISC 4ML SYRINGE),NON_STC,False,Additional Director / CMO of the Medical Store Depot,True,,CGHS restricted medicine lists,NON_STC_Restricted_Medicine.csv,False,,2026-08-05T15:26:38+00:00
Cyclosporin Syp,ARPIMUNE ME LIQUIED,100MG,Syrup,CYCLOSPORIN SYP 100MG (ARPIMUNE ME LIQUIED),NON_STC,False,Additional Director / CMO of the Medical Store Depot,True,,CGHS restricted medicine lists,NON_STC_Restricted_Medicine.csv,False,,2026-08-05T15:26:38+00:00
Daclatasvir,,60 MG,Tab,DACLATASVIR 60 MG (PACK SIZE 1X28),NON_STC,False,Additional Director / CMO of the Medical Store Depot,True,,CGHS restricted medicine lists,NON_STC_Restricted_Medicine.csv,False,,2026-08-05T15:26:38+00:00
Daratumumab,DARAZLEX,100 MG,Inj.,DARATUMUMAB 100 MG (DARAZLEX) (PACK SIZE 1X1),NON_STC,False,Additional Director / CMO of the Medical Store Depot,True,,CGHS restricted medicine lists,NON_STC_Restricted_Medicine.csv,True,daratumumab is an oncology molecule,2026-08-05T15:26:38+00:00
Daratumumab,,1800 MG,Inj.,DARATUMUMAB 1800 MG INJ (PACK SIZE 1X1),NON_STC,False,Additional Director / CMO of the Medical Store Depot,True,,CGHS restricted medicine lists,NON_STC_Restricted_Medicine.csv,True,daratumumab is an oncology molecule,2026-08-05T15:26:38+00:00
Daratumumab,DARAZLEX,400 MG,Inj.,DARATUMUMAB 400 MG (DARAZLEX) (PACK SIZE 1X1),NON_STC,False,Additional Director / CMO of the Medical Store Depot,True,,CGHS restricted medicine lists,NON_STC_Restricted_Medicine.csv,True,daratumumab is an oncology molecule,2026-08-05T15:26:38+00:00
Darbepoetin Alfa 1 X 1,,200 MCG,Inj.,DARBEPOETIN ALFA 200 MCG (1 X 1),NON_STC,False,Additional Director / CMO of the Medical Store Depot,True,,CGHS restricted medicine lists,NON_STC_Restricted_Medicine.csv,False,,2026-08-05T15:26:38+00:00
Darbepoietin,,100 MCG,Inj.,DARBEPOIETIN 100 MCG (PACK SIZE 1X1),NON_STC,False,Additional Director / CMO of the Medical Store Depot,True,,CGHS restricted medicine lists,NON_STC_Restricted_Medicine.csv,False,,2026-08-05T15:26:38+00:00
Darbepoietin,,25 MCG,Inj.,DARBEPOIETIN 25 MCG (PACK SIZE 1X1),NON_STC,False,Additional Director / CMO of the Medical Store Depot,True,,CGHS restricted medicine lists,NON_STC_Restricted_Medicine.csv,False,,2026-08-05T15:26:38+00:00
Darbepoietin,CRESP,40 MCG,Inj.,DARBEPOIETIN 40 MCG (CRESP) (PACK SIZE 1X1),NON_STC,False,Additional Director / CMO of the Medical Store Depot,True,,CGHS restricted medicine lists,NON_STC_Restricted_Medicine.csv,False,,2026-08-05T15:26:38+00:00
Dasatanib,,20 MG,Tab,DASATANIB 20 MG (PACK SIZE1X60),NON_STC,False,Additional Director / CMO of the Medical Store Depot,True,,CGHS restricted medicine lists,NON_STC_Restricted_Medicine.csv,False,,2026-08-05T15:26:38+00:00
Dasatanib,,50 MG,Tab,DASATANIB 50 MG (PACK SIZE1X60),NON_STC,False,Additional Director / CMO of the Medical Store Depot,True,,CGHS restricted medicine lists,NON_STC_Restricted_Medicine.csv,False,,2026-08-05T15:26:38+00:00
Dasatanib,,70 MG,Tab,DASATANIB 70 MG (PACK SIZE1X60),NON_STC,False,Additional Director / CMO of the Medical Store Depot,True,,CGHS restricted medicine lists,NON_STC_Restricted_Medicine.csv,False,,2026-08-05T15:26:38+00:00
Decitabine,,50 MG,Inj.,DECITABINE 50 MG (PACK SIZE 1X1),NON_STC,False,Additional Director / CMO of the Medical Store Depot,True,,CGHS restricted medicine lists,NON_STC_Restricted_Medicine.csv,False,,2026-08-05T15:26:38+00:00
Deferasirox,,100MG,Tab,DEFERASIROX 100MG (PACK SIZE 1X10),NON_STC,False,Additional Director / CMO of the Medical Store Depot,True,,CGHS restricted medicine lists,NON_STC_Restricted_Medicine.csv,False,,2026-08-05T15:26:38+00:00
Deferasirox,,250 MG,Tab,DEFERASIROX 250 MG (PACK SIZE 1X10),NON_STC,False,Additional Director / CMO of the Medical Store Depot,True,,CGHS restricted medicine lists,NON_STC_Restricted_Medicine.csv,False,,2026-08-05T15:26:38+00:00
Deferasirox,,400MG,Tab,DEFERASIROX 400MG (PACK SIZE 1X10),NON_STC,False,Additional Director / CMO of the Medical Store Depot,True,,CGHS restricted medicine lists,NON_STC_Restricted_Medicine.csv,False,,2026-08-05T15:26:38+00:00
Deferasirox,,500 MG,Tab,DEFERASIROX 500 MG (PACK SIZE 1X10),NON_STC,False,Additional Director / CMO of the Medical Store Depot,True,,CGHS restricted medicine lists,NON_STC_Restricted_Medicine.csv,False,,2026-08-05T15:26:38+00:00
Degarelix 1 Pack Size - 2 Of,,240 MG,Inj.,DEGARELIX 240 MG INJ (1 PACK SIZE - 2 INJ of 120 mg),NON_STC,False,Additional Director / CMO of the Medical Store Depot,True,,CGHS restricted medicine lists,NON_STC_Restricted_Medicine.csv,False,,2026-08-05T15:26:38+00:00
Degarelix,,80 MG,Inj.,DEGARELIX 80 MG INJ (PACK SIZE 1X1),NON_STC,False,Additional Director / CMO of the Medical Store Depot,True,,CGHS restricted medicine lists,NON_STC_Restricted_Medicine.csv,False,,2026-08-05T15:26:38+00:00
Denosumab,,120 MG,Inj.,DENOSUMAB 120 MG (PACK SIZE 1X1),NON_STC,False,Additional Director / CMO of the Medical Store Depot,True,,CGHS restricted medicine lists,NON_STC_Restricted_Medicine.csv,False,,2026-08-05T15:26:38+00:00
Denosumab,,60 MG,Inj.,DENOSUMAB 60 MG - (PACK SIZE 1X1),NON_STC,False,Additional Director / CMO of the Medical Store Depot,True,,CGHS restricted medicine lists,NON_STC_Restricted_Medicine.csv,False,,2026-08-05T15:26:38+00:00
Desferioxamine,DESFERAL,500MG,Syringe,DESFERIOXAMINE 500MG (DESFERAL) (PACK SIZE 1X10),NON_STC,False,Additional Director / CMO of the Medical Store Depot,True,,CGHS restricted medicine lists,NON_STC_Restricted_Medicine.csv,False,,2026-08-05T15:26:38+00:00
Dexamethasone,OZURDEX,0.7 MG,Inj.,DEXAMETHASONE 0.7 MG (OZURDEX) (PACK SIZE 1X1),NON_STC,False,Additional Director / CMO of the Medical Store Depot,True,,CGHS restricted medicine lists,NON_STC_Restricted_Medicine.csv,False,,2026-08-05T15:26:38+00:00
Dimethyl Fumarate,,120 MG,Caps,DIMETHYL FUMARATE 120 MG (PACK 1X10),NON_STC,False,Additional Director / CMO of the Medical Store Depot,True,,CGHS restricted medicine lists,NON_STC_Restricted_Medicine.csv,False,,2026-08-05T15:26:38+00:00
Dimethyl Fumarate,,240 MG,Caps,DIMETHYL FUMARATE 240 MG (PACK 1X10),NON_STC,False,Additional Director / CMO of the Medical Store Depot,True,,CGHS restricted medicine lists,NON_STC_Restricted_Medicine.csv,False,,2026-08-05T15:26:38+00:00
Docetaxel,,120MG,Inj.,DOCETAXEL 120MG (PACK SIZE 1X1),NON_STC,False,Additional Director / CMO of the Medical Store Depot,True,,CGHS restricted medicine lists,NON_STC_Restricted_Medicine.csv,False,,2026-08-05T15:26:38+00:00
Docetaxel,,20 MG,Inj.,DOCETAXEL 20 MG (PACK SIZE 1X1),NON_STC,False,Additional Director / CMO of the Medical Store Depot,True,,CGHS restricted medicine lists,NON_STC_Restricted_Medicine.csv,False,,2026-08-05T15:26:38+00:00
Docetaxel,,80 MG,Inj.,DOCETAXEL 80 MG (PACK SIZE 1X1),NON_STC,False,Additional Director / CMO of the Medical Store Depot,True,,CGHS restricted medicine lists,NON_STC_Restricted_Medicine.csv,False,,2026-08-05T15:26:38+00:00
Docetaxel Lipid Susp,,20 MG,Inj.,DOCETAXEL LIPID SUSP 20 MG (PACK SIZE 1X1),NON_STC,False,Additional Director / CMO of the Medical Store Depot,True,,CGHS restricted medicine lists,NON_STC_Restricted_Medicine.csv,False,,2026-08-05T15:26:38+00:00
Docetaxel Lipid Susp,,80 MG,Inj.,DOCETAXEL LIPID SUSP 80 MG (Pack Size 1X1),NON_STC,False,Additional Director / CMO of the Medical Store Depot,True,,CGHS restricted medicine lists,NON_STC_Restricted_Medicine.csv,False,,2026-08-05T15:26:38+00:00
Durvalumab,,120 MG,Inj.,DURVALUMAB 120 MG( PACK SIZE 1X1),NON_STC,False,Additional Director / CMO of the Medical Store Depot,True,,CGHS restricted medicine lists,NON_STC_Restricted_Medicine.csv,True,durvalumab is an oncology molecule,2026-08-05T15:26:38+00:00
Durvalumab,,500 MG,Inj.,DURVALUMAB 500 MG,NON_STC,False,Additional Director / CMO of the Medical Store Depot,True,,CGHS restricted medicine lists,NON_STC_Restricted_Medicine.csv,True,durvalumab is an oncology molecule,2026-08-05T15:26:38+00:00
Eltrombopag Olamine,,25 MG,Tab,ELTROMBOPAG OLAMINE 25 MG (PACK SIZE1X7),NON_STC,False,Additional Director / CMO of the Medical Store Depot,True,,CGHS restricted medicine lists,NON_STC_Restricted_Medicine.csv,True,eltrombopag is an oncology molecule,2026-08-05T15:26:38+00:00
Eltrombopag Olamine,,50 MG,Tab,ELTROMBOPAG OLAMINE 50 MG (PACK SIZE1X7),NON_STC,False,Additional Director / CMO of the Medical Store Depot,True,,CGHS restricted medicine lists,NON_STC_Restricted_Medicine.csv,True,eltrombopag is an oncology molecule,2026-08-05T15:26:38+00:00
Emicizumab,,105MG/0.7ML,Inj.,EMICIZUMAB 105MG/0.7ML,NON_STC,False,Additional Director / CMO of the Medical Store Depot,True,,CGHS restricted medicine lists,NON_STC_Restricted_Medicine.csv,False,,2026-08-05T15:26:38+00:00
Emicizumab,,150MG/1ML,Inj.,EMICIZUMAB 150MG/1ML,NON_STC,False,Additional Director / CMO of the Medical Store Depot,True,,CGHS restricted medicine lists,NON_STC_Restricted_Medicine.csv,False,,2026-08-05T15:26:38+00:00
Emicizumab,,30MG/ML,Inj.,EMICIZUMAB 30MG/ML,NON_STC,False,Additional Director / CMO of the Medical Store Depot,True,,CGHS restricted medicine lists,NON_STC_Restricted_Medicine.csv,False,,2026-08-05T15:26:38+00:00
Emicizumab /0 4M,,60MG,Inj.,EMICIZUMAB 60MG/0.4M,NON_STC,False,Additional Director / CMO of the Medical Store Depot,True,,CGHS restricted medicine lists,NON_STC_Restricted_Medicine.csv,False,,2026-08-05T15:26:38+00:00
Entecavir,,0.5MG,Tab,ENTECAVIR 0.5MG (PACK SIZE 1X30),NON_STC,False,Additional Director / CMO of the Medical Store Depot,True,,CGHS restricted medicine lists,NON_STC_Restricted_Medicine.csv,False,,2026-08-05T15:26:38+00:00
Entecavir,,1MG,Tab,ENTECAVIR 1MG (PACK SIZE 1X30),NON_STC,False,Additional Director / CMO of the Medical Store Depot,True,,CGHS restricted medicine lists,NON_STC_Restricted_Medicine.csv,False,,2026-08-05T15:26:38+00:00
Enzalutamide Obnyx,,40 MG,Caps,ENZALUTAMIDE 40 MG CAP (PACK SIZE 1X4) OBNYX,NON_STC,False,Additional Director / CMO of the Medical Store Depot,True,,CGHS restricted medicine lists,NON_STC_Restricted_Medicine.csv,False,,2026-08-05T15:26:38+00:00
Enzalutamide Enzana,,40 MG,Caps,ENZALUTAMIDE 40 MG CAP (PACK SIZE 1X7) ENZANA,NON_STC,False,Additional Director / CMO of the Medical Store Depot,True,,CGHS restricted medicine lists,NON_STC_Restricted_Medicine.csv,False,,2026-08-05T15:26:38+00:00
Epirubicin,,10MG,Inj.,EPIRUBICIN 10MG (PACK SIZE 1X1),NON_STC,False,Additional Director / CMO of the Medical Store Depot,True,,CGHS restricted medicine lists,NON_STC_Restricted_Medicine.csv,False,,2026-08-05T15:26:38+00:00
Epirubicin,,50MG,Inj.,EPIRUBICIN 50MG (PACK SIZE 1X1),NON_STC,False,Additional Director / CMO of the Medical Store Depot,True,,CGHS restricted medicine lists,NON_STC_Restricted_Medicine.csv,False,,2026-08-05T15:26:38+00:00
Eribulin Mesylate,,1mg,Inj.,ERIBULIN MESYLATE 1mg INJ (PACK SIZE 1X1),NON_STC,False,Additional Director / CMO of the Medical Store Depot,True,,CGHS restricted medicine lists,NON_STC_Restricted_Medicine.csv,False,,2026-08-05T15:26:38+00:00
Erlotinib,,100 MG,Tab,ERLOTINIB 100 MG TAB (PACK SIZE 1X30),NON_STC,False,Additional Director / CMO of the Medical Store Depot,True,,CGHS restricted medicine lists,NON_STC_Restricted_Medicine.csv,False,,2026-08-05T15:26:38+00:00
Erlotinib,,150 MG,Caps,ERLOTINIB 150 MG CAP (PACK SIZE 1X30),NON_STC,False,Additional Director / CMO of the Medical Store Depot,True,,CGHS restricted medicine lists,NON_STC_Restricted_Medicine.csv,False,,2026-08-05T15:26:38+00:00
Erythropoietin 10K,,,Inj.,ERYTHROPOIETIN 10K (PACK SIZE 1X1),NON_STC,False,Additional Director / CMO of the Medical Store Depot,True,,CGHS restricted medicine lists,NON_STC_Restricted_Medicine.csv,False,,2026-08-05T15:26:38+00:00
Erythropoietin 20K,,,Inj.,ERYTHROPOIETIN 20K (PACK SIZE 1X1),NON_STC,False,Additional Director / CMO of the Medical Store Depot,True,,CGHS restricted medicine lists,NON_STC_Restricted_Medicine.csv,False,,2026-08-05T15:26:38+00:00
Erythropoietin 2K,,,Inj.,ERYTHROPOIETIN 2K (PACK SIZE 1X1),NON_STC,False,Additional Director / CMO of the Medical Store Depot,True,,CGHS restricted medicine lists,NON_STC_Restricted_Medicine.csv,False,,2026-08-05T15:26:38+00:00
Erythropoietin 40K,,,Inj.,ERYTHROPOIETIN 40K (PACK SIZE 1X1),NON_STC,False,Additional Director / CMO of the Medical Store Depot,True,,CGHS restricted medicine lists,NON_STC_Restricted_Medicine.csv,False,,2026-08-05T15:26:38+00:00
Erythropoietin 4K,RELIPOIETIN,,Inj.,ERYTHROPOIETIN 4K (RELIPOIETIN) (PACK SIZE 1X1),NON_STC,False,Additional Director / CMO of the Medical Store Depot,True,,CGHS restricted medicine lists,NON_STC_Restricted_Medicine.csv,False,,2026-08-05T15:26:38+00:00
Erythropoietin 4K,RENOCRIT,,Inj.,ERYTHROPOIETIN 4K (RENOCRIT) (PACK SIZE 1X1),NON_STC,False,Additional Director / CMO of the Medical Store Depot,True,,CGHS restricted medicine lists,NON_STC_Restricted_Medicine.csv,False,,2026-08-05T15:26:38+00:00
Erythropoietin 5K,,,Syringe,ERYTHROPOIETIN 5K (PACK SIZE 1X1),NON_STC,False,Additional Director / CMO of the Medical Store Depot,True,,CGHS restricted medicine lists,NON_STC_Restricted_Medicine.csv,False,,2026-08-05T15:26:38+00:00
Erythropoietin 6K,,,Inj.,ERYTHROPOIETIN 6K (PACK SIZE 1X1),NON_STC,False,Additional Director / CMO of the Medical Store Depot,True,,CGHS restricted medicine lists,NON_STC_Restricted_Medicine.csv,False,,2026-08-05T15:26:38+00:00
Erythropoietin 8K,,,Inj.,ERYTHROPOIETIN 8K (PACK SIZE 1X1),NON_STC,False,Additional Director / CMO of the Medical Store Depot,True,,CGHS restricted medicine lists,NON_STC_Restricted_Medicine.csv,False,,2026-08-05T15:26:38+00:00
Etanercept,,25MG,Inj.,ETANERCEPT 25MG INJ (PACK SIZE 1X1),NON_STC,False,Additional Director / CMO of the Medical Store Depot,True,,CGHS restricted medicine lists,NON_STC_Restricted_Medicine.csv,False,,2026-08-05T15:26:38+00:00
Etanercept,,50 MG,Inj.,ETANERCEPT 50 MG INJ (PACK SIZE 1X1),NON_STC,False,Additional Director / CMO of the Medical Store Depot,True,,CGHS restricted medicine lists,NON_STC_Restricted_Medicine.csv,False,,2026-08-05T15:26:38+00:00
Everolimus,,0.25 MG,Tab,EVEROLIMUS 0.25 MG TAB (PACK SIZE 1X10),NON_STC,False,Additional Director / CMO of the Medical Store Depot,True,,CGHS restricted medicine lists,NON_STC_Restricted_Medicine.csv,False,,2026-08-05T15:26:38+00:00
Everolimus,,0.5 MG,Tab,EVEROLIMUS 0.5 MG TAB (PACK SIZE 1X10),NON_STC,False,Additional Director / CMO of the Medical Store Depot,True,,CGHS restricted medicine lists,NON_STC_Restricted_Medicine.csv,False,,2026-08-05T15:26:38+00:00
Everolimus,,10 MG,Tab,EVEROLIMUS 10 MG (PACK SIZE 1X10),NON_STC,False,Additional Director / CMO of the Medical Store Depot,True,,CGHS restricted medicine lists,NON_STC_Restricted_Medicine.csv,False,,2026-08-05T15:26:38+00:00
Everolimus,,5 MG,Tab,EVEROLIMUS 5 MG TAB (PACK SIZE 1X10),NON_STC,False,Additional Director / CMO of the Medical Store Depot,True,,CGHS restricted medicine lists,NON_STC_Restricted_Medicine.csv,False,,2026-08-05T15:26:38+00:00
Exemestane,,25MG,Tab,EXEMESTANE 25MG TAB (PACK SIZE 1X30),NON_STC,False,Additional Director / CMO of the Medical Store Depot,True,,CGHS restricted medicine lists,NON_STC_Restricted_Medicine.csv,True,exemestane is an oncology molecule,2026-08-05T15:26:38+00:00
Factor Ix,HUMAN,600 IU,Syringe,FACTOR IX (HUMAN) 600 IU (PACK SIZE 1X1),NON_STC,False,Additional Director / CMO of the Medical Store Depot,True,,CGHS restricted medicine lists,NON_STC_Restricted_Medicine.csv,False,,2026-08-05T15:26:38+00:00
Factor Viii Recom Iii Gen 1X1,ADVATE,1000 IU,Syringe,FACTOR VIII RECOM III GEN 1000 IU (1X1) (ADVATE),NON_STC,False,Additional Director / CMO of the Medical Store Depot,True,,CGHS restricted medicine lists,NON_STC_Restricted_Medicine.csv,False,,2026-08-05T15:26:38+00:00
Factor Viii Recom Iii Gen,NOVOEIGHT,1000 IU,Syringe,FACTOR VIII RECOM III GEN 1000 IU (NOVOEIGHT)(PACK SIZE 1X1),NON_STC,False,Additional Director / CMO of the Medical Store Depot,True,,CGHS restricted medicine lists,NON_STC_Restricted_Medicine.csv,False,,2026-08-05T15:26:38+00:00
Factor Viii Recom Iii Gen 1X1,ADVATE,1500 IU,Syringe,FACTOR VIII RECOM III GEN 1500 IU(ADVATE)(1X1),NON_STC,False,Additional Director / CMO of the Medical Store Depot,True,,CGHS restricted medicine lists,NON_STC_Restricted_Medicine.csv,False,,2026-08-05T15:26:38+00:00
Factor Viii Recom Iii Gen,NOVOEIGHT,1500 IU,Syringe,FACTOR VIII RECOM III GEN 1500 IU(NOVOEIGHT)(PACK SIZE 1X1),NON_STC,False,Additional Director / CMO of the Medical Store Depot,True,,CGHS restricted medicine lists,NON_STC_Restricted_Medicine.csv,False,,2026-08-05T15:26:38+00:00
Factor Viii Recom Iii Gen,ADVATE,250 IU,Syringe,FACTOR VIII RECOM III GEN 250 IU (ADVATE)(PACK SIZE 1X1),NON_STC,False,Additional Director / CMO of the Medical Store Depot,True,,CGHS restricted medicine lists,NON_STC_Restricted_Medicine.csv,False,,2026-08-05T15:26:38+00:00
Factor Viii Recom Iii Gen,NOVOEIGHT,250 IU,Syringe,FACTOR VIII RECOM III GEN 250 IU(NOVOEIGHT)(PACK SIZE 1X1),NON_STC,False,Additional Director / CMO of the Medical Store Depot,True,,CGHS restricted medicine lists,NON_STC_Restricted_Medicine.csv,False,,2026-08-05T15:26:38+00:00
Factor Viii Recom Iii Gen,ADVATE,500 IU,Syringe,FACTOR VIII RECOM III GEN 500 IU (ADVATE)(PACK SIZE 1X1),NON_STC,False,Additional Director / CMO of the Medical Store Depot,True,,CGHS restricted medicine lists,NON_STC_Restricted_Medicine.csv,False,,2026-08-05T15:26:38+00:00
Factor Viii Recom Iii Gen,NOVOEIGHT,500 IU,Syringe,FACTOR VIII RECOM III GEN 500 IU(NOVOEIGHT)(PACK SIZE 1X1),NON_STC,False,Additional Director / CMO of the Medical Store Depot,True,,CGHS restricted medicine lists,NON_STC_Restricted_Medicine.csv,False,,2026-08-05T15:26:38+00:00
Factor Viii Recom Iii Gen,XYNTHOPHILIA,500 IU,Syringe,FACTOR VIII RECOM III GEN 500 IU(XYNTHOPHILIA) (PACK SIZE 1X1),NON_STC,False,Additional Director / CMO of the Medical Store Depot,True,,CGHS restricted medicine lists,NON_STC_Restricted_Medicine.csv,False,,2026-08-05T15:26:38+00:00
Factor Viii With Vw Factor,IMMUNATE,250 IU,Syringe,FACTOR VIII WITH VW FACTOR 250 IU(IMMUNATE)(PACK SIZE 1X1),NON_STC,False,Additional Director / CMO of the Medical Store Depot,True,,CGHS restricted medicine lists,NON_STC_Restricted_Medicine.csv,False,,2026-08-05T15:26:38+00:00
Faricimab,VABYSMO,6 MG/0.05 ML,Inj.,FARICIMAB (VABYSMO) 6 MG/0.05 ML (PACK SIZE 1x1),NON_STC,False,Additional Director / CMO of the Medical Store Depot,True,,CGHS restricted medicine lists,NON_STC_Restricted_Medicine.csv,False,,2026-08-05T15:26:38+00:00
Fulvestrant,,250 MG,Inj.,FULVESTRANT 250 MG INJ (PACK SIZE 1X1),NON_STC,False,Additional Director / CMO of the Medical Store Depot,True,,CGHS restricted medicine lists,NON_STC_Restricted_Medicine.csv,True,fulvestrant is an oncology molecule,2026-08-05T15:26:38+00:00
Gcsf Granulocyte Colony Stimulating Factor Pack Size 1X1,,300 MCG,Inj.,GCSF (GRANULOCYTE COLONY STIMULATING FACTOR) 300 MCG PACK SIZE (1X1),NON_STC,False,Additional Director / CMO of the Medical Store Depot,True,,CGHS restricted medicine lists,NON_STC_Restricted_Medicine.csv,False,,2026-08-05T15:26:38+00:00
Gefitinib,,250 MG,Tab,GEFITINIB 250 MG TAB (PACK SIZE 1X10),NON_STC,False,Additional Director / CMO of the Medical Store Depot,True,,CGHS restricted medicine lists,NON_STC_Restricted_Medicine.csv,False,,2026-08-05T15:26:38+00:00
Gemcitabine 1 Gm,,,Inj.,GEMCITABINE 1 GM INJ (PACK SIZE 1X1),NON_STC,False,Additional Director / CMO of the Medical Store Depot,True,,CGHS restricted medicine lists,NON_STC_Restricted_Medicine.csv,False,,2026-08-05T15:26:38+00:00
Gemcitabine,,200 MG,Inj.,GEMCITABINE 200 MG (PACK SIZE 1X1),NON_STC,False,Additional Director / CMO of the Medical Store Depot,True,,CGHS restricted medicine lists,NON_STC_Restricted_Medicine.csv,False,,2026-08-05T15:26:38+00:00
Golimumab,,50 MG,Inj.,GOLIMUMAB 50 MG INJ (PACK SIZE 1X1),NON_STC,False,Additional Director / CMO of the Medical Store Depot,True,,CGHS restricted medicine lists,NON_STC_Restricted_Medicine.csv,False,,2026-08-05T15:26:38+00:00
Goserelin Acetate 10 8,,,Inj.,GOSERELIN ACETATE 10.8 INJ (PACK SIZE 1X1),NON_STC,False,Additional Director / CMO of the Medical Store Depot,True,,CGHS restricted medicine lists,NON_STC_Restricted_Medicine.csv,False,,2026-08-05T15:26:38+00:00
Goserelin Acetate 3 6 Nj,,,Inj.,GOSERELIN ACETATE 3.6 INJ (PACK SIZE 1X1)nj.,NON_STC,False,Additional Director / CMO of the Medical Store Depot,True,,CGHS restricted medicine lists,NON_STC_Restricted_Medicine.csv,False,,2026-08-05T15:26:38+00:00
Human Albumin 20,,,Inj.,human Albumin (20%) Inj.,NON_STC,False,Additional Director / CMO of the Medical Store Depot,True,,CGHS restricted medicine lists,NON_STC_Restricted_Medicine.csv,False,,2026-08-05T15:26:38+00:00
Human Albumin,ALBUTEIN,20%/100 ML,Inj.,HUMAN ALBUMIN 20%/100 ML (ALBUTEIN) (PACK SIZE 1X1),NON_STC,False,Additional Director / CMO of the Medical Store Depot,True,,CGHS restricted medicine lists,NON_STC_Restricted_Medicine.csv,False,,2026-08-05T15:26:38+00:00
Hyaluronic Acid Sorbitol,HYLASTO S,40MG,Inj.,HYALURONIC ACID 40MG SORBITOL 80MG(HYLASTO S) (PACK SIZE 1X1),NON_STC,False,Additional Director / CMO of the Medical Store Depot,True,,CGHS restricted medicine lists,NON_STC_Restricted_Medicine.csv,False,,2026-08-05T15:26:38+00:00
Hyaluronic Acid,DUROLANE,60 mg,Inj.,HYALURONIC ACID 60 mg (DUROLANE)(PACK SIZE 1X1),NON_STC,False,Additional Director / CMO of the Medical Store Depot,True,,CGHS restricted medicine lists,NON_STC_Restricted_Medicine.csv,False,,2026-08-05T15:26:38+00:00
Ibandornic Acid,,6 MG,Inj.,IBANDORNIC ACID 6 MG INJ (PACK SIZE 1X1),NON_STC,False,Additional Director / CMO of the Medical Store Depot,True,,CGHS restricted medicine lists,NON_STC_Restricted_Medicine.csv,False,,2026-08-05T15:26:38+00:00
Ibrutinib,,140 MG,Caps,IBRUTINIB 140 MG TAB (PACK SIZE 1X90),NON_STC,False,Additional Director / CMO of the Medical Store Depot,True,,CGHS restricted medicine lists,NON_STC_Restricted_Medicine.csv,False,,2026-08-05T15:26:38+00:00
Imatinib Mesylate,,100 MG,Caps,IMATINIB MESYLATE 100 MG CAP (PACK SIZE 1X10),NON_STC,False,Additional Director / CMO of the Medical Store Depot,True,,CGHS restricted medicine lists,NON_STC_Restricted_Medicine.csv,False,,2026-08-05T15:26:38+00:00
Imatinib Mesylate,,400MG,Caps,IMATINIB MESYLATE 400MG CAP (PACK SIZE 1X10),NON_STC,False,Additional Director / CMO of the Medical Store Depot,True,,CGHS restricted medicine lists,NON_STC_Restricted_Medicine.csv,False,,2026-08-05T15:26:38+00:00
Infiliximab,,100MG,Inj.,INFILIXIMAB 100MG INJ (PACK SIZE 1X1),NON_STC,False,Additional Director / CMO of the Medical Store Depot,True,,CGHS restricted medicine lists,NON_STC_Restricted_Medicine.csv,False,,2026-08-05T15:26:38+00:00
Mounjaro Kwikpen,,10 MG,Pfp,INJ MOUNJARO 10 MG KWIKPEN,NON_STC,False,Additional Director / CMO of the Medical Store Depot,True,,CGHS restricted medicine lists,NON_STC_Restricted_Medicine.csv,False,,2026-08-05T15:26:38+00:00
Mounjaro Kwikpen,,12.5 MG,Pfp,INJ MOUNJARO 12.5 MG KWIKPEN,NON_STC,False,Additional Director / CMO of the Medical Store Depot,True,,CGHS restricted medicine lists,NON_STC_Restricted_Medicine.csv,False,,2026-08-05T15:26:38+00:00
Mounjaro Kwikpen,,15 MG,Pfp,INJ MOUNJARO 15 MG KWIKPEN,NON_STC,False,Additional Director / CMO of the Medical Store Depot,True,,CGHS restricted medicine lists,NON_STC_Restricted_Medicine.csv,False,,2026-08-05T15:26:38+00:00
Mounjaro Kwikpen,,5 MG,Pfp,INJ MOUNJARO 5 MG KWIKPEN,NON_STC,False,Additional Director / CMO of the Medical Store Depot,True,,CGHS restricted medicine lists,NON_STC_Restricted_Medicine.csv,False,,2026-08-05T15:26:38+00:00
Mounjaro Kwikpen,,7.5 MG,Pfp,INJ MOUNJARO 7.5 MG KWIKPEN,NON_STC,False,Additional Director / CMO of the Medical Store Depot,True,,CGHS restricted medicine lists,NON_STC_Restricted_Medicine.csv,False,,2026-08-05T15:26:38+00:00
Interferon Beta 1A,,30 MCG,Inj.,INTERFERON BETA 1A (30 MCG) INJ (PACK SIZE 1X1),NON_STC,False,Additional Director / CMO of the Medical Store Depot,True,,CGHS restricted medicine lists,NON_STC_Restricted_Medicine.csv,False,,2026-08-05T15:26:38+00:00
Interferon Beta 1A,,44 MCG,Inj.,INTERFERON BETA 1A 44 MCG INJ (PACK SIZE 1X1),NON_STC,False,Additional Director / CMO of the Medical Store Depot,True,,CGHS restricted medicine lists,NON_STC_Restricted_Medicine.csv,False,,2026-08-05T15:26:38+00:00
Interferon Beta-1 B,,250mcg,Inj.,Interferon Beta-1 B (250mcg) Inj. (PACK SIZE 1X1),NON_STC,False,Additional Director / CMO of the Medical Store Depot,True,,CGHS restricted medicine lists,NON_STC_Restricted_Medicine.csv,False,,2026-08-05T15:26:38+00:00
Irinotecan Hcl,,100 MG,Inj.,IRINOTECAN HCL 100 MG INJ (PACK SIZE 1X1),NON_STC,False,Additional Director / CMO of the Medical Store Depot,True,,CGHS restricted medicine lists,NON_STC_Restricted_Medicine.csv,False,,2026-08-05T15:26:38+00:00
Irinotecan Hcl,,40 MG,Inj.,IRINOTECAN HCL 40 MG INJ (PACK SIZE 1X1),NON_STC,False,Additional Director / CMO of the Medical Store Depot,True,,CGHS restricted medicine lists,NON_STC_Restricted_Medicine.csv,False,,2026-08-05T15:26:38+00:00
Iv Ig 5 Gm,INTRAVENOUS  IMMUNOGLOBULIN,,Inj.,IV IG (INTRAVENOUS  IMMUNOGLOBULIN) 5 GM Inj. (PACK1X1),NON_STC,False,Additional Director / CMO of the Medical Store Depot,True,,CGHS restricted medicine lists,NON_STC_Restricted_Medicine.csv,False,,2026-08-05T15:26:38+00:00
Lapatinib,,250 MG,Tab,LAPATINIB 250 MG TAB (PACK SIZE 1X30),NON_STC,False,Additional Director / CMO of the Medical Store Depot,True,,CGHS restricted medicine lists,NON_STC_Restricted_Medicine.csv,False,,2026-08-05T15:26:38+00:00
Lenalidomide,,10 MG,Tab,LENALIDOMIDE 10 MG (PACK SIZE 1X30),NON_STC,False,Additional Director / CMO of the Medical Store Depot,True,,CGHS restricted medicine lists,NON_STC_Restricted_Medicine.csv,False,,2026-08-05T15:26:38+00:00
Lenalidomide,,10 MG,Tab,LENALIDOMIDE 10 MG TAB (PACK SIZE 1X10),NON_STC,False,Additional Director / CMO of the Medical Store Depot,True,,CGHS restricted medicine lists,NON_STC_Restricted_Medicine.csv,False,,2026-08-05T15:26:38+00:00
Lenalidomide,,15 MG,Caps,LENALIDOMIDE 15 MG TAB (PACK SIZE 1X7),NON_STC,False,Additional Director / CMO of the Medical Store Depot,True,,CGHS restricted medicine lists,NON_STC_Restricted_Medicine.csv,False,,2026-08-05T15:26:38+00:00
Lenalidomide,,5 MG,Tab,LENALIDOMIDE 5 MG (PACK 1X7),NON_STC,False,Additional Director / CMO of the Medical Store Depot,True,,CGHS restricted medicine lists,NON_STC_Restricted_Medicine.csv,False,,2026-08-05T15:26:38+00:00
Lenvatinib,,10 MG,Caps,LENVATINIB 10 MG CAP (PACK SIZE 1X30),NON_STC,False,Additional Director / CMO of the Medical Store Depot,True,,CGHS restricted medicine lists,NON_STC_Restricted_Medicine.csv,False,,2026-08-05T15:26:38+00:00
Lenvatinib,,4 MG,Caps,LENVATINIB 4 MG CAP (PACK SIZE 1X7),NON_STC,False,Additional Director / CMO of the Medical Store Depot,True,,CGHS restricted medicine lists,NON_STC_Restricted_Medicine.csv,False,,2026-08-05T15:26:38+00:00
Lepidasvir + Sofosbuvir,,90MG,Tab,LEPIDASVIR (90MG) + SOFOSBUVIR (400MG) TAB (PACK 1X28),NON_STC,False,Additional Director / CMO of the Medical Store Depot,True,,CGHS restricted medicine lists,NON_STC_Restricted_Medicine.csv,False,,2026-08-05T15:26:38+00:00
Letrozole,,2.5 MG,Tab,LETROZOLE 2.5 MG TAB (PACK SIZE 1X10),NON_STC,False,Additional Director / CMO of the Medical Store Depot,True,,CGHS restricted medicine lists,NON_STC_Restricted_Medicine.csv,True,letrozole is an oncology molecule,2026-08-05T15:26:38+00:00
Leuprolide,,11.25 MG,Inj.,LEUPROLIDE 11.25 MG INJ (PACK SIZE 1X1),NON_STC,False,Additional Director / CMO of the Medical Store Depot,True,,CGHS restricted medicine lists,NON_STC_Restricted_Medicine.csv,False,,2026-08-05T15:26:38+00:00
Leuprolide,,22.5 MG,Inj.,LEUPROLIDE 22.5 MG INJ (PACK SIZE 1X1),NON_STC,False,Additional Director / CMO of the Medical Store Depot,True,,CGHS restricted medicine lists,NON_STC_Restricted_Medicine.csv,False,,2026-08-05T15:26:38+00:00
Leuprolide,,3.75 MG,Inj.,LEUPROLIDE 3.75 MG INJ (PACK SIZE 1X1),NON_STC,False,Additional Director / CMO of the Medical Store Depot,True,,CGHS restricted medicine lists,NON_STC_Restricted_Medicine.csv,False,,2026-08-05T15:26:38+00:00
Leuprolide Acetate,,45MG,Inj.,LEUPROLIDE ACETATE 45MG INJ (PACK SIZE 1X1),NON_STC,False,Additional Director / CMO of the Medical Store Depot,True,,CGHS restricted medicine lists,NON_STC_Restricted_Medicine.csv,False,,2026-08-05T15:26:38+00:00
Leuprolide Acetate,,7.5MG,Inj.,LEUPROLIDE ACETATE 7.5MG INJ (PACK SIZE 1X1),NON_STC,False,Additional Director / CMO of the Medical Store Depot,True,,CGHS restricted medicine lists,NON_STC_Restricted_Medicine.csv,False,,2026-08-05T15:26:38+00:00
Liposomal Amphotericin B 1X1,,50 MG,Inj.,LIPOSOMAL AMPHOTERICIN B 50 MG (1X1),NON_STC,False,Additional Director / CMO of the Medical Store Depot,True,,CGHS restricted medicine lists,NON_STC_Restricted_Medicine.csv,False,,2026-08-05T15:26:38+00:00
Liposomal Doxorubicin,,20 MG,Inj.,LIPOSOMAL DOXORUBICIN 20 MG INJ (PACK SIZE 1X1),NON_STC,False,Additional Director / CMO of the Medical Store Depot,True,,CGHS restricted medicine lists,NON_STC_Restricted_Medicine.csv,False,,2026-08-05T15:26:38+00:00
Lorlatinib,,100 MG,Tab,LORLATINIB 100 MG TAB (PACK SIZE 3X5),NON_STC,False,Additional Director / CMO of the Medical Store Depot,True,,CGHS restricted medicine lists,NON_STC_Restricted_Medicine.csv,False,,2026-08-05T15:26:38+00:00
Lorlatinib,,25MG,Tab,LORLATINIB 25MG TAB (PACK SIZE 3X5),NON_STC,False,Additional Director / CMO of the Medical Store Depot,True,,CGHS restricted medicine lists,NON_STC_Restricted_Medicine.csv,False,,2026-08-05T15:26:38+00:00
Methoxy Peg Epoetin Beta,,100 MCG,Inj.,METHOXY PEG EPOETIN BETA 100 MCG INJ (PACK 1X1),NON_STC,False,Additional Director / CMO of the Medical Store Depot,True,,CGHS restricted medicine lists,NON_STC_Restricted_Medicine.csv,False,,2026-08-05T15:26:38+00:00
Methoxy Peg Epoetin Beta,,50 MCG,Inj.,METHOXY PEG EPOETIN BETA 50 MCG INJ (PACK 1X1),NON_STC,False,Additional Director / CMO of the Medical Store Depot,True,,CGHS restricted medicine lists,NON_STC_Restricted_Medicine.csv,False,,2026-08-05T15:26:38+00:00
Methoxy Peg Epoetin Beta,,75 MCG,Inj.,METHOXY PEG EPOETIN BETA 75 MCG INJ (PACK 1X1),NON_STC,False,Additional Director / CMO of the Medical Store Depot,True,,CGHS restricted medicine lists,NON_STC_Restricted_Medicine.csv,False,,2026-08-05T15:26:38+00:00
Mounjaro For Injection,,2.5 mg,Pfp,Mounjaro 2.5 mg Solution for Injection,NON_STC,False,Additional Director / CMO of the Medical Store Depot,True,,CGHS restricted medicine lists,NON_STC_Restricted_Medicine.csv,False,,2026-08-05T15:26:38+00:00
Nab Taxhal / Suspension For Injection,,100mg,Inj.,Nab Taxhal 100mg/900mg Suspension For Injection,NON_STC,False,Additional Director / CMO of the Medical Store Depot,True,,CGHS restricted medicine lists,NON_STC_Restricted_Medicine.csv,False,,2026-08-05T15:26:38+00:00
Natalizumab,,300 MG,Inj.,NATALIZUMAB 300 MG INJ (PACK SIZE 1X1),NON_STC,False,Additional Director / CMO of the Medical Store Depot,True,,CGHS restricted medicine lists,NON_STC_Restricted_Medicine.csv,False,,2026-08-05T15:26:38+00:00
Nilotonib,,150MG,Caps,NILOTONIB 150MG (PACK SIZE1X4),NON_STC,False,Additional Director / CMO of the Medical Store Depot,True,,CGHS restricted medicine lists,NON_STC_Restricted_Medicine.csv,False,,2026-08-05T15:26:38+00:00
Nilotonib,,200MG,Caps,NILOTONIB 200MG (PACK SIZE1X4),NON_STC,False,Additional Director / CMO of the Medical Store Depot,True,,CGHS restricted medicine lists,NON_STC_Restricted_Medicine.csv,False,,2026-08-05T15:26:38+00:00
Nimotuzumab,BIOMAB,50MG,Inj.,NIMOTUZUMAB 50MG (BIOMAB) (PACK SIZE 1X4),NON_STC,False,Additional Director / CMO of the Medical Store Depot,True,,CGHS restricted medicine lists,NON_STC_Restricted_Medicine.csv,False,,2026-08-05T15:26:38+00:00
Nintedanib,,100 MG,Caps,NINTEDANIB 100 MG (PACK SIZE 1X10),NON_STC,False,Additional Director / CMO of the Medical Store Depot,True,,CGHS restricted medicine lists,NON_STC_Restricted_Medicine.csv,False,,2026-08-05T15:26:38+00:00
Nintedanib,,150 MG,Caps,NINTEDANIB 150 MG (PACK SIZE 1X10),NON_STC,False,Additional Director / CMO of the Medical Store Depot,True,,CGHS restricted medicine lists,NON_STC_Restricted_Medicine.csv,False,,2026-08-05T15:26:38+00:00
Nivolumab,,100 MG,Inj.,NIVOLUMAB 100 MG INJ (PACK SIZE 1X1),NON_STC,False,Additional Director / CMO of the Medical Store Depot,True,,CGHS restricted medicine lists,NON_STC_Restricted_Medicine.csv,True,nivolumab is an oncology molecule,2026-08-05T15:26:38+00:00
Nivolumab,,240 MG,Inj.,NIVOLUMAB 240 MG INJ (PACK SIZE 1X1),NON_STC,False,Additional Director / CMO of the Medical Store Depot,True,,CGHS restricted medicine lists,NON_STC_Restricted_Medicine.csv,True,nivolumab is an oncology molecule,2026-08-05T15:26:38+00:00
Nivolumab,,40 MG,Inj.,NIVOLUMAB 40 MG INJ (PACK SIZE 1X1),NON_STC,False,Additional Director / CMO of the Medical Store Depot,True,,CGHS restricted medicine lists,NON_STC_Restricted_Medicine.csv,True,nivolumab is an oncology molecule,2026-08-05T15:26:38+00:00
Octreotide,,20 MG,Inj.,OCTREOTIDE 20 MG (PACK SIZE1X1),NON_STC,False,Additional Director / CMO of the Medical Store Depot,True,,CGHS restricted medicine lists,NON_STC_Restricted_Medicine.csv,False,,2026-08-05T15:26:38+00:00
Octreotide,,30 MG,Inj.,OCTREOTIDE 30 MG (PACK SIZE1X1),NON_STC,False,Additional Director / CMO of the Medical Store Depot,True,,CGHS restricted medicine lists,NON_STC_Restricted_Medicine.csv,False,,2026-08-05T15:26:38+00:00
Olaparib,,100 MG,Tab,OLAPARIB 100 MG (PACK SIZE 1X28),NON_STC,False,Additional Director / CMO of the Medical Store Depot,True,,CGHS restricted medicine lists,NON_STC_Restricted_Medicine.csv,False,,2026-08-05T15:26:38+00:00
Olaparib,,150 MG,Caps,OLAPARIB 150 MG (PACK SIZE 1X28),NON_STC,False,Additional Director / CMO of the Medical Store Depot,True,,CGHS restricted medicine lists,NON_STC_Restricted_Medicine.csv,False,,2026-08-05T15:26:38+00:00
Omalizumab150 Mg,,,Solution,OMALIZUMAB150 MG (PACK SIZE 1X1),NON_STC,False,Additional Director / CMO of the Medical Store Depot,True,,CGHS restricted medicine lists,NON_STC_Restricted_Medicine.csv,False,,2026-08-05T15:26:38+00:00
Osimertinib,TAGRISSO,80 MG,Tab,OSIMERTINIB 80 MG (TAGRISSO) (PACK SIZE 1X30),NON_STC,False,Additional Director / CMO of the Medical Store Depot,True,,CGHS restricted medicine lists,NON_STC_Restricted_Medicine.csv,False,,2026-08-05T15:26:38+00:00
Oxaliplatin,,100MG,Inj.,OXALIPLATIN 100MG (PACK SIZE 1X1),NON_STC,False,Additional Director / CMO of the Medical Store Depot,True,,CGHS restricted medicine lists,NON_STC_Restricted_Medicine.csv,False,,2026-08-05T15:26:38+00:00
Oxaliplatin,,50 MG,Inj.,OXALIPLATIN 50 MG (PACK SIZE 1X1),NON_STC,False,Additional Director / CMO of the Medical Store Depot,True,,CGHS restricted medicine lists,NON_STC_Restricted_Medicine.csv,False,,2026-08-05T15:26:38+00:00
Paclitaxel,,100 MG,Inj.,PACLITAXEL 100 MG INJ (PACK SIZE 1X1),NON_STC,False,Additional Director / CMO of the Medical Store Depot,True,,CGHS restricted medicine lists,NON_STC_Restricted_Medicine.csv,False,,2026-08-05T15:26:38+00:00
Paclitaxel,,260 MG,Inj.,PACLITAXEL 260 MG INJ (PACK SIZE 1X1),NON_STC,False,Additional Director / CMO of the Medical Store Depot,True,,CGHS restricted medicine lists,NON_STC_Restricted_Medicine.csv,False,,2026-08-05T15:26:38+00:00
Paclitaxel,,30 MG,Inj.,PACLITAXEL 30 MG INJ (PACK SIZE 1X1),NON_STC,False,Additional Director / CMO of the Medical Store Depot,True,,CGHS restricted medicine lists,NON_STC_Restricted_Medicine.csv,False,,2026-08-05T15:26:38+00:00
Paclitaxel,BD-TAXEL,300 MG,Inj.,PACLITAXEL 300 MG (BD-TAXEL) (PACK SIZE 1X1),NON_STC,False,Additional Director / CMO of the Medical Store Depot,True,,CGHS restricted medicine lists,NON_STC_Restricted_Medicine.csv,False,,2026-08-05T15:26:38+00:00
Palbociclib,,100 MG,Caps,PALBOCICLIB 100 MG (PACK SIZE 1X21),NON_STC,False,Additional Director / CMO of the Medical Store Depot,True,,CGHS restricted medicine lists,NON_STC_Restricted_Medicine.csv,False,,2026-08-05T15:26:38+00:00
Palbociclib,,125 MG,Caps,PALBOCICLIB 125 MG (PACK SIZE 1X21),NON_STC,False,Additional Director / CMO of the Medical Store Depot,True,,CGHS restricted medicine lists,NON_STC_Restricted_Medicine.csv,False,,2026-08-05T15:26:38+00:00
Palbociclib,,75 MG,Caps,PALBOCICLIB 75 MG (PACK SIZE 1X21),NON_STC,False,Additional Director / CMO of the Medical Store Depot,True,,CGHS restricted medicine lists,NON_STC_Restricted_Medicine.csv,False,,2026-08-05T15:26:38+00:00
Panitumumab,,100 MG,Inj.,PANITUMUMAB 100 MG (PACK SIZE 1X1),NON_STC,False,Additional Director / CMO of the Medical Store Depot,True,,CGHS restricted medicine lists,NON_STC_Restricted_Medicine.csv,True,panitumumab is an oncology molecule,2026-08-05T15:26:38+00:00
Pazopanib Hcl - 1X30,,200 MG,Tab,PAZOPANIB HCL 200 MG-(1X30),NON_STC,False,Additional Director / CMO of the Medical Store Depot,True,,CGHS restricted medicine lists,NON_STC_Restricted_Medicine.csv,False,,2026-08-05T15:26:38+00:00
Pazopanib Hcl 1X30,,400 MG,Tab,PAZOPANIB HCL 400 MG (1X30),NON_STC,False,Additional Director / CMO of the Medical Store Depot,True,,CGHS restricted medicine lists,NON_STC_Restricted_Medicine.csv,False,,2026-08-05T15:26:38+00:00
Peg Filgrastim,,6 MG,Inj.,PEG FILGRASTIM 6 MG (PACK SIZE 1X1),NON_STC,False,Additional Director / CMO of the Medical Store Depot,True,,CGHS restricted medicine lists,NON_STC_Restricted_Medicine.csv,True,filgrastim is an oncology molecule,2026-08-05T15:26:38+00:00
Peg Interferon Alpha 2B 1X1,PEGIHEP,80 MCG,Inj.,PEG INTERFERON ALPHA 2B 80 MCG (PEGIHEP) (1X1),NON_STC,False,Additional Director / CMO of the Medical Store Depot,True,,CGHS restricted medicine lists,NON_STC_Restricted_Medicine.csv,False,,2026-08-05T15:26:38+00:00
Peg-Interferon Beta 1A 1X1,,125 MCG,Inj.,PEG-INTERFERON BETA 1A 125 MCG (1X1),NON_STC,False,Additional Director / CMO of the Medical Store Depot,True,,CGHS restricted medicine lists,NON_STC_Restricted_Medicine.csv,False,,2026-08-05T15:26:38+00:00
Pegylated Recom Erythropoietin 1X1,ERYPEG,100MCG,Inj.,PEGYLATED RECOM ERYTHROPOIETIN 100MCG (ERYPEG)(1X1),NON_STC,False,Additional Director / CMO of the Medical Store Depot,True,,CGHS restricted medicine lists,NON_STC_Restricted_Medicine.csv,False,,2026-08-05T15:26:38+00:00
Pegylated Recom Erythropoietin 1X1,ERYPEG,50MCG,Inj.,PEGYLATED RECOM ERYTHROPOIETIN 50MCG (ERYPEG)(1X1),NON_STC,False,Additional Director / CMO of the Medical Store Depot,True,,CGHS restricted medicine lists,NON_STC_Restricted_Medicine.csv,False,,2026-08-05T15:26:38+00:00
Pegylated Recom Erythropoietin 1X1,ERYPEG,75MCG,Inj.,PEGYLATED RECOM ERYTHROPOIETIN 75MCG (ERYPEG)(1X1),NON_STC,False,Additional Director / CMO of the Medical Store Depot,True,,CGHS restricted medicine lists,NON_STC_Restricted_Medicine.csv,False,,2026-08-05T15:26:38+00:00
Pembrolizumab,KEYTRUDA,100 MG,Inj.,PEMBROLIZUMAB 100 MG (KEYTRUDA) (PACK SIZE 1X1),NON_STC,False,Additional Director / CMO of the Medical Store Depot,True,,CGHS restricted medicine lists,NON_STC_Restricted_Medicine.csv,True,pembrolizumab is an oncology molecule,2026-08-05T15:26:38+00:00
Pemetrexed,,100MG,Inj.,PEMETREXED 100MG (PACK SIZE 1X1),NON_STC,False,Additional Director / CMO of the Medical Store Depot,True,,CGHS restricted medicine lists,NON_STC_Restricted_Medicine.csv,False,,2026-08-05T15:26:38+00:00
Pemetrexed,,500 MG,Inj.,PEMETREXED 500 MG (PACK SIZE 1X1),NON_STC,False,Additional Director / CMO of the Medical Store Depot,True,,CGHS restricted medicine lists,NON_STC_Restricted_Medicine.csv,False,,2026-08-05T15:26:38+00:00
Pertuzumab /Trastuzumab 1X1,,1200MG,Inj.,PERTUZUMAB 1200MG/TRASTUZUMAB 600MG 1X1,NON_STC,False,Additional Director / CMO of the Medical Store Depot,True,,CGHS restricted medicine lists,NON_STC_Restricted_Medicine.csv,True,pertuzumab is an oncology molecule,2026-08-05T15:26:38+00:00
Pertuzumab Per,,420 MG,Inj.,PERTUZUMAB 420 MG PER 14 ML (PACK SIZE 1X1),NON_STC,False,Additional Director / CMO of the Medical Store Depot,True,,CGHS restricted medicine lists,NON_STC_Restricted_Medicine.csv,True,pertuzumab is an oncology molecule,2026-08-05T15:26:38+00:00
Pertuzumab /Trastuzumab 1X1,,600MG,Inj.,PERTUZUMAB 600MG/TRASTUZUMAB 600MG 1X1,NON_STC,False,Additional Director / CMO of the Medical Store Depot,True,,CGHS restricted medicine lists,NON_STC_Restricted_Medicine.csv,True,pertuzumab is an oncology molecule,2026-08-05T15:26:38+00:00
Pomalidomide,,1 MG,Caps,POMALIDOMIDE 1 MG (PACK SIZE 1X21),NON_STC,False,Additional Director / CMO of the Medical Store Depot,True,,CGHS restricted medicine lists,NON_STC_Restricted_Medicine.csv,False,,2026-08-05T15:26:38+00:00
Pomalidomide,,2 MG,Caps,POMALIDOMIDE 2 MG (PACK SIZE 1X21),NON_STC,False,Additional Director / CMO of the Medical Store Depot,True,,CGHS restricted medicine lists,NON_STC_Restricted_Medicine.csv,False,,2026-08-05T15:26:38+00:00
Pomalidomide,,4 MG,Caps,POMALIDOMIDE 4 MG (PACK SIZE 1X21),NON_STC,False,Additional Director / CMO of the Medical Store Depot,True,,CGHS restricted medicine lists,NON_STC_Restricted_Medicine.csv,False,,2026-08-05T15:26:38+00:00
Posaconazole 1X10,,100 MG,Tab,POSACONAZOLE 100 MG (1X10),NON_STC,False,Additional Director / CMO of the Medical Store Depot,True,,CGHS restricted medicine lists,NON_STC_Restricted_Medicine.csv,False,,2026-08-05T15:26:38+00:00
Posaconazole,,40 MG,Syrup,POSACONAZOLE 40 MG (PACK SIZE 1X1),NON_STC,False,Additional Director / CMO of the Medical Store Depot,True,,CGHS restricted medicine lists,NON_STC_Restricted_Medicine.csv,False,,2026-08-05T15:26:38+00:00
Ranibizumab,,0.5MG/0.05ML,Inj.,RANIBIZUMAB 0.5MG/0.05ML (PACK SIZE 1X1),NON_STC,False,Additional Director / CMO of the Medical Store Depot,True,,CGHS restricted medicine lists,NON_STC_Restricted_Medicine.csv,False,,2026-08-05T15:26:38+00:00
Recom Inter Beta 1A,,30MCG,Inj.,RECOM INTER BETA 1A 30MCG (PACK SIZE1X1),NON_STC,False,Additional Director / CMO of the Medical Store Depot,True,,CGHS restricted medicine lists,NON_STC_Restricted_Medicine.csv,False,,2026-08-05T15:26:38+00:00
Regorafenib,,40 MG,Tab,REGORAFENIB 40 MG(PACK SIZE 1X28),NON_STC,False,Additional Director / CMO of the Medical Store Depot,True,,CGHS restricted medicine lists,NON_STC_Restricted_Medicine.csv,False,,2026-08-05T15:26:38+00:00
Ribociclib Succ P S 1X21,KRYXANA FCT,200 MG,Tab,RIBOCICLIB SUCC 200 MG (KRYXANA FCT) (P. S. 1X21),NON_STC,False,Additional Director / CMO of the Medical Store Depot,True,,CGHS restricted medicine lists,NON_STC_Restricted_Medicine.csv,False,,2026-08-05T15:26:38+00:00
Rituximab,,100MG,Inj.,RITUXIMAB 100MG (PACK SIZE 1X1),NON_STC,False,Additional Director / CMO of the Medical Store Depot,True,,CGHS restricted medicine lists,NON_STC_Restricted_Medicine.csv,True,rituximab is an oncology molecule,2026-08-05T15:26:38+00:00
Rituximab,,500MG,Inj.,RITUXIMAB 500MG (PACK SIZE 1X1),NON_STC,False,Additional Director / CMO of the Medical Store Depot,True,,CGHS restricted medicine lists,NON_STC_Restricted_Medicine.csv,True,rituximab is an oncology molecule,2026-08-05T15:26:38+00:00
Rivastigmine,,1.5 MG,Caps,RIVASTIGMINE 1.5 MG (PACK SIZE 1X10),NON_STC,False,Additional Director / CMO of the Medical Store Depot,True,,CGHS restricted medicine lists,NON_STC_Restricted_Medicine.csv,False,,2026-08-05T15:26:38+00:00
Rivastigmine,,3 MG,Caps,RIVASTIGMINE 3 MG (PACK SIZE 1X10),NON_STC,False,Additional Director / CMO of the Medical Store Depot,True,,CGHS restricted medicine lists,NON_STC_Restricted_Medicine.csv,False,,2026-08-05T15:26:38+00:00
Rivastigmine 10Cm2,EXELON,,Patch,RIVASTIGMINE PATCH 10CM2 (EXELON) (PACK SIZE 1X30),NON_STC,False,Additional Director / CMO of the Medical Store Depot,True,,CGHS restricted medicine lists,NON_STC_Restricted_Medicine.csv,False,,2026-08-05T15:26:38+00:00
Rivastigmine 15Cm2,EXELON,,Patch,RIVASTIGMINE PATCH 15CM2 (EXELON) (PACK SIZE 1X30),NON_STC,False,Additional Director / CMO of the Medical Store Depot,True,,CGHS restricted medicine lists,NON_STC_Restricted_Medicine.csv,False,,2026-08-05T15:26:38+00:00
Rivastigmine 5Cm2,EXELON,,Patch,RIVASTIGMINE PATCH 5CM2 (EXELON) (PACK SIZE 1X30),NON_STC,False,Additional Director / CMO of the Medical Store Depot,True,,CGHS restricted medicine lists,NON_STC_Restricted_Medicine.csv,False,,2026-08-05T15:26:38+00:00
Romiplostim,,250mcg,Inj.,ROMIPLOSTIM 250mcg Inj (PACK SIZE 1X1),NON_STC,False,Additional Director / CMO of the Medical Store Depot,True,,CGHS restricted medicine lists,NON_STC_Restricted_Medicine.csv,True,romiplostim is an oncology molecule,2026-08-05T15:26:38+00:00
Romiset Injection,,,Inj.,Romiset Injection,NON_STC,False,Additional Director / CMO of the Medical Store Depot,True,,CGHS restricted medicine lists,NON_STC_Restricted_Medicine.csv,False,,2026-08-05T15:26:38+00:00
Romy Injection,,,Inj.,Romy Injection,NON_STC,False,Additional Director / CMO of the Medical Store Depot,True,,CGHS restricted medicine lists,NON_STC_Restricted_Medicine.csv,False,,2026-08-05T15:26:38+00:00
Ruxolitinib,JAKAVI,15 MG,Tab,RUXOLITINIB 15 MG (JAKAVI ) (PACK SIZE 1X10),NON_STC,False,Additional Director / CMO of the Medical Store Depot,True,,CGHS restricted medicine lists,NON_STC_Restricted_Medicine.csv,False,,2026-08-05T15:26:38+00:00
Ruxolitinib,JAKAVI,20 MG,Tab,RUXOLITINIB 20 MG (JAKAVI ) (PACK SIZE 1X10),NON_STC,False,Additional Director / CMO of the Medical Store Depot,True,,CGHS restricted medicine lists,NON_STC_Restricted_Medicine.csv,False,,2026-08-05T15:26:38+00:00
Ruxolitinib Pack Size 1X10,JAKAVI,5 MG,Tab,RUXOLITINIB 5 MG (JAKAVI ) (PACK SIZE 1X10,NON_STC,False,Additional Director / CMO of the Medical Store Depot,True,,CGHS restricted medicine lists,NON_STC_Restricted_Medicine.csv,False,,2026-08-05T15:26:38+00:00
Sargramostin,,500 MCG,Inj.,SARGRAMOSTIN 500 MCG (PACK SIZE1X1),NON_STC,False,Additional Director / CMO of the Medical Store Depot,True,,CGHS restricted medicine lists,NON_STC_Restricted_Medicine.csv,False,,2026-08-05T15:26:38+00:00
Secukinimab,SCAPHO,150 MG,Inj.,SECUKINIMAB 150 MG (SCAPHO) (PACK SIZE 1X1),NON_STC,False,Additional Director / CMO of the Medical Store Depot,True,,CGHS restricted medicine lists,NON_STC_Restricted_Medicine.csv,False,,2026-08-05T15:26:38+00:00
Sofosbuvir,,400 MG,Tab,SOFOSBUVIR 400 MG (PACK SIZE 1X28),NON_STC,False,Additional Director / CMO of the Medical Store Depot,True,,CGHS restricted medicine lists,NON_STC_Restricted_Medicine.csv,False,,2026-08-05T15:26:38+00:00
Sofosbuvir +Velpatasvir 1X28,,400MG,Tab,SOFOSBUVIR 400MG+VELPATASVIR 100MG (1X28),NON_STC,False,Additional Director / CMO of the Medical Store Depot,True,,CGHS restricted medicine lists,NON_STC_Restricted_Medicine.csv,False,,2026-08-05T15:26:38+00:00
Somatropin,NORDITROPIN,15 IU,Inj.,SOMATROPIN 15 IU (NORDITROPIN) (PACK SIZE1X1),NON_STC,False,Additional Director / CMO of the Medical Store Depot,True,,CGHS restricted medicine lists,NON_STC_Restricted_Medicine.csv,False,,2026-08-05T15:26:38+00:00
Somatropin,,16 IU,Inj.,SOMATROPIN 16 IU (PACK SIZE 1X1),NON_STC,False,Additional Director / CMO of the Medical Store Depot,True,,CGHS restricted medicine lists,NON_STC_Restricted_Medicine.csv,False,,2026-08-05T15:26:38+00:00
Somatropin,,18 IU,Inj.,SOMATROPIN 18 IU (PACK SIZE 1X1),NON_STC,False,Additional Director / CMO of the Medical Store Depot,True,,CGHS restricted medicine lists,NON_STC_Restricted_Medicine.csv,False,,2026-08-05T15:26:38+00:00
Somatropin,,36 IU,Syringe,SOMATROPIN 36 IU (PACK SIZE 1X1),NON_STC,False,Additional Director / CMO of the Medical Store Depot,True,,CGHS restricted medicine lists,NON_STC_Restricted_Medicine.csv,False,,2026-08-05T15:26:38+00:00
Somatropin,NORDITROPIN,45 IU,Inj.,SOMATROPIN 45 IU (NORDITROPIN) (PACK SIZE1X1),NON_STC,False,Additional Director / CMO of the Medical Store Depot,True,,CGHS restricted medicine lists,NON_STC_Restricted_Medicine.csv,False,,2026-08-05T15:26:38+00:00
Somatropin Ip,,4IU,Syringe,SOMATROPIN IP - 4IU (1.33MG/ML)(PACKSIZE 1X1),NON_STC,False,Additional Director / CMO of the Medical Store Depot,True,,CGHS restricted medicine lists,NON_STC_Restricted_Medicine.csv,False,,2026-08-05T15:26:38+00:00
Sorafenib,SORANIB,200MG,Tab,SORAFENIB 200MG (SORANIB) (PACK SIZE1X30),NON_STC,False,Additional Director / CMO of the Medical Store Depot,True,,CGHS restricted medicine lists,NON_STC_Restricted_Medicine.csv,False,,2026-08-05T15:26:38+00:00
Sunitinib Malate,,12.5 MG,Tab,SUNITINIB MALATE 12.5 MG (PACK SIZE1X7),NON_STC,False,Additional Director / CMO of the Medical Store Depot,True,,CGHS restricted medicine lists,NON_STC_Restricted_Medicine.csv,False,,2026-08-05T15:26:38+00:00
Sunitinib Malate,,25 MG,Tab,SUNITINIB MALATE 25 MG (PACK SIZE1X7),NON_STC,False,Additional Director / CMO of the Medical Store Depot,True,,CGHS restricted medicine lists,NON_STC_Restricted_Medicine.csv,False,,2026-08-05T15:26:38+00:00
Sunitinib Malate,,50 MG,Tab,SUNITINIB MALATE 50 MG (PACK SIZE1X7),NON_STC,False,Additional Director / CMO of the Medical Store Depot,True,,CGHS restricted medicine lists,NON_STC_Restricted_Medicine.csv,False,,2026-08-05T15:26:38+00:00
Taurolidine 2Gm,,100ML,Inj.,TAUROLIDINE 2GM/100ML INJ (PACK SIZE 1X1),NON_STC,False,Additional Director / CMO of the Medical Store Depot,True,,CGHS restricted medicine lists,NON_STC_Restricted_Medicine.csv,False,,2026-08-05T15:26:38+00:00
Temozolomide,,100 MG,Caps,TEMOZOLOMIDE 100 MG (PACK SIZE1X5),NON_STC,False,Additional Director / CMO of the Medical Store Depot,True,,CGHS restricted medicine lists,NON_STC_Restricted_Medicine.csv,False,,2026-08-05T15:26:38+00:00
Temozolomide,,20 MG,Caps,TEMOZOLOMIDE 20 MG (PACK SIZE1X5),NON_STC,False,Additional Director / CMO of the Medical Store Depot,True,,CGHS restricted medicine lists,NON_STC_Restricted_Medicine.csv,False,,2026-08-05T15:26:38+00:00
Temozolomide,,250 MG,Caps,TEMOZOLOMIDE 250 MG (PACK SIZE1X5),NON_STC,False,Additional Director / CMO of the Medical Store Depot,True,,CGHS restricted medicine lists,NON_STC_Restricted_Medicine.csv,False,,2026-08-05T15:26:38+00:00
Teriparatide,,750 MCG/ 3 ML,Cartridge,TERIPARATIDE 750 MCG/ 3 ML INJ (PACK SIZE1X1),NON_STC,False,Additional Director / CMO of the Medical Store Depot,True,,CGHS restricted medicine lists,NON_STC_Restricted_Medicine.csv,False,,2026-08-05T15:26:38+00:00
Tirzepatide,MOUNJARO,10 MG/0.6 ML,Pfp,TIRZEPATIDE 10 MG/0.6 ML MULTIDOSE PREFILLED PEN (MOUNJARO) (PACK SIZE 1X1),NON_STC,False,Additional Director / CMO of the Medical Store Depot,True,,CGHS restricted medicine lists,NON_STC_Restricted_Medicine.csv,False,,2026-08-05T15:26:38+00:00
Tirzepatide,MOUNJARO,12.5 MG/0.6 ML,Pfp,TIRZEPATIDE 12.5 MG/0.6 ML MULTIDOSE PREFILLED PEN (MOUNJARO) (PACK SIZE 1X1),NON_STC,False,Additional Director / CMO of the Medical Store Depot,True,,CGHS restricted medicine lists,NON_STC_Restricted_Medicine.csv,False,,2026-08-05T15:26:38+00:00
Tirzepatide,MOUNJARO,15 MG/0.6 ML,Pfp,TIRZEPATIDE 15 MG/0.6 ML MULTIDOSE PREFILLED PEN (MOUNJARO) (PACK SIZE 1X1),NON_STC,False,Additional Director / CMO of the Medical Store Depot,True,,CGHS restricted medicine lists,NON_STC_Restricted_Medicine.csv,False,,2026-08-05T15:26:38+00:00
Tirzepatide,MOUNJARO,2.5 MG/0.6 ML,Pfp,TIRZEPATIDE 2.5 MG/0.6 ML MULTIDOSE PREFILLED PEN (MOUNJARO) (PACK SIZE 1X1),NON_STC,False,Additional Director / CMO of the Medical Store Depot,True,,CGHS restricted medicine lists,NON_STC_Restricted_Medicine.csv,False,,2026-08-05T15:26:38+00:00
Tirzepatide,MOUNJARO,5 MG/0.6 ML,Pfp,TIRZEPATIDE 5 MG/0.6 ML MULTIDOSE PREFILLED PEN (MOUNJARO) (PACK SIZE 1X1),NON_STC,False,Additional Director / CMO of the Medical Store Depot,True,,CGHS restricted medicine lists,NON_STC_Restricted_Medicine.csv,False,,2026-08-05T15:26:38+00:00
Tirzepatide,MOUNJARO,7.5 MG/0.6 ML,Pfp,TIRZEPATIDE 7.5 MG/0.6 ML MULTIDOSE PREFILLED PEN (MOUNJARO) (PACK SIZE 1X1),NON_STC,False,Additional Director / CMO of the Medical Store Depot,True,,CGHS restricted medicine lists,NON_STC_Restricted_Medicine.csv,False,,2026-08-05T15:26:38+00:00
Tocilizumab Monopack,ACTEMRA,162MG,Solution,TOCILIZUMAB 162MG (ACTEMRA) MONOPACK PREFILLED SYRINGE,NON_STC,False,Additional Director / CMO of the Medical Store Depot,True,,CGHS restricted medicine lists,NON_STC_Restricted_Medicine.csv,False,,2026-08-05T15:26:38+00:00
Tocilizumab,,200 MG,Inj.,TOCILIZUMAB 200 MG (PACK SIZE 1X1),NON_STC,False,Additional Director / CMO of the Medical Store Depot,True,,CGHS restricted medicine lists,NON_STC_Restricted_Medicine.csv,False,,2026-08-05T15:26:38+00:00
Tocilizumab,,400 MG,Inj.,TOCILIZUMAB 400 MG (PACK SIZE 1X1),NON_STC,False,Additional Director / CMO of the Medical Store Depot,True,,CGHS restricted medicine lists,NON_STC_Restricted_Medicine.csv,False,,2026-08-05T15:26:38+00:00
Tocilizumab,,80 MG,Inj.,TOCILIZUMAB 80 MG (PACK SIZE 1X1),NON_STC,False,Additional Director / CMO of the Medical Store Depot,True,,CGHS restricted medicine lists,NON_STC_Restricted_Medicine.csv,False,,2026-08-05T15:26:38+00:00
Tpgs Docetaxel,,120 MG,Inj.,TPGS DOCETAXEL 120 MG (PACK SIZE 1X1),NON_STC,False,Additional Director / CMO of the Medical Store Depot,True,,CGHS restricted medicine lists,NON_STC_Restricted_Medicine.csv,False,,2026-08-05T15:26:38+00:00
Tpgs Docetaxel,,20 MG,Inj.,TPGS DOCETAXEL 20 MG (PACK SIZE 1X1),NON_STC,False,Additional Director / CMO of the Medical Store Depot,True,,CGHS restricted medicine lists,NON_STC_Restricted_Medicine.csv,False,,2026-08-05T15:26:38+00:00
Tpgs Docetaxel,,80 MG,Inj.,TPGS DOCETAXEL 80 MG INJ (PACK SIZE 1X1),NON_STC,False,Additional Director / CMO of the Medical Store Depot,True,,CGHS restricted medicine lists,NON_STC_Restricted_Medicine.csv,False,,2026-08-05T15:26:38+00:00
Trastuzumab,,150 MG,Inj.,TRASTUZUMAB 150 MG (PACK SIZE 1X1),NON_STC,False,Additional Director / CMO of the Medical Store Depot,True,,CGHS restricted medicine lists,NON_STC_Restricted_Medicine.csv,True,trastuzumab is an oncology molecule,2026-08-05T15:26:38+00:00
Trastuzumab,,440 MG,Inj.,TRASTUZUMAB 440 MG (PACK SIZE 1X1),NON_STC,False,Additional Director / CMO of the Medical Store Depot,True,,CGHS restricted medicine lists,NON_STC_Restricted_Medicine.csv,True,trastuzumab is an oncology molecule,2026-08-05T15:26:38+00:00
Trastuzumab Deruxtecan,ENHERTU,100 MG,Inj.,TRASTUZUMAB DERUXTECAN (ENHERTU) 100 MG INJ (PACK SIZE 1X1),NON_STC,False,Additional Director / CMO of the Medical Store Depot,True,,CGHS restricted medicine lists,NON_STC_Restricted_Medicine.csv,True,trastuzumab is an oncology molecule,2026-08-05T15:26:38+00:00
Triptorelin,,11.25 MG,Inj.,TRIPTORELIN 11.25 MG (PACK SIZE 1X1),NON_STC,False,Additional Director / CMO of the Medical Store Depot,True,,CGHS restricted medicine lists,NON_STC_Restricted_Medicine.csv,False,,2026-08-05T15:26:38+00:00
Triptoreline,,3.75MG,Inj.,TRIPTORELINE 3.75MG (PACK SIZE 1X1),NON_STC,False,Additional Director / CMO of the Medical Store Depot,True,,CGHS restricted medicine lists,NON_STC_Restricted_Medicine.csv,False,,2026-08-05T15:26:38+00:00
Ustekinumab,,130 MG,Inj.,USTEKINUMAB 130 MG INJ (PACK SIZE 1x1),NON_STC,False,Additional Director / CMO of the Medical Store Depot,True,,CGHS restricted medicine lists,NON_STC_Restricted_Medicine.csv,False,,2026-08-05T15:26:38+00:00
Ustekinumab,,90 MG,Inj.,USTEKINUMAB 90 MG INJ (PACK SIZE 1x1),NON_STC,False,Additional Director / CMO of the Medical Store Depot,True,,CGHS restricted medicine lists,NON_STC_Restricted_Medicine.csv,False,,2026-08-05T15:26:38+00:00
V Gavir,,450 mg,Tab,V Gavir 450 mg,NON_STC,False,Additional Director / CMO of the Medical Store Depot,True,,CGHS restricted medicine lists,NON_STC_Restricted_Medicine.csv,False,,2026-08-05T15:26:38+00:00
Valganciclovir,,450 MG,Tab,VALGANCICLOVIR 450 MG (PACK SIZE 1X2),NON_STC,False,Additional Director / CMO of the Medical Store Depot,True,,CGHS restricted medicine lists,NON_STC_Restricted_Medicine.csv,False,,2026-08-05T15:26:38+00:00
Vedolizumab Pack 1X1,KYNTELES,300 MG,Inj.,VEDOLIZUMAB 300 MG (KYNTELES) PACK (1X1),NON_STC,False,Additional Director / CMO of the Medical Store Depot,True,,CGHS restricted medicine lists,NON_STC_Restricted_Medicine.csv,False,,2026-08-05T15:26:38+00:00
Venetoclax,,100 MG,Tab,VENETOCLAX 100 MG TAB (PACK SIZE 7X4 28 TAB),NON_STC,False,Additional Director / CMO of the Medical Store Depot,True,,CGHS restricted medicine lists,NON_STC_Restricted_Medicine.csv,False,,2026-08-05T15:26:38+00:00
Vinorlebine,,10 MG,Inj.,VINORLEBINE 10 MG (PACK SIZE1X1),NON_STC,False,Additional Director / CMO of the Medical Store Depot,True,,CGHS restricted medicine lists,NON_STC_Restricted_Medicine.csv,False,,2026-08-05T15:26:38+00:00
Vinorlebine,,50 MG,Inj.,VINORLEBINE 50 MG (PACK SIZE1X1),NON_STC,False,Additional Director / CMO of the Medical Store Depot,True,,CGHS restricted medicine lists,NON_STC_Restricted_Medicine.csv,False,,2026-08-05T15:26:38+00:00
Voriconazole,,200 MG,Tab,VORICONAZOLE 200 MG (PACK SIZE 1X4),NON_STC,False,Additional Director / CMO of the Medical Store Depot,True,,CGHS restricted medicine lists,NON_STC_Restricted_Medicine.csv,False,,2026-08-05T15:26:38+00:00
Zoledronic Acid,,4MG,Inj.,ZOLEDRONIC ACID 4MG (PACK SIZE 1X1),NON_STC,False,Additional Director / CMO of the Medical Store Depot,True,,CGHS restricted medicine lists,NON_STC_Restricted_Medicine.csv,False,,2026-08-05T15:26:38+00:00
Zoledronic Acid,,5 MG,Inj.,ZOLEDRONIC ACID 5 MG (PACK SIZE 1X1),NON_STC,False,Additional Director / CMO of the Medical Store Depot,True,,CGHS restricted medicine lists,NON_STC_Restricted_Medicine.csv,False,,2026-08-05T15:26:38+00:00
