id,name,last_updated,category,route_form,route,treatment_model,common_strengths,key_brands,manufacturers,patient_program,program_sponsor_type,source_provenance,price_verified,programme_verified,indication,mechanism_of_action,launch_date,global_price_inr,price_per_unit,price_unit,price_is_estimated,price_note,price_source_text,has_multiple_indications,indications_available,primary_endpoint_key,primary_endpoint_label,primary_endpoint_unit,primary_endpoint_value,primary_endpoint_is_estimated,primary_endpoint_method,hazard_ratio,secondary_endpoints,clinical_confidence,competitor_name,competitor_price_inr,drug_severe_ae_rate,competitor_severe_ae_rate,drug_ae_is_estimated,competitor_ae_is_estimated,drug_adverse_events,competitor_adverse_events,data_quality,epidemiology,data_sources,regional_availability,regional_prices,programme_is_generic,nlem_2022,price_controlled,indication_count,indications,indications_structured_utc,mapped_count,off_label_count,primary_category,primary_indication,primary_registry_indication,unmapped,india_approval,verified_facts,verification_outstanding,doses_year_1,doses_maintenance,cost_per_dose,payment_event,cost_year_1,cost_maintenance_year,adverse_reactions_published,discontinuation_due_to_ae_pct,serious_ae_rate_published
enalapril,Enalapril,2026-08-04T08:32:59.584492+00:00,CVD,Oral tab,oral,chronic_ongoing,2.5/5/10 mg,"Enam, Envas, Nuril","Dr Reddy's, Zydus, Torrent",Low-cost generic — Jan Aushadhi,Widely available as low-cost generics; Pradhan Mantri Bhartiya Janaushadhi (PMBJP) offers 50–90% cheaper generics. Manufacturer PSP not typically needed.,workbook_reference_unverified,False,False,Hypertension; heart failure; asymptomatic LV dysfunction; diabetic nephropathy,ACE inhibitor,1990s,105,3.5,tab,True,Assumes once-daily dosing of one tab (30/month).,₹2–5 / tab,True,"[{""indication"": ""Hypertension; heart failure; asymptomatic LV dysfunction; diabetic nephropathy""}]",hf_event_hr,CV-death / HF-hospitalisation HR,HR,,True,,,[],0.0,Standard of Care,,,,True,True,"[""Nausea"", ""Headache"", ""Fatigue""]","[""Muscle Pain"", ""Gastrointestinal discomfort""]","{""status"": ""unavailable"", ""missing_fields"": [""hf_event_hr""], ""issues"": [{""field"": ""hf_event_hr"", ""severity"": ""warning"", ""message"": ""Primary endpoint not in workbook — run analysis or enter manually.""}]}","{""addressable_population"": null, ""sources"": ""Not available — regional incidence not resolved""}","{""clinical"": ""Standard prescribing guides"", ""competitor"": ""Standard of Care baseline"", ""safety"": ""Clinical trial safety metadata"", ""drug_safety"": ""Product label"", ""clinical_tier"": ""tier_2"", ""competitor_tier"": ""tier_3"", ""safety_tier"": ""tier_2""}","{""global_approval"": {""agency"": ""FDA"", ""date"": ""1990s"", ""status"": ""approved""}, ""regional_status"": ""launched"", ""local_regulator"": ""CDSCO"", ""local_approval_date"": ""1990s"", ""availability_text"": ""Commercially Available (Audited)"", ""availability_color"": ""green"", ""notes"": """", ""is_available"": true}","{""IN"": 105, ""SG"": 1, ""AE"": 4}",True,"{""listed"": false, ""source_url"": ""https://nppa.gov.in/en/nlem2022"", ""retrieved_utc"": ""2026-08-04T14:32:40+00:00""}",False,4,"[{""text"": ""Hypertension"", ""raw"": ""Hypertension"", ""qualifier"": null, ""off_label"": false, ""registry_indication"": ""Hypertension"", ""category"": ""CVD"", ""mapped"": true}, {""text"": ""Heart failure"", ""raw"": ""heart failure"", ""qualifier"": null, ""off_label"": false, ""registry_indication"": ""Heart Failure"", ""category"": ""CVD"", ""mapped"": true}, {""text"": ""Asymptomatic LV dysfunction"", ""raw"": ""asymptomatic LV dysfunction"", ""qualifier"": null, ""off_label"": false, ""registry_indication"": null, ""category"": null, ""mapped"": false}, {""text"": ""Diabetic nephropathy"", ""raw"": ""diabetic nephropathy"", ""qualifier"": null, ""off_label"": false, ""registry_indication"": null, ""category"": null, ""mapped"": false}]",2026-08-04T15:31:12+00:00,2,0,CVD,Hypertension,Hypertension,"[""Asymptomatic LV dysfunction"", ""Diabetic nephropathy""]","{""molecule"": ""Enalapril"", ""found"": false, ""approved_in_india"": null, ""first_approval_date"": null, ""india_indications"": [], ""note"": ""Not found in the CDSCO new-drug lists. The register is thin before about 2009 and several older lists are scanned images that cannot be read, so this is not evidence the molecule is unapproved in India."", ""source_name"": ""CDSCO List of Approved New Drugs"", ""retrieved_utc"": ""2026-08-05T12:13:39+00:00""}",,,,,,,,,,,
ramipril,Ramipril,2026-08-04T08:32:59.584676+00:00,CVD,Oral cap/tab,oral,chronic_ongoing,1.25/2.5/5/10 mg,"Cardace, Ramistar, Hopace","Sanofi, Lupin, USV",Low-cost generic — Jan Aushadhi,Widely available as low-cost generics; Pradhan Mantri Bhartiya Janaushadhi (PMBJP) offers 50–90% cheaper generics. Manufacturer PSP not typically needed.,workbook_reference_unverified,False,False,Hypertension; heart failure; post-MI; high CV-risk (HOPE); nephropathy,ACE inhibitor,~1995,210,7.0,tab,True,Assumes once-daily dosing of one tab (30/month).,₹4–10 / tab,True,"[{""indication"": ""Hypertension; heart failure; post-MI; high CV-risk (HOPE); nephropathy""}]",hf_event_hr,CV-death / HF-hospitalisation HR,HR,,True,,,[],0.0,Standard of Care,,,,True,True,"[""Nausea"", ""Headache"", ""Fatigue""]","[""Muscle Pain"", ""Gastrointestinal discomfort""]","{""status"": ""unavailable"", ""missing_fields"": [""hf_event_hr""], ""issues"": [{""field"": ""hf_event_hr"", ""severity"": ""warning"", ""message"": ""Primary endpoint not in workbook — run analysis or enter manually.""}]}","{""addressable_population"": null, ""sources"": ""Not available — regional incidence not resolved""}","{""clinical"": ""Standard prescribing guides"", ""competitor"": ""Standard of Care baseline"", ""safety"": ""Clinical trial safety metadata"", ""drug_safety"": ""Product label"", ""clinical_tier"": ""tier_2"", ""competitor_tier"": ""tier_3"", ""safety_tier"": ""tier_2""}","{""global_approval"": {""agency"": ""FDA"", ""date"": ""~1995"", ""status"": ""approved""}, ""regional_status"": ""launched"", ""local_regulator"": ""CDSCO"", ""local_approval_date"": ""~1995"", ""availability_text"": ""Commercially Available (Audited)"", ""availability_color"": ""green"", ""notes"": """", ""is_available"": true}","{""IN"": 210, ""SG"": 3, ""AE"": 9}",True,"{""listed"": false, ""source_url"": ""https://nppa.gov.in/en/nlem2022"", ""retrieved_utc"": ""2026-08-04T14:32:40+00:00""}",False,5,"[{""text"": ""Hypertension"", ""raw"": ""Hypertension"", ""qualifier"": null, ""off_label"": false, ""registry_indication"": ""Hypertension"", ""category"": ""CVD"", ""mapped"": true}, {""text"": ""Heart failure"", ""raw"": ""heart failure"", ""qualifier"": null, ""off_label"": false, ""registry_indication"": ""Heart Failure"", ""category"": ""CVD"", ""mapped"": true}, {""text"": ""Post-MI"", ""raw"": ""post-MI"", ""qualifier"": null, ""off_label"": false, ""registry_indication"": null, ""category"": null, ""mapped"": false}, {""text"": ""High CV-risk"", ""raw"": ""high CV-risk (HOPE)"", ""qualifier"": ""HOPE"", ""off_label"": false, ""registry_indication"": null, ""category"": null, ""mapped"": false}, {""text"": ""Nephropathy"", ""raw"": ""nephropathy"", ""qualifier"": null, ""off_label"": false, ""registry_indication"": null, ""category"": null, ""mapped"": false}]",2026-08-04T15:31:12+00:00,2,0,CVD,Hypertension,Hypertension,"[""Post-MI"", ""High CV-risk"", ""Nephropathy""]","{""molecule"": ""Ramipril"", ""found"": true, ""approved_in_india"": true, ""first_approval_date"": ""2009-07-30"", ""approval_day_known"": true, ""single_molecule_rows"": 1, ""combination_rows"": 2, ""only_as_combination"": false, ""india_indications"": [""For the treatment of hypertension/ cardiac failure and myocardial infarction""], ""source_name"": ""CDSCO List of Approved New Drugs"", ""source_url"": ""https://cdsco.gov.in/opencms/resources/UploadCDSCOWeb/2018/UploadApprovalNewDrugs/2009.pdf"", ""source_list"": ""LIST OF NEW DRUGS APPROVED 2009"", ""retrieved_utc"": ""2026-08-05T12:13:39+00:00""}","{""us_initial_approval_year"": {""value"": 1991, ""source_name"": ""FDA prescribing information via DailyMed (RAMIPRIL CAPSULE [BRYANT RANCH PREPACK])"", ""source_url"": ""https://dailymed.nlm.nih.gov/dailymed/drugInfo.cfm?setid=3806abdc-6aec-4252-bd79-e2c115b849aa"", ""retrieved"": ""2026-08-03"", ""quote"": ""Initial U.S. Approval: 1991""}}",[],,,,,,,,,
lisinopril,Lisinopril,2026-08-04T08:32:59.584845+00:00,CVD,Oral tab,oral,chronic_ongoing,2.5/5/10 mg,"Listril, Lisoril","Torrent, Ipca",Low-cost generic — Jan Aushadhi,Widely available as low-cost generics; Pradhan Mantri Bhartiya Janaushadhi (PMBJP) offers 50–90% cheaper generics. Manufacturer PSP not typically needed.,workbook_reference_unverified,False,False,Hypertension; heart failure; post-MI,ACE inhibitor,~1995,150,5.0,tab,True,Assumes once-daily dosing of one tab (30/month).,₹3–7 / tab,True,"[{""indication"": ""Hypertension; heart failure; post-MI""}]",hf_event_hr,CV-death / HF-hospitalisation HR,HR,,True,,,[],0.0,Standard of Care,,,,True,True,"[""Nausea"", ""Headache"", ""Fatigue""]","[""Muscle Pain"", ""Gastrointestinal discomfort""]","{""status"": ""unavailable"", ""missing_fields"": [""hf_event_hr""], ""issues"": [{""field"": ""hf_event_hr"", ""severity"": ""warning"", ""message"": ""Primary endpoint not in workbook — run analysis or enter manually.""}]}","{""addressable_population"": null, ""sources"": ""Not available — regional incidence not resolved""}","{""clinical"": ""Standard prescribing guides"", ""competitor"": ""Standard of Care baseline"", ""safety"": ""Clinical trial safety metadata"", ""drug_safety"": ""Product label"", ""clinical_tier"": ""tier_2"", ""competitor_tier"": ""tier_3"", ""safety_tier"": ""tier_2""}","{""global_approval"": {""agency"": ""FDA"", ""date"": ""~1995"", ""status"": ""approved""}, ""regional_status"": ""launched"", ""local_regulator"": ""CDSCO"", ""local_approval_date"": ""~1995"", ""availability_text"": ""Commercially Available (Audited)"", ""availability_color"": ""green"", ""notes"": """", ""is_available"": true}","{""IN"": 150, ""SG"": 2, ""AE"": 6}",True,"{""listed"": false, ""source_url"": ""https://nppa.gov.in/en/nlem2022"", ""retrieved_utc"": ""2026-08-04T14:32:40+00:00""}",False,3,"[{""text"": ""Hypertension"", ""raw"": ""Hypertension"", ""qualifier"": null, ""off_label"": false, ""registry_indication"": ""Hypertension"", ""category"": ""CVD"", ""mapped"": true}, {""text"": ""Heart failure"", ""raw"": ""heart failure"", ""qualifier"": null, ""off_label"": false, ""registry_indication"": ""Heart Failure"", ""category"": ""CVD"", ""mapped"": true}, {""text"": ""Post-MI"", ""raw"": ""post-MI"", ""qualifier"": null, ""off_label"": false, ""registry_indication"": null, ""category"": null, ""mapped"": false}]",2026-08-04T15:31:12+00:00,2,0,CVD,Hypertension,Hypertension,"[""Post-MI""]","{""molecule"": ""Lisinopril"", ""found"": false, ""approved_in_india"": null, ""first_approval_date"": null, ""india_indications"": [], ""note"": ""Not found in the CDSCO new-drug lists. The register is thin before about 2009 and several older lists are scanned images that cannot be read, so this is not evidence the molecule is unapproved in India."", ""source_name"": ""CDSCO List of Approved New Drugs"", ""retrieved_utc"": ""2026-08-05T12:13:39+00:00""}",,,,,,,,,,,
perindopril,Perindopril,2026-08-04T08:32:59.584997+00:00,CVD,Oral tab,oral,chronic_ongoing,2/4/8 mg (erbumine),"Coversyl, Prexum",Serdia/Servier,Low-cost generic — Jan Aushadhi,Widely available as low-cost generics; Pradhan Mantri Bhartiya Janaushadhi (PMBJP) offers 50–90% cheaper generics. Manufacturer PSP not typically needed.,workbook_reference_unverified,False,False,Hypertension; stable CAD; heart failure,ACE inhibitor,~2000,345,11.5,tab,True,Assumes once-daily dosing of one tab (30/month).,₹8–15 / tab,True,"[{""indication"": ""Hypertension; stable CAD; heart failure""}]",hf_event_hr,CV-death / HF-hospitalisation HR,HR,,True,,,[],0.0,Standard of Care,,,,True,True,"[""Nausea"", ""Headache"", ""Fatigue""]","[""Muscle Pain"", ""Gastrointestinal discomfort""]","{""status"": ""unavailable"", ""missing_fields"": [""hf_event_hr""], ""issues"": [{""field"": ""hf_event_hr"", ""severity"": ""warning"", ""message"": ""Primary endpoint not in workbook — run analysis or enter manually.""}]}","{""addressable_population"": null, ""sources"": ""Not available — regional incidence not resolved""}","{""clinical"": ""Standard prescribing guides"", ""competitor"": ""Standard of Care baseline"", ""safety"": ""Clinical trial safety metadata"", ""drug_safety"": ""Product label"", ""clinical_tier"": ""tier_2"", ""competitor_tier"": ""tier_3"", ""safety_tier"": ""tier_2""}","{""global_approval"": {""agency"": ""FDA"", ""date"": ""~2000"", ""status"": ""approved""}, ""regional_status"": ""launched"", ""local_regulator"": ""CDSCO"", ""local_approval_date"": ""~2000"", ""availability_text"": ""Commercially Available (Audited)"", ""availability_color"": ""green"", ""notes"": """", ""is_available"": true}","{""IN"": 345, ""SG"": 5, ""AE"": 15}",True,"{""listed"": false, ""source_url"": ""https://nppa.gov.in/en/nlem2022"", ""retrieved_utc"": ""2026-08-04T14:32:40+00:00""}",False,3,"[{""text"": ""Hypertension"", ""raw"": ""Hypertension"", ""qualifier"": null, ""off_label"": false, ""registry_indication"": ""Hypertension"", ""category"": ""CVD"", ""mapped"": true}, {""text"": ""Stable CAD"", ""raw"": ""stable CAD"", ""qualifier"": null, ""off_label"": false, ""registry_indication"": null, ""category"": null, ""mapped"": false}, {""text"": ""Heart failure"", ""raw"": ""heart failure"", ""qualifier"": null, ""off_label"": false, ""registry_indication"": ""Heart Failure"", ""category"": ""CVD"", ""mapped"": true}]",2026-08-04T15:31:12+00:00,2,0,CVD,Hypertension,Hypertension,"[""Stable CAD""]","{""molecule"": ""Perindopril"", ""found"": true, ""approved_in_india"": true, ""first_approval_date"": ""2009-05-16"", ""approval_day_known"": true, ""single_molecule_rows"": 1, ""combination_rows"": 0, ""only_as_combination"": false, ""india_indications"": [""For the treatment of arterial hypertension, congestive heart failure and coronary artery disease""], ""source_name"": ""CDSCO List of Approved New Drugs"", ""source_url"": ""https://cdsco.gov.in/opencms/resources/UploadCDSCOWeb/2018/UploadApprovalNewDrugs/2009.pdf"", ""source_list"": ""LIST OF NEW DRUGS APPROVED 2009"", ""retrieved_utc"": ""2026-08-05T12:13:39+00:00""}","{""us_initial_approval_year"": {""value"": 1993, ""source_name"": ""FDA prescribing information via DailyMed (PERINDOPRIL ERBUMINE TABLET [AUROBINDO PHARMA LIMITED])"", ""source_url"": ""https://dailymed.nlm.nih.gov/dailymed/drugInfo.cfm?setid=87768fbf-7c63-47da-8925-0316f343d6ef"", ""retrieved"": ""2026-08-03"", ""quote"": ""Initial U.S. Approval: 1993""}}",[],,,,,,,,,
captopril,Captopril,2026-08-04T08:32:59.585168+00:00,CVD,Oral tab,oral,chronic_ongoing,12.5/25 mg,"Aceten, Angiopril","Wockhardt, Torrent",Low-cost generic — Jan Aushadhi,Widely available as low-cost generics; Pradhan Mantri Bhartiya Janaushadhi (PMBJP) offers 50–90% cheaper generics. Manufacturer PSP not typically needed.,workbook_reference_unverified,False,False,"Hypertension; heart failure (short-acting, now less used)",ACE inhibitor,1980s,90,3.0,tab,True,Assumes once-daily dosing of one tab (30/month).,₹2–4 / tab,True,"[{""indication"": ""Hypertension; heart failure (short-acting, now less used)""}]",hf_event_hr,CV-death / HF-hospitalisation HR,HR,,True,,,[],0.0,Standard of Care,,,,True,True,"[""Nausea"", ""Headache"", ""Fatigue""]","[""Muscle Pain"", ""Gastrointestinal discomfort""]","{""status"": ""unavailable"", ""missing_fields"": [""hf_event_hr""], ""issues"": [{""field"": ""hf_event_hr"", ""severity"": ""warning"", ""message"": ""Primary endpoint not in workbook — run analysis or enter manually.""}]}","{""addressable_population"": null, ""sources"": ""Not available — regional incidence not resolved""}","{""clinical"": ""Standard prescribing guides"", ""competitor"": ""Standard of Care baseline"", ""safety"": ""Clinical trial safety metadata"", ""drug_safety"": ""Product label"", ""clinical_tier"": ""tier_2"", ""competitor_tier"": ""tier_3"", ""safety_tier"": ""tier_2""}","{""global_approval"": {""agency"": ""FDA"", ""date"": ""1980s"", ""status"": ""approved""}, ""regional_status"": ""launched"", ""local_regulator"": ""CDSCO"", ""local_approval_date"": ""1980s"", ""availability_text"": ""Commercially Available (Audited)"", ""availability_color"": ""green"", ""notes"": """", ""is_available"": true}","{""IN"": 90, ""SG"": 1, ""AE"": 4}",True,"{""listed"": false, ""source_url"": ""https://nppa.gov.in/en/nlem2022"", ""retrieved_utc"": ""2026-08-04T14:32:40+00:00""}",False,2,"[{""text"": ""Hypertension"", ""raw"": ""Hypertension"", ""qualifier"": null, ""off_label"": false, ""registry_indication"": ""Hypertension"", ""category"": ""CVD"", ""mapped"": true}, {""text"": ""Heart failure"", ""raw"": ""heart failure (short-acting, now less used)"", ""qualifier"": ""short-acting, now less used"", ""off_label"": false, ""registry_indication"": ""Heart Failure"", ""category"": ""CVD"", ""mapped"": true}]",2026-08-04T15:31:12+00:00,2,0,CVD,Hypertension,Hypertension,[],"{""molecule"": ""Captopril"", ""found"": false, ""approved_in_india"": null, ""first_approval_date"": null, ""india_indications"": [], ""note"": ""Not found in the CDSCO new-drug lists. The register is thin before about 2009 and several older lists are scanned images that cannot be read, so this is not evidence the molecule is unapproved in India."", ""source_name"": ""CDSCO List of Approved New Drugs"", ""retrieved_utc"": ""2026-08-05T12:13:39+00:00""}",,,,,,,,,,,
fosinopril,Fosinopril,2026-08-04T08:32:59.585325+00:00,CVD,Oral tab,oral,chronic_ongoing,10/20 mg,Fovas,Sun,Low-cost generic — Jan Aushadhi,Widely available as low-cost generics; Pradhan Mantri Bhartiya Janaushadhi (PMBJP) offers 50–90% cheaper generics. Manufacturer PSP not typically needed.,workbook_reference_unverified,False,False,Hypertension; heart failure,ACE inhibitor,~2000,270,9.0,tab,True,Assumes once-daily dosing of one tab (30/month).,₹6–12 / tab,True,"[{""indication"": ""Hypertension; heart failure""}]",hf_event_hr,CV-death / HF-hospitalisation HR,HR,,True,,,[],0.0,Standard of Care,,,,True,True,"[""Nausea"", ""Headache"", ""Fatigue""]","[""Muscle Pain"", ""Gastrointestinal discomfort""]","{""status"": ""unavailable"", ""missing_fields"": [""hf_event_hr""], ""issues"": [{""field"": ""hf_event_hr"", ""severity"": ""warning"", ""message"": ""Primary endpoint not in workbook — run analysis or enter manually.""}]}","{""addressable_population"": null, ""sources"": ""Not available — regional incidence not resolved""}","{""clinical"": ""Standard prescribing guides"", ""competitor"": ""Standard of Care baseline"", ""safety"": ""Clinical trial safety metadata"", ""drug_safety"": ""Product label"", ""clinical_tier"": ""tier_2"", ""competitor_tier"": ""tier_3"", ""safety_tier"": ""tier_2""}","{""global_approval"": {""agency"": ""FDA"", ""date"": ""~2000"", ""status"": ""approved""}, ""regional_status"": ""launched"", ""local_regulator"": ""CDSCO"", ""local_approval_date"": ""~2000"", ""availability_text"": ""Commercially Available (Audited)"", ""availability_color"": ""green"", ""notes"": ""Less commonly used"", ""is_available"": true}","{""IN"": 270, ""SG"": 4, ""AE"": 12}",True,"{""listed"": false, ""source_url"": ""https://nppa.gov.in/en/nlem2022"", ""retrieved_utc"": ""2026-08-04T14:32:40+00:00""}",False,2,"[{""text"": ""Hypertension"", ""raw"": ""Hypertension"", ""qualifier"": null, ""off_label"": false, ""registry_indication"": ""Hypertension"", ""category"": ""CVD"", ""mapped"": true}, {""text"": ""Heart failure"", ""raw"": ""heart failure"", ""qualifier"": null, ""off_label"": false, ""registry_indication"": ""Heart Failure"", ""category"": ""CVD"", ""mapped"": true}]",2026-08-04T15:31:12+00:00,2,0,CVD,Hypertension,Hypertension,[],"{""molecule"": ""Fosinopril"", ""found"": false, ""approved_in_india"": null, ""first_approval_date"": null, ""india_indications"": [], ""note"": ""Not found in the CDSCO new-drug lists. The register is thin before about 2009 and several older lists are scanned images that cannot be read, so this is not evidence the molecule is unapproved in India."", ""source_name"": ""CDSCO List of Approved New Drugs"", ""retrieved_utc"": ""2026-08-05T12:13:39+00:00""}",,,,,,,,,,,
losartan,Losartan,2026-08-04T08:32:59.585484+00:00,CVD,Oral tab,oral,chronic_ongoing,25/50/100 mg,"Losar, Repace, Covance, Losacar","Unichem, Sun, Cipla",Low-cost generic — Jan Aushadhi,Widely available as low-cost generics; Pradhan Mantri Bhartiya Janaushadhi (PMBJP) offers 50–90% cheaper generics. Manufacturer PSP not typically needed.,workbook_reference_unverified,False,False,Hypertension; diabetic nephropathy; stroke prevention in LVH,ARB,~1998,165,5.5,tab,True,Assumes once-daily dosing of one tab (30/month).,₹3–8 / tab,True,"[{""indication"": ""Hypertension; diabetic nephropathy; stroke prevention in LVH""}]",sbp_reduction,Systolic BP Reduction,mmHg,,True,,,[],0.0,Standard of Care,,,,True,True,"[""Nausea"", ""Headache"", ""Fatigue""]","[""Muscle Pain"", ""Gastrointestinal discomfort""]","{""status"": ""unavailable"", ""missing_fields"": [""sbp_reduction""], ""issues"": [{""field"": ""sbp_reduction"", ""severity"": ""warning"", ""message"": ""Primary endpoint not in workbook — run analysis or enter manually.""}]}","{""addressable_population"": null, ""sources"": ""Not available — regional incidence not resolved""}","{""clinical"": ""Standard prescribing guides"", ""competitor"": ""Standard of Care baseline"", ""safety"": ""Clinical trial safety metadata"", ""drug_safety"": ""Product label"", ""clinical_tier"": ""tier_2"", ""competitor_tier"": ""tier_3"", ""safety_tier"": ""tier_2""}","{""global_approval"": {""agency"": ""FDA"", ""date"": ""~1998"", ""status"": ""approved""}, ""regional_status"": ""launched"", ""local_regulator"": ""CDSCO"", ""local_approval_date"": ""~1998"", ""availability_text"": ""Commercially Available (Audited)"", ""availability_color"": ""green"", ""notes"": """", ""is_available"": true}","{""IN"": 165, ""SG"": 2, ""AE"": 7}",True,"{""listed"": false, ""source_url"": ""https://nppa.gov.in/en/nlem2022"", ""retrieved_utc"": ""2026-08-04T14:32:40+00:00""}",False,3,"[{""text"": ""Hypertension"", ""raw"": ""Hypertension"", ""qualifier"": null, ""off_label"": false, ""registry_indication"": ""Hypertension"", ""category"": ""CVD"", ""mapped"": true}, {""text"": ""Diabetic nephropathy"", ""raw"": ""diabetic nephropathy"", ""qualifier"": null, ""off_label"": false, ""registry_indication"": null, ""category"": null, ""mapped"": false}, {""text"": ""Stroke prevention in LVH"", ""raw"": ""stroke prevention in LVH"", ""qualifier"": null, ""off_label"": false, ""registry_indication"": null, ""category"": null, ""mapped"": false}]",2026-08-04T15:31:12+00:00,1,0,CVD,Hypertension,Hypertension,"[""Diabetic nephropathy"", ""Stroke prevention in LVH""]","{""molecule"": ""Losartan"", ""found"": true, ""approved_in_india"": true, ""first_approval_date"": ""2009-03-16"", ""approval_day_known"": true, ""single_molecule_rows"": 0, ""combination_rows"": 1, ""only_as_combination"": true, ""india_indications"": [], ""source_name"": ""CDSCO List of Approved New Drugs"", ""source_url"": ""https://cdsco.gov.in/opencms/resources/UploadCDSCOWeb/2018/UploadApprovalNewDrugs/2009.pdf"", ""source_list"": ""LIST OF NEW DRUGS APPROVED 2009"", ""retrieved_utc"": ""2026-08-05T12:13:39+00:00""}",,,,,,,,,,,
telmisartan,Telmisartan,2026-08-04T08:32:59.585684+00:00,CVD,Oral tab,oral,chronic_ongoing,20/40/80 mg,"Telma, Telsartan, Telvas, Cresar","Glenmark, Dr Reddy's, Aristo, Cipla",Low-cost generic — Jan Aushadhi,Widely available as low-cost generics; Pradhan Mantri Bhartiya Janaushadhi (PMBJP) offers 50–90% cheaper generics. Manufacturer PSP not typically needed.,workbook_reference_unverified,False,False,Hypertension; CV-risk reduction,ARB,~2000,255,8.5,tab,True,Assumes once-daily dosing of one tab (30/month).,₹5–12 / tab,True,"[{""indication"": ""Hypertension; CV-risk reduction""}]",sbp_reduction,Systolic BP Reduction,mmHg,,True,,,[],0.0,Standard of Care,,,,True,True,"[""Nausea"", ""Headache"", ""Fatigue""]","[""Muscle Pain"", ""Gastrointestinal discomfort""]","{""status"": ""unavailable"", ""missing_fields"": [""sbp_reduction""], ""issues"": [{""field"": ""sbp_reduction"", ""severity"": ""warning"", ""message"": ""Primary endpoint not in workbook — run analysis or enter manually.""}]}","{""addressable_population"": null, ""sources"": ""Not available — regional incidence not resolved""}","{""clinical"": ""Standard prescribing guides"", ""competitor"": ""Standard of Care baseline"", ""safety"": ""Clinical trial safety metadata"", ""drug_safety"": ""Product label"", ""clinical_tier"": ""tier_2"", ""competitor_tier"": ""tier_3"", ""safety_tier"": ""tier_2""}","{""global_approval"": {""agency"": ""FDA"", ""date"": ""~2000"", ""status"": ""approved""}, ""regional_status"": ""launched"", ""local_regulator"": ""CDSCO"", ""local_approval_date"": ""~2000"", ""availability_text"": ""Commercially Available (Audited)"", ""availability_color"": ""green"", ""notes"": """", ""is_available"": true}","{""IN"": 255, ""SG"": 4, ""AE"": 11}",True,"{""listed"": false, ""source_url"": ""https://nppa.gov.in/en/nlem2022"", ""retrieved_utc"": ""2026-08-04T14:32:40+00:00""}",False,2,"[{""text"": ""Hypertension"", ""raw"": ""Hypertension"", ""qualifier"": null, ""off_label"": false, ""registry_indication"": ""Hypertension"", ""category"": ""CVD"", ""mapped"": true}, {""text"": ""CV-risk reduction"", ""raw"": ""CV-risk reduction"", ""qualifier"": null, ""off_label"": false, ""registry_indication"": null, ""category"": null, ""mapped"": false}]",2026-08-04T15:31:12+00:00,1,0,CVD,Hypertension,Hypertension,"[""CV-risk reduction""]","{""molecule"": ""Telmisartan"", ""found"": true, ""approved_in_india"": true, ""first_approval_date"": ""2009-03-31"", ""approval_day_known"": true, ""single_molecule_rows"": 0, ""combination_rows"": 4, ""only_as_combination"": true, ""india_indications"": [""For the Treatment of Essential Hypertension"", ""For the treatment of hypertension as second line therapy"", ""For the treatment of essential hypertension 141 Etodolac 300/300mg +Thiocolchicoside 4/8mg For the treatment of patients with acute painful musculoskeletal conditions 142 Celecoxib 100/200mg +Diacerein 50/50mg For the treatment of adult patients with osteoarthritis of knee and/or hip joints 143 Metoprolol succinate ER 25mg+50mg + Olmesartan 20/20mg For the treatment of essential hypertension 144 1""], ""source_name"": ""CDSCO List of Approved New Drugs"", ""source_url"": ""https://cdsco.gov.in/opencms/resources/UploadCDSCOWeb/2018/UploadApprovalNewDrugs/2009.pdf"", ""source_list"": ""LIST OF NEW DRUGS APPROVED 2009"", ""retrieved_utc"": ""2026-08-05T12:13:39+00:00""}",,,,,,,,,,,
olmesartan,Olmesartan,2026-08-04T08:32:59.585817+00:00,CVD,Oral tab,oral,chronic_ongoing,10/20/40 mg,"Olmezest, Olmat, Olmesar","Cipla, Macleods, Zydus",Low-cost generic — Jan Aushadhi,Widely available as low-cost generics; Pradhan Mantri Bhartiya Janaushadhi (PMBJP) offers 50–90% cheaper generics. Manufacturer PSP not typically needed.,workbook_reference_unverified,False,False,Hypertension,ARB,~2004,345,11.5,tab,True,Assumes once-daily dosing of one tab (30/month).,₹8–15 / tab,False,"[{""indication"": ""Hypertension""}]",sbp_reduction,Systolic BP Reduction,mmHg,,True,,,[],0.0,Standard of Care,,,,True,True,"[""Nausea"", ""Headache"", ""Fatigue""]","[""Muscle Pain"", ""Gastrointestinal discomfort""]","{""status"": ""unavailable"", ""missing_fields"": [""sbp_reduction""], ""issues"": [{""field"": ""sbp_reduction"", ""severity"": ""warning"", ""message"": ""Primary endpoint not in workbook — run analysis or enter manually.""}]}","{""addressable_population"": null, ""sources"": ""Not available — regional incidence not resolved""}","{""clinical"": ""Standard prescribing guides"", ""competitor"": ""Standard of Care baseline"", ""safety"": ""Clinical trial safety metadata"", ""drug_safety"": ""Product label"", ""clinical_tier"": ""tier_2"", ""competitor_tier"": ""tier_3"", ""safety_tier"": ""tier_2""}","{""global_approval"": {""agency"": ""FDA"", ""date"": ""~2004"", ""status"": ""approved""}, ""regional_status"": ""launched"", ""local_regulator"": ""CDSCO"", ""local_approval_date"": ""~2004"", ""availability_text"": ""Commercially Available (Audited)"", ""availability_color"": ""green"", ""notes"": """", ""is_available"": true}","{""IN"": 345, ""SG"": 5, ""AE"": 15}",True,"{""listed"": false, ""source_url"": ""https://nppa.gov.in/en/nlem2022"", ""retrieved_utc"": ""2026-08-04T14:32:40+00:00""}",False,1,"[{""text"": ""Hypertension"", ""raw"": ""Hypertension"", ""qualifier"": null, ""off_label"": false, ""registry_indication"": ""Hypertension"", ""category"": ""CVD"", ""mapped"": true}]",2026-08-04T15:31:12+00:00,1,0,CVD,Hypertension,Hypertension,[],"{""molecule"": ""Olmesartan"", ""found"": false, ""approved_in_india"": null, ""first_approval_date"": null, ""india_indications"": [], ""note"": ""Not found in the CDSCO new-drug lists. The register is thin before about 2009 and several older lists are scanned images that cannot be read, so this is not evidence the molecule is unapproved in India."", ""source_name"": ""CDSCO List of Approved New Drugs"", ""retrieved_utc"": ""2026-08-05T12:13:39+00:00""}",,,,,,,,,,,
valsartan,Valsartan,2026-08-04T08:32:59.585962+00:00,CVD,Oral tab,oral,chronic_ongoing,40/80/160/320 mg,"Valzaar, Diovan, Starval","Torrent, Novartis",Low-cost generic — Jan Aushadhi,Widely available as low-cost generics; Pradhan Mantri Bhartiya Janaushadhi (PMBJP) offers 50–90% cheaper generics. Manufacturer PSP not typically needed.,workbook_reference_unverified,False,False,Hypertension; heart failure; post-MI,ARB,~2000,390,13.0,tab,True,Assumes once-daily dosing of one tab (30/month).,₹8–18 / tab,True,"[{""indication"": ""Hypertension; heart failure; post-MI""}]",hf_event_hr,CV-death / HF-hospitalisation HR,HR,,True,,,[],0.0,Standard of Care,,,,True,True,"[""Nausea"", ""Headache"", ""Fatigue""]","[""Muscle Pain"", ""Gastrointestinal discomfort""]","{""status"": ""unavailable"", ""missing_fields"": [""hf_event_hr""], ""issues"": [{""field"": ""hf_event_hr"", ""severity"": ""warning"", ""message"": ""Primary endpoint not in workbook — run analysis or enter manually.""}]}","{""addressable_population"": null, ""sources"": ""Not available — regional incidence not resolved""}","{""clinical"": ""Standard prescribing guides"", ""competitor"": ""Standard of Care baseline"", ""safety"": ""Clinical trial safety metadata"", ""drug_safety"": ""Product label"", ""clinical_tier"": ""tier_2"", ""competitor_tier"": ""tier_3"", ""safety_tier"": ""tier_2""}","{""global_approval"": {""agency"": ""FDA"", ""date"": ""~2000"", ""status"": ""approved""}, ""regional_status"": ""launched"", ""local_regulator"": ""CDSCO"", ""local_approval_date"": ""~2000"", ""availability_text"": ""Commercially Available (Audited)"", ""availability_color"": ""green"", ""notes"": """", ""is_available"": true}","{""IN"": 390, ""SG"": 6, ""AE"": 17}",True,"{""listed"": false, ""source_url"": ""https://nppa.gov.in/en/nlem2022"", ""retrieved_utc"": ""2026-08-04T14:32:40+00:00""}",False,3,"[{""text"": ""Hypertension"", ""raw"": ""Hypertension"", ""qualifier"": null, ""off_label"": false, ""registry_indication"": ""Hypertension"", ""category"": ""CVD"", ""mapped"": true}, {""text"": ""Heart failure"", ""raw"": ""heart failure"", ""qualifier"": null, ""off_label"": false, ""registry_indication"": ""Heart Failure"", ""category"": ""CVD"", ""mapped"": true}, {""text"": ""Post-MI"", ""raw"": ""post-MI"", ""qualifier"": null, ""off_label"": false, ""registry_indication"": null, ""category"": null, ""mapped"": false}]",2026-08-04T15:31:12+00:00,2,0,CVD,Hypertension,Hypertension,"[""Post-MI""]","{""molecule"": ""Valsartan"", ""found"": true, ""approved_in_india"": true, ""first_approval_date"": ""2016-07-14"", ""approval_day_known"": true, ""single_molecule_rows"": 0, ""combination_rows"": 1, ""only_as_combination"": true, ""india_indications"": [""To reduce the risk of cardiovascular death and hospitalization for heart failure in patients with chronic heart failure (NYHA Class II-IV) and reduced ejection fraction\""""], ""source_name"": ""CDSCO List of Approved New Drugs"", ""source_url"": ""https://cdsco.gov.in/opencms/resources/UploadCDSCOWeb/2018/UploadApprovalNewDrugs/3_LIST%20OF%20NEW%20DRUG%20APPROVED%20FROM%2001-01-2016.pdf"", ""source_list"": ""LIST OF NEW DRUG APPROVED FROM 01-01-2016 to TILL DATE BY NEW DRUGS DIVISION"", ""retrieved_utc"": ""2026-08-05T12:13:39+00:00""}","{""us_initial_approval_year"": {""value"": 1998, ""source_name"": ""FDA prescribing information via DailyMed (VALSARTAN AND HYDROCHLOROTHIAZIDE TABLET, FILM COATED [SCIEGEN PHARMACEUTICALS, INC.])"", ""source_url"": ""https://dailymed.nlm.nih.gov/dailymed/drugInfo.cfm?setid=17362ff8-07bb-42c6-a100-8adb93be0348"", ""retrieved"": ""2026-08-03"", ""quote"": ""Initial U.S. Approval: 1998""}}",[],,,,,,,,,
candesartan,Candesartan,2026-08-04T08:32:59.586129+00:00,CVD,Oral tab,oral,chronic_ongoing,4/8/16 mg,"Candesar, Atacand","Ranbaxy/Sun, AstraZeneca",Low-cost generic — Jan Aushadhi,Widely available as low-cost generics; Pradhan Mantri Bhartiya Janaushadhi (PMBJP) offers 50–90% cheaper generics. Manufacturer PSP not typically needed.,workbook_reference_unverified,False,False,Hypertension; heart failure,ARB,~2002,345,11.5,tab,True,Assumes once-daily dosing of one tab (30/month).,₹8–15 / tab,True,"[{""indication"": ""Hypertension; heart failure""}]",hf_event_hr,CV-death / HF-hospitalisation HR,HR,,True,,,[],0.0,Standard of Care,,,,True,True,"[""Nausea"", ""Headache"", ""Fatigue""]","[""Muscle Pain"", ""Gastrointestinal discomfort""]","{""status"": ""unavailable"", ""missing_fields"": [""hf_event_hr""], ""issues"": [{""field"": ""hf_event_hr"", ""severity"": ""warning"", ""message"": ""Primary endpoint not in workbook — run analysis or enter manually.""}]}","{""addressable_population"": null, ""sources"": ""Not available — regional incidence not resolved""}","{""clinical"": ""Standard prescribing guides"", ""competitor"": ""Standard of Care baseline"", ""safety"": ""Clinical trial safety metadata"", ""drug_safety"": ""Product label"", ""clinical_tier"": ""tier_2"", ""competitor_tier"": ""tier_3"", ""safety_tier"": ""tier_2""}","{""global_approval"": {""agency"": ""FDA"", ""date"": ""~2002"", ""status"": ""approved""}, ""regional_status"": ""launched"", ""local_regulator"": ""CDSCO"", ""local_approval_date"": ""~2002"", ""availability_text"": ""Commercially Available (Audited)"", ""availability_color"": ""green"", ""notes"": """", ""is_available"": true}","{""IN"": 345, ""SG"": 5, ""AE"": 15}",True,"{""listed"": false, ""source_url"": ""https://nppa.gov.in/en/nlem2022"", ""retrieved_utc"": ""2026-08-04T14:32:40+00:00""}",False,2,"[{""text"": ""Hypertension"", ""raw"": ""Hypertension"", ""qualifier"": null, ""off_label"": false, ""registry_indication"": ""Hypertension"", ""category"": ""CVD"", ""mapped"": true}, {""text"": ""Heart failure"", ""raw"": ""heart failure"", ""qualifier"": null, ""off_label"": false, ""registry_indication"": ""Heart Failure"", ""category"": ""CVD"", ""mapped"": true}]",2026-08-04T15:31:12+00:00,2,0,CVD,Hypertension,Hypertension,[],"{""molecule"": ""Candesartan"", ""found"": false, ""approved_in_india"": null, ""first_approval_date"": null, ""india_indications"": [], ""note"": ""Not found in the CDSCO new-drug lists. The register is thin before about 2009 and several older lists are scanned images that cannot be read, so this is not evidence the molecule is unapproved in India."", ""source_name"": ""CDSCO List of Approved New Drugs"", ""retrieved_utc"": ""2026-08-05T12:13:39+00:00""}",,,,,,,,,,,
irbesartan,Irbesartan,2026-08-04T08:32:59.586275+00:00,CVD,Oral tab,oral,chronic_ongoing,150/300 mg,"Xarb, Irovel",Sun,Low-cost generic — Jan Aushadhi,Widely available as low-cost generics; Pradhan Mantri Bhartiya Janaushadhi (PMBJP) offers 50–90% cheaper generics. Manufacturer PSP not typically needed.,workbook_reference_unverified,False,False,Hypertension; diabetic nephropathy,ARB,~2002,420,14.0,tab,True,Assumes once-daily dosing of one tab (30/month).,₹10–18 / tab,True,"[{""indication"": ""Hypertension; diabetic nephropathy""}]",sbp_reduction,Systolic BP Reduction,mmHg,,True,,,[],0.0,Standard of Care,,,,True,True,"[""Nausea"", ""Headache"", ""Fatigue""]","[""Muscle Pain"", ""Gastrointestinal discomfort""]","{""status"": ""unavailable"", ""missing_fields"": [""sbp_reduction""], ""issues"": [{""field"": ""sbp_reduction"", ""severity"": ""warning"", ""message"": ""Primary endpoint not in workbook — run analysis or enter manually.""}]}","{""addressable_population"": null, ""sources"": ""Not available — regional incidence not resolved""}","{""clinical"": ""Standard prescribing guides"", ""competitor"": ""Standard of Care baseline"", ""safety"": ""Clinical trial safety metadata"", ""drug_safety"": ""Product label"", ""clinical_tier"": ""tier_2"", ""competitor_tier"": ""tier_3"", ""safety_tier"": ""tier_2""}","{""global_approval"": {""agency"": ""FDA"", ""date"": ""~2002"", ""status"": ""approved""}, ""regional_status"": ""launched"", ""local_regulator"": ""CDSCO"", ""local_approval_date"": ""~2002"", ""availability_text"": ""Commercially Available (Audited)"", ""availability_color"": ""green"", ""notes"": """", ""is_available"": true}","{""IN"": 420, ""SG"": 7, ""AE"": 19}",True,"{""listed"": false, ""source_url"": ""https://nppa.gov.in/en/nlem2022"", ""retrieved_utc"": ""2026-08-04T14:32:40+00:00""}",False,2,"[{""text"": ""Hypertension"", ""raw"": ""Hypertension"", ""qualifier"": null, ""off_label"": false, ""registry_indication"": ""Hypertension"", ""category"": ""CVD"", ""mapped"": true}, {""text"": ""Diabetic nephropathy"", ""raw"": ""diabetic nephropathy"", ""qualifier"": null, ""off_label"": false, ""registry_indication"": null, ""category"": null, ""mapped"": false}]",2026-08-04T15:31:12+00:00,1,0,CVD,Hypertension,Hypertension,"[""Diabetic nephropathy""]","{""molecule"": ""Irbesartan"", ""found"": false, ""approved_in_india"": null, ""first_approval_date"": null, ""india_indications"": [], ""note"": ""Not found in the CDSCO new-drug lists. The register is thin before about 2009 and several older lists are scanned images that cannot be read, so this is not evidence the molecule is unapproved in India."", ""source_name"": ""CDSCO List of Approved New Drugs"", ""retrieved_utc"": ""2026-08-05T12:13:39+00:00""}",,,,,,,,,,,
azilsartan-medoxomil,Azilsartan medoxomil,2026-08-04T08:32:59.586430+00:00,CVD,Oral tab,oral,chronic_ongoing,20/40/80 mg,"Azilva, Aziliva",Torrent,Low-cost generic — Jan Aushadhi,Widely available as low-cost generics; Pradhan Mantri Bhartiya Janaushadhi (PMBJP) offers 50–90% cheaper generics. Manufacturer PSP not typically needed.,workbook_reference_unverified,False,False,"Hypertension (potent, long-acting)",ARB,~2015,480,16.0,tab,True,Assumes once-daily dosing of one tab (30/month).,₹12–20 / tab,False,"[{""indication"": ""Hypertension (potent, long-acting)""}]",sbp_reduction,Systolic BP Reduction,mmHg,,True,,,[],0.0,Standard of Care,,,,True,True,"[""Nausea"", ""Headache"", ""Fatigue""]","[""Muscle Pain"", ""Gastrointestinal discomfort""]","{""status"": ""unavailable"", ""missing_fields"": [""sbp_reduction""], ""issues"": [{""field"": ""sbp_reduction"", ""severity"": ""warning"", ""message"": ""Primary endpoint not in workbook — run analysis or enter manually.""}]}","{""addressable_population"": null, ""sources"": ""Not available — regional incidence not resolved""}","{""clinical"": ""Standard prescribing guides"", ""competitor"": ""Standard of Care baseline"", ""safety"": ""Clinical trial safety metadata"", ""drug_safety"": ""Product label"", ""clinical_tier"": ""tier_2"", ""competitor_tier"": ""tier_3"", ""safety_tier"": ""tier_2""}","{""global_approval"": {""agency"": ""FDA"", ""date"": ""~2015"", ""status"": ""approved""}, ""regional_status"": ""launched"", ""local_regulator"": ""CDSCO"", ""local_approval_date"": ""~2015"", ""availability_text"": ""Commercially Available (Audited)"", ""availability_color"": ""green"", ""notes"": """", ""is_available"": true}","{""IN"": 480, ""SG"": 8, ""AE"": 21}",True,"{""listed"": false, ""source_url"": ""https://nppa.gov.in/en/nlem2022"", ""retrieved_utc"": ""2026-08-04T14:32:40+00:00""}",False,1,"[{""text"": ""Hypertension"", ""raw"": ""Hypertension (potent, long-acting)"", ""qualifier"": ""potent, long-acting"", ""off_label"": false, ""registry_indication"": ""Hypertension"", ""category"": ""CVD"", ""mapped"": true}]",2026-08-04T15:31:12+00:00,1,0,CVD,Hypertension,Hypertension,[],"{""molecule"": ""Azilsartan medoxomil"", ""found"": true, ""approved_in_india"": true, ""first_approval_date"": ""2016-12-09"", ""approval_day_known"": true, ""single_molecule_rows"": 0, ""combination_rows"": 1, ""only_as_combination"": true, ""india_indications"": [""Indicated for the treatment of hypertension in adults patients, either alone or in combination with other antihypertensive agents\""""], ""source_name"": ""CDSCO List of Approved New Drugs"", ""source_url"": ""https://cdsco.gov.in/opencms/resources/UploadCDSCOWeb/2018/UploadApprovalNewDrugs/3_LIST%20OF%20NEW%20DRUG%20APPROVED%20FROM%2001-01-2016.pdf"", ""source_list"": ""LIST OF NEW DRUG APPROVED FROM 01-01-2016 to TILL DATE BY NEW DRUGS DIVISION"", ""retrieved_utc"": ""2026-08-05T12:13:39+00:00""}",,,,,,,,,,,
sacubitril-valsartan,Sacubitril + Valsartan,2026-08-04T08:32:59.586594+00:00,CVD,Oral tab,oral,chronic_ongoing,50/100/200 mg,"Vymada, Azmarda","Novartis, Cipla",Manufacturer HF adherence PSP,"Novartis/Cipla 'Vymada/Azmarda' heart-failure adherence & counselling programs, where available.",workbook_reference_unverified,False,False,HFrEF; HFpEF; hypertension,ARNI,2018,1575,52.5,tab,True,Assumes once-daily dosing of one tab (30/month).,₹35–70 / tab,True,"[{""indication"": ""HFrEF; HFpEF; hypertension""}]",sbp_reduction,Systolic BP Reduction,mmHg,,True,,,[],0.0,Standard of Care,,,,True,True,"[""Nausea"", ""Headache"", ""Fatigue""]","[""Muscle Pain"", ""Gastrointestinal discomfort""]","{""status"": ""unavailable"", ""missing_fields"": [""sbp_reduction""], ""issues"": [{""field"": ""sbp_reduction"", ""severity"": ""warning"", ""message"": ""Primary endpoint not in workbook — run analysis or enter manually.""}]}","{""addressable_population"": null, ""sources"": ""Not available — regional incidence not resolved""}","{""clinical"": ""Standard prescribing guides"", ""competitor"": ""Standard of Care baseline"", ""safety"": ""Clinical trial safety metadata"", ""drug_safety"": ""Product label"", ""clinical_tier"": ""tier_2"", ""competitor_tier"": ""tier_3"", ""safety_tier"": ""tier_2""}","{""global_approval"": {""agency"": ""FDA"", ""date"": ""2018"", ""status"": ""approved""}, ""regional_status"": ""launched"", ""local_regulator"": ""CDSCO"", ""local_approval_date"": ""2018"", ""availability_text"": ""Commercially Available (Audited)"", ""availability_color"": ""green"", ""notes"": ""Angiotensin receptor–neprilysin inhibitor"", ""is_available"": true}","{""IN"": 1575, ""SG"": 26, ""AE"": 71}",False,"{""listed"": false, ""source_url"": ""https://nppa.gov.in/en/nlem2022"", ""retrieved_utc"": ""2026-08-04T14:32:40+00:00""}",False,3,"[{""text"": ""HFrEF"", ""raw"": ""HFrEF"", ""qualifier"": null, ""off_label"": false, ""registry_indication"": ""Heart Failure"", ""category"": ""CVD"", ""mapped"": true}, {""text"": ""HFpEF"", ""raw"": ""HFpEF"", ""qualifier"": null, ""off_label"": false, ""registry_indication"": ""Heart Failure"", ""category"": ""CVD"", ""mapped"": true}, {""text"": ""Hypertension"", ""raw"": ""hypertension"", ""qualifier"": null, ""off_label"": false, ""registry_indication"": ""Hypertension"", ""category"": ""CVD"", ""mapped"": true}]",2026-08-04T15:31:12+00:00,3,0,CVD,HFrEF,Heart Failure,[],"{""molecule"": ""Sacubitril + Valsartan"", ""found"": false, ""approved_in_india"": null, ""first_approval_date"": null, ""india_indications"": [], ""note"": ""Not found in the CDSCO new-drug lists. The register is thin before about 2009 and several older lists are scanned images that cannot be read, so this is not evidence the molecule is unapproved in India."", ""source_name"": ""CDSCO List of Approved New Drugs"", ""retrieved_utc"": ""2026-08-05T12:13:39+00:00""}","{""us_initial_approval_year"": {""value"": 2015, ""source_name"": ""FDA prescribing information via DailyMed (ENTRESTO (SACUBITRIL AND VALSARTAN) TABLET, FILM COATED ENTRESTO (SACUBITRIL AND VALSARTAN) PELLET [NOVARTIS PHARMACEUTICALS CORPORATION])"", ""source_url"": ""https://dailymed.nlm.nih.gov/dailymed/drugInfo.cfm?setid=000dc81d-ab91-450c-8eae-8eb74e72296f"", ""retrieved"": ""2026-08-03"", ""quote"": ""Initial U.S. Approval: 2015""}, ""recommended_dosage"": {""value"": ""The recommended starting dosage for adults is 49 mg/51 mg orally twice daily."", ""source_name"": ""FDA prescribing information via DailyMed (ENTRESTO (SACUBITRIL AND VALSARTAN) TABLET, FILM COATED ENTRESTO (SACUBITRIL AND VALSARTAN) PELLET [NOVARTIS PHARMACEUTICALS CORPORATION])"", ""source_url"": ""https://dailymed.nlm.nih.gov/dailymed/drugInfo.cfm?setid=000dc81d-ab91-450c-8eae-8eb74e72296f"", ""retrieved"": ""2026-08-03"", ""quote"": ""The recommended starting dosage for adults is 49 mg/51 mg orally twice daily.""}}",[],,,,,,,,,
amlodipine,Amlodipine,2026-08-04T08:32:59.586761+00:00,CVD,Oral tab,oral,chronic_ongoing,2.5/5/10 mg,"Amlopres, Amlong, Amlokind, Stamlo","Cipla, Micro Labs, Mankind, Dr Reddy's",Low-cost generic — Jan Aushadhi,Widely available as low-cost generics; Pradhan Mantri Bhartiya Janaushadhi (PMBJP) offers 50–90% cheaper generics. Manufacturer PSP not typically needed.,workbook_reference_unverified,False,False,Hypertension; chronic stable & vasospastic angina,CCB (dihydropyridine),~1995,90,3.0,tab,True,Assumes once-daily dosing of one tab (30/month).,₹1–5 / tab,True,"[{""indication"": ""Hypertension; chronic stable & vasospastic angina""}]",sbp_reduction,Systolic BP Reduction,mmHg,,True,,,[],0.0,Standard of Care,,,,True,True,"[""Nausea"", ""Headache"", ""Fatigue""]","[""Muscle Pain"", ""Gastrointestinal discomfort""]","{""status"": ""unavailable"", ""missing_fields"": [""sbp_reduction""], ""issues"": [{""field"": ""sbp_reduction"", ""severity"": ""warning"", ""message"": ""Primary endpoint not in workbook — run analysis or enter manually.""}]}","{""addressable_population"": null, ""sources"": ""Not available — regional incidence not resolved""}","{""clinical"": ""Standard prescribing guides"", ""competitor"": ""Standard of Care baseline"", ""safety"": ""Clinical trial safety metadata"", ""drug_safety"": ""Product label"", ""clinical_tier"": ""tier_2"", ""competitor_tier"": ""tier_3"", ""safety_tier"": ""tier_2""}","{""global_approval"": {""agency"": ""FDA"", ""date"": ""~1995"", ""status"": ""approved""}, ""regional_status"": ""launched"", ""local_regulator"": ""CDSCO"", ""local_approval_date"": ""~1995"", ""availability_text"": ""Commercially Available (Audited)"", ""availability_color"": ""green"", ""notes"": """", ""is_available"": true}","{""IN"": 90, ""SG"": 1, ""AE"": 4}",True,"{""listed"": false, ""source_url"": ""https://nppa.gov.in/en/nlem2022"", ""retrieved_utc"": ""2026-08-04T14:32:40+00:00""}",False,2,"[{""text"": ""Hypertension"", ""raw"": ""Hypertension"", ""qualifier"": null, ""off_label"": false, ""registry_indication"": ""Hypertension"", ""category"": ""CVD"", ""mapped"": true}, {""text"": ""Chronic stable & vasospastic angina"", ""raw"": ""chronic stable & vasospastic angina"", ""qualifier"": null, ""off_label"": false, ""registry_indication"": ""Chronic Stable Angina"", ""category"": ""CVD"", ""mapped"": true}]",2026-08-04T15:31:12+00:00,2,0,CVD,Hypertension,Hypertension,[],"{""molecule"": ""Amlodipine"", ""found"": true, ""approved_in_india"": true, ""first_approval_date"": ""2009-03-31"", ""approval_day_known"": true, ""single_molecule_rows"": 0, ""combination_rows"": 5, ""only_as_combination"": true, ""india_indications"": [""For the Treatment of Essential Hypertension"", ""For the treatment of mild to moderate Hypertension"", ""For the treatment of mild to moderate hypertension"", ""To reduce of fatal coronary heart disease and non-fatal myocardial infarction, and to reduce the risk of stroke. 2. To reduce the risk of coronary revascularization procedures and the need for hospitalization due to angina in patients with coronary artery disease""], ""source_name"": ""CDSCO List of Approved New Drugs"", ""source_url"": ""https://cdsco.gov.in/opencms/resources/UploadCDSCOWeb/2018/UploadApprovalNewDrugs/2009.pdf"", ""source_list"": ""LIST OF NEW DRUGS APPROVED 2009"", ""retrieved_utc"": ""2026-08-05T12:13:39+00:00""}",,,,,,,,,,,
s-levamlodipine,S-/Levamlodipine,2026-08-04T08:32:59.586909+00:00,CVD,Oral tab,oral,chronic_ongoing,2.5/5 mg,"Asomex, S-Numlo, Esam","Emcure, Dr Reddy's",Low-cost generic — Jan Aushadhi,Widely available as low-cost generics; Pradhan Mantri Bhartiya Janaushadhi (PMBJP) offers 50–90% cheaper generics. Manufacturer PSP not typically needed.,workbook_reference_unverified,False,False,Hypertension (less pedal edema than racemate),CCB (dihydropyridine),~2005,180,6.0,tab,True,Assumes once-daily dosing of one tab (30/month).,₹4–8 / tab,False,"[{""indication"": ""Hypertension (less pedal edema than racemate)""}]",sbp_reduction,Systolic BP Reduction,mmHg,,True,,,[],0.0,Standard of Care,,,,True,True,"[""Nausea"", ""Headache"", ""Fatigue""]","[""Muscle Pain"", ""Gastrointestinal discomfort""]","{""status"": ""unavailable"", ""missing_fields"": [""sbp_reduction""], ""issues"": [{""field"": ""sbp_reduction"", ""severity"": ""warning"", ""message"": ""Primary endpoint not in workbook — run analysis or enter manually.""}]}","{""addressable_population"": null, ""sources"": ""Not available — regional incidence not resolved""}","{""clinical"": ""Standard prescribing guides"", ""competitor"": ""Standard of Care baseline"", ""safety"": ""Clinical trial safety metadata"", ""drug_safety"": ""Product label"", ""clinical_tier"": ""tier_2"", ""competitor_tier"": ""tier_3"", ""safety_tier"": ""tier_2""}","{""global_approval"": {""agency"": ""FDA"", ""date"": ""~2005"", ""status"": ""approved""}, ""regional_status"": ""launched"", ""local_regulator"": ""CDSCO"", ""local_approval_date"": ""~2005"", ""availability_text"": ""Commercially Available (Audited)"", ""availability_color"": ""green"", ""notes"": """", ""is_available"": true}","{""IN"": 180, ""SG"": 3, ""AE"": 8}",True,"{""listed"": false, ""source_url"": ""https://nppa.gov.in/en/nlem2022"", ""retrieved_utc"": ""2026-08-04T14:32:40+00:00""}",False,1,"[{""text"": ""Hypertension"", ""raw"": ""Hypertension (less pedal edema than racemate)"", ""qualifier"": ""less pedal edema than racemate"", ""off_label"": false, ""registry_indication"": ""Hypertension"", ""category"": ""CVD"", ""mapped"": true}]",2026-08-04T15:31:12+00:00,1,0,CVD,Hypertension,Hypertension,[],"{""molecule"": ""S-/Levamlodipine"", ""found"": false, ""approved_in_india"": null, ""first_approval_date"": null, ""india_indications"": [], ""note"": ""Not found in the CDSCO new-drug lists. The register is thin before about 2009 and several older lists are scanned images that cannot be read, so this is not evidence the molecule is unapproved in India."", ""source_name"": ""CDSCO List of Approved New Drugs"", ""retrieved_utc"": ""2026-08-05T12:13:39+00:00""}",,,,,,,,,,,
cilnidipine,Cilnidipine,2026-08-04T08:32:59.587059+00:00,CVD,Oral tab,oral,chronic_ongoing,5/10/20 mg,"Cilacar, Nexovas","JB Chemicals, Lupin",Low-cost generic — Jan Aushadhi,Widely available as low-cost generics; Pradhan Mantri Bhartiya Janaushadhi (PMBJP) offers 50–90% cheaper generics. Manufacturer PSP not typically needed.,workbook_reference_unverified,False,False,"Hypertension (L/N-type; less edema, reno-protective)",CCB (dihydropyridine),~2008,300,10.0,tab,True,Assumes once-daily dosing of one tab (30/month).,₹6–14 / tab,True,"[{""indication"": ""Hypertension (L/N-type; less edema, reno-protective)""}]",sbp_reduction,Systolic BP Reduction,mmHg,,True,,,[],0.0,Standard of Care,,,,True,True,"[""Nausea"", ""Headache"", ""Fatigue""]","[""Muscle Pain"", ""Gastrointestinal discomfort""]","{""status"": ""unavailable"", ""missing_fields"": [""sbp_reduction""], ""issues"": [{""field"": ""sbp_reduction"", ""severity"": ""warning"", ""message"": ""Primary endpoint not in workbook — run analysis or enter manually.""}]}","{""addressable_population"": null, ""sources"": ""Not available — regional incidence not resolved""}","{""clinical"": ""Standard prescribing guides"", ""competitor"": ""Standard of Care baseline"", ""safety"": ""Clinical trial safety metadata"", ""drug_safety"": ""Product label"", ""clinical_tier"": ""tier_2"", ""competitor_tier"": ""tier_3"", ""safety_tier"": ""tier_2""}","{""global_approval"": {""agency"": ""FDA"", ""date"": ""~2008"", ""status"": ""approved""}, ""regional_status"": ""launched"", ""local_regulator"": ""CDSCO"", ""local_approval_date"": ""~2008"", ""availability_text"": ""Commercially Available (Audited)"", ""availability_color"": ""green"", ""notes"": """", ""is_available"": true}","{""IN"": 300, ""SG"": 5, ""AE"": 13}",True,"{""listed"": false, ""source_url"": ""https://nppa.gov.in/en/nlem2022"", ""retrieved_utc"": ""2026-08-04T14:32:40+00:00""}",False,2,"[{""text"": ""Hypertension (L/N-type"", ""raw"": ""Hypertension (L/N-type"", ""qualifier"": null, ""off_label"": false, ""registry_indication"": ""Hypertension"", ""category"": ""CVD"", ""mapped"": true}, {""text"": ""Less edema, reno-protective)"", ""raw"": ""less edema, reno-protective)"", ""qualifier"": null, ""off_label"": false, ""registry_indication"": null, ""category"": null, ""mapped"": false}]",2026-08-04T15:31:12+00:00,1,0,CVD,Hypertension (L/N-type,Hypertension,"[""Less edema, reno-protective)""]","{""molecule"": ""Cilnidipine"", ""found"": false, ""approved_in_india"": null, ""first_approval_date"": null, ""india_indications"": [], ""note"": ""Not found in the CDSCO new-drug lists. The register is thin before about 2009 and several older lists are scanned images that cannot be read, so this is not evidence the molecule is unapproved in India."", ""source_name"": ""CDSCO List of Approved New Drugs"", ""retrieved_utc"": ""2026-08-05T12:13:39+00:00""}",,,,,,,,,,,
nifedipine,Nifedipine,2026-08-04T08:32:59.587207+00:00,CVD,Oral tab/retard,oral,chronic_ongoing,5/10/20 mg,"Depin, Nicardia, Calcigard","Zydus, JB, Torrent",Low-cost generic — Jan Aushadhi,Widely available as low-cost generics; Pradhan Mantri Bhartiya Janaushadhi (PMBJP) offers 50–90% cheaper generics. Manufacturer PSP not typically needed.,workbook_reference_unverified,False,False,Hypertension; angina; Raynaud; off-label tocolysis,CCB (dihydropyridine),1980s,120,4.0,tab,True,Assumes once-daily dosing of one tab (30/month).,₹2–6 / tab,True,"[{""indication"": ""Hypertension; angina; Raynaud; off-label tocolysis""}]",sbp_reduction,Systolic BP Reduction,mmHg,,True,,,[],0.0,Standard of Care,,,,True,True,"[""Nausea"", ""Headache"", ""Fatigue""]","[""Muscle Pain"", ""Gastrointestinal discomfort""]","{""status"": ""unavailable"", ""missing_fields"": [""sbp_reduction""], ""issues"": [{""field"": ""sbp_reduction"", ""severity"": ""warning"", ""message"": ""Primary endpoint not in workbook — run analysis or enter manually.""}]}","{""addressable_population"": null, ""sources"": ""Not available — regional incidence not resolved""}","{""clinical"": ""Standard prescribing guides"", ""competitor"": ""Standard of Care baseline"", ""safety"": ""Clinical trial safety metadata"", ""drug_safety"": ""Product label"", ""clinical_tier"": ""tier_2"", ""competitor_tier"": ""tier_3"", ""safety_tier"": ""tier_2""}","{""global_approval"": {""agency"": ""FDA"", ""date"": ""1980s"", ""status"": ""approved""}, ""regional_status"": ""launched"", ""local_regulator"": ""CDSCO"", ""local_approval_date"": ""1980s"", ""availability_text"": ""Commercially Available (Audited)"", ""availability_color"": ""green"", ""notes"": """", ""is_available"": true}","{""IN"": 120, ""SG"": 2, ""AE"": 5}",True,"{""listed"": true, ""section"": ""22.2.2"", ""care_levels"": [""Secondary"", ""Tertiary""], ""matched_as"": ""Nifedipine"", ""source_url"": ""https://nppa.gov.in/en/nlem2022"", ""retrieved_utc"": ""2026-08-04T14:32:40+00:00""}",True,4,"[{""text"": ""Hypertension"", ""raw"": ""Hypertension"", ""qualifier"": null, ""off_label"": false, ""registry_indication"": ""Hypertension"", ""category"": ""CVD"", ""mapped"": true}, {""text"": ""Angina"", ""raw"": ""angina"", ""qualifier"": null, ""off_label"": false, ""registry_indication"": ""Chronic Stable Angina"", ""category"": ""CVD"", ""mapped"": true}, {""text"": ""Raynaud"", ""raw"": ""Raynaud"", ""qualifier"": null, ""off_label"": false, ""registry_indication"": null, ""category"": null, ""mapped"": false}, {""text"": ""Tocolysis"", ""raw"": ""off-label tocolysis"", ""qualifier"": null, ""off_label"": true, ""registry_indication"": ""Preterm Labour (Tocolysis)"", ""category"": ""Women's Health"", ""mapped"": true}]",2026-08-04T15:31:12+00:00,3,1,CVD,Hypertension,Hypertension,"[""Raynaud""]","{""molecule"": ""Nifedipine"", ""found"": true, ""approved_in_india"": true, ""first_approval_date"": ""2009-02-26"", ""approval_day_known"": true, ""single_molecule_rows"": 0, ""combination_rows"": 1, ""only_as_combination"": true, ""india_indications"": [""For the treatment of anal fissures""], ""source_name"": ""CDSCO List of Approved New Drugs"", ""source_url"": ""https://cdsco.gov.in/opencms/resources/UploadCDSCOWeb/2018/UploadApprovalNewDrugs/2009.pdf"", ""source_list"": ""LIST OF NEW DRUGS APPROVED 2009"", ""retrieved_utc"": ""2026-08-05T12:13:39+00:00""}",,,,,,,,,,,
felodipine,Felodipine,2026-08-04T08:32:59.587333+00:00,CVD,Oral ER tab,oral,chronic_ongoing,2.5/5/10 mg,"Plendil, Felogard",AstraZeneca,Low-cost generic — Jan Aushadhi,Widely available as low-cost generics; Pradhan Mantri Bhartiya Janaushadhi (PMBJP) offers 50–90% cheaper generics. Manufacturer PSP not typically needed.,workbook_reference_unverified,False,False,Hypertension,CCB (dihydropyridine),~2000,225,7.5,tab,True,Assumes once-daily dosing of one tab (30/month).,₹5–10 / tab,False,"[{""indication"": ""Hypertension""}]",sbp_reduction,Systolic BP Reduction,mmHg,,True,,,[],0.0,Standard of Care,,,,True,True,"[""Nausea"", ""Headache"", ""Fatigue""]","[""Muscle Pain"", ""Gastrointestinal discomfort""]","{""status"": ""unavailable"", ""missing_fields"": [""sbp_reduction""], ""issues"": [{""field"": ""sbp_reduction"", ""severity"": ""warning"", ""message"": ""Primary endpoint not in workbook — run analysis or enter manually.""}]}","{""addressable_population"": null, ""sources"": ""Not available — regional incidence not resolved""}","{""clinical"": ""Standard prescribing guides"", ""competitor"": ""Standard of Care baseline"", ""safety"": ""Clinical trial safety metadata"", ""drug_safety"": ""Product label"", ""clinical_tier"": ""tier_2"", ""competitor_tier"": ""tier_3"", ""safety_tier"": ""tier_2""}","{""global_approval"": {""agency"": ""FDA"", ""date"": ""~2000"", ""status"": ""approved""}, ""regional_status"": ""launched"", ""local_regulator"": ""CDSCO"", ""local_approval_date"": ""~2000"", ""availability_text"": ""Commercially Available (Audited)"", ""availability_color"": ""green"", ""notes"": """", ""is_available"": true}","{""IN"": 225, ""SG"": 3, ""AE"": 10}",True,"{""listed"": false, ""source_url"": ""https://nppa.gov.in/en/nlem2022"", ""retrieved_utc"": ""2026-08-04T14:32:40+00:00""}",False,1,"[{""text"": ""Hypertension"", ""raw"": ""Hypertension"", ""qualifier"": null, ""off_label"": false, ""registry_indication"": ""Hypertension"", ""category"": ""CVD"", ""mapped"": true}]",2026-08-04T15:31:12+00:00,1,0,CVD,Hypertension,Hypertension,[],"{""molecule"": ""Felodipine"", ""found"": false, ""approved_in_india"": null, ""first_approval_date"": null, ""india_indications"": [], ""note"": ""Not found in the CDSCO new-drug lists. The register is thin before about 2009 and several older lists are scanned images that cannot be read, so this is not evidence the molecule is unapproved in India."", ""source_name"": ""CDSCO List of Approved New Drugs"", ""retrieved_utc"": ""2026-08-05T12:13:39+00:00""}",,,,,,,,,,,
benidipine,Benidipine,2026-08-04T08:32:59.587461+00:00,CVD,Oral tab,oral,chronic_ongoing,4/8 mg,"Caribel, Benipine",Zuventus,Low-cost generic — Jan Aushadhi,Widely available as low-cost generics; Pradhan Mantri Bhartiya Janaushadhi (PMBJP) offers 50–90% cheaper generics. Manufacturer PSP not typically needed.,workbook_reference_unverified,False,False,Hypertension,CCB (dihydropyridine),~2010,345,11.5,tab,True,Assumes once-daily dosing of one tab (30/month).,₹8–15 / tab,False,"[{""indication"": ""Hypertension""}]",sbp_reduction,Systolic BP Reduction,mmHg,,True,,,[],0.0,Standard of Care,,,,True,True,"[""Nausea"", ""Headache"", ""Fatigue""]","[""Muscle Pain"", ""Gastrointestinal discomfort""]","{""status"": ""unavailable"", ""missing_fields"": [""sbp_reduction""], ""issues"": [{""field"": ""sbp_reduction"", ""severity"": ""warning"", ""message"": ""Primary endpoint not in workbook — run analysis or enter manually.""}]}","{""addressable_population"": null, ""sources"": ""Not available — regional incidence not resolved""}","{""clinical"": ""Standard prescribing guides"", ""competitor"": ""Standard of Care baseline"", ""safety"": ""Clinical trial safety metadata"", ""drug_safety"": ""Product label"", ""clinical_tier"": ""tier_2"", ""competitor_tier"": ""tier_3"", ""safety_tier"": ""tier_2""}","{""global_approval"": {""agency"": ""FDA"", ""date"": ""~2010"", ""status"": ""approved""}, ""regional_status"": ""launched"", ""local_regulator"": ""CDSCO"", ""local_approval_date"": ""~2010"", ""availability_text"": ""Commercially Available (Audited)"", ""availability_color"": ""green"", ""notes"": """", ""is_available"": true}","{""IN"": 345, ""SG"": 5, ""AE"": 15}",True,"{""listed"": false, ""source_url"": ""https://nppa.gov.in/en/nlem2022"", ""retrieved_utc"": ""2026-08-04T14:32:40+00:00""}",False,1,"[{""text"": ""Hypertension"", ""raw"": ""Hypertension"", ""qualifier"": null, ""off_label"": false, ""registry_indication"": ""Hypertension"", ""category"": ""CVD"", ""mapped"": true}]",2026-08-04T15:31:12+00:00,1,0,CVD,Hypertension,Hypertension,[],"{""molecule"": ""Benidipine"", ""found"": false, ""approved_in_india"": null, ""first_approval_date"": null, ""india_indications"": [], ""note"": ""Not found in the CDSCO new-drug lists. The register is thin before about 2009 and several older lists are scanned images that cannot be read, so this is not evidence the molecule is unapproved in India."", ""source_name"": ""CDSCO List of Approved New Drugs"", ""retrieved_utc"": ""2026-08-05T12:13:39+00:00""}",,,,,,,,,,,
lercanidipine,Lercanidipine,2026-08-04T08:32:59.587587+00:00,CVD,Oral tab,oral,chronic_ongoing,10/20 mg,"Lervasc, Lerez",Various,Low-cost generic — Jan Aushadhi,Widely available as low-cost generics; Pradhan Mantri Bhartiya Janaushadhi (PMBJP) offers 50–90% cheaper generics. Manufacturer PSP not typically needed.,workbook_reference_unverified,False,False,Hypertension,CCB (dihydropyridine),~2008,270,9.0,tab,True,Assumes once-daily dosing of one tab (30/month).,₹6–12 / tab,False,"[{""indication"": ""Hypertension""}]",sbp_reduction,Systolic BP Reduction,mmHg,,True,,,[],0.0,Standard of Care,,,,True,True,"[""Nausea"", ""Headache"", ""Fatigue""]","[""Muscle Pain"", ""Gastrointestinal discomfort""]","{""status"": ""unavailable"", ""missing_fields"": [""sbp_reduction""], ""issues"": [{""field"": ""sbp_reduction"", ""severity"": ""warning"", ""message"": ""Primary endpoint not in workbook — run analysis or enter manually.""}]}","{""addressable_population"": null, ""sources"": ""Not available — regional incidence not resolved""}","{""clinical"": ""Standard prescribing guides"", ""competitor"": ""Standard of Care baseline"", ""safety"": ""Clinical trial safety metadata"", ""drug_safety"": ""Product label"", ""clinical_tier"": ""tier_2"", ""competitor_tier"": ""tier_3"", ""safety_tier"": ""tier_2""}","{""global_approval"": {""agency"": ""FDA"", ""date"": ""~2008"", ""status"": ""approved""}, ""regional_status"": ""launched"", ""local_regulator"": ""CDSCO"", ""local_approval_date"": ""~2008"", ""availability_text"": ""Commercially Available (Audited)"", ""availability_color"": ""green"", ""notes"": """", ""is_available"": true}","{""IN"": 270, ""SG"": 4, ""AE"": 12}",True,"{""listed"": false, ""source_url"": ""https://nppa.gov.in/en/nlem2022"", ""retrieved_utc"": ""2026-08-04T14:32:40+00:00""}",False,1,"[{""text"": ""Hypertension"", ""raw"": ""Hypertension"", ""qualifier"": null, ""off_label"": false, ""registry_indication"": ""Hypertension"", ""category"": ""CVD"", ""mapped"": true}]",2026-08-04T15:31:12+00:00,1,0,CVD,Hypertension,Hypertension,[],"{""molecule"": ""Lercanidipine"", ""found"": false, ""approved_in_india"": null, ""first_approval_date"": null, ""india_indications"": [], ""note"": ""Not found in the CDSCO new-drug lists. The register is thin before about 2009 and several older lists are scanned images that cannot be read, so this is not evidence the molecule is unapproved in India."", ""source_name"": ""CDSCO List of Approved New Drugs"", ""retrieved_utc"": ""2026-08-05T12:13:39+00:00""}",,,,,,,,,,,
nimodipine,Nimodipine,2026-08-04T08:32:59.587759+00:00,CVD,Oral/IV,oral,fixed_course,30 mg tab,"Nimodip, Nimocer",Various,Generics + optional adherence PSP,Affordable branded generics widely available; innovator brands may offer counselling/adherence support via the prescriber. Jan Aushadhi generics available for older molecules.,workbook_reference_unverified,False,False,Prevention of vasospasm after subarachnoid hemorrhage,CCB (dihydropyridine),~2000,675,22.5,tab,True,Assumes once-daily dosing of one tab (30/month).,₹15–30 / tab,False,"[{""indication"": ""Prevention of vasospasm after subarachnoid hemorrhage""}]",favourable_outcome,Favourable Neurological Outcome,%,,True,,,[],0.0,Standard of Care,,,,True,True,"[""Nausea"", ""Headache"", ""Fatigue""]","[""Muscle Pain"", ""Gastrointestinal discomfort""]","{""status"": ""unavailable"", ""missing_fields"": [""favourable_outcome""], ""issues"": [{""field"": ""favourable_outcome"", ""severity"": ""warning"", ""message"": ""Primary endpoint not in workbook — run analysis or enter manually.""}]}","{""addressable_population"": null, ""sources"": ""Not available — regional incidence not resolved""}","{""clinical"": ""Standard prescribing guides"", ""competitor"": ""Standard of Care baseline"", ""safety"": ""Clinical trial safety metadata"", ""drug_safety"": ""Product label"", ""clinical_tier"": ""tier_2"", ""competitor_tier"": ""tier_3"", ""safety_tier"": ""tier_2""}","{""global_approval"": {""agency"": ""FDA"", ""date"": ""~2000"", ""status"": ""approved""}, ""regional_status"": ""launched"", ""local_regulator"": ""CDSCO"", ""local_approval_date"": ""~2000"", ""availability_text"": ""Commercially Available (Audited)"", ""availability_color"": ""green"", ""notes"": """", ""is_available"": true}","{""IN"": 675, ""SG"": 11, ""AE"": 30}",True,"{""listed"": false, ""source_url"": ""https://nppa.gov.in/en/nlem2022"", ""retrieved_utc"": ""2026-08-04T14:32:40+00:00""}",False,1,"[{""text"": ""Prevention of vasospasm after subarachnoid hemorrhage"", ""raw"": ""Prevention of vasospasm after subarachnoid hemorrhage"", ""qualifier"": null, ""off_label"": false, ""registry_indication"": ""Cerebral Vasospasm (post-Subarachnoid Haemorrhage)"", ""category"": ""CVS"", ""mapped"": true}]",2026-08-04T15:31:12+00:00,1,0,CVS,Prevention of vasospasm after subarachnoid hemorrhage,Cerebral Vasospasm (post-Subarachnoid Haemorrhage),[],"{""molecule"": ""Nimodipine"", ""found"": false, ""approved_in_india"": null, ""first_approval_date"": null, ""india_indications"": [], ""note"": ""Not found in the CDSCO new-drug lists. The register is thin before about 2009 and several older lists are scanned images that cannot be read, so this is not evidence the molecule is unapproved in India."", ""source_name"": ""CDSCO List of Approved New Drugs"", ""retrieved_utc"": ""2026-08-05T12:13:39+00:00""}",,,,,,,,,,,
clevidipine,Clevidipine,2026-08-04T08:32:59.588037+00:00,CVD,IV emulsion,oral,chronic_ongoing,0.5 mg/mL,Cleviprex (import),Chiesi,Institutional / hospital use,Supplied & administered in hospital; manufacturer or charitable access may apply for high-cost agents — confirm case-by-case.,workbook_reference_unverified,False,False,Acute severe hypertension (peri-operative),CCB (dihydropyridine),—,,,,True,No numeric price in source (Hospital only) — enter manually.,Hospital only,False,"[{""indication"": ""Acute severe hypertension (peri-operative)""}]",sbp_reduction,Systolic BP Reduction,mmHg,,True,,,[],0.0,Standard of Care,,,,True,True,"[""Nausea"", ""Headache"", ""Fatigue""]","[""Muscle Pain"", ""Gastrointestinal discomfort""]","{""status"": ""unavailable"", ""missing_fields"": [""sbp_reduction""], ""issues"": [{""field"": ""sbp_reduction"", ""severity"": ""warning"", ""message"": ""Primary endpoint not in workbook — run analysis or enter manually.""}]}","{""addressable_population"": null, ""sources"": ""Not available — regional incidence not resolved""}","{""clinical"": ""Standard prescribing guides"", ""competitor"": ""Standard of Care baseline"", ""safety"": ""Clinical trial safety metadata"", ""drug_safety"": ""Product label"", ""clinical_tier"": ""tier_2"", ""competitor_tier"": ""tier_3"", ""safety_tier"": ""tier_2""}","{""global_approval"": {""agency"": ""FDA"", ""date"": ""—"", ""status"": ""approved""}, ""regional_status"": ""launched"", ""local_regulator"": ""CDSCO"", ""local_approval_date"": ""—"", ""availability_text"": ""Commercially Available (Audited)"", ""availability_color"": ""green"", ""notes"": """", ""is_available"": true}","{""IN"": null, ""SG"": null, ""AE"": null}",True,"{""listed"": false, ""source_url"": ""https://nppa.gov.in/en/nlem2022"", ""retrieved_utc"": ""2026-08-04T14:32:40+00:00""}",False,1,"[{""text"": ""Acute severe hypertension"", ""raw"": ""Acute severe hypertension (peri-operative)"", ""qualifier"": ""peri-operative"", ""off_label"": false, ""registry_indication"": ""Hypertension"", ""category"": ""CVD"", ""mapped"": true}]",2026-08-04T15:31:12+00:00,1,0,CVD,Acute severe hypertension,Hypertension,[],"{""molecule"": ""Clevidipine"", ""found"": false, ""approved_in_india"": null, ""first_approval_date"": null, ""india_indications"": [], ""note"": ""Not found in the CDSCO new-drug lists. The register is thin before about 2009 and several older lists are scanned images that cannot be read, so this is not evidence the molecule is unapproved in India."", ""source_name"": ""CDSCO List of Approved New Drugs"", ""retrieved_utc"": ""2026-08-05T12:13:39+00:00""}",,,,,,,,,,,
diltiazem,Diltiazem,2026-08-04T08:32:59.588239+00:00,CVD,"Oral tab/SR, IV",oral,chronic_ongoing,30/60/90/120 mg SR,"Dilzem, Angizem, Dilcontin","Torrent, Sun",Low-cost generic — Jan Aushadhi,Widely available as low-cost generics; Pradhan Mantri Bhartiya Janaushadhi (PMBJP) offers 50–90% cheaper generics. Manufacturer PSP not typically needed.,workbook_reference_unverified,False,False,Hypertension; angina; SVT; AF/atrial flutter rate control,CCB (non-DHP),1990s,195,6.5,tab,True,Assumes once-daily dosing of one tab (30/month).,₹3–10 / tab,True,"[{""indication"": ""Hypertension; angina; SVT; AF/atrial flutter rate control""}]",sinus_rhythm,Sinus-Rhythm Maintenance,%,,True,,,[],0.0,Standard of Care,,,,True,True,"[""Nausea"", ""Headache"", ""Fatigue""]","[""Muscle Pain"", ""Gastrointestinal discomfort""]","{""status"": ""unavailable"", ""missing_fields"": [""sinus_rhythm""], ""issues"": [{""field"": ""sinus_rhythm"", ""severity"": ""warning"", ""message"": ""Primary endpoint not in workbook — run analysis or enter manually.""}]}","{""addressable_population"": null, ""sources"": ""Not available — regional incidence not resolved""}","{""clinical"": ""Standard prescribing guides"", ""competitor"": ""Standard of Care baseline"", ""safety"": ""Clinical trial safety metadata"", ""drug_safety"": ""Product label"", ""clinical_tier"": ""tier_2"", ""competitor_tier"": ""tier_3"", ""safety_tier"": ""tier_2""}","{""global_approval"": {""agency"": ""FDA"", ""date"": ""1990s"", ""status"": ""approved""}, ""regional_status"": ""launched"", ""local_regulator"": ""CDSCO"", ""local_approval_date"": ""1990s"", ""availability_text"": ""Commercially Available (Audited)"", ""availability_color"": ""green"", ""notes"": """", ""is_available"": true}","{""IN"": 195, ""SG"": 3, ""AE"": 8}",True,"{""listed"": false, ""source_url"": ""https://nppa.gov.in/en/nlem2022"", ""retrieved_utc"": ""2026-08-04T14:32:40+00:00""}",False,4,"[{""text"": ""Hypertension"", ""raw"": ""Hypertension"", ""qualifier"": null, ""off_label"": false, ""registry_indication"": ""Hypertension"", ""category"": ""CVD"", ""mapped"": true}, {""text"": ""Angina"", ""raw"": ""angina"", ""qualifier"": null, ""off_label"": false, ""registry_indication"": ""Chronic Stable Angina"", ""category"": ""CVD"", ""mapped"": true}, {""text"": ""SVT"", ""raw"": ""SVT"", ""qualifier"": null, ""off_label"": false, ""registry_indication"": ""Cardiac Arrhythmia (Rhythm Control)"", ""category"": ""CVD"", ""mapped"": true}, {""text"": ""AF/atrial flutter rate control"", ""raw"": ""AF/atrial flutter rate control"", ""qualifier"": null, ""off_label"": false, ""registry_indication"": ""Cardiac Arrhythmia (Rhythm Control)"", ""category"": ""CVD"", ""mapped"": true}]",2026-08-04T15:31:12+00:00,4,0,CVD,Hypertension,Hypertension,[],"{""molecule"": ""Diltiazem"", ""found"": false, ""approved_in_india"": null, ""first_approval_date"": null, ""india_indications"": [], ""note"": ""Not found in the CDSCO new-drug lists. The register is thin before about 2009 and several older lists are scanned images that cannot be read, so this is not evidence the molecule is unapproved in India."", ""source_name"": ""CDSCO List of Approved New Drugs"", ""retrieved_utc"": ""2026-08-05T12:13:39+00:00""}",,,,,,,,,,,
verapamil,Verapamil,2026-08-04T08:32:59.588396+00:00,CVD,"Oral tab/SR, IV",oral,chronic_ongoing,40/80/120/240 mg,"Calaptin, Isoptin",Piramal/Abbott,Low-cost generic — Jan Aushadhi,Widely available as low-cost generics; Pradhan Mantri Bhartiya Janaushadhi (PMBJP) offers 50–90% cheaper generics. Manufacturer PSP not typically needed.,workbook_reference_unverified,False,False,Angina; SVT; AF rate control; hypertension,CCB (non-DHP),1990s,165,5.5,tab,True,Assumes once-daily dosing of one tab (30/month).,₹3–8 / tab,True,"[{""indication"": ""Angina; SVT; AF rate control; hypertension""}]",sbp_reduction,Systolic BP Reduction,mmHg,,True,,,[],0.0,Standard of Care,,,,True,True,"[""Nausea"", ""Headache"", ""Fatigue""]","[""Muscle Pain"", ""Gastrointestinal discomfort""]","{""status"": ""unavailable"", ""missing_fields"": [""sbp_reduction""], ""issues"": [{""field"": ""sbp_reduction"", ""severity"": ""warning"", ""message"": ""Primary endpoint not in workbook — run analysis or enter manually.""}]}","{""addressable_population"": null, ""sources"": ""Not available — regional incidence not resolved""}","{""clinical"": ""Standard prescribing guides"", ""competitor"": ""Standard of Care baseline"", ""safety"": ""Clinical trial safety metadata"", ""drug_safety"": ""Product label"", ""clinical_tier"": ""tier_2"", ""competitor_tier"": ""tier_3"", ""safety_tier"": ""tier_2""}","{""global_approval"": {""agency"": ""FDA"", ""date"": ""1990s"", ""status"": ""approved""}, ""regional_status"": ""launched"", ""local_regulator"": ""CDSCO"", ""local_approval_date"": ""1990s"", ""availability_text"": ""Commercially Available (Audited)"", ""availability_color"": ""green"", ""notes"": """", ""is_available"": true}","{""IN"": 165, ""SG"": 2, ""AE"": 7}",True,"{""listed"": false, ""source_url"": ""https://nppa.gov.in/en/nlem2022"", ""retrieved_utc"": ""2026-08-04T14:32:40+00:00""}",False,4,"[{""text"": ""Angina"", ""raw"": ""Angina"", ""qualifier"": null, ""off_label"": false, ""registry_indication"": ""Chronic Stable Angina"", ""category"": ""CVD"", ""mapped"": true}, {""text"": ""SVT"", ""raw"": ""SVT"", ""qualifier"": null, ""off_label"": false, ""registry_indication"": ""Cardiac Arrhythmia (Rhythm Control)"", ""category"": ""CVD"", ""mapped"": true}, {""text"": ""AF rate control"", ""raw"": ""AF rate control"", ""qualifier"": null, ""off_label"": false, ""registry_indication"": null, ""category"": null, ""mapped"": false}, {""text"": ""Hypertension"", ""raw"": ""hypertension"", ""qualifier"": null, ""off_label"": false, ""registry_indication"": ""Hypertension"", ""category"": ""CVD"", ""mapped"": true}]",2026-08-04T15:31:12+00:00,3,0,CVD,Angina,Chronic Stable Angina,"[""AF rate control""]","{""molecule"": ""Verapamil"", ""found"": false, ""approved_in_india"": null, ""first_approval_date"": null, ""india_indications"": [], ""note"": ""Not found in the CDSCO new-drug lists. The register is thin before about 2009 and several older lists are scanned images that cannot be read, so this is not evidence the molecule is unapproved in India."", ""source_name"": ""CDSCO List of Approved New Drugs"", ""retrieved_utc"": ""2026-08-05T12:13:39+00:00""}",,,,,,,,,,,
metoprolol,Metoprolol,2026-08-04T08:32:59.588565+00:00,CVD,"Oral tab (tartrate/succinate XL), IV",oral,chronic_ongoing,25/50/100 mg,"Metolar, Betaloc, Met XL, Starpress","Cipla, AstraZeneca, Ajanta",Low-cost generic — Jan Aushadhi,Widely available as low-cost generics; Pradhan Mantri Bhartiya Janaushadhi (PMBJP) offers 50–90% cheaper generics. Manufacturer PSP not typically needed.,workbook_reference_unverified,False,False,Hypertension; angina; post-MI; HFrEF; arrhythmias,Beta blocker,1990s,195,6.5,tab,True,Assumes once-daily dosing of one tab (30/month).,₹3–10 / tab,True,"[{""indication"": ""Hypertension; angina; post-MI; HFrEF; arrhythmias""}]",sbp_reduction,Systolic BP Reduction,mmHg,,True,,,[],0.0,Standard of Care,,,,True,True,"[""Nausea"", ""Headache"", ""Fatigue""]","[""Muscle Pain"", ""Gastrointestinal discomfort""]","{""status"": ""unavailable"", ""missing_fields"": [""sbp_reduction""], ""issues"": [{""field"": ""sbp_reduction"", ""severity"": ""warning"", ""message"": ""Primary endpoint not in workbook — run analysis or enter manually.""}]}","{""addressable_population"": null, ""sources"": ""Not available — regional incidence not resolved""}","{""clinical"": ""Standard prescribing guides"", ""competitor"": ""Standard of Care baseline"", ""safety"": ""Clinical trial safety metadata"", ""drug_safety"": ""Product label"", ""clinical_tier"": ""tier_2"", ""competitor_tier"": ""tier_3"", ""safety_tier"": ""tier_2""}","{""global_approval"": {""agency"": ""FDA"", ""date"": ""1990s"", ""status"": ""approved""}, ""regional_status"": ""launched"", ""local_regulator"": ""CDSCO"", ""local_approval_date"": ""1990s"", ""availability_text"": ""Commercially Available (Audited)"", ""availability_color"": ""green"", ""notes"": """", ""is_available"": true}","{""IN"": 195, ""SG"": 3, ""AE"": 8}",True,"{""listed"": false, ""source_url"": ""https://nppa.gov.in/en/nlem2022"", ""retrieved_utc"": ""2026-08-04T14:32:40+00:00""}",False,5,"[{""text"": ""Hypertension"", ""raw"": ""Hypertension"", ""qualifier"": null, ""off_label"": false, ""registry_indication"": ""Hypertension"", ""category"": ""CVD"", ""mapped"": true}, {""text"": ""Angina"", ""raw"": ""angina"", ""qualifier"": null, ""off_label"": false, ""registry_indication"": ""Chronic Stable Angina"", ""category"": ""CVD"", ""mapped"": true}, {""text"": ""Post-MI"", ""raw"": ""post-MI"", ""qualifier"": null, ""off_label"": false, ""registry_indication"": null, ""category"": null, ""mapped"": false}, {""text"": ""HFrEF"", ""raw"": ""HFrEF"", ""qualifier"": null, ""off_label"": false, ""registry_indication"": ""Heart Failure"", ""category"": ""CVD"", ""mapped"": true}, {""text"": ""Arrhythmias"", ""raw"": ""arrhythmias"", ""qualifier"": null, ""off_label"": false, ""registry_indication"": ""Cardiac Arrhythmia (Rhythm Control)"", ""category"": ""CVD"", ""mapped"": true}]",2026-08-04T15:31:12+00:00,4,0,CVD,Hypertension,Hypertension,"[""Post-MI""]","{""molecule"": ""Metoprolol"", ""found"": true, ""approved_in_india"": true, ""first_approval_date"": ""2009-01-14"", ""approval_day_known"": true, ""single_molecule_rows"": 0, ""combination_rows"": 5, ""only_as_combination"": true, ""india_indications"": [""For the treatment of essential hypertension 141 Etodolac 300/300mg +Thiocolchicoside 4/8mg For the treatment of patients with acute painful musculoskeletal conditions 142 Celecoxib 100/200mg +Diacerein 50/50mg For the treatment of adult patients with osteoarthritis of knee and/or hip joints 143 Metoprolol succinate ER 25mg+50mg + Olmesartan 20/20mg For the treatment of essential hypertension 144 1""], ""source_name"": ""CDSCO List of Approved New Drugs"", ""source_url"": ""https://cdsco.gov.in/opencms/resources/UploadCDSCOWeb/2018/UploadApprovalNewDrugs/2009.pdf"", ""source_list"": ""LIST OF NEW DRUGS APPROVED 2009"", ""retrieved_utc"": ""2026-08-05T12:13:39+00:00""}","{""us_initial_approval_year"": {""value"": 1992, ""source_name"": ""FDA prescribing information via DailyMed (METOPROLOL TARTRATE (METOPROLOL) TABLET [BRYANT RANCH PREPACK])"", ""source_url"": ""https://dailymed.nlm.nih.gov/dailymed/drugInfo.cfm?setid=00940cc5-d2eb-4841-9138-de97d7b1c674"", ""retrieved"": ""2026-08-03"", ""quote"": ""Initial U.S. Approval: 1992""}}",[],,,,,,,,,
atenolol,Atenolol,2026-08-04T08:32:59.588740+00:00,CVD,Oral tab,oral,chronic_ongoing,25/50/100 mg,"Aten, Tenormin, Betacard","Zydus, Abbott",Low-cost generic — Jan Aushadhi,Widely available as low-cost generics; Pradhan Mantri Bhartiya Janaushadhi (PMBJP) offers 50–90% cheaper generics. Manufacturer PSP not typically needed.,workbook_reference_unverified,False,False,Hypertension; angina; arrhythmias,Beta blocker,1990s,75,2.5,tab,True,Assumes once-daily dosing of one tab (30/month).,₹1–4 / tab,True,"[{""indication"": ""Hypertension; angina; arrhythmias""}]",sbp_reduction,Systolic BP Reduction,mmHg,,True,,,[],0.0,Standard of Care,,,,True,True,"[""Nausea"", ""Headache"", ""Fatigue""]","[""Muscle Pain"", ""Gastrointestinal discomfort""]","{""status"": ""unavailable"", ""missing_fields"": [""sbp_reduction""], ""issues"": [{""field"": ""sbp_reduction"", ""severity"": ""warning"", ""message"": ""Primary endpoint not in workbook — run analysis or enter manually.""}]}","{""addressable_population"": null, ""sources"": ""Not available — regional incidence not resolved""}","{""clinical"": ""Standard prescribing guides"", ""competitor"": ""Standard of Care baseline"", ""safety"": ""Clinical trial safety metadata"", ""drug_safety"": ""Product label"", ""clinical_tier"": ""tier_2"", ""competitor_tier"": ""tier_3"", ""safety_tier"": ""tier_2""}","{""global_approval"": {""agency"": ""FDA"", ""date"": ""1990s"", ""status"": ""approved""}, ""regional_status"": ""launched"", ""local_regulator"": ""CDSCO"", ""local_approval_date"": ""1990s"", ""availability_text"": ""Commercially Available (Audited)"", ""availability_color"": ""green"", ""notes"": """", ""is_available"": true}","{""IN"": 75, ""SG"": 1, ""AE"": 3}",True,"{""listed"": false, ""source_url"": ""https://nppa.gov.in/en/nlem2022"", ""retrieved_utc"": ""2026-08-04T14:32:40+00:00""}",False,3,"[{""text"": ""Hypertension"", ""raw"": ""Hypertension"", ""qualifier"": null, ""off_label"": false, ""registry_indication"": ""Hypertension"", ""category"": ""CVD"", ""mapped"": true}, {""text"": ""Angina"", ""raw"": ""angina"", ""qualifier"": null, ""off_label"": false, ""registry_indication"": ""Chronic Stable Angina"", ""category"": ""CVD"", ""mapped"": true}, {""text"": ""Arrhythmias"", ""raw"": ""arrhythmias"", ""qualifier"": null, ""off_label"": false, ""registry_indication"": ""Cardiac Arrhythmia (Rhythm Control)"", ""category"": ""CVD"", ""mapped"": true}]",2026-08-04T15:31:12+00:00,3,0,CVD,Hypertension,Hypertension,[],"{""molecule"": ""Atenolol"", ""found"": true, ""approved_in_india"": true, ""first_approval_date"": ""2009-07-21"", ""approval_day_known"": true, ""single_molecule_rows"": 0, ""combination_rows"": 1, ""only_as_combination"": true, ""india_indications"": [""in patients where use of such combination is appropriate""], ""source_name"": ""CDSCO List of Approved New Drugs"", ""source_url"": ""https://cdsco.gov.in/opencms/resources/UploadCDSCOWeb/2018/UploadApprovalNewDrugs/2009.pdf"", ""source_list"": ""LIST OF NEW DRUGS APPROVED 2009"", ""retrieved_utc"": ""2026-08-05T12:13:39+00:00""}",,,,,,,,,,,
bisoprolol,Bisoprolol,2026-08-04T08:32:59.588887+00:00,CVD,Oral tab,oral,chronic_ongoing,2.5/5/10 mg,"Concor, Corbis, Bisoheart","Merck, Torrent",Low-cost generic — Jan Aushadhi,Widely available as low-cost generics; Pradhan Mantri Bhartiya Janaushadhi (PMBJP) offers 50–90% cheaper generics. Manufacturer PSP not typically needed.,workbook_reference_unverified,False,False,Hypertension; angina; HFrEF,Beta blocker,~2000,255,8.5,tab,True,Assumes once-daily dosing of one tab (30/month).,₹5–12 / tab,True,"[{""indication"": ""Hypertension; angina; HFrEF""}]",sbp_reduction,Systolic BP Reduction,mmHg,,True,,,[],0.0,Standard of Care,,,,True,True,"[""Nausea"", ""Headache"", ""Fatigue""]","[""Muscle Pain"", ""Gastrointestinal discomfort""]","{""status"": ""unavailable"", ""missing_fields"": [""sbp_reduction""], ""issues"": [{""field"": ""sbp_reduction"", ""severity"": ""warning"", ""message"": ""Primary endpoint not in workbook — run analysis or enter manually.""}]}","{""addressable_population"": null, ""sources"": ""Not available — regional incidence not resolved""}","{""clinical"": ""Standard prescribing guides"", ""competitor"": ""Standard of Care baseline"", ""safety"": ""Clinical trial safety metadata"", ""drug_safety"": ""Product label"", ""clinical_tier"": ""tier_2"", ""competitor_tier"": ""tier_3"", ""safety_tier"": ""tier_2""}","{""global_approval"": {""agency"": ""FDA"", ""date"": ""~2000"", ""status"": ""approved""}, ""regional_status"": ""launched"", ""local_regulator"": ""CDSCO"", ""local_approval_date"": ""~2000"", ""availability_text"": ""Commercially Available (Audited)"", ""availability_color"": ""green"", ""notes"": """", ""is_available"": true}","{""IN"": 255, ""SG"": 4, ""AE"": 11}",True,"{""listed"": false, ""source_url"": ""https://nppa.gov.in/en/nlem2022"", ""retrieved_utc"": ""2026-08-04T14:32:40+00:00""}",False,3,"[{""text"": ""Hypertension"", ""raw"": ""Hypertension"", ""qualifier"": null, ""off_label"": false, ""registry_indication"": ""Hypertension"", ""category"": ""CVD"", ""mapped"": true}, {""text"": ""Angina"", ""raw"": ""angina"", ""qualifier"": null, ""off_label"": false, ""registry_indication"": ""Chronic Stable Angina"", ""category"": ""CVD"", ""mapped"": true}, {""text"": ""HFrEF"", ""raw"": ""HFrEF"", ""qualifier"": null, ""off_label"": false, ""registry_indication"": ""Heart Failure"", ""category"": ""CVD"", ""mapped"": true}]",2026-08-04T15:31:12+00:00,3,0,CVD,Hypertension,Hypertension,[],"{""molecule"": ""Bisoprolol"", ""found"": false, ""approved_in_india"": null, ""first_approval_date"": null, ""india_indications"": [], ""note"": ""Not found in the CDSCO new-drug lists. The register is thin before about 2009 and several older lists are scanned images that cannot be read, so this is not evidence the molecule is unapproved in India."", ""source_name"": ""CDSCO List of Approved New Drugs"", ""retrieved_utc"": ""2026-08-05T12:13:39+00:00""}",,,,,,,,,,,
carvedilol,Carvedilol,2026-08-04T08:32:59.589036+00:00,CVD,Oral tab,oral,chronic_ongoing,3.125/6.25/12.5/25 mg,"Cardivas, Carca, Carvil","Sun, Intas",Low-cost generic — Jan Aushadhi,Widely available as low-cost generics; Pradhan Mantri Bhartiya Janaushadhi (PMBJP) offers 50–90% cheaper generics. Manufacturer PSP not typically needed.,workbook_reference_unverified,False,False,HFrEF; hypertension; post-MI (alpha+beta block),Beta blocker,~2000,210,7.0,tab,True,Assumes once-daily dosing of one tab (30/month).,₹4–10 / tab,True,"[{""indication"": ""HFrEF; hypertension; post-MI (alpha+beta block)""}]",sbp_reduction,Systolic BP Reduction,mmHg,,True,,,[],0.0,Standard of Care,,,,True,True,"[""Nausea"", ""Headache"", ""Fatigue""]","[""Muscle Pain"", ""Gastrointestinal discomfort""]","{""status"": ""unavailable"", ""missing_fields"": [""sbp_reduction""], ""issues"": [{""field"": ""sbp_reduction"", ""severity"": ""warning"", ""message"": ""Primary endpoint not in workbook — run analysis or enter manually.""}]}","{""addressable_population"": null, ""sources"": ""Not available — regional incidence not resolved""}","{""clinical"": ""Standard prescribing guides"", ""competitor"": ""Standard of Care baseline"", ""safety"": ""Clinical trial safety metadata"", ""drug_safety"": ""Product label"", ""clinical_tier"": ""tier_2"", ""competitor_tier"": ""tier_3"", ""safety_tier"": ""tier_2""}","{""global_approval"": {""agency"": ""FDA"", ""date"": ""~2000"", ""status"": ""approved""}, ""regional_status"": ""launched"", ""local_regulator"": ""CDSCO"", ""local_approval_date"": ""~2000"", ""availability_text"": ""Commercially Available (Audited)"", ""availability_color"": ""green"", ""notes"": """", ""is_available"": true}","{""IN"": 210, ""SG"": 3, ""AE"": 9}",True,"{""listed"": false, ""source_url"": ""https://nppa.gov.in/en/nlem2022"", ""retrieved_utc"": ""2026-08-04T14:32:40+00:00""}",False,3,"[{""text"": ""HFrEF"", ""raw"": ""HFrEF"", ""qualifier"": null, ""off_label"": false, ""registry_indication"": ""Heart Failure"", ""category"": ""CVD"", ""mapped"": true}, {""text"": ""Hypertension"", ""raw"": ""hypertension"", ""qualifier"": null, ""off_label"": false, ""registry_indication"": ""Hypertension"", ""category"": ""CVD"", ""mapped"": true}, {""text"": ""Post-MI"", ""raw"": ""post-MI (alpha+beta block)"", ""qualifier"": ""alpha+beta block"", ""off_label"": false, ""registry_indication"": null, ""category"": null, ""mapped"": false}]",2026-08-04T15:31:12+00:00,2,0,CVD,HFrEF,Heart Failure,"[""Post-MI""]","{""molecule"": ""Carvedilol"", ""found"": false, ""approved_in_india"": null, ""first_approval_date"": null, ""india_indications"": [], ""note"": ""Not found in the CDSCO new-drug lists. The register is thin before about 2009 and several older lists are scanned images that cannot be read, so this is not evidence the molecule is unapproved in India."", ""source_name"": ""CDSCO List of Approved New Drugs"", ""retrieved_utc"": ""2026-08-05T12:13:39+00:00""}",,,,,,,,,,,
nebivolol,Nebivolol,2026-08-04T08:32:59.589181+00:00,CVD,Oral tab,oral,chronic_ongoing,2.5/5/10 mg,"Nebicard, Nebistar, Nodon","Torrent, Lupin",Low-cost generic — Jan Aushadhi,Widely available as low-cost generics; Pradhan Mantri Bhartiya Janaushadhi (PMBJP) offers 50–90% cheaper generics. Manufacturer PSP not typically needed.,workbook_reference_unverified,False,False,Hypertension (NO-mediated vasodilation),Beta blocker,~2005,300,10.0,tab,True,Assumes once-daily dosing of one tab (30/month).,₹6–14 / tab,False,"[{""indication"": ""Hypertension (NO-mediated vasodilation)""}]",sbp_reduction,Systolic BP Reduction,mmHg,,True,,,[],0.0,Standard of Care,,,,True,True,"[""Nausea"", ""Headache"", ""Fatigue""]","[""Muscle Pain"", ""Gastrointestinal discomfort""]","{""status"": ""unavailable"", ""missing_fields"": [""sbp_reduction""], ""issues"": [{""field"": ""sbp_reduction"", ""severity"": ""warning"", ""message"": ""Primary endpoint not in workbook — run analysis or enter manually.""}]}","{""addressable_population"": null, ""sources"": ""Not available — regional incidence not resolved""}","{""clinical"": ""Standard prescribing guides"", ""competitor"": ""Standard of Care baseline"", ""safety"": ""Clinical trial safety metadata"", ""drug_safety"": ""Product label"", ""clinical_tier"": ""tier_2"", ""competitor_tier"": ""tier_3"", ""safety_tier"": ""tier_2""}","{""global_approval"": {""agency"": ""FDA"", ""date"": ""~2005"", ""status"": ""approved""}, ""regional_status"": ""launched"", ""local_regulator"": ""CDSCO"", ""local_approval_date"": ""~2005"", ""availability_text"": ""Commercially Available (Audited)"", ""availability_color"": ""green"", ""notes"": """", ""is_available"": true}","{""IN"": 300, ""SG"": 5, ""AE"": 13}",True,"{""listed"": false, ""source_url"": ""https://nppa.gov.in/en/nlem2022"", ""retrieved_utc"": ""2026-08-04T14:32:40+00:00""}",False,1,"[{""text"": ""Hypertension"", ""raw"": ""Hypertension (NO-mediated vasodilation)"", ""qualifier"": ""NO-mediated vasodilation"", ""off_label"": false, ""registry_indication"": ""Hypertension"", ""category"": ""CVD"", ""mapped"": true}]",2026-08-04T15:31:12+00:00,1,0,CVD,Hypertension,Hypertension,[],"{""molecule"": ""Nebivolol"", ""found"": false, ""approved_in_india"": null, ""first_approval_date"": null, ""india_indications"": [], ""note"": ""Not found in the CDSCO new-drug lists. The register is thin before about 2009 and several older lists are scanned images that cannot be read, so this is not evidence the molecule is unapproved in India."", ""source_name"": ""CDSCO List of Approved New Drugs"", ""retrieved_utc"": ""2026-08-05T12:13:39+00:00""}",,,,,,,,,,,
propranolol,Propranolol,2026-08-04T08:32:59.589351+00:00,CVD,"Oral tab/SR, IV",oral,fixed_course,10/20/40/80 mg,"Inderal, Ciplar","Abbott, Cipla",Low-cost generic — Jan Aushadhi,Widely available as low-cost generics; Pradhan Mantri Bhartiya Janaushadhi (PMBJP) offers 50–90% cheaper generics. Manufacturer PSP not typically needed.,workbook_reference_unverified,False,False,Hypertension; angina; arrhythmia; migraine prophylaxis; essential tremor; thyrotoxicosis; portal HTN (variceal bleed prophylaxis),Beta blocker,1980s,75,2.5,tab,True,Assumes once-daily dosing of one tab (30/month).,₹1–4 / tab,True,"[{""indication"": ""Hypertension; angina; arrhythmia; migraine prophylaxis; essential tremor; thyrotoxicosis; portal HTN (variceal bleed prophylaxis)""}]",euthyroid_rate,Biochemical Euthyroidism,%,,True,,,[],0.0,Standard of Care,,,,True,True,"[""Nausea"", ""Headache"", ""Fatigue""]","[""Muscle Pain"", ""Gastrointestinal discomfort""]","{""status"": ""unavailable"", ""missing_fields"": [""euthyroid_rate""], ""issues"": [{""field"": ""euthyroid_rate"", ""severity"": ""warning"", ""message"": ""Primary endpoint not in workbook — run analysis or enter manually.""}]}","{""addressable_population"": null, ""sources"": ""Not available — regional incidence not resolved""}","{""clinical"": ""Standard prescribing guides"", ""competitor"": ""Standard of Care baseline"", ""safety"": ""Clinical trial safety metadata"", ""drug_safety"": ""Product label"", ""clinical_tier"": ""tier_2"", ""competitor_tier"": ""tier_3"", ""safety_tier"": ""tier_2""}","{""global_approval"": {""agency"": ""FDA"", ""date"": ""1980s"", ""status"": ""approved""}, ""regional_status"": ""launched"", ""local_regulator"": ""CDSCO"", ""local_approval_date"": ""1980s"", ""availability_text"": ""Commercially Available (Audited)"", ""availability_color"": ""green"", ""notes"": """", ""is_available"": true}","{""IN"": 75, ""SG"": 1, ""AE"": 3}",True,"{""listed"": false, ""source_url"": ""https://nppa.gov.in/en/nlem2022"", ""retrieved_utc"": ""2026-08-04T14:32:40+00:00""}",False,7,"[{""text"": ""Hypertension"", ""raw"": ""Hypertension"", ""qualifier"": null, ""off_label"": false, ""registry_indication"": ""Hypertension"", ""category"": ""CVD"", ""mapped"": true}, {""text"": ""Angina"", ""raw"": ""angina"", ""qualifier"": null, ""off_label"": false, ""registry_indication"": ""Chronic Stable Angina"", ""category"": ""CVD"", ""mapped"": true}, {""text"": ""Arrhythmia"", ""raw"": ""arrhythmia"", ""qualifier"": null, ""off_label"": false, ""registry_indication"": ""Cardiac Arrhythmia (Rhythm Control)"", ""category"": ""CVD"", ""mapped"": true}, {""text"": ""Migraine prophylaxis"", ""raw"": ""migraine prophylaxis"", ""qualifier"": null, ""off_label"": false, ""registry_indication"": null, ""category"": null, ""mapped"": false}, {""text"": ""Essential tremor"", ""raw"": ""essential tremor"", ""qualifier"": null, ""off_label"": false, ""registry_indication"": null, ""category"": null, ""mapped"": false}, {""text"": ""Thyrotoxicosis"", ""raw"": ""thyrotoxicosis"", ""qualifier"": null, ""off_label"": false, ""registry_indication"": ""Hyperthyroidism"", ""category"": ""Metabolic"", ""mapped"": true}, {""text"": ""Portal HTN"", ""raw"": ""portal HTN (variceal bleed prophylaxis)"", ""qualifier"": ""variceal bleed prophylaxis"", ""off_label"": false, ""registry_indication"": null, ""category"": null, ""mapped"": false}]",2026-08-04T15:31:12+00:00,4,0,CVD,Hypertension,Hypertension,"[""Migraine prophylaxis"", ""Essential tremor"", ""Portal HTN""]","{""molecule"": ""Propranolol"", ""found"": false, ""approved_in_india"": null, ""first_approval_date"": null, ""india_indications"": [], ""note"": ""Not found in the CDSCO new-drug lists. The register is thin before about 2009 and several older lists are scanned images that cannot be read, so this is not evidence the molecule is unapproved in India."", ""source_name"": ""CDSCO List of Approved New Drugs"", ""retrieved_utc"": ""2026-08-05T12:13:39+00:00""}",,,,,,,,,,,
labetalol,Labetalol,2026-08-04T08:32:59.589515+00:00,CVD,"Oral tab, IV",oral,chronic_ongoing,100/200 mg,"Lobet, Labebet",Sun,Institutional / hospital use,Supplied & administered in hospital; manufacturer or charitable access may apply for high-cost agents — confirm case-by-case.,workbook_reference_unverified,False,False,Hypertensive emergency; hypertension in pregnancy,Beta blocker,~2000,345,11.5,tab,True,Assumes once-daily dosing of one tab (30/month).,₹8–15 / tab; IV hospital,True,"[{""indication"": ""Hypertensive emergency; hypertension in pregnancy""}]",sbp_reduction,Systolic BP Reduction,mmHg,,True,,,[],0.0,Standard of Care,,,,True,True,"[""Nausea"", ""Headache"", ""Fatigue""]","[""Muscle Pain"", ""Gastrointestinal discomfort""]","{""status"": ""unavailable"", ""missing_fields"": [""sbp_reduction""], ""issues"": [{""field"": ""sbp_reduction"", ""severity"": ""warning"", ""message"": ""Primary endpoint not in workbook — run analysis or enter manually.""}]}","{""addressable_population"": null, ""sources"": ""Not available — regional incidence not resolved""}","{""clinical"": ""Standard prescribing guides"", ""competitor"": ""Standard of Care baseline"", ""safety"": ""Clinical trial safety metadata"", ""drug_safety"": ""Product label"", ""clinical_tier"": ""tier_2"", ""competitor_tier"": ""tier_3"", ""safety_tier"": ""tier_2""}","{""global_approval"": {""agency"": ""FDA"", ""date"": ""~2000"", ""status"": ""approved""}, ""regional_status"": ""launched"", ""local_regulator"": ""CDSCO"", ""local_approval_date"": ""~2000"", ""availability_text"": ""Commercially Available (Audited)"", ""availability_color"": ""green"", ""notes"": """", ""is_available"": true}","{""IN"": 345, ""SG"": 5, ""AE"": 15}",True,"{""listed"": false, ""source_url"": ""https://nppa.gov.in/en/nlem2022"", ""retrieved_utc"": ""2026-08-04T14:32:40+00:00""}",False,2,"[{""text"": ""Hypertensive emergency"", ""raw"": ""Hypertensive emergency"", ""qualifier"": null, ""off_label"": false, ""registry_indication"": ""Hypertension"", ""category"": ""CVD"", ""mapped"": true}, {""text"": ""Hypertension in pregnancy"", ""raw"": ""hypertension in pregnancy"", ""qualifier"": null, ""off_label"": false, ""registry_indication"": ""Hypertension"", ""category"": ""CVD"", ""mapped"": true}]",2026-08-04T15:31:12+00:00,2,0,CVD,Hypertensive emergency,Hypertension,[],"{""molecule"": ""Labetalol"", ""found"": false, ""approved_in_india"": null, ""first_approval_date"": null, ""india_indications"": [], ""note"": ""Not found in the CDSCO new-drug lists. The register is thin before about 2009 and several older lists are scanned images that cannot be read, so this is not evidence the molecule is unapproved in India."", ""source_name"": ""CDSCO List of Approved New Drugs"", ""retrieved_utc"": ""2026-08-05T12:13:39+00:00""}",,,,,,,,,,,
nebivolol-others-esmolol,Nebivolol / others – Esmolol,2026-08-04T08:32:59.589674+00:00,CVD,IV,oral,chronic_ongoing,10 mg/mL,Miniblock,Neon/others,Institutional / hospital use,Supplied & administered in hospital; manufacturer or charitable access may apply for high-cost agents — confirm case-by-case.,workbook_reference_unverified,False,False,Intra-operative & acute arrhythmia/tachycardia (ultra-short acting),Beta blocker,—,,,,True,No numeric price in source (Hospital only) — enter manually.,Hospital only,False,"[{""indication"": ""Intra-operative & acute arrhythmia/tachycardia (ultra-short acting)""}]",sinus_rhythm,Sinus-Rhythm Maintenance,%,,True,,,[],0.0,Standard of Care,,,,True,True,"[""Nausea"", ""Headache"", ""Fatigue""]","[""Muscle Pain"", ""Gastrointestinal discomfort""]","{""status"": ""unavailable"", ""missing_fields"": [""sinus_rhythm""], ""issues"": [{""field"": ""sinus_rhythm"", ""severity"": ""warning"", ""message"": ""Primary endpoint not in workbook — run analysis or enter manually.""}]}","{""addressable_population"": null, ""sources"": ""Not available — regional incidence not resolved""}","{""clinical"": ""Standard prescribing guides"", ""competitor"": ""Standard of Care baseline"", ""safety"": ""Clinical trial safety metadata"", ""drug_safety"": ""Product label"", ""clinical_tier"": ""tier_2"", ""competitor_tier"": ""tier_3"", ""safety_tier"": ""tier_2""}","{""global_approval"": {""agency"": ""FDA"", ""date"": ""—"", ""status"": ""approved""}, ""regional_status"": ""launched"", ""local_regulator"": ""CDSCO"", ""local_approval_date"": ""—"", ""availability_text"": ""Commercially Available (Audited)"", ""availability_color"": ""green"", ""notes"": """", ""is_available"": true}","{""IN"": null, ""SG"": null, ""AE"": null}",True,"{""listed"": false, ""source_url"": ""https://nppa.gov.in/en/nlem2022"", ""retrieved_utc"": ""2026-08-04T14:32:40+00:00""}",False,1,"[{""text"": ""Intra-operative & acute arrhythmia/tachycardia"", ""raw"": ""Intra-operative & acute arrhythmia/tachycardia (ultra-short acting)"", ""qualifier"": ""ultra-short acting"", ""off_label"": false, ""registry_indication"": ""Cardiac Arrhythmia (Rhythm Control)"", ""category"": ""CVD"", ""mapped"": true}]",2026-08-04T15:31:12+00:00,1,0,CVD,Intra-operative & acute arrhythmia/tachycardia,Cardiac Arrhythmia (Rhythm Control),[],"{""molecule"": ""Nebivolol / others – Esmolol"", ""found"": false, ""approved_in_india"": null, ""first_approval_date"": null, ""india_indications"": [], ""note"": ""Not found in the CDSCO new-drug lists. The register is thin before about 2009 and several older lists are scanned images that cannot be read, so this is not evidence the molecule is unapproved in India."", ""source_name"": ""CDSCO List of Approved New Drugs"", ""retrieved_utc"": ""2026-08-05T12:13:39+00:00""}",,,,,,,,,,,
hydrochlorothiazide,Hydrochlorothiazide,2026-08-04T08:32:59.589820+00:00,CVD,Oral tab,oral,chronic_ongoing,12.5/25 mg,"Aquazide, Hydrazide",Sun,Low-cost generic — Jan Aushadhi,Widely available as low-cost generics; Pradhan Mantri Bhartiya Janaushadhi (PMBJP) offers 50–90% cheaper generics. Manufacturer PSP not typically needed.,workbook_reference_unverified,False,False,Hypertension; edema (usually in combinations),Diuretic (thiazide),1980s,60,2.0,tab,True,Assumes once-daily dosing of one tab (30/month).,₹1–3 / tab,True,"[{""indication"": ""Hypertension; edema (usually in combinations)""}]",sbp_reduction,Systolic BP Reduction,mmHg,,True,,,[],0.0,Standard of Care,,,,True,True,"[""Nausea"", ""Headache"", ""Fatigue""]","[""Muscle Pain"", ""Gastrointestinal discomfort""]","{""status"": ""unavailable"", ""missing_fields"": [""sbp_reduction""], ""issues"": [{""field"": ""sbp_reduction"", ""severity"": ""warning"", ""message"": ""Primary endpoint not in workbook — run analysis or enter manually.""}]}","{""addressable_population"": null, ""sources"": ""Not available — regional incidence not resolved""}","{""clinical"": ""Standard prescribing guides"", ""competitor"": ""Standard of Care baseline"", ""safety"": ""Clinical trial safety metadata"", ""drug_safety"": ""Product label"", ""clinical_tier"": ""tier_2"", ""competitor_tier"": ""tier_3"", ""safety_tier"": ""tier_2""}","{""global_approval"": {""agency"": ""FDA"", ""date"": ""1980s"", ""status"": ""approved""}, ""regional_status"": ""launched"", ""local_regulator"": ""CDSCO"", ""local_approval_date"": ""1980s"", ""availability_text"": ""Commercially Available (Audited)"", ""availability_color"": ""green"", ""notes"": """", ""is_available"": true}","{""IN"": 60, ""SG"": 1, ""AE"": 2}",True,"{""listed"": false, ""source_url"": ""https://nppa.gov.in/en/nlem2022"", ""retrieved_utc"": ""2026-08-04T14:32:40+00:00""}",False,2,"[{""text"": ""Hypertension"", ""raw"": ""Hypertension"", ""qualifier"": null, ""off_label"": false, ""registry_indication"": ""Hypertension"", ""category"": ""CVD"", ""mapped"": true}, {""text"": ""Edema"", ""raw"": ""edema (usually in combinations)"", ""qualifier"": ""usually in combinations"", ""off_label"": false, ""registry_indication"": null, ""category"": null, ""mapped"": false}]",2026-08-04T15:31:12+00:00,1,0,CVD,Hypertension,Hypertension,"[""Edema""]","{""molecule"": ""Hydrochlorothiazide"", ""found"": true, ""approved_in_india"": true, ""first_approval_date"": ""2013-05-14"", ""approval_day_known"": true, ""single_molecule_rows"": 0, ""combination_rows"": 1, ""only_as_combination"": true, ""india_indications"": [""For the treatment of hypertension as second line therapy""], ""source_name"": ""CDSCO List of Approved New Drugs"", ""source_url"": ""https://cdsco.gov.in/opencms/resources/UploadCDSCOWeb/2018/UploadApprovalNewDrugs/2013.pdf"", ""source_list"": ""LIST OF NEW DRUGS APPROVED 2013"", ""retrieved_utc"": ""2026-08-05T12:13:39+00:00""}",,,,,,,,,,,
chlorthalidone,Chlorthalidone,2026-08-04T08:32:59.589967+00:00,CVD,Oral tab,oral,chronic_ongoing,6.25/12.5/25 mg,"Ctd, Chlortal, Hylchlor",Zydus,Low-cost generic — Jan Aushadhi,Widely available as low-cost generics; Pradhan Mantri Bhartiya Janaushadhi (PMBJP) offers 50–90% cheaper generics. Manufacturer PSP not typically needed.,workbook_reference_unverified,False,False,"Hypertension (long-acting, preferred thiazide-like)",Diuretic (thiazide-like),~2005,120,4.0,tab,True,Assumes once-daily dosing of one tab (30/month).,₹2–6 / tab,False,"[{""indication"": ""Hypertension (long-acting, preferred thiazide-like)""}]",sbp_reduction,Systolic BP Reduction,mmHg,,True,,,[],0.0,Standard of Care,,,,True,True,"[""Nausea"", ""Headache"", ""Fatigue""]","[""Muscle Pain"", ""Gastrointestinal discomfort""]","{""status"": ""unavailable"", ""missing_fields"": [""sbp_reduction""], ""issues"": [{""field"": ""sbp_reduction"", ""severity"": ""warning"", ""message"": ""Primary endpoint not in workbook — run analysis or enter manually.""}]}","{""addressable_population"": null, ""sources"": ""Not available — regional incidence not resolved""}","{""clinical"": ""Standard prescribing guides"", ""competitor"": ""Standard of Care baseline"", ""safety"": ""Clinical trial safety metadata"", ""drug_safety"": ""Product label"", ""clinical_tier"": ""tier_2"", ""competitor_tier"": ""tier_3"", ""safety_tier"": ""tier_2""}","{""global_approval"": {""agency"": ""FDA"", ""date"": ""~2005"", ""status"": ""approved""}, ""regional_status"": ""launched"", ""local_regulator"": ""CDSCO"", ""local_approval_date"": ""~2005"", ""availability_text"": ""Commercially Available (Audited)"", ""availability_color"": ""green"", ""notes"": """", ""is_available"": true}","{""IN"": 120, ""SG"": 2, ""AE"": 5}",True,"{""listed"": false, ""source_url"": ""https://nppa.gov.in/en/nlem2022"", ""retrieved_utc"": ""2026-08-04T14:32:40+00:00""}",False,1,"[{""text"": ""Hypertension"", ""raw"": ""Hypertension (long-acting, preferred thiazide-like)"", ""qualifier"": ""long-acting, preferred thiazide-like"", ""off_label"": false, ""registry_indication"": ""Hypertension"", ""category"": ""CVD"", ""mapped"": true}]",2026-08-04T15:31:12+00:00,1,0,CVD,Hypertension,Hypertension,[],"{""molecule"": ""Chlorthalidone"", ""found"": true, ""approved_in_india"": true, ""first_approval_date"": ""2009-04-13"", ""approval_day_known"": true, ""single_molecule_rows"": 0, ""combination_rows"": 2, ""only_as_combination"": true, ""india_indications"": [], ""source_name"": ""CDSCO List of Approved New Drugs"", ""source_url"": ""https://cdsco.gov.in/opencms/resources/UploadCDSCOWeb/2018/UploadApprovalNewDrugs/2009.pdf"", ""source_list"": ""LIST OF NEW DRUGS APPROVED 2009"", ""retrieved_utc"": ""2026-08-05T12:13:39+00:00""}",,,,,,,,,,,
indapamide,Indapamide,2026-08-04T08:32:59.590095+00:00,CVD,Oral tab/SR,oral,chronic_ongoing,1.5 SR/2.5 mg,"Natrilix, Lorvas, Indicontin","Serdia, Torrent",Low-cost generic — Jan Aushadhi,Widely available as low-cost generics; Pradhan Mantri Bhartiya Janaushadhi (PMBJP) offers 50–90% cheaper generics. Manufacturer PSP not typically needed.,workbook_reference_unverified,False,False,Hypertension,Diuretic (thiazide-like),~2000,165,5.5,tab,True,Assumes once-daily dosing of one tab (30/month).,₹3–8 / tab,False,"[{""indication"": ""Hypertension""}]",sbp_reduction,Systolic BP Reduction,mmHg,,True,,,[],0.0,Standard of Care,,,,True,True,"[""Nausea"", ""Headache"", ""Fatigue""]","[""Muscle Pain"", ""Gastrointestinal discomfort""]","{""status"": ""unavailable"", ""missing_fields"": [""sbp_reduction""], ""issues"": [{""field"": ""sbp_reduction"", ""severity"": ""warning"", ""message"": ""Primary endpoint not in workbook — run analysis or enter manually.""}]}","{""addressable_population"": null, ""sources"": ""Not available — regional incidence not resolved""}","{""clinical"": ""Standard prescribing guides"", ""competitor"": ""Standard of Care baseline"", ""safety"": ""Clinical trial safety metadata"", ""drug_safety"": ""Product label"", ""clinical_tier"": ""tier_2"", ""competitor_tier"": ""tier_3"", ""safety_tier"": ""tier_2""}","{""global_approval"": {""agency"": ""FDA"", ""date"": ""~2000"", ""status"": ""approved""}, ""regional_status"": ""launched"", ""local_regulator"": ""CDSCO"", ""local_approval_date"": ""~2000"", ""availability_text"": ""Commercially Available (Audited)"", ""availability_color"": ""green"", ""notes"": """", ""is_available"": true}","{""IN"": 165, ""SG"": 2, ""AE"": 7}",True,"{""listed"": false, ""source_url"": ""https://nppa.gov.in/en/nlem2022"", ""retrieved_utc"": ""2026-08-04T14:32:40+00:00""}",False,1,"[{""text"": ""Hypertension"", ""raw"": ""Hypertension"", ""qualifier"": null, ""off_label"": false, ""registry_indication"": ""Hypertension"", ""category"": ""CVD"", ""mapped"": true}]",2026-08-04T15:31:12+00:00,1,0,CVD,Hypertension,Hypertension,[],"{""molecule"": ""Indapamide"", ""found"": true, ""approved_in_india"": true, ""first_approval_date"": ""2011-01-05"", ""approval_day_known"": true, ""single_molecule_rows"": 0, ""combination_rows"": 2, ""only_as_combination"": true, ""india_indications"": [""For the treatment of mild to moderate Hypertension"", ""For the treatment of mild to moderate hypertension""], ""source_name"": ""CDSCO List of Approved New Drugs"", ""source_url"": ""https://cdsco.gov.in/opencms/resources/UploadCDSCOWeb/2018/UploadApprovalNewDrugs/approvalsnd211.pdf"", ""source_list"": ""LIST OF NEW DRUGS APPROVED 2011"", ""retrieved_utc"": ""2026-08-05T12:13:39+00:00""}",,,,,,,,,,,
furosemide,Furosemide,2026-08-04T08:32:59.590248+00:00,CVD,"Oral tab, IV",oral,chronic_ongoing,40 mg,"Lasix, Frusenex",Sanofi,Low-cost generic — Jan Aushadhi,Widely available as low-cost generics; Pradhan Mantri Bhartiya Janaushadhi (PMBJP) offers 50–90% cheaper generics. Manufacturer PSP not typically needed.,workbook_reference_unverified,False,False,"Edema (HF, renal, hepatic); acute pulmonary edema; hypertensive crisis",Diuretic (loop),1980s,60,2.0,tab,True,Assumes once-daily dosing of one tab (30/month).,₹1–3 / tab,True,"[{""indication"": ""Edema (HF, renal, hepatic); acute pulmonary edema; hypertensive crisis""}]",sbp_reduction,Systolic BP Reduction,mmHg,,True,,,[],0.0,Standard of Care,,,,True,True,"[""Nausea"", ""Headache"", ""Fatigue""]","[""Muscle Pain"", ""Gastrointestinal discomfort""]","{""status"": ""unavailable"", ""missing_fields"": [""sbp_reduction""], ""issues"": [{""field"": ""sbp_reduction"", ""severity"": ""warning"", ""message"": ""Primary endpoint not in workbook — run analysis or enter manually.""}]}","{""addressable_population"": null, ""sources"": ""Not available — regional incidence not resolved""}","{""clinical"": ""Standard prescribing guides"", ""competitor"": ""Standard of Care baseline"", ""safety"": ""Clinical trial safety metadata"", ""drug_safety"": ""Product label"", ""clinical_tier"": ""tier_2"", ""competitor_tier"": ""tier_3"", ""safety_tier"": ""tier_2""}","{""global_approval"": {""agency"": ""FDA"", ""date"": ""1980s"", ""status"": ""approved""}, ""regional_status"": ""launched"", ""local_regulator"": ""CDSCO"", ""local_approval_date"": ""1980s"", ""availability_text"": ""Commercially Available (Audited)"", ""availability_color"": ""green"", ""notes"": """", ""is_available"": true}","{""IN"": 60, ""SG"": 1, ""AE"": 2}",True,"{""listed"": false, ""source_url"": ""https://nppa.gov.in/en/nlem2022"", ""retrieved_utc"": ""2026-08-04T14:32:40+00:00""}",False,3,"[{""text"": ""Edema"", ""raw"": ""Edema (HF, renal, hepatic)"", ""qualifier"": ""HF, renal, hepatic"", ""off_label"": false, ""registry_indication"": null, ""category"": null, ""mapped"": false}, {""text"": ""Acute pulmonary edema"", ""raw"": ""acute pulmonary edema"", ""qualifier"": null, ""off_label"": false, ""registry_indication"": null, ""category"": null, ""mapped"": false}, {""text"": ""Hypertensive crisis"", ""raw"": ""hypertensive crisis"", ""qualifier"": null, ""off_label"": false, ""registry_indication"": ""Hypertension"", ""category"": ""CVD"", ""mapped"": true}]",2026-08-04T15:31:12+00:00,1,0,CVD,Hypertensive crisis,Hypertension,"[""Edema"", ""Acute pulmonary edema""]","{""molecule"": ""Furosemide"", ""found"": true, ""approved_in_india"": true, ""first_approval_date"": ""2011-01-05"", ""approval_day_known"": true, ""single_molecule_rows"": 0, ""combination_rows"": 1, ""only_as_combination"": true, ""india_indications"": [], ""source_name"": ""CDSCO List of Approved New Drugs"", ""source_url"": ""https://cdsco.gov.in/opencms/resources/UploadCDSCOWeb/2018/UploadApprovalNewDrugs/approvalsnd211.pdf"", ""source_list"": ""LIST OF NEW DRUGS APPROVED 2011"", ""retrieved_utc"": ""2026-08-05T12:13:39+00:00""}","{""us_initial_approval_year"": {""value"": 1982, ""source_name"": ""FDA prescribing information via DailyMed (FUROSEMIDE INJECTION [CIVICA, INC.])"", ""source_url"": ""https://dailymed.nlm.nih.gov/dailymed/drugInfo.cfm?setid=6d9caaab-d874-4cf1-b9fe-408452a18998"", ""retrieved"": ""2026-08-03"", ""quote"": ""Initial U.S. Approval: 1982""}}",[],,,,,,,,,
torsemide,Torsemide,2026-08-04T08:32:59.590418+00:00,CVD,"Oral tab, IV",oral,chronic_ongoing,5/10/20/100 mg,"Dytor, Tide",Cipla,Low-cost generic — Jan Aushadhi,Widely available as low-cost generics; Pradhan Mantri Bhartiya Janaushadhi (PMBJP) offers 50–90% cheaper generics. Manufacturer PSP not typically needed.,workbook_reference_unverified,False,False,Edema in HF; resistant edema; hypertension,Diuretic (loop),~2005,165,5.5,tab,True,Assumes once-daily dosing of one tab (30/month).,₹3–8 / tab,True,"[{""indication"": ""Edema in HF; resistant edema; hypertension""}]",sbp_reduction,Systolic BP Reduction,mmHg,,True,,,[],0.0,Standard of Care,,,,True,True,"[""Nausea"", ""Headache"", ""Fatigue""]","[""Muscle Pain"", ""Gastrointestinal discomfort""]","{""status"": ""unavailable"", ""missing_fields"": [""sbp_reduction""], ""issues"": [{""field"": ""sbp_reduction"", ""severity"": ""warning"", ""message"": ""Primary endpoint not in workbook — run analysis or enter manually.""}]}","{""addressable_population"": null, ""sources"": ""Not available — regional incidence not resolved""}","{""clinical"": ""Standard prescribing guides"", ""competitor"": ""Standard of Care baseline"", ""safety"": ""Clinical trial safety metadata"", ""drug_safety"": ""Product label"", ""clinical_tier"": ""tier_2"", ""competitor_tier"": ""tier_3"", ""safety_tier"": ""tier_2""}","{""global_approval"": {""agency"": ""FDA"", ""date"": ""~2005"", ""status"": ""approved""}, ""regional_status"": ""launched"", ""local_regulator"": ""CDSCO"", ""local_approval_date"": ""~2005"", ""availability_text"": ""Commercially Available (Audited)"", ""availability_color"": ""green"", ""notes"": """", ""is_available"": true}","{""IN"": 165, ""SG"": 2, ""AE"": 7}",True,"{""listed"": false, ""source_url"": ""https://nppa.gov.in/en/nlem2022"", ""retrieved_utc"": ""2026-08-04T14:32:40+00:00""}",False,3,"[{""text"": ""Edema in HF"", ""raw"": ""Edema in HF"", ""qualifier"": null, ""off_label"": false, ""registry_indication"": null, ""category"": null, ""mapped"": false}, {""text"": ""Resistant edema"", ""raw"": ""resistant edema"", ""qualifier"": null, ""off_label"": false, ""registry_indication"": null, ""category"": null, ""mapped"": false}, {""text"": ""Hypertension"", ""raw"": ""hypertension"", ""qualifier"": null, ""off_label"": false, ""registry_indication"": ""Hypertension"", ""category"": ""CVD"", ""mapped"": true}]",2026-08-04T15:31:12+00:00,1,0,CVD,Hypertension,Hypertension,"[""Edema in HF"", ""Resistant edema""]","{""molecule"": ""Torsemide"", ""found"": false, ""approved_in_india"": null, ""first_approval_date"": null, ""india_indications"": [], ""note"": ""Not found in the CDSCO new-drug lists. The register is thin before about 2009 and several older lists are scanned images that cannot be read, so this is not evidence the molecule is unapproved in India."", ""source_name"": ""CDSCO List of Approved New Drugs"", ""retrieved_utc"": ""2026-08-05T12:13:39+00:00""}",,,,,,,,,,,
spironolactone,Spironolactone,2026-08-04T08:32:59.590577+00:00,CVD,Oral tab,oral,chronic_ongoing,25/50/100 mg,"Aldactone, Spirono",RPG/Pfizer,Low-cost generic — Jan Aushadhi,Widely available as low-cost generics; Pradhan Mantri Bhartiya Janaushadhi (PMBJP) offers 50–90% cheaper generics. Manufacturer PSP not typically needed.,workbook_reference_unverified,False,False,HFrEF; resistant hypertension; primary hyperaldosteronism; ascites; hirsutism/PCOS,Diuretic (K-sparing / MRA),1990s,165,5.5,tab,True,Assumes once-daily dosing of one tab (30/month).,₹3–8 / tab,True,"[{""indication"": ""HFrEF; resistant hypertension; primary hyperaldosteronism; ascites; hirsutism/PCOS""}]",sbp_reduction,Systolic BP Reduction,mmHg,,True,,,[],0.0,Standard of Care,,,,True,True,"[""Nausea"", ""Headache"", ""Fatigue""]","[""Muscle Pain"", ""Gastrointestinal discomfort""]","{""status"": ""unavailable"", ""missing_fields"": [""sbp_reduction""], ""issues"": [{""field"": ""sbp_reduction"", ""severity"": ""warning"", ""message"": ""Primary endpoint not in workbook — run analysis or enter manually.""}]}","{""addressable_population"": null, ""sources"": ""Not available — regional incidence not resolved""}","{""clinical"": ""Standard prescribing guides"", ""competitor"": ""Standard of Care baseline"", ""safety"": ""Clinical trial safety metadata"", ""drug_safety"": ""Product label"", ""clinical_tier"": ""tier_2"", ""competitor_tier"": ""tier_3"", ""safety_tier"": ""tier_2""}","{""global_approval"": {""agency"": ""FDA"", ""date"": ""1990s"", ""status"": ""approved""}, ""regional_status"": ""launched"", ""local_regulator"": ""CDSCO"", ""local_approval_date"": ""1990s"", ""availability_text"": ""Commercially Available (Audited)"", ""availability_color"": ""green"", ""notes"": """", ""is_available"": true}","{""IN"": 165, ""SG"": 2, ""AE"": 7}",True,"{""listed"": true, ""section"": ""10.4.5"", ""care_levels"": [""Primary"", ""Secondary"", ""Tertiary""], ""matched_as"": ""Spironolactone"", ""source_url"": ""https://nppa.gov.in/en/nlem2022"", ""retrieved_utc"": ""2026-08-04T14:32:40+00:00""}",True,5,"[{""text"": ""HFrEF"", ""raw"": ""HFrEF"", ""qualifier"": null, ""off_label"": false, ""registry_indication"": ""Heart Failure"", ""category"": ""CVD"", ""mapped"": true}, {""text"": ""Resistant hypertension"", ""raw"": ""resistant hypertension"", ""qualifier"": null, ""off_label"": false, ""registry_indication"": ""Hypertension"", ""category"": ""CVD"", ""mapped"": true}, {""text"": ""Primary hyperaldosteronism"", ""raw"": ""primary hyperaldosteronism"", ""qualifier"": null, ""off_label"": false, ""registry_indication"": null, ""category"": null, ""mapped"": false}, {""text"": ""Ascites"", ""raw"": ""ascites"", ""qualifier"": null, ""off_label"": false, ""registry_indication"": null, ""category"": null, ""mapped"": false}, {""text"": ""Hirsutism/PCOS"", ""raw"": ""hirsutism/PCOS"", ""qualifier"": null, ""off_label"": false, ""registry_indication"": ""Polycystic Ovary Syndrome (PCOS)"", ""category"": ""Women's Health"", ""mapped"": true}]",2026-08-04T15:31:12+00:00,3,0,CVD,HFrEF,Heart Failure,"[""Primary hyperaldosteronism"", ""Ascites""]","{""molecule"": ""Spironolactone"", ""found"": true, ""approved_in_india"": true, ""first_approval_date"": ""2011-01-05"", ""approval_day_known"": true, ""single_molecule_rows"": 0, ""combination_rows"": 1, ""only_as_combination"": true, ""india_indications"": [], ""source_name"": ""CDSCO List of Approved New Drugs"", ""source_url"": ""https://cdsco.gov.in/opencms/resources/UploadCDSCOWeb/2018/UploadApprovalNewDrugs/approvalsnd211.pdf"", ""source_list"": ""LIST OF NEW DRUGS APPROVED 2011"", ""retrieved_utc"": ""2026-08-05T12:13:39+00:00""}","{""us_initial_approval_year"": {""value"": 1960, ""source_name"": ""FDA prescribing information via DailyMed (SPIRONOLACTONE TABLET, COATED [PD-RX PHARMACEUTICALS, INC.])"", ""source_url"": ""https://dailymed.nlm.nih.gov/dailymed/drugInfo.cfm?setid=73564b3d-8ede-4008-b75c-1277153b5bb6"", ""retrieved"": ""2026-08-03"", ""quote"": ""Initial U.S. Approval: 1960""}}",[],,,,,,,,,
eplerenone,Eplerenone,2026-08-04T08:32:59.590791+00:00,CVD,Oral tab,oral,chronic_ongoing,25/50 mg,"Eptus, Planep",Sun,Generics + optional adherence PSP,Affordable branded generics widely available; innovator brands may offer counselling/adherence support via the prescriber. Jan Aushadhi generics available for older molecules.,workbook_reference_unverified,False,False,HF post-MI; resistant hypertension (selective MRA),Diuretic (MRA),~2010,675,22.5,tab,True,Assumes once-daily dosing of one tab (30/month).,₹15–30 / tab,True,"[{""indication"": ""HF post-MI; resistant hypertension (selective MRA)""}]",sbp_reduction,Systolic BP Reduction,mmHg,,True,,,[],0.0,Standard of Care,,,,True,True,"[""Nausea"", ""Headache"", ""Fatigue""]","[""Muscle Pain"", ""Gastrointestinal discomfort""]","{""status"": ""unavailable"", ""missing_fields"": [""sbp_reduction""], ""issues"": [{""field"": ""sbp_reduction"", ""severity"": ""warning"", ""message"": ""Primary endpoint not in workbook — run analysis or enter manually.""}]}","{""addressable_population"": null, ""sources"": ""Not available — regional incidence not resolved""}","{""clinical"": ""Standard prescribing guides"", ""competitor"": ""Standard of Care baseline"", ""safety"": ""Clinical trial safety metadata"", ""drug_safety"": ""Product label"", ""clinical_tier"": ""tier_2"", ""competitor_tier"": ""tier_3"", ""safety_tier"": ""tier_2""}","{""global_approval"": {""agency"": ""FDA"", ""date"": ""~2010"", ""status"": ""approved""}, ""regional_status"": ""launched"", ""local_regulator"": ""CDSCO"", ""local_approval_date"": ""~2010"", ""availability_text"": ""Commercially Available (Audited)"", ""availability_color"": ""green"", ""notes"": """", ""is_available"": true}","{""IN"": 675, ""SG"": 11, ""AE"": 30}",True,"{""listed"": false, ""source_url"": ""https://nppa.gov.in/en/nlem2022"", ""retrieved_utc"": ""2026-08-04T14:32:40+00:00""}",False,2,"[{""text"": ""HF post-MI"", ""raw"": ""HF post-MI"", ""qualifier"": null, ""off_label"": false, ""registry_indication"": null, ""category"": null, ""mapped"": false}, {""text"": ""Resistant hypertension"", ""raw"": ""resistant hypertension (selective MRA)"", ""qualifier"": ""selective MRA"", ""off_label"": false, ""registry_indication"": ""Hypertension"", ""category"": ""CVD"", ""mapped"": true}]",2026-08-04T15:31:12+00:00,1,0,CVD,Resistant hypertension,Hypertension,"[""HF post-MI""]","{""molecule"": ""Eplerenone"", ""found"": false, ""approved_in_india"": null, ""first_approval_date"": null, ""india_indications"": [], ""note"": ""Not found in the CDSCO new-drug lists. The register is thin before about 2009 and several older lists are scanned images that cannot be read, so this is not evidence the molecule is unapproved in India."", ""source_name"": ""CDSCO List of Approved New Drugs"", ""retrieved_utc"": ""2026-08-05T12:13:39+00:00""}",,,,,,,,,,,
metolazone,Metolazone,2026-08-04T08:32:59.590942+00:00,CVD,Oral tab,oral,chronic_ongoing,2.5/5 mg,"Metolaz, Zytanix",Various,Low-cost generic — Jan Aushadhi,Widely available as low-cost generics; Pradhan Mantri Bhartiya Janaushadhi (PMBJP) offers 50–90% cheaper generics. Manufacturer PSP not typically needed.,workbook_reference_unverified,False,False,Refractory edema (synergy with loop diuretic),Diuretic (thiazide-like),~2005,255,8.5,tab,True,Assumes once-daily dosing of one tab (30/month).,₹5–12 / tab,False,"[{""indication"": ""Refractory edema (synergy with loop diuretic)""}]",hf_event_hr,CV-death / HF-hospitalisation HR,HR,,True,,,[],0.0,Standard of Care,,,,True,True,"[""Nausea"", ""Headache"", ""Fatigue""]","[""Muscle Pain"", ""Gastrointestinal discomfort""]","{""status"": ""unavailable"", ""missing_fields"": [""hf_event_hr""], ""issues"": [{""field"": ""hf_event_hr"", ""severity"": ""warning"", ""message"": ""Primary endpoint not in workbook — run analysis or enter manually.""}]}","{""addressable_population"": null, ""sources"": ""Not available — regional incidence not resolved""}","{""clinical"": ""Standard prescribing guides"", ""competitor"": ""Standard of Care baseline"", ""safety"": ""Clinical trial safety metadata"", ""drug_safety"": ""Product label"", ""clinical_tier"": ""tier_2"", ""competitor_tier"": ""tier_3"", ""safety_tier"": ""tier_2""}","{""global_approval"": {""agency"": ""FDA"", ""date"": ""~2005"", ""status"": ""approved""}, ""regional_status"": ""launched"", ""local_regulator"": ""CDSCO"", ""local_approval_date"": ""~2005"", ""availability_text"": ""Commercially Available (Audited)"", ""availability_color"": ""green"", ""notes"": """", ""is_available"": true}","{""IN"": 255, ""SG"": 4, ""AE"": 11}",True,"{""listed"": false, ""source_url"": ""https://nppa.gov.in/en/nlem2022"", ""retrieved_utc"": ""2026-08-04T14:32:40+00:00""}",False,1,"[{""text"": ""Refractory edema"", ""raw"": ""Refractory edema (synergy with loop diuretic)"", ""qualifier"": ""synergy with loop diuretic"", ""off_label"": false, ""registry_indication"": ""Heart Failure"", ""category"": ""CVD"", ""mapped"": true}]",2026-08-04T15:31:12+00:00,1,0,CVD,Refractory edema,Heart Failure,[],"{""molecule"": ""Metolazone"", ""found"": false, ""approved_in_india"": null, ""first_approval_date"": null, ""india_indications"": [], ""note"": ""Not found in the CDSCO new-drug lists. The register is thin before about 2009 and several older lists are scanned images that cannot be read, so this is not evidence the molecule is unapproved in India."", ""source_name"": ""CDSCO List of Approved New Drugs"", ""retrieved_utc"": ""2026-08-05T12:13:39+00:00""}",,,,,,,,,,,
mannitol,Mannitol,2026-08-04T08:32:59.591108+00:00,CVD,IV infusion,,,10%/20%,Mannitol,Various,Institutional / hospital use,Supplied & administered in hospital; manufacturer or charitable access may apply for high-cost agents — confirm case-by-case.,workbook_reference_unverified,False,False,Raised intracranial pressure; cerebral edema; forced diuresis,Diuretic (osmotic),—,,,,True,No numeric price in source (Hospital only) — enter manually.,Hospital only,True,"[{""indication"": ""Raised intracranial pressure; cerebral edema; forced diuresis""}]",,,,,True,,,[],0.0,Standard of Care,,,,True,True,"[""Nausea"", ""Headache"", ""Fatigue""]","[""Muscle Pain"", ""Gastrointestinal discomfort""]","{""status"": ""unavailable"", ""missing_fields"": [""primary_endpoint""], ""issues"": [{""field"": ""primary_endpoint"", ""severity"": ""warning"", ""message"": ""Primary endpoint not in workbook — run analysis or enter manually.""}]}","{""addressable_population"": null, ""sources"": ""Not available — regional incidence not resolved""}","{""clinical"": ""Standard prescribing guides"", ""competitor"": ""Standard of Care baseline"", ""safety"": ""Clinical trial safety metadata"", ""drug_safety"": ""Product label"", ""clinical_tier"": ""tier_2"", ""competitor_tier"": ""tier_3"", ""safety_tier"": ""tier_2""}","{""global_approval"": {""agency"": ""FDA"", ""date"": ""—"", ""status"": ""approved""}, ""regional_status"": ""launched"", ""local_regulator"": ""CDSCO"", ""local_approval_date"": ""—"", ""availability_text"": ""Commercially Available (Audited)"", ""availability_color"": ""green"", ""notes"": """", ""is_available"": true}","{""IN"": null, ""SG"": null, ""AE"": null}",True,"{""listed"": true, ""section"": ""15.3"", ""care_levels"": [""Primary"", ""Secondary"", ""Tertiary""], ""matched_as"": ""Mannitol"", ""source_url"": ""https://nppa.gov.in/en/nlem2022"", ""retrieved_utc"": ""2026-08-04T14:32:40+00:00""}",True,3,"[{""text"": ""Raised intracranial pressure"", ""raw"": ""Raised intracranial pressure"", ""qualifier"": null, ""off_label"": false, ""registry_indication"": null, ""category"": null, ""mapped"": false}, {""text"": ""Cerebral edema"", ""raw"": ""cerebral edema"", ""qualifier"": null, ""off_label"": false, ""registry_indication"": null, ""category"": null, ""mapped"": false}, {""text"": ""Forced diuresis"", ""raw"": ""forced diuresis"", ""qualifier"": null, ""off_label"": false, ""registry_indication"": null, ""category"": null, ""mapped"": false}]",2026-08-04T15:31:12+00:00,0,0,,Raised intracranial pressure,,"[""Raised intracranial pressure"", ""Cerebral edema"", ""Forced diuresis""]","{""molecule"": ""Mannitol"", ""found"": false, ""approved_in_india"": null, ""first_approval_date"": null, ""india_indications"": [], ""note"": ""Not found in the CDSCO new-drug lists. The register is thin before about 2009 and several older lists are scanned images that cannot be read, so this is not evidence the molecule is unapproved in India."", ""source_name"": ""CDSCO List of Approved New Drugs"", ""retrieved_utc"": ""2026-08-05T12:13:39+00:00""}",,,,,,,,,,,
prazosin,Prazosin,2026-08-04T08:32:59.591254+00:00,CVD,Oral tab/XL,oral,chronic_ongoing,2.5/5 mg,"Minipress XL, Prazopress",Pfizer,Low-cost generic — Jan Aushadhi,Widely available as low-cost generics; Pradhan Mantri Bhartiya Janaushadhi (PMBJP) offers 50–90% cheaper generics. Manufacturer PSP not typically needed.,workbook_reference_unverified,False,False,Hypertension; BPH; scorpion sting; PTSD nightmares,Alpha-blocker,1990s,255,8.5,tab,True,Assumes once-daily dosing of one tab (30/month).,₹5–12 / tab,True,"[{""indication"": ""Hypertension; BPH; scorpion sting; PTSD nightmares""}]",sbp_reduction,Systolic BP Reduction,mmHg,,True,,,[],0.0,Standard of Care,,,,True,True,"[""Nausea"", ""Headache"", ""Fatigue""]","[""Muscle Pain"", ""Gastrointestinal discomfort""]","{""status"": ""unavailable"", ""missing_fields"": [""sbp_reduction""], ""issues"": [{""field"": ""sbp_reduction"", ""severity"": ""warning"", ""message"": ""Primary endpoint not in workbook — run analysis or enter manually.""}]}","{""addressable_population"": null, ""sources"": ""Not available — regional incidence not resolved""}","{""clinical"": ""Standard prescribing guides"", ""competitor"": ""Standard of Care baseline"", ""safety"": ""Clinical trial safety metadata"", ""drug_safety"": ""Product label"", ""clinical_tier"": ""tier_2"", ""competitor_tier"": ""tier_3"", ""safety_tier"": ""tier_2""}","{""global_approval"": {""agency"": ""FDA"", ""date"": ""1990s"", ""status"": ""approved""}, ""regional_status"": ""launched"", ""local_regulator"": ""CDSCO"", ""local_approval_date"": ""1990s"", ""availability_text"": ""Commercially Available (Audited)"", ""availability_color"": ""green"", ""notes"": """", ""is_available"": true}","{""IN"": 255, ""SG"": 4, ""AE"": 11}",True,"{""listed"": false, ""source_url"": ""https://nppa.gov.in/en/nlem2022"", ""retrieved_utc"": ""2026-08-04T14:32:40+00:00""}",False,4,"[{""text"": ""Hypertension"", ""raw"": ""Hypertension"", ""qualifier"": null, ""off_label"": false, ""registry_indication"": ""Hypertension"", ""category"": ""CVD"", ""mapped"": true}, {""text"": ""BPH"", ""raw"": ""BPH"", ""qualifier"": null, ""off_label"": false, ""registry_indication"": null, ""category"": null, ""mapped"": false}, {""text"": ""Scorpion sting"", ""raw"": ""scorpion sting"", ""qualifier"": null, ""off_label"": false, ""registry_indication"": null, ""category"": null, ""mapped"": false}, {""text"": ""PTSD nightmares"", ""raw"": ""PTSD nightmares"", ""qualifier"": null, ""off_label"": false, ""registry_indication"": null, ""category"": null, ""mapped"": false}]",2026-08-04T15:31:12+00:00,1,0,CVD,Hypertension,Hypertension,"[""BPH"", ""Scorpion sting"", ""PTSD nightmares""]","{""molecule"": ""Prazosin"", ""found"": false, ""approved_in_india"": null, ""first_approval_date"": null, ""india_indications"": [], ""note"": ""Not found in the CDSCO new-drug lists. The register is thin before about 2009 and several older lists are scanned images that cannot be read, so this is not evidence the molecule is unapproved in India."", ""source_name"": ""CDSCO List of Approved New Drugs"", ""retrieved_utc"": ""2026-08-05T12:13:39+00:00""}",,,,,,,,,,,
doxazosin,Doxazosin,2026-08-04T08:32:59.591396+00:00,CVD,Oral tab,oral,chronic_ongoing,1/2/4 mg,Doxacard,Cipla,Low-cost generic — Jan Aushadhi,Widely available as low-cost generics; Pradhan Mantri Bhartiya Janaushadhi (PMBJP) offers 50–90% cheaper generics. Manufacturer PSP not typically needed.,workbook_reference_unverified,False,False,Hypertension; BPH,Alpha-blocker,~2000,225,7.5,tab,True,Assumes once-daily dosing of one tab (30/month).,₹5–10 / tab,True,"[{""indication"": ""Hypertension; BPH""}]",sbp_reduction,Systolic BP Reduction,mmHg,,True,,,[],0.0,Standard of Care,,,,True,True,"[""Nausea"", ""Headache"", ""Fatigue""]","[""Muscle Pain"", ""Gastrointestinal discomfort""]","{""status"": ""unavailable"", ""missing_fields"": [""sbp_reduction""], ""issues"": [{""field"": ""sbp_reduction"", ""severity"": ""warning"", ""message"": ""Primary endpoint not in workbook — run analysis or enter manually.""}]}","{""addressable_population"": null, ""sources"": ""Not available — regional incidence not resolved""}","{""clinical"": ""Standard prescribing guides"", ""competitor"": ""Standard of Care baseline"", ""safety"": ""Clinical trial safety metadata"", ""drug_safety"": ""Product label"", ""clinical_tier"": ""tier_2"", ""competitor_tier"": ""tier_3"", ""safety_tier"": ""tier_2""}","{""global_approval"": {""agency"": ""FDA"", ""date"": ""~2000"", ""status"": ""approved""}, ""regional_status"": ""launched"", ""local_regulator"": ""CDSCO"", ""local_approval_date"": ""~2000"", ""availability_text"": ""Commercially Available (Audited)"", ""availability_color"": ""green"", ""notes"": """", ""is_available"": true}","{""IN"": 225, ""SG"": 3, ""AE"": 10}",True,"{""listed"": false, ""source_url"": ""https://nppa.gov.in/en/nlem2022"", ""retrieved_utc"": ""2026-08-04T14:32:40+00:00""}",False,2,"[{""text"": ""Hypertension"", ""raw"": ""Hypertension"", ""qualifier"": null, ""off_label"": false, ""registry_indication"": ""Hypertension"", ""category"": ""CVD"", ""mapped"": true}, {""text"": ""BPH"", ""raw"": ""BPH"", ""qualifier"": null, ""off_label"": false, ""registry_indication"": null, ""category"": null, ""mapped"": false}]",2026-08-04T15:31:12+00:00,1,0,CVD,Hypertension,Hypertension,"[""BPH""]","{""molecule"": ""Doxazosin"", ""found"": false, ""approved_in_india"": null, ""first_approval_date"": null, ""india_indications"": [], ""note"": ""Not found in the CDSCO new-drug lists. The register is thin before about 2009 and several older lists are scanned images that cannot be read, so this is not evidence the molecule is unapproved in India."", ""source_name"": ""CDSCO List of Approved New Drugs"", ""retrieved_utc"": ""2026-08-05T12:13:39+00:00""}",,,,,,,,,,,
clonidine,Clonidine,2026-08-04T08:32:59.591547+00:00,CVD,Oral tab,oral,chronic_ongoing,100 mcg,"Arkamin, Catapres",Torrent,Low-cost generic — Jan Aushadhi,Widely available as low-cost generics; Pradhan Mantri Bhartiya Janaushadhi (PMBJP) offers 50–90% cheaper generics. Manufacturer PSP not typically needed.,workbook_reference_unverified,False,False,Hypertension; hypertensive urgency; ADHD; opioid withdrawal,Central sympatholytic,1990s,105,3.5,tab,True,Assumes once-daily dosing of one tab (30/month).,₹2–5 / tab,True,"[{""indication"": ""Hypertension; hypertensive urgency; ADHD; opioid withdrawal""}]",sbp_reduction,Systolic BP Reduction,mmHg,,True,,,[],0.0,Standard of Care,,,,True,True,"[""Nausea"", ""Headache"", ""Fatigue""]","[""Muscle Pain"", ""Gastrointestinal discomfort""]","{""status"": ""unavailable"", ""missing_fields"": [""sbp_reduction""], ""issues"": [{""field"": ""sbp_reduction"", ""severity"": ""warning"", ""message"": ""Primary endpoint not in workbook — run analysis or enter manually.""}]}","{""addressable_population"": null, ""sources"": ""Not available — regional incidence not resolved""}","{""clinical"": ""Standard prescribing guides"", ""competitor"": ""Standard of Care baseline"", ""safety"": ""Clinical trial safety metadata"", ""drug_safety"": ""Product label"", ""clinical_tier"": ""tier_2"", ""competitor_tier"": ""tier_3"", ""safety_tier"": ""tier_2""}","{""global_approval"": {""agency"": ""FDA"", ""date"": ""1990s"", ""status"": ""approved""}, ""regional_status"": ""launched"", ""local_regulator"": ""CDSCO"", ""local_approval_date"": ""1990s"", ""availability_text"": ""Commercially Available (Audited)"", ""availability_color"": ""green"", ""notes"": """", ""is_available"": true}","{""IN"": 105, ""SG"": 1, ""AE"": 4}",True,"{""listed"": false, ""source_url"": ""https://nppa.gov.in/en/nlem2022"", ""retrieved_utc"": ""2026-08-04T14:32:40+00:00""}",False,4,"[{""text"": ""Hypertension"", ""raw"": ""Hypertension"", ""qualifier"": null, ""off_label"": false, ""registry_indication"": ""Hypertension"", ""category"": ""CVD"", ""mapped"": true}, {""text"": ""Hypertensive urgency"", ""raw"": ""hypertensive urgency"", ""qualifier"": null, ""off_label"": false, ""registry_indication"": ""Hypertension"", ""category"": ""CVD"", ""mapped"": true}, {""text"": ""ADHD"", ""raw"": ""ADHD"", ""qualifier"": null, ""off_label"": false, ""registry_indication"": null, ""category"": null, ""mapped"": false}, {""text"": ""Opioid withdrawal"", ""raw"": ""opioid withdrawal"", ""qualifier"": null, ""off_label"": false, ""registry_indication"": null, ""category"": null, ""mapped"": false}]",2026-08-04T15:31:12+00:00,2,0,CVD,Hypertension,Hypertension,"[""ADHD"", ""Opioid withdrawal""]","{""molecule"": ""Clonidine"", ""found"": true, ""approved_in_india"": true, ""first_approval_date"": ""1981-03-01"", ""approval_day_known"": false, ""single_molecule_rows"": 1, ""combination_rows"": 0, ""only_as_combination"": false, ""india_indications"": [], ""source_name"": ""CDSCO List of Approved New Drugs"", ""source_url"": ""https://cdsco.gov.in/opencms/resources/UploadCDSCOWeb/2018/UploadApprovalNewDrugs/1981_1990.pdf"", ""source_list"": ""LIST OF NEW DRUGS APPROVED 1981_1990"", ""retrieved_utc"": ""2026-08-05T12:13:39+00:00""}",,,,,,,,,,,
methyldopa,Methyldopa,2026-08-04T08:32:59.591692+00:00,CVD,Oral tab,oral,chronic_ongoing,250 mg,"Alphadopa, Emdopa",Zydus,Low-cost generic — Jan Aushadhi,Widely available as low-cost generics; Pradhan Mantri Bhartiya Janaushadhi (PMBJP) offers 50–90% cheaper generics. Manufacturer PSP not typically needed.,workbook_reference_unverified,False,False,Hypertension in pregnancy (drug of choice),Central sympatholytic,1980s,135,4.5,tab,True,Assumes once-daily dosing of one tab (30/month).,₹3–6 / tab,False,"[{""indication"": ""Hypertension in pregnancy (drug of choice)""}]",sbp_reduction,Systolic BP Reduction,mmHg,,True,,,[],0.0,Standard of Care,,,,True,True,"[""Nausea"", ""Headache"", ""Fatigue""]","[""Muscle Pain"", ""Gastrointestinal discomfort""]","{""status"": ""unavailable"", ""missing_fields"": [""sbp_reduction""], ""issues"": [{""field"": ""sbp_reduction"", ""severity"": ""warning"", ""message"": ""Primary endpoint not in workbook — run analysis or enter manually.""}]}","{""addressable_population"": null, ""sources"": ""Not available — regional incidence not resolved""}","{""clinical"": ""Standard prescribing guides"", ""competitor"": ""Standard of Care baseline"", ""safety"": ""Clinical trial safety metadata"", ""drug_safety"": ""Product label"", ""clinical_tier"": ""tier_2"", ""competitor_tier"": ""tier_3"", ""safety_tier"": ""tier_2""}","{""global_approval"": {""agency"": ""FDA"", ""date"": ""1980s"", ""status"": ""approved""}, ""regional_status"": ""launched"", ""local_regulator"": ""CDSCO"", ""local_approval_date"": ""1980s"", ""availability_text"": ""Commercially Available (Audited)"", ""availability_color"": ""green"", ""notes"": """", ""is_available"": true}","{""IN"": 135, ""SG"": 2, ""AE"": 6}",True,"{""listed"": false, ""source_url"": ""https://nppa.gov.in/en/nlem2022"", ""retrieved_utc"": ""2026-08-04T14:32:40+00:00""}",False,1,"[{""text"": ""Hypertension in pregnancy"", ""raw"": ""Hypertension in pregnancy (drug of choice)"", ""qualifier"": ""drug of choice"", ""off_label"": false, ""registry_indication"": ""Hypertension"", ""category"": ""CVD"", ""mapped"": true}]",2026-08-04T15:31:12+00:00,1,0,CVD,Hypertension in pregnancy,Hypertension,[],"{""molecule"": ""Methyldopa"", ""found"": false, ""approved_in_india"": null, ""first_approval_date"": null, ""india_indications"": [], ""note"": ""Not found in the CDSCO new-drug lists. The register is thin before about 2009 and several older lists are scanned images that cannot be read, so this is not evidence the molecule is unapproved in India."", ""source_name"": ""CDSCO List of Approved New Drugs"", ""retrieved_utc"": ""2026-08-05T12:13:39+00:00""}",,,,,,,,,,,
moxonidine,Moxonidine,2026-08-04T08:32:59.591836+00:00,CVD,Oral tab,oral,chronic_ongoing,0.2/0.3/0.4 mg,"Physiotens, Moxovas",Abbott,Low-cost generic — Jan Aushadhi,Widely available as low-cost generics; Pradhan Mantri Bhartiya Janaushadhi (PMBJP) offers 50–90% cheaper generics. Manufacturer PSP not typically needed.,workbook_reference_unverified,False,False,Hypertension (imidazoline agonist),Central sympatholytic,~2005,345,11.5,tab,True,Assumes once-daily dosing of one tab (30/month).,₹8–15 / tab,False,"[{""indication"": ""Hypertension (imidazoline agonist)""}]",sbp_reduction,Systolic BP Reduction,mmHg,,True,,,[],0.0,Standard of Care,,,,True,True,"[""Nausea"", ""Headache"", ""Fatigue""]","[""Muscle Pain"", ""Gastrointestinal discomfort""]","{""status"": ""unavailable"", ""missing_fields"": [""sbp_reduction""], ""issues"": [{""field"": ""sbp_reduction"", ""severity"": ""warning"", ""message"": ""Primary endpoint not in workbook — run analysis or enter manually.""}]}","{""addressable_population"": null, ""sources"": ""Not available — regional incidence not resolved""}","{""clinical"": ""Standard prescribing guides"", ""competitor"": ""Standard of Care baseline"", ""safety"": ""Clinical trial safety metadata"", ""drug_safety"": ""Product label"", ""clinical_tier"": ""tier_2"", ""competitor_tier"": ""tier_3"", ""safety_tier"": ""tier_2""}","{""global_approval"": {""agency"": ""FDA"", ""date"": ""~2005"", ""status"": ""approved""}, ""regional_status"": ""launched"", ""local_regulator"": ""CDSCO"", ""local_approval_date"": ""~2005"", ""availability_text"": ""Commercially Available (Audited)"", ""availability_color"": ""green"", ""notes"": """", ""is_available"": true}","{""IN"": 345, ""SG"": 5, ""AE"": 15}",True,"{""listed"": false, ""source_url"": ""https://nppa.gov.in/en/nlem2022"", ""retrieved_utc"": ""2026-08-04T14:32:40+00:00""}",False,1,"[{""text"": ""Hypertension"", ""raw"": ""Hypertension (imidazoline agonist)"", ""qualifier"": ""imidazoline agonist"", ""off_label"": false, ""registry_indication"": ""Hypertension"", ""category"": ""CVD"", ""mapped"": true}]",2026-08-04T15:31:12+00:00,1,0,CVD,Hypertension,Hypertension,[],"{""molecule"": ""Moxonidine"", ""found"": false, ""approved_in_india"": null, ""first_approval_date"": null, ""india_indications"": [], ""note"": ""Not found in the CDSCO new-drug lists. The register is thin before about 2009 and several older lists are scanned images that cannot be read, so this is not evidence the molecule is unapproved in India."", ""source_name"": ""CDSCO List of Approved New Drugs"", ""retrieved_utc"": ""2026-08-05T12:13:39+00:00""}",,,,,,,,,,,
hydralazine,Hydralazine,2026-08-04T08:32:59.592004+00:00,CVD,"Oral tab, IV",oral,chronic_ongoing,25 mg,Nepresol,Various,Low-cost generic — Jan Aushadhi,Widely available as low-cost generics; Pradhan Mantri Bhartiya Janaushadhi (PMBJP) offers 50–90% cheaper generics. Manufacturer PSP not typically needed.,workbook_reference_unverified,False,False,Resistant hypertension; HF (with nitrates); pregnancy hypertension,Vasodilator,—,180,6.0,tab,True,Assumes once-daily dosing of one tab (30/month).,₹4–8 / tab,True,"[{""indication"": ""Resistant hypertension; HF (with nitrates); pregnancy hypertension""}]",sbp_reduction,Systolic BP Reduction,mmHg,,True,,,[],0.0,Standard of Care,,,,True,True,"[""Nausea"", ""Headache"", ""Fatigue""]","[""Muscle Pain"", ""Gastrointestinal discomfort""]","{""status"": ""unavailable"", ""missing_fields"": [""sbp_reduction""], ""issues"": [{""field"": ""sbp_reduction"", ""severity"": ""warning"", ""message"": ""Primary endpoint not in workbook — run analysis or enter manually.""}]}","{""addressable_population"": null, ""sources"": ""Not available — regional incidence not resolved""}","{""clinical"": ""Standard prescribing guides"", ""competitor"": ""Standard of Care baseline"", ""safety"": ""Clinical trial safety metadata"", ""drug_safety"": ""Product label"", ""clinical_tier"": ""tier_2"", ""competitor_tier"": ""tier_3"", ""safety_tier"": ""tier_2""}","{""global_approval"": {""agency"": ""FDA"", ""date"": ""—"", ""status"": ""approved""}, ""regional_status"": ""launched"", ""local_regulator"": ""CDSCO"", ""local_approval_date"": ""—"", ""availability_text"": ""Commercially Available (Audited)"", ""availability_color"": ""green"", ""notes"": """", ""is_available"": true}","{""IN"": 180, ""SG"": 3, ""AE"": 8}",True,"{""listed"": false, ""source_url"": ""https://nppa.gov.in/en/nlem2022"", ""retrieved_utc"": ""2026-08-04T14:32:40+00:00""}",False,2,"[{""text"": ""Resistant hypertension"", ""raw"": ""Resistant hypertension"", ""qualifier"": null, ""off_label"": false, ""registry_indication"": ""Hypertension"", ""category"": ""CVD"", ""mapped"": true}, {""text"": ""Pregnancy hypertension"", ""raw"": ""pregnancy hypertension"", ""qualifier"": null, ""off_label"": false, ""registry_indication"": ""Hypertension"", ""category"": ""CVD"", ""mapped"": true}]",2026-08-04T15:31:12+00:00,2,0,CVD,Resistant hypertension,Hypertension,[],"{""molecule"": ""Hydralazine"", ""found"": false, ""approved_in_india"": null, ""first_approval_date"": null, ""india_indications"": [], ""note"": ""Not found in the CDSCO new-drug lists. The register is thin before about 2009 and several older lists are scanned images that cannot be read, so this is not evidence the molecule is unapproved in India."", ""source_name"": ""CDSCO List of Approved New Drugs"", ""retrieved_utc"": ""2026-08-05T12:13:39+00:00""}",,,,,,,,,,,
sodium-nitroprusside,Sodium nitroprusside,2026-08-04T08:32:59.592151+00:00,CVD,IV infusion,oral,chronic_ongoing,50 mg vial,"Sonide, PNP",Various,Institutional / hospital use,Supplied & administered in hospital; manufacturer or charitable access may apply for high-cost agents — confirm case-by-case.,workbook_reference_unverified,False,False,Hypertensive emergency; controlled hypotension,Vasodilator,—,,,,True,No numeric price in source (Hospital only) — enter manually.,Hospital only,True,"[{""indication"": ""Hypertensive emergency; controlled hypotension""}]",sbp_reduction,Systolic BP Reduction,mmHg,,True,,,[],0.0,Standard of Care,,,,True,True,"[""Nausea"", ""Headache"", ""Fatigue""]","[""Muscle Pain"", ""Gastrointestinal discomfort""]","{""status"": ""unavailable"", ""missing_fields"": [""sbp_reduction""], ""issues"": [{""field"": ""sbp_reduction"", ""severity"": ""warning"", ""message"": ""Primary endpoint not in workbook — run analysis or enter manually.""}]}","{""addressable_population"": null, ""sources"": ""Not available — regional incidence not resolved""}","{""clinical"": ""Standard prescribing guides"", ""competitor"": ""Standard of Care baseline"", ""safety"": ""Clinical trial safety metadata"", ""drug_safety"": ""Product label"", ""clinical_tier"": ""tier_2"", ""competitor_tier"": ""tier_3"", ""safety_tier"": ""tier_2""}","{""global_approval"": {""agency"": ""FDA"", ""date"": ""—"", ""status"": ""approved""}, ""regional_status"": ""launched"", ""local_regulator"": ""CDSCO"", ""local_approval_date"": ""—"", ""availability_text"": ""Commercially Available (Audited)"", ""availability_color"": ""green"", ""notes"": """", ""is_available"": true}","{""IN"": null, ""SG"": null, ""AE"": null}",True,"{""listed"": true, ""section"": ""10.3.6"", ""care_levels"": [""Secondary"", ""Tertiary""], ""matched_as"": ""Sodium nitroprusside"", ""source_url"": ""https://nppa.gov.in/en/nlem2022"", ""retrieved_utc"": ""2026-08-04T14:32:40+00:00""}",True,2,"[{""text"": ""Hypertensive emergency"", ""raw"": ""Hypertensive emergency"", ""qualifier"": null, ""off_label"": false, ""registry_indication"": ""Hypertension"", ""category"": ""CVD"", ""mapped"": true}, {""text"": ""Controlled hypotension"", ""raw"": ""controlled hypotension"", ""qualifier"": null, ""off_label"": false, ""registry_indication"": ""Hypertension"", ""category"": ""CVD"", ""mapped"": true}]",2026-08-04T15:31:12+00:00,2,0,CVD,Hypertensive emergency,Hypertension,[],"{""molecule"": ""Sodium nitroprusside"", ""found"": false, ""approved_in_india"": null, ""first_approval_date"": null, ""india_indications"": [], ""note"": ""Not found in the CDSCO new-drug lists. The register is thin before about 2009 and several older lists are scanned images that cannot be read, so this is not evidence the molecule is unapproved in India."", ""source_name"": ""CDSCO List of Approved New Drugs"", ""retrieved_utc"": ""2026-08-05T12:13:39+00:00""}",,,,,,,,,,,
atorvastatin,Atorvastatin,2026-08-04T08:32:59.592297+00:00,CVD,Oral tab,oral,chronic_ongoing,5/10/20/40/80 mg,"Atorva, Storvas, Aztor, Tonact, Atocor","Zydus, Sun, Lupin",Low-cost generic — Jan Aushadhi,Widely available as low-cost generics; Pradhan Mantri Bhartiya Janaushadhi (PMBJP) offers 50–90% cheaper generics. Manufacturer PSP not typically needed.,workbook_reference_unverified,False,False,Dyslipidemia; primary & secondary CV prevention,Statin,~1998,225,7.5,tab,True,Assumes once-daily dosing of one tab (30/month).,₹3–12 / tab,True,"[{""indication"": ""Dyslipidemia; primary & secondary CV prevention""}]",ldl_reduction,LDL-C Reduction,%,,True,,,[],0.0,Standard of Care,,,,True,True,"[""Nausea"", ""Headache"", ""Fatigue""]","[""Muscle Pain"", ""Gastrointestinal discomfort""]","{""status"": ""unavailable"", ""missing_fields"": [""ldl_reduction""], ""issues"": [{""field"": ""ldl_reduction"", ""severity"": ""warning"", ""message"": ""Primary endpoint not in workbook — run analysis or enter manually.""}]}","{""addressable_population"": null, ""sources"": ""Not available — regional incidence not resolved""}","{""clinical"": ""Standard prescribing guides"", ""competitor"": ""Standard of Care baseline"", ""safety"": ""Clinical trial safety metadata"", ""drug_safety"": ""Product label"", ""clinical_tier"": ""tier_2"", ""competitor_tier"": ""tier_3"", ""safety_tier"": ""tier_2""}","{""global_approval"": {""agency"": ""FDA"", ""date"": ""~1998"", ""status"": ""approved""}, ""regional_status"": ""launched"", ""local_regulator"": ""CDSCO"", ""local_approval_date"": ""~1998"", ""availability_text"": ""Commercially Available (Audited)"", ""availability_color"": ""green"", ""notes"": """", ""is_available"": true}","{""IN"": 225, ""SG"": 3, ""AE"": 10}",True,"{""listed"": false, ""source_url"": ""https://nppa.gov.in/en/nlem2022"", ""retrieved_utc"": ""2026-08-04T14:32:40+00:00""}",False,2,"[{""text"": ""Dyslipidemia"", ""raw"": ""Dyslipidemia"", ""qualifier"": null, ""off_label"": false, ""registry_indication"": ""Hypercholesterolemia / Dyslipidemia"", ""category"": ""CVD"", ""mapped"": true}, {""text"": ""Primary & secondary CV prevention"", ""raw"": ""primary & secondary CV prevention"", ""qualifier"": null, ""off_label"": false, ""registry_indication"": null, ""category"": null, ""mapped"": false}]",2026-08-04T15:31:12+00:00,1,0,CVD,Dyslipidemia,Hypercholesterolemia / Dyslipidemia,"[""Primary & secondary CV prevention""]","{""molecule"": ""Atorvastatin"", ""found"": true, ""approved_in_india"": true, ""first_approval_date"": ""2009-07-01"", ""approval_day_known"": true, ""single_molecule_rows"": 0, ""combination_rows"": 2, ""only_as_combination"": true, ""india_indications"": [""As an Adjunct to Diet to Reduce Elevated Total Cholesterol and Triglyceride Levels in Patients with Primary HyperCholesterolemia and Mixed Dyalipidemia (Type IIa and IIIb). 2) In adult patients with type II diabetes and without clinically evident coronary heart disease to reduce the risk of myocardial infarction and stroke. 3) To reduce the risk of stroke in adult patients without clinically evide""], ""source_name"": ""CDSCO List of Approved New Drugs"", ""source_url"": ""https://cdsco.gov.in/opencms/resources/UploadCDSCOWeb/2018/UploadApprovalNewDrugs/2009.pdf"", ""source_list"": ""LIST OF NEW DRUGS APPROVED 2009"", ""retrieved_utc"": ""2026-08-05T12:13:39+00:00""}",,,,,,,,,,,
rosuvastatin,Rosuvastatin,2026-08-04T08:32:59.592444+00:00,CVD,Oral tab,oral,chronic_ongoing,5/10/20/40 mg,"Rosuvas, Crestor, Novastat, Rozavel","Sun, AstraZeneca",Low-cost generic — Jan Aushadhi,Widely available as low-cost generics; Pradhan Mantri Bhartiya Janaushadhi (PMBJP) offers 50–90% cheaper generics. Manufacturer PSP not typically needed.,workbook_reference_unverified,False,False,Dyslipidemia; CV prevention (high-intensity),Statin,~2005,300,10.0,tab,True,Assumes once-daily dosing of one tab (30/month).,₹5–15 / tab,True,"[{""indication"": ""Dyslipidemia; CV prevention (high-intensity)""}]",ldl_reduction,LDL-C Reduction,%,,True,,,[],0.0,Standard of Care,,,,True,True,"[""Nausea"", ""Headache"", ""Fatigue""]","[""Muscle Pain"", ""Gastrointestinal discomfort""]","{""status"": ""unavailable"", ""missing_fields"": [""ldl_reduction""], ""issues"": [{""field"": ""ldl_reduction"", ""severity"": ""warning"", ""message"": ""Primary endpoint not in workbook — run analysis or enter manually.""}]}","{""addressable_population"": null, ""sources"": ""Not available — regional incidence not resolved""}","{""clinical"": ""Standard prescribing guides"", ""competitor"": ""Standard of Care baseline"", ""safety"": ""Clinical trial safety metadata"", ""drug_safety"": ""Product label"", ""clinical_tier"": ""tier_2"", ""competitor_tier"": ""tier_3"", ""safety_tier"": ""tier_2""}","{""global_approval"": {""agency"": ""FDA"", ""date"": ""~2005"", ""status"": ""approved""}, ""regional_status"": ""launched"", ""local_regulator"": ""CDSCO"", ""local_approval_date"": ""~2005"", ""availability_text"": ""Commercially Available (Audited)"", ""availability_color"": ""green"", ""notes"": """", ""is_available"": true}","{""IN"": 300, ""SG"": 5, ""AE"": 13}",True,"{""listed"": false, ""source_url"": ""https://nppa.gov.in/en/nlem2022"", ""retrieved_utc"": ""2026-08-04T14:32:40+00:00""}",False,2,"[{""text"": ""Dyslipidemia"", ""raw"": ""Dyslipidemia"", ""qualifier"": null, ""off_label"": false, ""registry_indication"": ""Hypercholesterolemia / Dyslipidemia"", ""category"": ""CVD"", ""mapped"": true}, {""text"": ""CV prevention"", ""raw"": ""CV prevention (high-intensity)"", ""qualifier"": ""high-intensity"", ""off_label"": false, ""registry_indication"": null, ""category"": null, ""mapped"": false}]",2026-08-04T15:31:12+00:00,1,0,CVD,Dyslipidemia,Hypercholesterolemia / Dyslipidemia,"[""CV prevention""]","{""molecule"": ""Rosuvastatin"", ""found"": true, ""approved_in_india"": true, ""first_approval_date"": ""2011-03-30"", ""approval_day_known"": true, ""single_molecule_rows"": 0, ""combination_rows"": 2, ""only_as_combination"": true, ""india_indications"": [""For the treatment of dyslipidemia associated with arthersclerotic arterial disease with risk of Myocardial infarction, stroke or peripheral vascular disease"", ""to reduce Total-C, LDL-C, and ApoB levels in adolesent boys and girls, who are at least one year post-menarche, 10-17 years of age with heterozygous familial hypercholesterolemia if after an adequate trial of diet therapy the following findings are present: LDL-C> 190mg/dL or > 160mg/dL and there is a positive family history of premature cadiovascular disease (CVD) or two or more other CVD risk fa""], ""source_name"": ""CDSCO List of Approved New Drugs"", ""source_url"": ""https://cdsco.gov.in/opencms/resources/UploadCDSCOWeb/2018/UploadApprovalNewDrugs/approvalsnd211.pdf"", ""source_list"": ""LIST OF NEW DRUGS APPROVED 2011"", ""retrieved_utc"": ""2026-08-05T12:13:39+00:00""}","{""us_initial_approval_year"": {""value"": 2003, ""source_name"": ""FDA prescribing information via DailyMed (ROSUVASTATIN CALCIUM TABLET, FILM COATED [HEC PHARM USA INC.])"", ""source_url"": ""https://dailymed.nlm.nih.gov/dailymed/drugInfo.cfm?setid=568a782b-1621-5e59-e063-6294a90a7fef"", ""retrieved"": ""2026-08-03"", ""quote"": ""Initial U.S. Approval: 2003""}, ""recommended_dosage"": {""value"": ""The recommended dosage of Rosuvastatin Tablets depends on a patient’s indication for usage, LDL-C, and individual risk for CV events."", ""source_name"": ""FDA prescribing information via DailyMed (ROSUVASTATIN CALCIUM TABLET, FILM COATED [HEC PHARM USA INC.])"", ""source_url"": ""https://dailymed.nlm.nih.gov/dailymed/drugInfo.cfm?setid=568a782b-1621-5e59-e063-6294a90a7fef"", ""retrieved"": ""2026-08-03"", ""quote"": ""The recommended dosage of Rosuvastatin Tablets depends on a patient’s indication for usage, LDL-C, and individual risk for CV events.""}}",[],,,,,,,,,
simvastatin,Simvastatin,2026-08-04T08:32:59.592585+00:00,CVD,Oral tab,oral,chronic_ongoing,10/20/40 mg,"Simvotin, Simlup, Simcard",Various,Low-cost generic — Jan Aushadhi,Widely available as low-cost generics; Pradhan Mantri Bhartiya Janaushadhi (PMBJP) offers 50–90% cheaper generics. Manufacturer PSP not typically needed.,workbook_reference_unverified,False,False,Hypercholesterolemia,Statin,1990s,210,7.0,tab,True,Assumes once-daily dosing of one tab (30/month).,₹4–10 / tab,False,"[{""indication"": ""Hypercholesterolemia""}]",ldl_reduction,LDL-C Reduction,%,,True,,,[],0.0,Standard of Care,,,,True,True,"[""Nausea"", ""Headache"", ""Fatigue""]","[""Muscle Pain"", ""Gastrointestinal discomfort""]","{""status"": ""unavailable"", ""missing_fields"": [""ldl_reduction""], ""issues"": [{""field"": ""ldl_reduction"", ""severity"": ""warning"", ""message"": ""Primary endpoint not in workbook — run analysis or enter manually.""}]}","{""addressable_population"": null, ""sources"": ""Not available — regional incidence not resolved""}","{""clinical"": ""Standard prescribing guides"", ""competitor"": ""Standard of Care baseline"", ""safety"": ""Clinical trial safety metadata"", ""drug_safety"": ""Product label"", ""clinical_tier"": ""tier_2"", ""competitor_tier"": ""tier_3"", ""safety_tier"": ""tier_2""}","{""global_approval"": {""agency"": ""FDA"", ""date"": ""1990s"", ""status"": ""approved""}, ""regional_status"": ""launched"", ""local_regulator"": ""CDSCO"", ""local_approval_date"": ""1990s"", ""availability_text"": ""Commercially Available (Audited)"", ""availability_color"": ""green"", ""notes"": """", ""is_available"": true}","{""IN"": 210, ""SG"": 3, ""AE"": 9}",True,"{""listed"": false, ""source_url"": ""https://nppa.gov.in/en/nlem2022"", ""retrieved_utc"": ""2026-08-04T14:32:40+00:00""}",False,1,"[{""text"": ""Hypercholesterolemia"", ""raw"": ""Hypercholesterolemia"", ""qualifier"": null, ""off_label"": false, ""registry_indication"": ""Hypercholesterolemia / Dyslipidemia"", ""category"": ""CVD"", ""mapped"": true}]",2026-08-04T15:31:12+00:00,1,0,CVD,Hypercholesterolemia,Hypercholesterolemia / Dyslipidemia,[],"{""molecule"": ""Simvastatin"", ""found"": true, ""approved_in_india"": true, ""first_approval_date"": ""2009-07-21"", ""approval_day_known"": true, ""single_molecule_rows"": 0, ""combination_rows"": 1, ""only_as_combination"": true, ""india_indications"": [""in patients where use of such combination is appropriate""], ""source_name"": ""CDSCO List of Approved New Drugs"", ""source_url"": ""https://cdsco.gov.in/opencms/resources/UploadCDSCOWeb/2018/UploadApprovalNewDrugs/2009.pdf"", ""source_list"": ""LIST OF NEW DRUGS APPROVED 2009"", ""retrieved_utc"": ""2026-08-05T12:13:39+00:00""}",,,,,,,,,,,
pitavastatin,Pitavastatin,2026-08-04T08:32:59.592734+00:00,CVD,Oral tab,oral,chronic_ongoing,1/2/4 mg,"Pivasta, Pitaran",Zydus,Low-cost generic — Jan Aushadhi,Widely available as low-cost generics; Pradhan Mantri Bhartiya Janaushadhi (PMBJP) offers 50–90% cheaper generics. Manufacturer PSP not typically needed.,workbook_reference_unverified,False,False,Dyslipidemia (minimal drug interactions),Statin,~2010,345,11.5,tab,True,Assumes once-daily dosing of one tab (30/month).,₹8–15 / tab,False,"[{""indication"": ""Dyslipidemia (minimal drug interactions)""}]",ldl_reduction,LDL-C Reduction,%,,True,,,[],0.0,Standard of Care,,,,True,True,"[""Nausea"", ""Headache"", ""Fatigue""]","[""Muscle Pain"", ""Gastrointestinal discomfort""]","{""status"": ""unavailable"", ""missing_fields"": [""ldl_reduction""], ""issues"": [{""field"": ""ldl_reduction"", ""severity"": ""warning"", ""message"": ""Primary endpoint not in workbook — run analysis or enter manually.""}]}","{""addressable_population"": null, ""sources"": ""Not available — regional incidence not resolved""}","{""clinical"": ""Standard prescribing guides"", ""competitor"": ""Standard of Care baseline"", ""safety"": ""Clinical trial safety metadata"", ""drug_safety"": ""Product label"", ""clinical_tier"": ""tier_2"", ""competitor_tier"": ""tier_3"", ""safety_tier"": ""tier_2""}","{""global_approval"": {""agency"": ""FDA"", ""date"": ""~2010"", ""status"": ""approved""}, ""regional_status"": ""launched"", ""local_regulator"": ""CDSCO"", ""local_approval_date"": ""~2010"", ""availability_text"": ""Commercially Available (Audited)"", ""availability_color"": ""green"", ""notes"": """", ""is_available"": true}","{""IN"": 345, ""SG"": 5, ""AE"": 15}",True,"{""listed"": false, ""source_url"": ""https://nppa.gov.in/en/nlem2022"", ""retrieved_utc"": ""2026-08-04T14:32:40+00:00""}",False,1,"[{""text"": ""Dyslipidemia"", ""raw"": ""Dyslipidemia (minimal drug interactions)"", ""qualifier"": ""minimal drug interactions"", ""off_label"": false, ""registry_indication"": ""Hypercholesterolemia / Dyslipidemia"", ""category"": ""CVD"", ""mapped"": true}]",2026-08-04T15:31:12+00:00,1,0,CVD,Dyslipidemia,Hypercholesterolemia / Dyslipidemia,[],"{""molecule"": ""Pitavastatin"", ""found"": true, ""approved_in_india"": true, ""first_approval_date"": ""2012-10-23"", ""approval_day_known"": true, ""single_molecule_rows"": 0, ""combination_rows"": 1, ""only_as_combination"": true, ""india_indications"": [""to reduce elevated total cholesterol (TC), low-density lipoprotein cholesterol (LDL-C), apolipoprotein B (Apo B), triglyceride TG), and to increase high-density lipoprotein cholesterol (HDL-C) in patients with primary hyperlipidemia or mixed dyslipidemia""], ""source_name"": ""CDSCO List of Approved New Drugs"", ""source_url"": ""https://cdsco.gov.in/opencms/resources/UploadCDSCOWeb/2018/UploadApprovalNewDrugs/2012.pdf"", ""source_list"": ""LIST OF NEW DRUGS APPROVED 2012"", ""retrieved_utc"": ""2026-08-05T12:13:39+00:00""}",,,,,,,,,,,
fenofibrate,Fenofibrate,2026-08-04T08:32:59.592879+00:00,CVD,Oral tab/cap,oral,chronic_ongoing,67/145/160/200 mg,"Lipicard, Fibrovas, Tricor","USV, Abbott",Low-cost generic — Jan Aushadhi,Widely available as low-cost generics; Pradhan Mantri Bhartiya Janaushadhi (PMBJP) offers 50–90% cheaper generics. Manufacturer PSP not typically needed.,workbook_reference_unverified,False,False,Hypertriglyceridemia; mixed dyslipidemia,Fibrate,~2000,255,8.5,tab,True,Assumes once-daily dosing of one tab (30/month).,₹5–12 / tab,True,"[{""indication"": ""Hypertriglyceridemia; mixed dyslipidemia""}]",ldl_reduction,LDL-C Reduction,%,,True,,,[],0.0,Standard of Care,,,,True,True,"[""Nausea"", ""Headache"", ""Fatigue""]","[""Muscle Pain"", ""Gastrointestinal discomfort""]","{""status"": ""unavailable"", ""missing_fields"": [""ldl_reduction""], ""issues"": [{""field"": ""ldl_reduction"", ""severity"": ""warning"", ""message"": ""Primary endpoint not in workbook — run analysis or enter manually.""}]}","{""addressable_population"": null, ""sources"": ""Not available — regional incidence not resolved""}","{""clinical"": ""Standard prescribing guides"", ""competitor"": ""Standard of Care baseline"", ""safety"": ""Clinical trial safety metadata"", ""drug_safety"": ""Product label"", ""clinical_tier"": ""tier_2"", ""competitor_tier"": ""tier_3"", ""safety_tier"": ""tier_2""}","{""global_approval"": {""agency"": ""FDA"", ""date"": ""~2000"", ""status"": ""approved""}, ""regional_status"": ""launched"", ""local_regulator"": ""CDSCO"", ""local_approval_date"": ""~2000"", ""availability_text"": ""Commercially Available (Audited)"", ""availability_color"": ""green"", ""notes"": """", ""is_available"": true}","{""IN"": 255, ""SG"": 4, ""AE"": 11}",True,"{""listed"": false, ""source_url"": ""https://nppa.gov.in/en/nlem2022"", ""retrieved_utc"": ""2026-08-04T14:32:40+00:00""}",False,2,"[{""text"": ""Hypertriglyceridemia"", ""raw"": ""Hypertriglyceridemia"", ""qualifier"": null, ""off_label"": false, ""registry_indication"": ""Hypercholesterolemia / Dyslipidemia"", ""category"": ""CVD"", ""mapped"": true}, {""text"": ""Mixed dyslipidemia"", ""raw"": ""mixed dyslipidemia"", ""qualifier"": null, ""off_label"": false, ""registry_indication"": ""Hypercholesterolemia / Dyslipidemia"", ""category"": ""CVD"", ""mapped"": true}]",2026-08-04T15:31:12+00:00,2,0,CVD,Hypertriglyceridemia,Hypercholesterolemia / Dyslipidemia,[],"{""molecule"": ""Fenofibrate"", ""found"": true, ""approved_in_india"": true, ""first_approval_date"": ""2012-11-01"", ""approval_day_known"": true, ""single_molecule_rows"": 1, ""combination_rows"": 0, ""only_as_combination"": false, ""india_indications"": [""For treatment of mixed lipidemia in combination with statins, severe hypertriglyceridemia""], ""source_name"": ""CDSCO List of Approved New Drugs"", ""source_url"": ""https://cdsco.gov.in/opencms/resources/UploadCDSCOWeb/2018/UploadApprovalNewDrugs/2012.pdf"", ""source_list"": ""LIST OF NEW DRUGS APPROVED 2012"", ""retrieved_utc"": ""2026-08-05T12:13:39+00:00""}",,,,,,,,,,,
gemfibrozil,Gemfibrozil,2026-08-04T08:32:59.593036+00:00,CVD,Oral tab,oral,chronic_ongoing,300/600 mg,"Lopid, Gemcard",Pfizer,Low-cost generic — Jan Aushadhi,Widely available as low-cost generics; Pradhan Mantri Bhartiya Janaushadhi (PMBJP) offers 50–90% cheaper generics. Manufacturer PSP not typically needed.,workbook_reference_unverified,False,False,Severe hypertriglyceridemia,Fibrate,1990s,270,9.0,tab,True,Assumes once-daily dosing of one tab (30/month).,₹6–12 / tab,False,"[{""indication"": ""Severe hypertriglyceridemia""}]",ldl_reduction,LDL-C Reduction,%,,True,,,[],0.0,Standard of Care,,,,True,True,"[""Nausea"", ""Headache"", ""Fatigue""]","[""Muscle Pain"", ""Gastrointestinal discomfort""]","{""status"": ""unavailable"", ""missing_fields"": [""ldl_reduction""], ""issues"": [{""field"": ""ldl_reduction"", ""severity"": ""warning"", ""message"": ""Primary endpoint not in workbook — run analysis or enter manually.""}]}","{""addressable_population"": null, ""sources"": ""Not available — regional incidence not resolved""}","{""clinical"": ""Standard prescribing guides"", ""competitor"": ""Standard of Care baseline"", ""safety"": ""Clinical trial safety metadata"", ""drug_safety"": ""Product label"", ""clinical_tier"": ""tier_2"", ""competitor_tier"": ""tier_3"", ""safety_tier"": ""tier_2""}","{""global_approval"": {""agency"": ""FDA"", ""date"": ""1990s"", ""status"": ""approved""}, ""regional_status"": ""launched"", ""local_regulator"": ""CDSCO"", ""local_approval_date"": ""1990s"", ""availability_text"": ""Commercially Available (Audited)"", ""availability_color"": ""green"", ""notes"": """", ""is_available"": true}","{""IN"": 270, ""SG"": 4, ""AE"": 12}",True,"{""listed"": false, ""source_url"": ""https://nppa.gov.in/en/nlem2022"", ""retrieved_utc"": ""2026-08-04T14:32:40+00:00""}",False,1,"[{""text"": ""Severe hypertriglyceridemia"", ""raw"": ""Severe hypertriglyceridemia"", ""qualifier"": null, ""off_label"": false, ""registry_indication"": ""Hypercholesterolemia / Dyslipidemia"", ""category"": ""CVD"", ""mapped"": true}]",2026-08-04T15:31:12+00:00,1,0,CVD,Severe hypertriglyceridemia,Hypercholesterolemia / Dyslipidemia,[],"{""molecule"": ""Gemfibrozil"", ""found"": false, ""approved_in_india"": null, ""first_approval_date"": null, ""india_indications"": [], ""note"": ""Not found in the CDSCO new-drug lists. The register is thin before about 2009 and several older lists are scanned images that cannot be read, so this is not evidence the molecule is unapproved in India."", ""source_name"": ""CDSCO List of Approved New Drugs"", ""retrieved_utc"": ""2026-08-05T12:13:39+00:00""}",,,,,,,,,,,
ezetimibe,Ezetimibe,2026-08-04T08:32:59.593187+00:00,CVD,Oral tab,oral,chronic_ongoing,10 mg,"Ezedoc, Ezetib, Zubata",Various,Low-cost generic — Jan Aushadhi,Widely available as low-cost generics; Pradhan Mantri Bhartiya Janaushadhi (PMBJP) offers 50–90% cheaper generics. Manufacturer PSP not typically needed.,workbook_reference_unverified,False,False,Hypercholesterolemia (add-on to statin),Cholesterol absorption inhibitor,~2005,345,11.5,tab,True,Assumes once-daily dosing of one tab (30/month).,₹8–15 / tab,False,"[{""indication"": ""Hypercholesterolemia (add-on to statin)""}]",ldl_reduction,LDL-C Reduction,%,,True,,,[],0.0,Standard of Care,,,,True,True,"[""Nausea"", ""Headache"", ""Fatigue""]","[""Muscle Pain"", ""Gastrointestinal discomfort""]","{""status"": ""unavailable"", ""missing_fields"": [""ldl_reduction""], ""issues"": [{""field"": ""ldl_reduction"", ""severity"": ""warning"", ""message"": ""Primary endpoint not in workbook — run analysis or enter manually.""}]}","{""addressable_population"": null, ""sources"": ""Not available — regional incidence not resolved""}","{""clinical"": ""Standard prescribing guides"", ""competitor"": ""Standard of Care baseline"", ""safety"": ""Clinical trial safety metadata"", ""drug_safety"": ""Product label"", ""clinical_tier"": ""tier_2"", ""competitor_tier"": ""tier_3"", ""safety_tier"": ""tier_2""}","{""global_approval"": {""agency"": ""FDA"", ""date"": ""~2005"", ""status"": ""approved""}, ""regional_status"": ""launched"", ""local_regulator"": ""CDSCO"", ""local_approval_date"": ""~2005"", ""availability_text"": ""Commercially Available (Audited)"", ""availability_color"": ""green"", ""notes"": """", ""is_available"": true}","{""IN"": 345, ""SG"": 5, ""AE"": 15}",True,"{""listed"": false, ""source_url"": ""https://nppa.gov.in/en/nlem2022"", ""retrieved_utc"": ""2026-08-04T14:32:40+00:00""}",False,1,"[{""text"": ""Hypercholesterolemia"", ""raw"": ""Hypercholesterolemia (add-on to statin)"", ""qualifier"": ""add-on to statin"", ""off_label"": false, ""registry_indication"": ""Hypercholesterolemia / Dyslipidemia"", ""category"": ""CVD"", ""mapped"": true}]",2026-08-04T15:31:12+00:00,1,0,CVD,Hypercholesterolemia,Hypercholesterolemia / Dyslipidemia,[],"{""molecule"": ""Ezetimibe"", ""found"": false, ""approved_in_india"": null, ""first_approval_date"": null, ""india_indications"": [], ""note"": ""Not found in the CDSCO new-drug lists. The register is thin before about 2009 and several older lists are scanned images that cannot be read, so this is not evidence the molecule is unapproved in India."", ""source_name"": ""CDSCO List of Approved New Drugs"", ""retrieved_utc"": ""2026-08-05T12:13:39+00:00""}",,,,,,,,,,,
bempedoic-acid,Bempedoic acid,2026-08-04T08:32:59.593336+00:00,CVD,Oral tab,oral,chronic_ongoing,180 mg,"Bempedoic brands (e.g. Brillo, Nexletol import)",Various,Generics + optional adherence PSP,Affordable branded generics widely available; innovator brands may offer counselling/adherence support via the prescriber. Jan Aushadhi generics available for older molecules.,workbook_reference_unverified,False,False,Hypercholesterolemia; statin-intolerant; add-on,ATP-citrate lyase inhibitor,~2023,1800,60.0,tab,True,Assumes once-daily dosing of one tab (30/month).,₹40–80 / tab (approx.),True,"[{""indication"": ""Hypercholesterolemia; statin-intolerant; add-on""}]",ldl_reduction,LDL-C Reduction,%,,True,,,[],0.0,Standard of Care,,,,True,True,"[""Nausea"", ""Headache"", ""Fatigue""]","[""Muscle Pain"", ""Gastrointestinal discomfort""]","{""status"": ""unavailable"", ""missing_fields"": [""ldl_reduction""], ""issues"": [{""field"": ""ldl_reduction"", ""severity"": ""warning"", ""message"": ""Primary endpoint not in workbook — run analysis or enter manually.""}]}","{""addressable_population"": null, ""sources"": ""Not available — regional incidence not resolved""}","{""clinical"": ""Standard prescribing guides"", ""competitor"": ""Standard of Care baseline"", ""safety"": ""Clinical trial safety metadata"", ""drug_safety"": ""Product label"", ""clinical_tier"": ""tier_2"", ""competitor_tier"": ""tier_3"", ""safety_tier"": ""tier_2""}","{""global_approval"": {""agency"": ""FDA"", ""date"": ""~2023"", ""status"": ""approved""}, ""regional_status"": ""launched"", ""local_regulator"": ""CDSCO"", ""local_approval_date"": ""~2023"", ""availability_text"": ""Commercially Available (Audited)"", ""availability_color"": ""green"", ""notes"": """", ""is_available"": true}","{""IN"": 1800, ""SG"": 30, ""AE"": 81}",True,"{""listed"": false, ""source_url"": ""https://nppa.gov.in/en/nlem2022"", ""retrieved_utc"": ""2026-08-04T14:32:40+00:00""}",False,3,"[{""text"": ""Hypercholesterolemia"", ""raw"": ""Hypercholesterolemia"", ""qualifier"": null, ""off_label"": false, ""registry_indication"": ""Hypercholesterolemia / Dyslipidemia"", ""category"": ""CVD"", ""mapped"": true}, {""text"": ""Statin-intolerant"", ""raw"": ""statin-intolerant"", ""qualifier"": null, ""off_label"": false, ""registry_indication"": ""Hypercholesterolemia / Dyslipidemia"", ""category"": ""CVD"", ""mapped"": true}, {""text"": ""Add-on"", ""raw"": ""add-on"", ""qualifier"": null, ""off_label"": false, ""registry_indication"": null, ""category"": null, ""mapped"": false}]",2026-08-04T15:31:12+00:00,2,0,CVD,Hypercholesterolemia,Hypercholesterolemia / Dyslipidemia,"[""Add-on""]","{""molecule"": ""Bempedoic acid"", ""found"": true, ""approved_in_india"": true, ""first_approval_date"": ""2022-05-09"", ""approval_day_known"": true, ""single_molecule_rows"": 0, ""combination_rows"": 1, ""only_as_combination"": true, ""india_indications"": [""as an adjunct to diet and maximally tolerated statin therapy for the treatment of adults with heterozygous familial hypercholesterolemia or established atherosclerotic cardiovascular disease who require additional lowering of LDL-C. Limitation of use: The effect of the drug on cardiovascular morbidity and mortality has not been established. 15 rdESAT-6 bulk; rCFP-10 bulk and rdESAT-6 and rCFP-10 (""], ""source_name"": ""CDSCO List of Approved New Drugs"", ""source_url"": ""https://cdsco.gov.in/opencms/resources/UploadCDSCOWeb/2018/UploadApprovalNewDrugs/New%20Drug%20Approvals%202022jul25.pdf"", ""source_list"": ""List of new drugs approved in the year 2022 till date"", ""retrieved_utc"": ""2026-08-05T12:13:39+00:00""}",,,,,,,,,,,
evolocumab,Evolocumab,2026-08-04T08:32:59.593863+00:00,CVD,SC injection (pen),oral,chronic_ongoing,140 mg,Repatha,Amgen/Novartis,Manufacturer specialty access/adherence,Amgen/Novartis 'Repatha' access & injection-support via specialty pharmacies; enrol through cardiologist. Confirm current program.,workbook_reference_unverified,False,False,Familial hypercholesterolemia; statin-intolerant; very-high-risk ASCVD,PCSK9 inhibitor (mAb),~2018,,11500.0,pen,True,Priced per pen but dosing frequency is not stated — monthly cost cannot be derived. Enter the frequency to complete the model.,"₹10,000–13,000 / pen",True,"[{""indication"": ""Familial hypercholesterolemia; statin-intolerant; very-high-risk ASCVD""}]",ldl_reduction,LDL-C Reduction,%,,True,,,[],0.0,Standard of Care,,,,True,True,"[""Nausea"", ""Headache"", ""Fatigue""]","[""Muscle Pain"", ""Gastrointestinal discomfort""]","{""status"": ""unavailable"", ""missing_fields"": [""ldl_reduction""], ""issues"": [{""field"": ""ldl_reduction"", ""severity"": ""warning"", ""message"": ""Primary endpoint not in workbook — run analysis or enter manually.""}]}","{""addressable_population"": null, ""sources"": ""Not available — regional incidence not resolved""}","{""clinical"": ""Standard prescribing guides"", ""competitor"": ""Standard of Care baseline"", ""safety"": ""Clinical trial safety metadata"", ""drug_safety"": ""Product label"", ""clinical_tier"": ""tier_2"", ""competitor_tier"": ""tier_3"", ""safety_tier"": ""tier_2""}","{""global_approval"": {""agency"": ""FDA"", ""date"": ""~2018"", ""status"": ""approved""}, ""regional_status"": ""launched"", ""local_regulator"": ""CDSCO"", ""local_approval_date"": ""~2018"", ""availability_text"": ""Commercially Available (Audited)"", ""availability_color"": ""green"", ""notes"": """", ""is_available"": true}","{""IN"": null, ""SG"": null, ""AE"": null}",False,"{""listed"": false, ""source_url"": ""https://nppa.gov.in/en/nlem2022"", ""retrieved_utc"": ""2026-08-04T14:32:40+00:00""}",False,3,"[{""text"": ""Familial hypercholesterolemia"", ""raw"": ""Familial hypercholesterolemia"", ""qualifier"": null, ""off_label"": false, ""registry_indication"": ""Hypercholesterolemia / Dyslipidemia"", ""category"": ""CVD"", ""mapped"": true}, {""text"": ""Statin-intolerant"", ""raw"": ""statin-intolerant"", ""qualifier"": null, ""off_label"": false, ""registry_indication"": ""Hypercholesterolemia / Dyslipidemia"", ""category"": ""CVD"", ""mapped"": true}, {""text"": ""Very-high-risk ASCVD"", ""raw"": ""very-high-risk ASCVD"", ""qualifier"": null, ""off_label"": false, ""registry_indication"": ""Hypercholesterolemia / Dyslipidemia"", ""category"": ""CVD"", ""mapped"": true}]",2026-08-04T15:31:12+00:00,3,0,CVD,Familial hypercholesterolemia,Hypercholesterolemia / Dyslipidemia,[],"{""molecule"": ""Evolocumab"", ""found"": false, ""approved_in_india"": null, ""first_approval_date"": null, ""india_indications"": [], ""note"": ""Not found in the CDSCO new-drug lists. The register is thin before about 2009 and several older lists are scanned images that cannot be read, so this is not evidence the molecule is unapproved in India."", ""source_name"": ""CDSCO List of Approved New Drugs"", ""retrieved_utc"": ""2026-08-05T12:13:39+00:00""}","{""us_initial_approval_year"": {""value"": 2015, ""source_name"": ""FDA prescribing information via DailyMed (REPATHA (EVOLOCUMAB) INJECTION, SOLUTION REPATHA (EVOLOCUMAB) KIT [AMGEN USA INC.])"", ""source_url"": ""https://dailymed.nlm.nih.gov/dailymed/drugInfo.cfm?setid=cd61e902-166d-4aa6-9f3c-a18c1008d07e"", ""retrieved"": ""2026-08-03"", ""quote"": ""Initial U.S. Approval: 2015""}, ""recommended_dosage"": {""value"": ""The recommended dosage of REPATHA is either 140 mg every 2 weeks OR 420 mg once monthly administered subcutaneously."", ""source_name"": ""FDA prescribing information via DailyMed (REPATHA (EVOLOCUMAB) INJECTION, SOLUTION REPATHA (EVOLOCUMAB) KIT [AMGEN USA INC.])"", ""source_url"": ""https://dailymed.nlm.nih.gov/dailymed/drugInfo.cfm?setid=cd61e902-166d-4aa6-9f3c-a18c1008d07e"", ""retrieved"": ""2026-08-03"", ""quote"": ""The recommended dosage of REPATHA is either 140 mg every 2 weeks OR 420 mg once monthly administered subcutaneously.""}}",[],,,,,,,,,
alirocumab,Alirocumab,2026-08-04T08:32:59.594034+00:00,CVD,SC injection (pen),oral,chronic_ongoing,75/150 mg,Praluent,Sanofi,Manufacturer specialty access/adherence,Sanofi 'Praluent' patient-access & adherence support via specialty pharmacies; enrol through cardiologist.,workbook_reference_unverified,False,False,Familial hypercholesterolemia; high-risk ASCVD,PCSK9 inhibitor (mAb),~2018,,12000.0,pen,True,Priced per pen but dosing frequency is not stated — monthly cost cannot be derived. Enter the frequency to complete the model.,"₹10,000–14,000 / pen",True,"[{""indication"": ""Familial hypercholesterolemia; high-risk ASCVD""}]",ldl_reduction,LDL-C Reduction,%,,True,,,[],0.0,Standard of Care,,,,True,True,"[""Nausea"", ""Headache"", ""Fatigue""]","[""Muscle Pain"", ""Gastrointestinal discomfort""]","{""status"": ""unavailable"", ""missing_fields"": [""ldl_reduction""], ""issues"": [{""field"": ""ldl_reduction"", ""severity"": ""warning"", ""message"": ""Primary endpoint not in workbook — run analysis or enter manually.""}]}","{""addressable_population"": null, ""sources"": ""Not available — regional incidence not resolved""}","{""clinical"": ""Standard prescribing guides"", ""competitor"": ""Standard of Care baseline"", ""safety"": ""Clinical trial safety metadata"", ""drug_safety"": ""Product label"", ""clinical_tier"": ""tier_2"", ""competitor_tier"": ""tier_3"", ""safety_tier"": ""tier_2""}","{""global_approval"": {""agency"": ""FDA"", ""date"": ""~2018"", ""status"": ""approved""}, ""regional_status"": ""launched"", ""local_regulator"": ""CDSCO"", ""local_approval_date"": ""~2018"", ""availability_text"": ""Commercially Available (Audited)"", ""availability_color"": ""green"", ""notes"": """", ""is_available"": true}","{""IN"": null, ""SG"": null, ""AE"": null}",False,"{""listed"": false, ""source_url"": ""https://nppa.gov.in/en/nlem2022"", ""retrieved_utc"": ""2026-08-04T14:32:40+00:00""}",False,2,"[{""text"": ""Familial hypercholesterolemia"", ""raw"": ""Familial hypercholesterolemia"", ""qualifier"": null, ""off_label"": false, ""registry_indication"": ""Hypercholesterolemia / Dyslipidemia"", ""category"": ""CVD"", ""mapped"": true}, {""text"": ""High-risk ASCVD"", ""raw"": ""high-risk ASCVD"", ""qualifier"": null, ""off_label"": false, ""registry_indication"": ""Hypercholesterolemia / Dyslipidemia"", ""category"": ""CVD"", ""mapped"": true}]",2026-08-04T15:31:12+00:00,2,0,CVD,Familial hypercholesterolemia,Hypercholesterolemia / Dyslipidemia,[],"{""molecule"": ""Alirocumab"", ""found"": false, ""approved_in_india"": null, ""first_approval_date"": null, ""india_indications"": [], ""note"": ""Not found in the CDSCO new-drug lists. The register is thin before about 2009 and several older lists are scanned images that cannot be read, so this is not evidence the molecule is unapproved in India."", ""source_name"": ""CDSCO List of Approved New Drugs"", ""retrieved_utc"": ""2026-08-05T12:13:39+00:00""}","{""us_initial_approval_year"": {""value"": 2015, ""source_name"": ""FDA prescribing information via DailyMed (PRALUENT (ALIROCUMAB) INJECTION, SOLUTION [SANOFI-AVENTIS U.S. LLC])"", ""source_url"": ""https://dailymed.nlm.nih.gov/dailymed/drugInfo.cfm?setid=446f6b5c-0dd4-44ff-9bc2-c2b41f2806b4"", ""retrieved"": ""2026-08-03"", ""quote"": ""Initial U.S. Approval: 2015""}, ""recommended_dosage"": {""value"": ""The recommended starting dosage of PRALUENT is either 75 mg once every 2 weeks or 300 mg once every 4 weeks administered subcutaneously."", ""source_name"": ""FDA prescribing information via DailyMed (PRALUENT (ALIROCUMAB) INJECTION, SOLUTION [SANOFI-AVENTIS U.S. LLC])"", ""source_url"": ""https://dailymed.nlm.nih.gov/dailymed/drugInfo.cfm?setid=446f6b5c-0dd4-44ff-9bc2-c2b41f2806b4"", ""retrieved"": ""2026-08-03"", ""quote"": ""The recommended starting dosage of PRALUENT is either 75 mg once every 2 weeks or 300 mg once every 4 weeks administered subcutaneously.""}}",[],,,,,,,,,
inclisiran,Inclisiran,2026-08-04T08:32:59.594257+00:00,CVD,SC injection,oral,chronic_ongoing,284 mg,Sybrava,Novartis Pharmaceuticals Corporation,Financial access scheme (Novartis),Novartis 'Sybrava' zero-interest EMI via Pine Labs (~₹15–16k/month); 2nd dose free (buy-one-get-one). Generic marketers (Mankind/JB/Lupin) exploring PAPs. Enrol at point of purchase via cardiologist.,workbook_reference_unverified,False,False,ASCVD & FH with high LDL despite statin,PCSK9 siRNA,Jan 2024,20000,120000.0,dose,True,"3 doses in year 1, 2/year thereafter (FDA label). Each dose is paid in full at administration — the cost is not spread across months. Unit price itself is still unverified.",~₹1.2 lakh / dose (twice-yearly; price later reduced),False,"[{""indication"": ""ASCVD & FH with high LDL despite statin""}]",ldl_reduction,LDL-C Reduction,%,52.0,False,"ORION-10 (48-52% across ORION-9/10/11) — FDA label, Clinical Studies",,[],0.95,Standard of Care,,,,True,True,"[""Injection site reaction"", ""Arthralgia"", ""Bronchitis""]","[""Muscle Pain"", ""Gastrointestinal discomfort""]","{""status"": ""unavailable"", ""missing_fields"": [""ldl_reduction""], ""issues"": [{""field"": ""ldl_reduction"", ""severity"": ""warning"", ""message"": ""Primary endpoint not in workbook — run analysis or enter manually.""}]}","{""addressable_population"": null, ""sources"": ""Not available — regional incidence not resolved""}","{""clinical"": ""Standard prescribing guides"", ""competitor"": ""Standard of Care baseline"", ""safety"": ""Clinical trial safety metadata"", ""drug_safety"": ""Product label"", ""clinical_tier"": ""tier_2"", ""competitor_tier"": ""tier_3"", ""safety_tier"": ""tier_2""}","{""global_approval"": {""agency"": ""FDA"", ""date"": ""Jan 2024"", ""status"": ""approved""}, ""regional_status"": ""launched"", ""local_regulator"": ""CDSCO"", ""local_approval_date"": ""Jan 2024"", ""availability_text"": ""Commercially Available (Audited)"", ""availability_color"": ""green"", ""notes"": """", ""is_available"": true}","{""IN"": 20000, ""SG"": 333, ""AE"": 909}",False,"{""listed"": false, ""source_url"": ""https://nppa.gov.in/en/nlem2022"", ""retrieved_utc"": ""2026-08-04T14:32:40+00:00""}",False,1,"[{""text"": ""ASCVD & FH with high LDL despite statin"", ""raw"": ""ASCVD & FH with high LDL despite statin"", ""qualifier"": null, ""off_label"": false, ""registry_indication"": ""Hypercholesterolemia / Dyslipidemia"", ""category"": ""CVD"", ""mapped"": true}]",2026-08-04T15:31:12+00:00,1,0,CVD,ASCVD & FH with high LDL despite statin,Hypercholesterolemia / Dyslipidemia,[],"{""molecule"": ""Inclisiran"", ""found"": false, ""approved_in_india"": null, ""first_approval_date"": null, ""india_indications"": [], ""note"": ""Not found in the CDSCO new-drug lists. The register is thin before about 2009 and several older lists are scanned images that cannot be read, so this is not evidence the molecule is unapproved in India."", ""source_name"": ""CDSCO List of Approved New Drugs"", ""retrieved_utc"": ""2026-08-05T12:13:39+00:00""}","{""us_initial_approval_year"": {""value"": 2021, ""source_name"": ""FDA prescribing information (LEQVIO), via DailyMed"", ""source_url"": ""https://dailymed.nlm.nih.gov/dailymed/drugInfo.cfm?setid=6fc0afca-4513-4c35-b594-6544aee29a44"", ""retrieved"": ""2026-08-03"", ""quote"": ""Initial U.S. Approval: 2021""}, ""recommended_dosage"": {""value"": ""The recommended dosage of LEQVIO for adults and pediatric patients aged 12 years and older is 284 mg administered as a single subcutaneous injection initially, again at 3 months, and then every 6 months."", ""source_name"": ""FDA prescribing information via DailyMed (LEQVIO (INCLISIRAN) INJECTION, SOLUTION [NOVARTIS PHARMACEUTICALS CORPORATION])"", ""source_url"": ""https://dailymed.nlm.nih.gov/dailymed/drugInfo.cfm?setid=6fc0afca-4513-4c35-b594-6544aee29a44"", ""retrieved"": ""2026-08-03"", ""quote"": ""The recommended dosage of LEQVIO for adults and pediatric patients aged 12 years and older is 284 mg administered as a single subcutaneous injection initially, again at 3 months, and then every 6 months.""}, ""dosing_schedule"": {""value"": ""284 mg subcutaneously initially, again at 3 months, then every 6 months"", ""source_name"": ""FDA prescribing information (LEQVIO), via DailyMed"", ""source_url"": ""https://dailymed.nlm.nih.gov/dailymed/drugInfo.cfm?setid=6fc0afca-4513-4c35-b594-6544aee29a44"", ""retrieved"": ""2026-08-03"", ""quote"": ""284 mg administered as a single subcutaneous injection initially, again at 3 months, and then every 6 months.""}, ""strength"": {""value"": ""284 mg/1.5 mL (189 mg/mL)"", ""source_name"": ""FDA prescribing information (LEQVIO), via DailyMed"", ""source_url"": ""https://dailymed.nlm.nih.gov/dailymed/drugInfo.cfm?setid=6fc0afca-4513-4c35-b594-6544aee29a44"", ""retrieved"": ""2026-08-03""}, ""manufacturer"": {""value"": ""Novartis Pharmaceuticals Corporation"", ""source_name"": ""FDA prescribing information (LEQVIO), via DailyMed"", ""source_url"": ""https://dailymed.nlm.nih.gov/dailymed/drugInfo.cfm?setid=6fc0afca-4513-4c35-b594-6544aee29a44"", ""retrieved"": ""2026-08-03""}, ""indication"": {""value"": ""Reduce LDL-C in adults with hypercholesterolemia; adults and patients aged 12+ with HeFH; patients aged 12+ with HoFH"", ""source_name"": ""FDA prescribing information (LEQVIO), via DailyMed"", ""source_url"": ""https://dailymed.nlm.nih.gov/dailymed/drugInfo.cfm?setid=6fc0afca-4513-4c35-b594-6544aee29a44"", ""retrieved"": ""2026-08-03""}, ""ldl_c_reduction_percent"": {""value"": 52.0, ""source_name"": ""FDA prescribing information (LEQVIO), Clinical Studies, via DailyMed"", ""source_url"": ""https://dailymed.nlm.nih.gov/dailymed/drugInfo.cfm?setid=6fc0afca-4513-4c35-b594-6544aee29a44"", ""retrieved"": ""2026-08-03"", ""quote"": ""The difference between the LEQVIO and placebo groups in mean percentage change in LDL-C from baseline to Day 510 was -52% (95% CI: -56%, -49%; p < 0.0001).""}, ""adverse_reactions"": {""value"": [{""reaction"": ""Injection site reaction"", ""drug_pct"": 8.0, ""placebo_pct"": 2.0}, {""reaction"": ""Arthralgia"", ""drug_pct"": 5.0, ""placebo_pct"": 4.0}, {""reaction"": ""Bronchitis"", ""drug_pct"": 4.0, ""placebo_pct"": 3.0}], ""source_name"": ""FDA prescribing information (LEQVIO), Adverse Reactions, via DailyMed"", ""source_url"": ""https://dailymed.nlm.nih.gov/dailymed/drugInfo.cfm?setid=6fc0afca-4513-4c35-b594-6544aee29a44"", ""retrieved"": ""2026-08-03"", ""quote"": ""adverse reactions led to discontinuation of treatment in 2.5% of patients treated with LEQVIO and 1.9% of patients treated with placebo""}}","[""india_price_per_dose"", ""india_brands"", ""india_approval_date""]",3,2,120000,per dose at administration,360000,240000,"[{""reaction"": ""Injection site reaction"", ""drug_pct"": 8.0, ""placebo_pct"": 2.0}, {""reaction"": ""Arthralgia"", ""drug_pct"": 5.0, ""placebo_pct"": 4.0}, {""reaction"": ""Bronchitis"", ""drug_pct"": 4.0, ""placebo_pct"": 3.0}]",2.5,False
omega-3-epa-dha,Omega-3 (EPA/DHA),2026-08-04T08:32:59.594443+00:00,CVD,Oral cap,oral,chronic_ongoing,various,"Maxepa, and combinations",Various,Low-cost generic — Jan Aushadhi,Widely available as low-cost generics; Pradhan Mantri Bhartiya Janaushadhi (PMBJP) offers 50–90% cheaper generics. Manufacturer PSP not typically needed.,workbook_reference_unverified,False,False,Severe hypertriglyceridemia (adjunct),Omega-3 fatty acids,—,300,10.0,cap,True,Assumes once-daily dosing of one cap (30/month).,₹5–15 / cap,False,"[{""indication"": ""Severe hypertriglyceridemia (adjunct)""}]",ldl_reduction,LDL-C Reduction,%,,True,,,[],0.0,Standard of Care,,,,True,True,"[""Nausea"", ""Headache"", ""Fatigue""]","[""Muscle Pain"", ""Gastrointestinal discomfort""]","{""status"": ""unavailable"", ""missing_fields"": [""ldl_reduction""], ""issues"": [{""field"": ""ldl_reduction"", ""severity"": ""warning"", ""message"": ""Primary endpoint not in workbook — run analysis or enter manually.""}]}","{""addressable_population"": null, ""sources"": ""Not available — regional incidence not resolved""}","{""clinical"": ""Standard prescribing guides"", ""competitor"": ""Standard of Care baseline"", ""safety"": ""Clinical trial safety metadata"", ""drug_safety"": ""Product label"", ""clinical_tier"": ""tier_2"", ""competitor_tier"": ""tier_3"", ""safety_tier"": ""tier_2""}","{""global_approval"": {""agency"": ""FDA"", ""date"": ""—"", ""status"": ""approved""}, ""regional_status"": ""launched"", ""local_regulator"": ""CDSCO"", ""local_approval_date"": ""—"", ""availability_text"": ""Commercially Available (Audited)"", ""availability_color"": ""green"", ""notes"": """", ""is_available"": true}","{""IN"": 300, ""SG"": 5, ""AE"": 13}",True,"{""listed"": false, ""source_url"": ""https://nppa.gov.in/en/nlem2022"", ""retrieved_utc"": ""2026-08-04T14:32:40+00:00""}",False,1,"[{""text"": ""Severe hypertriglyceridemia"", ""raw"": ""Severe hypertriglyceridemia (adjunct)"", ""qualifier"": ""adjunct"", ""off_label"": false, ""registry_indication"": ""Hypercholesterolemia / Dyslipidemia"", ""category"": ""CVD"", ""mapped"": true}]",2026-08-04T15:31:12+00:00,1,0,CVD,Severe hypertriglyceridemia,Hypercholesterolemia / Dyslipidemia,[],"{""molecule"": ""Omega-3 (EPA/DHA)"", ""found"": false, ""approved_in_india"": null, ""first_approval_date"": null, ""india_indications"": [], ""note"": ""Not found in the CDSCO new-drug lists. The register is thin before about 2009 and several older lists are scanned images that cannot be read, so this is not evidence the molecule is unapproved in India."", ""source_name"": ""CDSCO List of Approved New Drugs"", ""retrieved_utc"": ""2026-08-05T12:13:39+00:00""}",,,,,,,,,,,
aspirin-low-dose,Aspirin (low dose),2026-08-04T08:32:59.594626+00:00,CVD,Oral tab (enteric),sc_injection,chronic_ongoing,75/150/325 mg,"Ecosprin, Loprin, Aspirin","USV, Unichem",Low-cost generic — Jan Aushadhi,Widely available as low-cost generics; Pradhan Mantri Bhartiya Janaushadhi (PMBJP) offers 50–90% cheaper generics. Manufacturer PSP not typically needed.,workbook_reference_unverified,False,False,Secondary prevention of MI/stroke; ACS; post-PCI; pre-eclampsia prevention (low-dose),Antiplatelet,1980s,38,1.25,tab,True,Assumes once-daily dosing of one tab (30/month).,₹0.5–2 / tab,True,"[{""indication"": ""Secondary prevention of MI/stroke; ACS; post-PCI; pre-eclampsia prevention (low-dose)""}]",mace_hr,3-pt MACE Risk Reduction,HR,,True,,,[],0.0,Standard of Care,,,,True,True,"[""Nausea"", ""Headache"", ""Fatigue""]","[""Muscle Pain"", ""Gastrointestinal discomfort""]","{""status"": ""unavailable"", ""missing_fields"": [""mace_hr""], ""issues"": [{""field"": ""mace_hr"", ""severity"": ""warning"", ""message"": ""Primary endpoint not in workbook — run analysis or enter manually.""}]}","{""addressable_population"": null, ""sources"": ""Not available — regional incidence not resolved""}","{""clinical"": ""Standard prescribing guides"", ""competitor"": ""Standard of Care baseline"", ""safety"": ""Clinical trial safety metadata"", ""drug_safety"": ""Product label"", ""clinical_tier"": ""tier_2"", ""competitor_tier"": ""tier_3"", ""safety_tier"": ""tier_2""}","{""global_approval"": {""agency"": ""FDA"", ""date"": ""1980s"", ""status"": ""approved""}, ""regional_status"": ""launched"", ""local_regulator"": ""CDSCO"", ""local_approval_date"": ""1980s"", ""availability_text"": ""Commercially Available (Audited)"", ""availability_color"": ""green"", ""notes"": """", ""is_available"": true}","{""IN"": 38, ""SG"": 1, ""AE"": 1}",True,"{""listed"": false, ""source_url"": ""https://nppa.gov.in/en/nlem2022"", ""retrieved_utc"": ""2026-08-04T14:32:40+00:00""}",False,4,"[{""text"": ""Secondary prevention of MI/stroke"", ""raw"": ""Secondary prevention of MI/stroke"", ""qualifier"": null, ""off_label"": false, ""registry_indication"": ""Cardiovascular Risk Reduction"", ""category"": ""CVD"", ""mapped"": true}, {""text"": ""ACS"", ""raw"": ""ACS"", ""qualifier"": null, ""off_label"": false, ""registry_indication"": ""Cardiovascular Risk Reduction"", ""category"": ""CVD"", ""mapped"": true}, {""text"": ""Post-PCI"", ""raw"": ""post-PCI"", ""qualifier"": null, ""off_label"": false, ""registry_indication"": ""Cardiovascular Risk Reduction"", ""category"": ""CVD"", ""mapped"": true}, {""text"": ""Pre-eclampsia prevention"", ""raw"": ""pre-eclampsia prevention (low-dose)"", ""qualifier"": ""low-dose"", ""off_label"": false, ""registry_indication"": ""Pre-eclampsia / Eclampsia"", ""category"": ""Women's Health"", ""mapped"": true}]",2026-08-04T15:31:12+00:00,4,0,CVD,Secondary prevention of MI/stroke,Cardiovascular Risk Reduction,[],"{""molecule"": ""Aspirin (low dose)"", ""found"": false, ""approved_in_india"": null, ""first_approval_date"": null, ""india_indications"": [], ""note"": ""Not found in the CDSCO new-drug lists. The register is thin before about 2009 and several older lists are scanned images that cannot be read, so this is not evidence the molecule is unapproved in India."", ""source_name"": ""CDSCO List of Approved New Drugs"", ""retrieved_utc"": ""2026-08-05T12:13:39+00:00""}",,,,,,,,,,,
clopidogrel,Clopidogrel,2026-08-04T08:32:59.594774+00:00,CVD,Oral tab,iv_bolus,acute_single_dose,75/150 mg,"Clopilet, Plavix, Deplatt, Clopivas","Sun, Sanofi, Torrent",Low-cost generic — Jan Aushadhi,Widely available as low-cost generics; Pradhan Mantri Bhartiya Janaushadhi (PMBJP) offers 50–90% cheaper generics. Manufacturer PSP not typically needed.,workbook_reference_unverified,False,False,ACS; post-PCI/stent; ischemic stroke; PAD,Antiplatelet,~2001,210,7.0,tab,True,Assumes once-daily dosing of one tab (30/month).,₹4–10 / tab,True,"[{""indication"": ""ACS; post-PCI/stent; ischemic stroke; PAD""}]",functional_independence,Functional Independence (mRS 0–2),%,,True,,,[],0.0,Standard of Care,,,,True,True,"[""Nausea"", ""Headache"", ""Fatigue""]","[""Muscle Pain"", ""Gastrointestinal discomfort""]","{""status"": ""unavailable"", ""missing_fields"": [""functional_independence""], ""issues"": [{""field"": ""functional_independence"", ""severity"": ""warning"", ""message"": ""Primary endpoint not in workbook — run analysis or enter manually.""}]}","{""addressable_population"": null, ""sources"": ""Not available — regional incidence not resolved""}","{""clinical"": ""Standard prescribing guides"", ""competitor"": ""Standard of Care baseline"", ""safety"": ""Clinical trial safety metadata"", ""drug_safety"": ""Product label"", ""clinical_tier"": ""tier_2"", ""competitor_tier"": ""tier_3"", ""safety_tier"": ""tier_2""}","{""global_approval"": {""agency"": ""FDA"", ""date"": ""~2001"", ""status"": ""approved""}, ""regional_status"": ""launched"", ""local_regulator"": ""CDSCO"", ""local_approval_date"": ""~2001"", ""availability_text"": ""Commercially Available (Audited)"", ""availability_color"": ""green"", ""notes"": """", ""is_available"": true}","{""IN"": 210, ""SG"": 3, ""AE"": 9}",True,"{""listed"": true, ""section"": ""10.5.2"", ""care_levels"": [""Primary"", ""Secondary"", ""Tertiary""], ""matched_as"": ""Clopidogrel"", ""source_url"": ""https://nppa.gov.in/en/nlem2022"", ""retrieved_utc"": ""2026-08-04T14:32:40+00:00""}",True,4,"[{""text"": ""ACS"", ""raw"": ""ACS"", ""qualifier"": null, ""off_label"": false, ""registry_indication"": ""Cardiovascular Risk Reduction"", ""category"": ""CVD"", ""mapped"": true}, {""text"": ""Post-PCI/stent"", ""raw"": ""post-PCI/stent"", ""qualifier"": null, ""off_label"": false, ""registry_indication"": ""Cardiovascular Risk Reduction"", ""category"": ""CVD"", ""mapped"": true}, {""text"": ""Ischemic stroke"", ""raw"": ""ischemic stroke"", ""qualifier"": null, ""off_label"": false, ""registry_indication"": ""Acute Ischemic Stroke"", ""category"": ""CVS"", ""mapped"": true}, {""text"": ""PAD"", ""raw"": ""PAD"", ""qualifier"": null, ""off_label"": false, ""registry_indication"": ""Peripheral Arterial Disease"", ""category"": ""CVD"", ""mapped"": true}]",2026-08-04T15:31:12+00:00,4,0,CVD,ACS,Cardiovascular Risk Reduction,[],"{""molecule"": ""Clopidogrel"", ""found"": true, ""approved_in_india"": true, ""first_approval_date"": ""2001-01-17"", ""approval_day_known"": true, ""single_molecule_rows"": 0, ""combination_rows"": 2, ""only_as_combination"": true, ""india_indications"": [""is indicated for the prevention of atherothrombotic events in adult patients after an acute coronary syndrome (ACS) with elevated cardiac biomarkers""], ""source_name"": ""CDSCO List of Approved New Drugs"", ""source_url"": ""https://cdsco.gov.in/opencms/resources/UploadCDSCOWeb/2018/UploadApprovalNewDrugs/2001.pdf"", ""source_list"": ""LIST OF NEW DRUGS APPROVED 2001"", ""retrieved_utc"": ""2026-08-05T12:13:39+00:00""}","{""us_initial_approval_year"": {""value"": 1997, ""source_name"": ""FDA prescribing information via DailyMed (CLOPIDOGREL (CLOPIDOGREL BISULFATE) TABLET, FILM COATED [PREFERRED PHARMACEUTICALS INC.])"", ""source_url"": ""https://dailymed.nlm.nih.gov/dailymed/drugInfo.cfm?setid=c9928956-bb7b-4ec2-bc38-d3c9c4199cae"", ""retrieved"": ""2026-08-03"", ""quote"": ""Initial U.S. Approval: 1997""}}",[],,,,,,,,,
prasugrel,Prasugrel,2026-08-04T08:32:59.594929+00:00,CVD,Oral tab,sc_injection,chronic_ongoing,5/10 mg,"Prasita, Effient, Praxet","Dr Reddy's, Lilly",Low-cost generic — Jan Aushadhi,Widely available as low-cost generics; Pradhan Mantri Bhartiya Janaushadhi (PMBJP) offers 50–90% cheaper generics. Manufacturer PSP not typically needed.,workbook_reference_unverified,False,False,ACS managed with PCI,Antiplatelet,~2010,450,15.0,tab,True,Assumes once-daily dosing of one tab (30/month).,₹10–20 / tab,False,"[{""indication"": ""ACS managed with PCI""}]",mace_hr,3-pt MACE Risk Reduction,HR,,True,,,[],0.0,Standard of Care,,,,True,True,"[""Nausea"", ""Headache"", ""Fatigue""]","[""Muscle Pain"", ""Gastrointestinal discomfort""]","{""status"": ""unavailable"", ""missing_fields"": [""mace_hr""], ""issues"": [{""field"": ""mace_hr"", ""severity"": ""warning"", ""message"": ""Primary endpoint not in workbook — run analysis or enter manually.""}]}","{""addressable_population"": null, ""sources"": ""Not available — regional incidence not resolved""}","{""clinical"": ""Standard prescribing guides"", ""competitor"": ""Standard of Care baseline"", ""safety"": ""Clinical trial safety metadata"", ""drug_safety"": ""Product label"", ""clinical_tier"": ""tier_2"", ""competitor_tier"": ""tier_3"", ""safety_tier"": ""tier_2""}","{""global_approval"": {""agency"": ""FDA"", ""date"": ""~2010"", ""status"": ""approved""}, ""regional_status"": ""launched"", ""local_regulator"": ""CDSCO"", ""local_approval_date"": ""~2010"", ""availability_text"": ""Commercially Available (Audited)"", ""availability_color"": ""green"", ""notes"": """", ""is_available"": true}","{""IN"": 450, ""SG"": 7, ""AE"": 20}",True,"{""listed"": false, ""source_url"": ""https://nppa.gov.in/en/nlem2022"", ""retrieved_utc"": ""2026-08-04T14:32:40+00:00""}",False,1,"[{""text"": ""ACS managed with PCI"", ""raw"": ""ACS managed with PCI"", ""qualifier"": null, ""off_label"": false, ""registry_indication"": ""Cardiovascular Risk Reduction"", ""category"": ""CVD"", ""mapped"": true}]",2026-08-04T15:31:12+00:00,1,0,CVD,ACS managed with PCI,Cardiovascular Risk Reduction,[],"{""molecule"": ""Prasugrel"", ""found"": false, ""approved_in_india"": null, ""first_approval_date"": null, ""india_indications"": [], ""note"": ""Not found in the CDSCO new-drug lists. The register is thin before about 2009 and several older lists are scanned images that cannot be read, so this is not evidence the molecule is unapproved in India."", ""source_name"": ""CDSCO List of Approved New Drugs"", ""retrieved_utc"": ""2026-08-05T12:13:39+00:00""}","{""us_initial_approval_year"": {""value"": 2009, ""source_name"": ""FDA prescribing information via DailyMed (PRASUGREL TABLET, FILM COATED [APOTEX CORP.])"", ""source_url"": ""https://dailymed.nlm.nih.gov/dailymed/drugInfo.cfm?setid=f51e64e0-f556-65d0-a876-fb709aaeefea"", ""retrieved"": ""2026-08-03"", ""quote"": ""Initial U.S. Approval: 2009""}}",[],,,,,,,,,
ticagrelor,Ticagrelor,2026-08-04T08:32:59.595094+00:00,CVD,Oral tab,sc_injection,chronic_ongoing,60/90 mg,"Brilinta, Axcer, Ticaflo","AstraZeneca, Sun",Manufacturer adherence PSP / generics,AstraZeneca 'Brilinta' post-ACS adherence & counselling; generics (Axcer etc.) available.,workbook_reference_unverified,False,False,ACS; high-risk post-MI,Antiplatelet,~2013,675,22.5,tab,True,Assumes once-daily dosing of one tab (30/month).,₹15–30 / tab,True,"[{""indication"": ""ACS; high-risk post-MI""}]",mace_hr,3-pt MACE Risk Reduction,HR,,True,,,[],0.0,Standard of Care,,,,True,True,"[""Nausea"", ""Headache"", ""Fatigue""]","[""Muscle Pain"", ""Gastrointestinal discomfort""]","{""status"": ""unavailable"", ""missing_fields"": [""mace_hr""], ""issues"": [{""field"": ""mace_hr"", ""severity"": ""warning"", ""message"": ""Primary endpoint not in workbook — run analysis or enter manually.""}]}","{""addressable_population"": null, ""sources"": ""Not available — regional incidence not resolved""}","{""clinical"": ""Standard prescribing guides"", ""competitor"": ""Standard of Care baseline"", ""safety"": ""Clinical trial safety metadata"", ""drug_safety"": ""Product label"", ""clinical_tier"": ""tier_2"", ""competitor_tier"": ""tier_3"", ""safety_tier"": ""tier_2""}","{""global_approval"": {""agency"": ""FDA"", ""date"": ""~2013"", ""status"": ""approved""}, ""regional_status"": ""launched"", ""local_regulator"": ""CDSCO"", ""local_approval_date"": ""~2013"", ""availability_text"": ""Commercially Available (Audited)"", ""availability_color"": ""green"", ""notes"": """", ""is_available"": true}","{""IN"": 675, ""SG"": 11, ""AE"": 30}",True,"{""listed"": false, ""source_url"": ""https://nppa.gov.in/en/nlem2022"", ""retrieved_utc"": ""2026-08-04T14:32:40+00:00""}",False,2,"[{""text"": ""ACS"", ""raw"": ""ACS"", ""qualifier"": null, ""off_label"": false, ""registry_indication"": ""Cardiovascular Risk Reduction"", ""category"": ""CVD"", ""mapped"": true}, {""text"": ""High-risk post-MI"", ""raw"": ""high-risk post-MI"", ""qualifier"": null, ""off_label"": false, ""registry_indication"": null, ""category"": null, ""mapped"": false}]",2026-08-04T15:31:12+00:00,1,0,CVD,ACS,Cardiovascular Risk Reduction,"[""High-risk post-MI""]","{""molecule"": ""Ticagrelor"", ""found"": true, ""approved_in_india"": true, ""first_approval_date"": ""2012-05-03"", ""approval_day_known"": true, ""single_molecule_rows"": 0, ""combination_rows"": 1, ""only_as_combination"": true, ""india_indications"": [""in patients with Acute coronary syndromes (ACS) unstable angina, non ST elevation Myocardial infarction (STEMI) including patients managed medically, and those who are managed with percutaneous those who are managed with percutaneous coronary intervention (PCI) or coronary artery by-pass grafting (CABG)""], ""source_name"": ""CDSCO List of Approved New Drugs"", ""source_url"": ""https://cdsco.gov.in/opencms/resources/UploadCDSCOWeb/2018/UploadApprovalNewDrugs/2012.pdf"", ""source_list"": ""LIST OF NEW DRUGS APPROVED 2012"", ""retrieved_utc"": ""2026-08-05T12:13:39+00:00""}","{""us_initial_approval_year"": {""value"": 2011, ""source_name"": ""FDA prescribing information via DailyMed (TICAGRELOR TABLET, FILM COATED [REDPHARM DRUG])"", ""source_url"": ""https://dailymed.nlm.nih.gov/dailymed/drugInfo.cfm?setid=557351f1-47b7-216d-e063-6394a90afb51"", ""retrieved"": ""2026-08-03"", ""quote"": ""Initial U.S. Approval: 2011""}}",[],,,,,,,,,
cilostazol,Cilostazol,2026-08-04T08:32:59.595245+00:00,CVD,Oral tab,oral,chronic_ongoing,50/100 mg,Pletoz,Cipla,Low-cost generic — Jan Aushadhi,Widely available as low-cost generics; Pradhan Mantri Bhartiya Janaushadhi (PMBJP) offers 50–90% cheaper generics. Manufacturer PSP not typically needed.,workbook_reference_unverified,False,False,Intermittent claudication (PAD),Antiplatelet,~2005,345,11.5,tab,True,Assumes once-daily dosing of one tab (30/month).,₹8–15 / tab,False,"[{""indication"": ""Intermittent claudication (PAD)""}]",walking_distance,Pain-Free Walking Distance Improvement,%,,True,,,[],0.0,Standard of Care,,,,True,True,"[""Nausea"", ""Headache"", ""Fatigue""]","[""Muscle Pain"", ""Gastrointestinal discomfort""]","{""status"": ""unavailable"", ""missing_fields"": [""walking_distance""], ""issues"": [{""field"": ""walking_distance"", ""severity"": ""warning"", ""message"": ""Primary endpoint not in workbook — run analysis or enter manually.""}]}","{""addressable_population"": null, ""sources"": ""Not available — regional incidence not resolved""}","{""clinical"": ""Standard prescribing guides"", ""competitor"": ""Standard of Care baseline"", ""safety"": ""Clinical trial safety metadata"", ""drug_safety"": ""Product label"", ""clinical_tier"": ""tier_2"", ""competitor_tier"": ""tier_3"", ""safety_tier"": ""tier_2""}","{""global_approval"": {""agency"": ""FDA"", ""date"": ""~2005"", ""status"": ""approved""}, ""regional_status"": ""launched"", ""local_regulator"": ""CDSCO"", ""local_approval_date"": ""~2005"", ""availability_text"": ""Commercially Available (Audited)"", ""availability_color"": ""green"", ""notes"": """", ""is_available"": true}","{""IN"": 345, ""SG"": 5, ""AE"": 15}",True,"{""listed"": false, ""source_url"": ""https://nppa.gov.in/en/nlem2022"", ""retrieved_utc"": ""2026-08-04T14:32:40+00:00""}",False,1,"[{""text"": ""Intermittent claudication"", ""raw"": ""Intermittent claudication (PAD)"", ""qualifier"": ""PAD"", ""off_label"": false, ""registry_indication"": ""Peripheral Arterial Disease"", ""category"": ""CVD"", ""mapped"": true}]",2026-08-04T15:31:12+00:00,1,0,CVD,Intermittent claudication,Peripheral Arterial Disease,[],"{""molecule"": ""Cilostazol"", ""found"": false, ""approved_in_india"": null, ""first_approval_date"": null, ""india_indications"": [], ""note"": ""Not found in the CDSCO new-drug lists. The register is thin before about 2009 and several older lists are scanned images that cannot be read, so this is not evidence the molecule is unapproved in India."", ""source_name"": ""CDSCO List of Approved New Drugs"", ""retrieved_utc"": ""2026-08-05T12:13:39+00:00""}",,,,,,,,,,,
dipyridamole,Dipyridamole,2026-08-04T08:32:59.595401+00:00,CVD,Oral tab,sc_injection,chronic_ongoing,25/75/150 mg / +ASA,Persantin,Various,Low-cost generic — Jan Aushadhi,Widely available as low-cost generics; Pradhan Mantri Bhartiya Janaushadhi (PMBJP) offers 50–90% cheaper generics. Manufacturer PSP not typically needed.,workbook_reference_unverified,False,False,Secondary stroke prevention (with aspirin),Antiplatelet,1990s,210,7.0,tab,True,Assumes once-daily dosing of one tab (30/month).,₹4–10 / tab,False,"[{""indication"": ""Secondary stroke prevention (with aspirin)""}]",mace_hr,3-pt MACE Risk Reduction,HR,,True,,,[],0.0,Standard of Care,,,,True,True,"[""Nausea"", ""Headache"", ""Fatigue""]","[""Muscle Pain"", ""Gastrointestinal discomfort""]","{""status"": ""unavailable"", ""missing_fields"": [""mace_hr""], ""issues"": [{""field"": ""mace_hr"", ""severity"": ""warning"", ""message"": ""Primary endpoint not in workbook — run analysis or enter manually.""}]}","{""addressable_population"": null, ""sources"": ""Not available — regional incidence not resolved""}","{""clinical"": ""Standard prescribing guides"", ""competitor"": ""Standard of Care baseline"", ""safety"": ""Clinical trial safety metadata"", ""drug_safety"": ""Product label"", ""clinical_tier"": ""tier_2"", ""competitor_tier"": ""tier_3"", ""safety_tier"": ""tier_2""}","{""global_approval"": {""agency"": ""FDA"", ""date"": ""1990s"", ""status"": ""approved""}, ""regional_status"": ""launched"", ""local_regulator"": ""CDSCO"", ""local_approval_date"": ""1990s"", ""availability_text"": ""Commercially Available (Audited)"", ""availability_color"": ""green"", ""notes"": """", ""is_available"": true}","{""IN"": 210, ""SG"": 3, ""AE"": 9}",True,"{""listed"": false, ""source_url"": ""https://nppa.gov.in/en/nlem2022"", ""retrieved_utc"": ""2026-08-04T14:32:40+00:00""}",False,1,"[{""text"": ""Secondary stroke prevention"", ""raw"": ""Secondary stroke prevention (with aspirin)"", ""qualifier"": ""with aspirin"", ""off_label"": false, ""registry_indication"": ""Cardiovascular Risk Reduction"", ""category"": ""CVD"", ""mapped"": true}]",2026-08-04T15:31:12+00:00,1,0,CVD,Secondary stroke prevention,Cardiovascular Risk Reduction,[],"{""molecule"": ""Dipyridamole"", ""found"": false, ""approved_in_india"": null, ""first_approval_date"": null, ""india_indications"": [], ""note"": ""Not found in the CDSCO new-drug lists. The register is thin before about 2009 and several older lists are scanned images that cannot be read, so this is not evidence the molecule is unapproved in India."", ""source_name"": ""CDSCO List of Approved New Drugs"", ""retrieved_utc"": ""2026-08-05T12:13:39+00:00""}",,,,,,,,,,,
warfarin,Warfarin,2026-08-04T08:32:59.595562+00:00,CVD,Oral tab,oral,chronic_ongoing,1/2/5 mg,"Warf, Uniwarfin",Cipla,Low-cost generic — Jan Aushadhi,Widely available as low-cost generics; Pradhan Mantri Bhartiya Janaushadhi (PMBJP) offers 50–90% cheaper generics. Manufacturer PSP not typically needed.,workbook_reference_unverified,False,False,AF; VTE treatment/prevention; mechanical heart valves,Anticoagulant (VKA),1990s,105,3.5,tab,True,Assumes once-daily dosing of one tab (30/month).,₹2–5 / tab,True,"[{""indication"": ""AF; VTE treatment/prevention; mechanical heart valves""}]",stroke_se_hr,Stroke / Systemic-Embolism HR,HR,,True,,,[],0.0,Standard of Care,,,,True,True,"[""Nausea"", ""Headache"", ""Fatigue""]","[""Muscle Pain"", ""Gastrointestinal discomfort""]","{""status"": ""unavailable"", ""missing_fields"": [""stroke_se_hr""], ""issues"": [{""field"": ""stroke_se_hr"", ""severity"": ""warning"", ""message"": ""Primary endpoint not in workbook — run analysis or enter manually.""}]}","{""addressable_population"": null, ""sources"": ""Not available — regional incidence not resolved""}","{""clinical"": ""Standard prescribing guides"", ""competitor"": ""Standard of Care baseline"", ""safety"": ""Clinical trial safety metadata"", ""drug_safety"": ""Product label"", ""clinical_tier"": ""tier_2"", ""competitor_tier"": ""tier_3"", ""safety_tier"": ""tier_2""}","{""global_approval"": {""agency"": ""FDA"", ""date"": ""1990s"", ""status"": ""approved""}, ""regional_status"": ""launched"", ""local_regulator"": ""CDSCO"", ""local_approval_date"": ""1990s"", ""availability_text"": ""Commercially Available (Audited)"", ""availability_color"": ""green"", ""notes"": """", ""is_available"": true}","{""IN"": 105, ""SG"": 1, ""AE"": 4}",True,"{""listed"": false, ""source_url"": ""https://nppa.gov.in/en/nlem2022"", ""retrieved_utc"": ""2026-08-04T14:32:40+00:00""}",False,2,"[{""text"": ""VTE treatment/prevention"", ""raw"": ""VTE treatment/prevention"", ""qualifier"": null, ""off_label"": false, ""registry_indication"": ""Thromboembolism Prevention (AF / VTE)"", ""category"": ""CVD"", ""mapped"": true}, {""text"": ""Mechanical heart valves"", ""raw"": ""mechanical heart valves"", ""qualifier"": null, ""off_label"": false, ""registry_indication"": null, ""category"": null, ""mapped"": false}]",2026-08-04T15:31:12+00:00,1,0,CVD,VTE treatment/prevention,Thromboembolism Prevention (AF / VTE),"[""Mechanical heart valves""]","{""molecule"": ""Warfarin"", ""found"": false, ""approved_in_india"": null, ""first_approval_date"": null, ""india_indications"": [], ""note"": ""Not found in the CDSCO new-drug lists. The register is thin before about 2009 and several older lists are scanned images that cannot be read, so this is not evidence the molecule is unapproved in India."", ""source_name"": ""CDSCO List of Approved New Drugs"", ""retrieved_utc"": ""2026-08-05T12:13:39+00:00""}",,,,,,,,,,,
acenocoumarol,Acenocoumarol,2026-08-04T08:32:59.595703+00:00,CVD,Oral tab,oral,chronic_ongoing,1/2/3/4 mg,"Acitrom, Aceno",Abbott,Low-cost generic — Jan Aushadhi,Widely available as low-cost generics; Pradhan Mantri Bhartiya Janaushadhi (PMBJP) offers 50–90% cheaper generics. Manufacturer PSP not typically needed.,workbook_reference_unverified,False,False,AF; VTE; valve prosthesis,Anticoagulant (VKA),1990s,120,4.0,tab,True,Assumes once-daily dosing of one tab (30/month).,₹2–6 / tab,True,"[{""indication"": ""AF; VTE; valve prosthesis""}]",stroke_se_hr,Stroke / Systemic-Embolism HR,HR,,True,,,[],0.0,Standard of Care,,,,True,True,"[""Nausea"", ""Headache"", ""Fatigue""]","[""Muscle Pain"", ""Gastrointestinal discomfort""]","{""status"": ""unavailable"", ""missing_fields"": [""stroke_se_hr""], ""issues"": [{""field"": ""stroke_se_hr"", ""severity"": ""warning"", ""message"": ""Primary endpoint not in workbook — run analysis or enter manually.""}]}","{""addressable_population"": null, ""sources"": ""Not available — regional incidence not resolved""}","{""clinical"": ""Standard prescribing guides"", ""competitor"": ""Standard of Care baseline"", ""safety"": ""Clinical trial safety metadata"", ""drug_safety"": ""Product label"", ""clinical_tier"": ""tier_2"", ""competitor_tier"": ""tier_3"", ""safety_tier"": ""tier_2""}","{""global_approval"": {""agency"": ""FDA"", ""date"": ""1990s"", ""status"": ""approved""}, ""regional_status"": ""launched"", ""local_regulator"": ""CDSCO"", ""local_approval_date"": ""1990s"", ""availability_text"": ""Commercially Available (Audited)"", ""availability_color"": ""green"", ""notes"": """", ""is_available"": true}","{""IN"": 120, ""SG"": 2, ""AE"": 5}",True,"{""listed"": false, ""source_url"": ""https://nppa.gov.in/en/nlem2022"", ""retrieved_utc"": ""2026-08-04T14:32:40+00:00""}",False,2,"[{""text"": ""VTE"", ""raw"": ""VTE"", ""qualifier"": null, ""off_label"": false, ""registry_indication"": ""Thromboembolism Prevention (AF / VTE)"", ""category"": ""CVD"", ""mapped"": true}, {""text"": ""Valve prosthesis"", ""raw"": ""valve prosthesis"", ""qualifier"": null, ""off_label"": false, ""registry_indication"": ""Thromboembolism Prevention (AF / VTE)"", ""category"": ""CVD"", ""mapped"": true}]",2026-08-04T15:31:12+00:00,2,0,CVD,VTE,Thromboembolism Prevention (AF / VTE),[],"{""molecule"": ""Acenocoumarol"", ""found"": false, ""approved_in_india"": null, ""first_approval_date"": null, ""india_indications"": [], ""note"": ""Not found in the CDSCO new-drug lists. The register is thin before about 2009 and several older lists are scanned images that cannot be read, so this is not evidence the molecule is unapproved in India."", ""source_name"": ""CDSCO List of Approved New Drugs"", ""retrieved_utc"": ""2026-08-05T12:13:39+00:00""}",,,,,,,,,,,
enoxaparin,Enoxaparin,2026-08-04T08:32:59.595856+00:00,CVD,SC injection,sc_injection,chronic_ongoing,40/60 mg prefilled,"Clexane, Lomoh, Enoxarin","Sanofi, Zydus",Generics + optional adherence PSP,Affordable branded generics widely available; innovator brands may offer counselling/adherence support via the prescriber. Jan Aushadhi generics available for older molecules.,workbook_reference_unverified,False,False,VTE prophylaxis/treatment; ACS; bridging,Anticoagulant (LMWH),~2000,,350.0,syringe,True,Priced per syringe but dosing frequency is not stated — monthly cost cannot be derived. Enter the frequency to complete the model.,₹200–500 / syringe,True,"[{""indication"": ""VTE prophylaxis/treatment; ACS; bridging""}]",mace_hr,3-pt MACE Risk Reduction,HR,,True,,,[],0.0,Standard of Care,,,,True,True,"[""Nausea"", ""Headache"", ""Fatigue""]","[""Muscle Pain"", ""Gastrointestinal discomfort""]","{""status"": ""unavailable"", ""missing_fields"": [""mace_hr""], ""issues"": [{""field"": ""mace_hr"", ""severity"": ""warning"", ""message"": ""Primary endpoint not in workbook — run analysis or enter manually.""}]}","{""addressable_population"": null, ""sources"": ""Not available — regional incidence not resolved""}","{""clinical"": ""Standard prescribing guides"", ""competitor"": ""Standard of Care baseline"", ""safety"": ""Clinical trial safety metadata"", ""drug_safety"": ""Product label"", ""clinical_tier"": ""tier_2"", ""competitor_tier"": ""tier_3"", ""safety_tier"": ""tier_2""}","{""global_approval"": {""agency"": ""FDA"", ""date"": ""~2000"", ""status"": ""approved""}, ""regional_status"": ""launched"", ""local_regulator"": ""CDSCO"", ""local_approval_date"": ""~2000"", ""availability_text"": ""Commercially Available (Audited)"", ""availability_color"": ""green"", ""notes"": """", ""is_available"": true}","{""IN"": null, ""SG"": null, ""AE"": null}",True,"{""listed"": true, ""section"": ""8.2.1"", ""care_levels"": [""Secondary"", ""Tertiary""], ""matched_as"": ""Enoxaparin"", ""source_url"": ""https://nppa.gov.in/en/nlem2022"", ""retrieved_utc"": ""2026-08-04T14:32:40+00:00""}",True,3,"[{""text"": ""VTE prophylaxis/treatment"", ""raw"": ""VTE prophylaxis/treatment"", ""qualifier"": null, ""off_label"": false, ""registry_indication"": ""Thromboembolism Prevention (AF / VTE)"", ""category"": ""CVD"", ""mapped"": true}, {""text"": ""ACS"", ""raw"": ""ACS"", ""qualifier"": null, ""off_label"": false, ""registry_indication"": ""Cardiovascular Risk Reduction"", ""category"": ""CVD"", ""mapped"": true}, {""text"": ""Bridging"", ""raw"": ""bridging"", ""qualifier"": null, ""off_label"": false, ""registry_indication"": null, ""category"": null, ""mapped"": false}]",2026-08-04T15:31:12+00:00,2,0,CVD,VTE prophylaxis/treatment,Thromboembolism Prevention (AF / VTE),"[""Bridging""]","{""molecule"": ""Enoxaparin"", ""found"": true, ""approved_in_india"": true, ""first_approval_date"": ""2009-08-19"", ""approval_day_known"": true, ""single_molecule_rows"": 0, ""combination_rows"": 1, ""only_as_combination"": true, ""india_indications"": [], ""source_name"": ""CDSCO List of Approved New Drugs"", ""source_url"": ""https://cdsco.gov.in/opencms/resources/UploadCDSCOWeb/2018/UploadApprovalNewDrugs/2009.pdf"", ""source_list"": ""LIST OF NEW DRUGS APPROVED 2009"", ""retrieved_utc"": ""2026-08-05T12:13:39+00:00""}","{""us_initial_approval_year"": {""value"": 1993, ""source_name"": ""FDA prescribing information via DailyMed (LOVENOX (ENOXAPARIN SODIUM) INJECTION [SANOFI-AVENTIS U.S. LLC])"", ""source_url"": ""https://dailymed.nlm.nih.gov/dailymed/drugInfo.cfm?setid=5017a927-2a24-4f27-89f9-27c805bf7d59"", ""retrieved"": ""2026-08-03"", ""quote"": ""Initial U.S. Approval: 1993""}, ""recommended_dosage"": {""value"": ""The recommended dose of Lovenox is 40 mg by subcutaneous injection once a day (with the initial dose given 2 hours prior to surgery) in patients undergoing abdominal surgery who are at risk for thromboembolic complications."", ""source_name"": ""FDA prescribing information via DailyMed (LOVENOX (ENOXAPARIN SODIUM) INJECTION [SANOFI-AVENTIS U.S. LLC])"", ""source_url"": ""https://dailymed.nlm.nih.gov/dailymed/drugInfo.cfm?setid=5017a927-2a24-4f27-89f9-27c805bf7d59"", ""retrieved"": ""2026-08-03"", ""quote"": ""The recommended dose of Lovenox is 40 mg by subcutaneous injection once a day (with the initial dose given 2 hours prior to surgery) in patients undergoing abdominal surgery who are at risk for thromboembolic complications.""}}",[],,,,,,,,,
heparin-ufh,Heparin (UFH),2026-08-04T08:32:59.596017+00:00,CVD,IV/SC,sc_injection,chronic_ongoing,5000 IU/mL,"Beparine, Heparin",Various,Institutional / hospital use,Supplied & administered in hospital; manufacturer or charitable access may apply for high-cost agents — confirm case-by-case.,workbook_reference_unverified,False,False,VTE; ACS; extracorporeal circuits,Anticoagulant (heparin),—,,,,True,No numeric price in source (Hospital only) — enter manually.,Hospital only,True,"[{""indication"": ""VTE; ACS; extracorporeal circuits""}]",mace_hr,3-pt MACE Risk Reduction,HR,,True,,,[],0.0,Standard of Care,,,,True,True,"[""Nausea"", ""Headache"", ""Fatigue""]","[""Muscle Pain"", ""Gastrointestinal discomfort""]","{""status"": ""unavailable"", ""missing_fields"": [""mace_hr""], ""issues"": [{""field"": ""mace_hr"", ""severity"": ""warning"", ""message"": ""Primary endpoint not in workbook — run analysis or enter manually.""}]}","{""addressable_population"": null, ""sources"": ""Not available — regional incidence not resolved""}","{""clinical"": ""Standard prescribing guides"", ""competitor"": ""Standard of Care baseline"", ""safety"": ""Clinical trial safety metadata"", ""drug_safety"": ""Product label"", ""clinical_tier"": ""tier_2"", ""competitor_tier"": ""tier_3"", ""safety_tier"": ""tier_2""}","{""global_approval"": {""agency"": ""FDA"", ""date"": ""—"", ""status"": ""approved""}, ""regional_status"": ""launched"", ""local_regulator"": ""CDSCO"", ""local_approval_date"": ""—"", ""availability_text"": ""Commercially Available (Audited)"", ""availability_color"": ""green"", ""notes"": """", ""is_available"": true}","{""IN"": null, ""SG"": null, ""AE"": null}",True,"{""listed"": true, ""section"": ""8.2.2"", ""care_levels"": [""Secondary"", ""Tertiary""], ""matched_as"": ""Heparin"", ""source_url"": ""https://nppa.gov.in/en/nlem2022"", ""retrieved_utc"": ""2026-08-04T14:32:40+00:00""}",True,3,"[{""text"": ""VTE"", ""raw"": ""VTE"", ""qualifier"": null, ""off_label"": false, ""registry_indication"": ""Thromboembolism Prevention (AF / VTE)"", ""category"": ""CVD"", ""mapped"": true}, {""text"": ""ACS"", ""raw"": ""ACS"", ""qualifier"": null, ""off_label"": false, ""registry_indication"": ""Cardiovascular Risk Reduction"", ""category"": ""CVD"", ""mapped"": true}, {""text"": ""Extracorporeal circuits"", ""raw"": ""extracorporeal circuits"", ""qualifier"": null, ""off_label"": false, ""registry_indication"": null, ""category"": null, ""mapped"": false}]",2026-08-04T15:31:12+00:00,2,0,CVD,VTE,Thromboembolism Prevention (AF / VTE),"[""Extracorporeal circuits""]","{""molecule"": ""Heparin (UFH)"", ""found"": false, ""approved_in_india"": null, ""first_approval_date"": null, ""india_indications"": [], ""note"": ""Not found in the CDSCO new-drug lists. The register is thin before about 2009 and several older lists are scanned images that cannot be read, so this is not evidence the molecule is unapproved in India."", ""source_name"": ""CDSCO List of Approved New Drugs"", ""retrieved_utc"": ""2026-08-05T12:13:39+00:00""}",,,,,,,,,,,
dabigatran,Dabigatran,2026-08-04T08:32:59.596156+00:00,CVD,Oral cap,oral,chronic_ongoing,75/110/150 mg,Pradaxa,Boehringer Ingelheim,Manufacturer adherence PSP,Boehringer Ingelheim 'Pradaxa' anticoagulation support; idarucizumab reversal awareness.,workbook_reference_unverified,False,False,Non-valvular AF stroke prevention; VTE,Anticoagulant (DOAC),~2011,795,26.5,cap,True,Assumes once-daily dosing of one cap (30/month).,₹18–35 / cap,True,"[{""indication"": ""Non-valvular AF stroke prevention; VTE""}]",stroke_se_hr,Stroke / Systemic-Embolism HR,HR,,True,,,[],0.0,Standard of Care,,,,True,True,"[""Nausea"", ""Headache"", ""Fatigue""]","[""Muscle Pain"", ""Gastrointestinal discomfort""]","{""status"": ""unavailable"", ""missing_fields"": [""stroke_se_hr""], ""issues"": [{""field"": ""stroke_se_hr"", ""severity"": ""warning"", ""message"": ""Primary endpoint not in workbook — run analysis or enter manually.""}]}","{""addressable_population"": null, ""sources"": ""Not available — regional incidence not resolved""}","{""clinical"": ""Standard prescribing guides"", ""competitor"": ""Standard of Care baseline"", ""safety"": ""Clinical trial safety metadata"", ""drug_safety"": ""Product label"", ""clinical_tier"": ""tier_2"", ""competitor_tier"": ""tier_3"", ""safety_tier"": ""tier_2""}","{""global_approval"": {""agency"": ""FDA"", ""date"": ""~2011"", ""status"": ""approved""}, ""regional_status"": ""launched"", ""local_regulator"": ""CDSCO"", ""local_approval_date"": ""~2011"", ""availability_text"": ""Commercially Available (Audited)"", ""availability_color"": ""green"", ""notes"": """", ""is_available"": true}","{""IN"": 795, ""SG"": 13, ""AE"": 36}",False,"{""listed"": false, ""source_url"": ""https://nppa.gov.in/en/nlem2022"", ""retrieved_utc"": ""2026-08-04T14:32:40+00:00""}",False,2,"[{""text"": ""Non-valvular AF stroke prevention"", ""raw"": ""Non-valvular AF stroke prevention"", ""qualifier"": null, ""off_label"": false, ""registry_indication"": ""Thromboembolism Prevention (AF / VTE)"", ""category"": ""CVD"", ""mapped"": true}, {""text"": ""VTE"", ""raw"": ""VTE"", ""qualifier"": null, ""off_label"": false, ""registry_indication"": ""Thromboembolism Prevention (AF / VTE)"", ""category"": ""CVD"", ""mapped"": true}]",2026-08-04T15:31:12+00:00,2,0,CVD,Non-valvular AF stroke prevention,Thromboembolism Prevention (AF / VTE),[],"{""molecule"": ""Dabigatran"", ""found"": false, ""approved_in_india"": null, ""first_approval_date"": null, ""india_indications"": [], ""note"": ""Not found in the CDSCO new-drug lists. The register is thin before about 2009 and several older lists are scanned images that cannot be read, so this is not evidence the molecule is unapproved in India."", ""source_name"": ""CDSCO List of Approved New Drugs"", ""retrieved_utc"": ""2026-08-05T12:13:39+00:00""}","{""us_initial_approval_year"": {""value"": 2010, ""source_name"": ""FDA prescribing information via DailyMed (DABIGATRAN (DABIGATRAN ETEXILATE) CAPSULE [AMERICAN HEALTH PACKAGING])"", ""source_url"": ""https://dailymed.nlm.nih.gov/dailymed/drugInfo.cfm?setid=f7ea7e2c-ca54-4ecc-9fc7-bd3571b0ebc2"", ""retrieved"": ""2026-08-03"", ""quote"": ""Initial U.S. Approval: 2010""}}",[],,,,,,,,,
rivaroxaban,Rivaroxaban,2026-08-04T08:32:59.596304+00:00,CVD,Oral tab,oral,chronic_ongoing,2.5/10/15/20 mg,"Xarelto, Rivaroxa","Bayer, generics",Manufacturer adherence PSP / generics,Bayer 'Xarelto' patient support & anticoagulation education; many generics available.,workbook_reference_unverified,False,False,Non-valvular AF; VTE; post-ACS (2.5 mg),Anticoagulant (DOAC),~2012,870,29.0,tab,True,Assumes once-daily dosing of one tab (30/month).,₹18–40 / tab,True,"[{""indication"": ""Non-valvular AF; VTE; post-ACS (2.5 mg)""}]",stroke_se_hr,Stroke / Systemic-Embolism HR,HR,,True,,,[],0.0,Standard of Care,,,,True,True,"[""Nausea"", ""Headache"", ""Fatigue""]","[""Muscle Pain"", ""Gastrointestinal discomfort""]","{""status"": ""unavailable"", ""missing_fields"": [""stroke_se_hr""], ""issues"": [{""field"": ""stroke_se_hr"", ""severity"": ""warning"", ""message"": ""Primary endpoint not in workbook — run analysis or enter manually.""}]}","{""addressable_population"": null, ""sources"": ""Not available — regional incidence not resolved""}","{""clinical"": ""Standard prescribing guides"", ""competitor"": ""Standard of Care baseline"", ""safety"": ""Clinical trial safety metadata"", ""drug_safety"": ""Product label"", ""clinical_tier"": ""tier_2"", ""competitor_tier"": ""tier_3"", ""safety_tier"": ""tier_2""}","{""global_approval"": {""agency"": ""FDA"", ""date"": ""~2012"", ""status"": ""approved""}, ""regional_status"": ""launched"", ""local_regulator"": ""CDSCO"", ""local_approval_date"": ""~2012"", ""availability_text"": ""Commercially Available (Audited)"", ""availability_color"": ""green"", ""notes"": """", ""is_available"": true}","{""IN"": 870, ""SG"": 14, ""AE"": 39}",True,"{""listed"": false, ""source_url"": ""https://nppa.gov.in/en/nlem2022"", ""retrieved_utc"": ""2026-08-04T14:32:40+00:00""}",False,3,"[{""text"": ""Non-valvular AF"", ""raw"": ""Non-valvular AF"", ""qualifier"": null, ""off_label"": false, ""registry_indication"": ""Thromboembolism Prevention (AF / VTE)"", ""category"": ""CVD"", ""mapped"": true}, {""text"": ""VTE"", ""raw"": ""VTE"", ""qualifier"": null, ""off_label"": false, ""registry_indication"": ""Thromboembolism Prevention (AF / VTE)"", ""category"": ""CVD"", ""mapped"": true}, {""text"": ""Post-ACS"", ""raw"": ""post-ACS (2.5 mg)"", ""qualifier"": ""2.5 mg"", ""off_label"": false, ""registry_indication"": ""Cardiovascular Risk Reduction"", ""category"": ""CVD"", ""mapped"": true}]",2026-08-04T15:31:12+00:00,3,0,CVD,Non-valvular AF,Thromboembolism Prevention (AF / VTE),[],"{""molecule"": ""Rivaroxaban"", ""found"": true, ""approved_in_india"": true, ""first_approval_date"": ""2014-08-09"", ""approval_day_known"": true, ""single_molecule_rows"": 0, ""combination_rows"": 2, ""only_as_combination"": true, ""india_indications"": [""is indicated for the prevention of atherothrombotic events in adult patients after an acute coronary syndrome (ACS) with elevated cardiac biomarkers"", ""Indicated for the treatment of patietns with lower body weight i.e 45 to 60kg in Rhemuatoid arthritis, Systemic Lupus Erythematosus & Hydroxychloroquine Sulphate Tablet 300mg Polymorphic Light Eruption 23 (Additional strength/indication) For the treatment of Ginkgo biloba extract Tablet 120mg dementia, vertigo and 24 (Additional strength) tinnitus in adult patients. Treatment of patients with Bend""], ""source_name"": ""CDSCO List of Approved New Drugs"", ""source_url"": ""https://cdsco.gov.in/opencms/resources/UploadCDSCOWeb/2018/UploadApprovalNewDrugs/2014.pdf"", ""source_list"": ""LIST OF NEW DRUGS APPROVED 2014"", ""retrieved_utc"": ""2026-08-05T12:13:39+00:00""}",,,,,,,,,,,
apixaban,Apixaban,2026-08-04T08:32:59.596443+00:00,CVD,Oral tab,oral,chronic_ongoing,2.5/5 mg,"Eliquis, Apixt","Pfizer/BMS, generics",Manufacturer adherence PSP / generics,Pfizer–BMS 'Eliquis' adherence support; generics available.,workbook_reference_unverified,False,False,Non-valvular AF; VTE treatment/prevention,Anticoagulant (DOAC),~2014,975,32.5,tab,True,Assumes once-daily dosing of one tab (30/month).,₹20–45 / tab,True,"[{""indication"": ""Non-valvular AF; VTE treatment/prevention""}]",stroke_se_hr,Stroke / Systemic-Embolism HR,HR,,True,,,[],0.0,Standard of Care,,,,True,True,"[""Nausea"", ""Headache"", ""Fatigue""]","[""Muscle Pain"", ""Gastrointestinal discomfort""]","{""status"": ""unavailable"", ""missing_fields"": [""stroke_se_hr""], ""issues"": [{""field"": ""stroke_se_hr"", ""severity"": ""warning"", ""message"": ""Primary endpoint not in workbook — run analysis or enter manually.""}]}","{""addressable_population"": null, ""sources"": ""Not available — regional incidence not resolved""}","{""clinical"": ""Standard prescribing guides"", ""competitor"": ""Standard of Care baseline"", ""safety"": ""Clinical trial safety metadata"", ""drug_safety"": ""Product label"", ""clinical_tier"": ""tier_2"", ""competitor_tier"": ""tier_3"", ""safety_tier"": ""tier_2""}","{""global_approval"": {""agency"": ""FDA"", ""date"": ""~2014"", ""status"": ""approved""}, ""regional_status"": ""launched"", ""local_regulator"": ""CDSCO"", ""local_approval_date"": ""~2014"", ""availability_text"": ""Commercially Available (Audited)"", ""availability_color"": ""green"", ""notes"": """", ""is_available"": true}","{""IN"": 975, ""SG"": 16, ""AE"": 44}",True,"{""listed"": false, ""source_url"": ""https://nppa.gov.in/en/nlem2022"", ""retrieved_utc"": ""2026-08-04T14:32:40+00:00""}",False,2,"[{""text"": ""Non-valvular AF"", ""raw"": ""Non-valvular AF"", ""qualifier"": null, ""off_label"": false, ""registry_indication"": ""Thromboembolism Prevention (AF / VTE)"", ""category"": ""CVD"", ""mapped"": true}, {""text"": ""VTE treatment/prevention"", ""raw"": ""VTE treatment/prevention"", ""qualifier"": null, ""off_label"": false, ""registry_indication"": ""Thromboembolism Prevention (AF / VTE)"", ""category"": ""CVD"", ""mapped"": true}]",2026-08-04T15:31:12+00:00,2,0,CVD,Non-valvular AF,Thromboembolism Prevention (AF / VTE),[],"{""molecule"": ""Apixaban"", ""found"": true, ""approved_in_india"": true, ""first_approval_date"": ""2012-08-03"", ""approval_day_known"": true, ""single_molecule_rows"": 0, ""combination_rows"": 2, ""only_as_combination"": true, ""india_indications"": [], ""source_name"": ""CDSCO List of Approved New Drugs"", ""source_url"": ""https://cdsco.gov.in/opencms/resources/UploadCDSCOWeb/2018/UploadApprovalNewDrugs/2012.pdf"", ""source_list"": ""LIST OF NEW DRUGS APPROVED 2012"", ""retrieved_utc"": ""2026-08-05T12:13:39+00:00""}",,,,,,,,,,,
edoxaban,Edoxaban,2026-08-04T08:32:59.596567+00:00,CVD,Oral tab,oral,chronic_ongoing,30/60 mg,Lixiana,Daiichi Sankyo,Generics + optional adherence PSP,Affordable branded generics widely available; innovator brands may offer counselling/adherence support via the prescriber. Jan Aushadhi generics available for older molecules.,workbook_reference_unverified,False,False,Non-valvular AF; VTE,Anticoagulant (DOAC),~2018,1050,35.0,tab,True,Assumes once-daily dosing of one tab (30/month).,₹25–45 / tab,True,"[{""indication"": ""Non-valvular AF; VTE""}]",stroke_se_hr,Stroke / Systemic-Embolism HR,HR,,True,,,[],0.0,Standard of Care,,,,True,True,"[""Nausea"", ""Headache"", ""Fatigue""]","[""Muscle Pain"", ""Gastrointestinal discomfort""]","{""status"": ""unavailable"", ""missing_fields"": [""stroke_se_hr""], ""issues"": [{""field"": ""stroke_se_hr"", ""severity"": ""warning"", ""message"": ""Primary endpoint not in workbook — run analysis or enter manually.""}]}","{""addressable_population"": null, ""sources"": ""Not available — regional incidence not resolved""}","{""clinical"": ""Standard prescribing guides"", ""competitor"": ""Standard of Care baseline"", ""safety"": ""Clinical trial safety metadata"", ""drug_safety"": ""Product label"", ""clinical_tier"": ""tier_2"", ""competitor_tier"": ""tier_3"", ""safety_tier"": ""tier_2""}","{""global_approval"": {""agency"": ""FDA"", ""date"": ""~2018"", ""status"": ""approved""}, ""regional_status"": ""launched"", ""local_regulator"": ""CDSCO"", ""local_approval_date"": ""~2018"", ""availability_text"": ""Commercially Available (Audited)"", ""availability_color"": ""green"", ""notes"": """", ""is_available"": true}","{""IN"": 1050, ""SG"": 17, ""AE"": 47}",True,"{""listed"": false, ""source_url"": ""https://nppa.gov.in/en/nlem2022"", ""retrieved_utc"": ""2026-08-04T14:32:40+00:00""}",False,2,"[{""text"": ""Non-valvular AF"", ""raw"": ""Non-valvular AF"", ""qualifier"": null, ""off_label"": false, ""registry_indication"": ""Thromboembolism Prevention (AF / VTE)"", ""category"": ""CVD"", ""mapped"": true}, {""text"": ""VTE"", ""raw"": ""VTE"", ""qualifier"": null, ""off_label"": false, ""registry_indication"": ""Thromboembolism Prevention (AF / VTE)"", ""category"": ""CVD"", ""mapped"": true}]",2026-08-04T15:31:12+00:00,2,0,CVD,Non-valvular AF,Thromboembolism Prevention (AF / VTE),[],"{""molecule"": ""Edoxaban"", ""found"": true, ""approved_in_india"": true, ""first_approval_date"": ""2025-02-11"", ""approval_day_known"": true, ""single_molecule_rows"": 1, ""combination_rows"": 1, ""only_as_combination"": false, ""india_indications"": [], ""source_name"": ""CDSCO List of Approved New Drugs"", ""source_url"": ""https://cdsco.gov.in/opencms/resources/UploadCDSCOWeb/2018/UploadApprovalNewDrugs/List%20of%20New%20Drugs%20approved%20in%20the%20year%202025%20till%20datee.pdf"", ""source_list"": ""List of New Drugs approved in year 2025 to till date"", ""retrieved_utc"": ""2026-08-05T12:13:39+00:00""}","{""us_initial_approval_year"": {""value"": 2015, ""source_name"": ""FDA prescribing information via DailyMed (SAVAYSA (EDOXABAN TOSYLATE) TABLET, FILM COATED [DAIICHI SANKYO INC.])"", ""source_url"": ""https://dailymed.nlm.nih.gov/dailymed/drugInfo.cfm?setid=e77d3400-56ad-11e3-949a-0800200c9a66"", ""retrieved"": ""2026-08-03"", ""quote"": ""Initial U.S. Approval: 2015""}, ""recommended_dosage"": {""value"": ""The recommended dose is 60 mg once daily in patients with CrCL &gt;50 to ≤ 95 mL/min."", ""source_name"": ""FDA prescribing information via DailyMed (SAVAYSA (EDOXABAN TOSYLATE) TABLET, FILM COATED [DAIICHI SANKYO INC.])"", ""source_url"": ""https://dailymed.nlm.nih.gov/dailymed/drugInfo.cfm?setid=e77d3400-56ad-11e3-949a-0800200c9a66"", ""retrieved"": ""2026-08-03"", ""quote"": ""The recommended dose is 60 mg once daily in patients with CrCL &gt;50 to ≤ 95 mL/min.""}}",[],,,,,,,,,
fondaparinux,Fondaparinux,2026-08-04T08:32:59.596756+00:00,CVD,SC injection,sc_injection,chronic_ongoing,2.5 mg,Arixtra,GSK/Aspen,Manufacturer education/adherence PSP (if enrolled),"Innovator may offer counselling/adherence support via the prescriber; specialty-pharmacy financing (MrMed, Tata 1mg) can assist. Confirm current program.",workbook_reference_unverified,False,False,VTE prophylaxis/treatment; ACS; HIT,Anticoagulant (pentasaccharide),~2010,,450.0,syringe,True,Priced per syringe but dosing frequency is not stated — monthly cost cannot be derived. Enter the frequency to complete the model.,₹300–600 / syringe,True,"[{""indication"": ""VTE prophylaxis/treatment; ACS; HIT""}]",mace_hr,3-pt MACE Risk Reduction,HR,,True,,,[],0.0,Standard of Care,,,,True,True,"[""Nausea"", ""Headache"", ""Fatigue""]","[""Muscle Pain"", ""Gastrointestinal discomfort""]","{""status"": ""unavailable"", ""missing_fields"": [""mace_hr""], ""issues"": [{""field"": ""mace_hr"", ""severity"": ""warning"", ""message"": ""Primary endpoint not in workbook — run analysis or enter manually.""}]}","{""addressable_population"": null, ""sources"": ""Not available — regional incidence not resolved""}","{""clinical"": ""Standard prescribing guides"", ""competitor"": ""Standard of Care baseline"", ""safety"": ""Clinical trial safety metadata"", ""drug_safety"": ""Product label"", ""clinical_tier"": ""tier_2"", ""competitor_tier"": ""tier_3"", ""safety_tier"": ""tier_2""}","{""global_approval"": {""agency"": ""FDA"", ""date"": ""~2010"", ""status"": ""approved""}, ""regional_status"": ""launched"", ""local_regulator"": ""CDSCO"", ""local_approval_date"": ""~2010"", ""availability_text"": ""Commercially Available (Audited)"", ""availability_color"": ""green"", ""notes"": """", ""is_available"": true}","{""IN"": null, ""SG"": null, ""AE"": null}",True,"{""listed"": false, ""source_url"": ""https://nppa.gov.in/en/nlem2022"", ""retrieved_utc"": ""2026-08-04T14:32:40+00:00""}",False,3,"[{""text"": ""VTE prophylaxis/treatment"", ""raw"": ""VTE prophylaxis/treatment"", ""qualifier"": null, ""off_label"": false, ""registry_indication"": ""Thromboembolism Prevention (AF / VTE)"", ""category"": ""CVD"", ""mapped"": true}, {""text"": ""ACS"", ""raw"": ""ACS"", ""qualifier"": null, ""off_label"": false, ""registry_indication"": ""Cardiovascular Risk Reduction"", ""category"": ""CVD"", ""mapped"": true}, {""text"": ""HIT"", ""raw"": ""HIT"", ""qualifier"": null, ""off_label"": false, ""registry_indication"": null, ""category"": null, ""mapped"": false}]",2026-08-04T15:31:12+00:00,2,0,CVD,VTE prophylaxis/treatment,Thromboembolism Prevention (AF / VTE),"[""HIT""]","{""molecule"": ""Fondaparinux"", ""found"": false, ""approved_in_india"": null, ""first_approval_date"": null, ""india_indications"": [], ""note"": ""Not found in the CDSCO new-drug lists. The register is thin before about 2009 and several older lists are scanned images that cannot be read, so this is not evidence the molecule is unapproved in India."", ""source_name"": ""CDSCO List of Approved New Drugs"", ""retrieved_utc"": ""2026-08-05T12:13:39+00:00""}","{""us_initial_approval_year"": {""value"": 2001, ""source_name"": ""FDA prescribing information via DailyMed (FONDAPARINUX SODIUM INJECTION, SOLUTION [ZYDUS PHARMACEUTICALS (USA) INC.])"", ""source_url"": ""https://dailymed.nlm.nih.gov/dailymed/drugInfo.cfm?setid=dffbf7c9-495e-4a33-ac76-57b52f014fc2"", ""retrieved"": ""2026-08-03"", ""quote"": ""Initial U.S. Approval: 2001""}}",[],,,,,,,,,
glyceryl-trinitrate-ntg,Glyceryl trinitrate (NTG),2026-08-04T08:32:59.596926+00:00,CVD,Sublingual/SR/IV/patch,oral,chronic_ongoing,0.5 mg SL; 2.6/6.4 SR,"Angispan, Nitrocontin, GTN","USV, Modi Mundipharma",Low-cost generic — Jan Aushadhi,Widely available as low-cost generics; Pradhan Mantri Bhartiya Janaushadhi (PMBJP) offers 50–90% cheaper generics. Manufacturer PSP not typically needed.,workbook_reference_unverified,False,False,Acute angina; ACS; acute LV failure; controlled hypotension,Antianginal (nitrate),1980s,195,6.5,tab,True,Assumes once-daily dosing of one tab (30/month).,₹3–10 / tab,True,"[{""indication"": ""Acute angina; ACS; acute LV failure; controlled hypotension""}]",sbp_reduction,Systolic BP Reduction,mmHg,,True,,,[],0.0,Standard of Care,,,,True,True,"[""Nausea"", ""Headache"", ""Fatigue""]","[""Muscle Pain"", ""Gastrointestinal discomfort""]","{""status"": ""unavailable"", ""missing_fields"": [""sbp_reduction""], ""issues"": [{""field"": ""sbp_reduction"", ""severity"": ""warning"", ""message"": ""Primary endpoint not in workbook — run analysis or enter manually.""}]}","{""addressable_population"": null, ""sources"": ""Not available — regional incidence not resolved""}","{""clinical"": ""Standard prescribing guides"", ""competitor"": ""Standard of Care baseline"", ""safety"": ""Clinical trial safety metadata"", ""drug_safety"": ""Product label"", ""clinical_tier"": ""tier_2"", ""competitor_tier"": ""tier_3"", ""safety_tier"": ""tier_2""}","{""global_approval"": {""agency"": ""FDA"", ""date"": ""1980s"", ""status"": ""approved""}, ""regional_status"": ""launched"", ""local_regulator"": ""CDSCO"", ""local_approval_date"": ""1980s"", ""availability_text"": ""Commercially Available (Audited)"", ""availability_color"": ""green"", ""notes"": """", ""is_available"": true}","{""IN"": 195, ""SG"": 3, ""AE"": 8}",True,"{""listed"": false, ""source_url"": ""https://nppa.gov.in/en/nlem2022"", ""retrieved_utc"": ""2026-08-04T14:32:40+00:00""}",False,4,"[{""text"": ""Acute angina"", ""raw"": ""Acute angina"", ""qualifier"": null, ""off_label"": false, ""registry_indication"": ""Chronic Stable Angina"", ""category"": ""CVD"", ""mapped"": true}, {""text"": ""ACS"", ""raw"": ""ACS"", ""qualifier"": null, ""off_label"": false, ""registry_indication"": ""Cardiovascular Risk Reduction"", ""category"": ""CVD"", ""mapped"": true}, {""text"": ""Acute LV failure"", ""raw"": ""acute LV failure"", ""qualifier"": null, ""off_label"": false, ""registry_indication"": null, ""category"": null, ""mapped"": false}, {""text"": ""Controlled hypotension"", ""raw"": ""controlled hypotension"", ""qualifier"": null, ""off_label"": false, ""registry_indication"": ""Hypertension"", ""category"": ""CVD"", ""mapped"": true}]",2026-08-04T15:31:12+00:00,3,0,CVD,Acute angina,Chronic Stable Angina,"[""Acute LV failure""]","{""molecule"": ""Glyceryl trinitrate (NTG)"", ""found"": false, ""approved_in_india"": null, ""first_approval_date"": null, ""india_indications"": [], ""note"": ""Not found in the CDSCO new-drug lists. The register is thin before about 2009 and several older lists are scanned images that cannot be read, so this is not evidence the molecule is unapproved in India."", ""source_name"": ""CDSCO List of Approved New Drugs"", ""retrieved_utc"": ""2026-08-05T12:13:39+00:00""}",,,,,,,,,,,
isosorbide-mononitrate,Isosorbide mononitrate,2026-08-04T08:32:59.597072+00:00,CVD,Oral tab/SR,oral,chronic_ongoing,10/20/40/60 mg,"Monotrate, Ismo, Monit",Sun,Low-cost generic — Jan Aushadhi,Widely available as low-cost generics; Pradhan Mantri Bhartiya Janaushadhi (PMBJP) offers 50–90% cheaper generics. Manufacturer PSP not typically needed.,workbook_reference_unverified,False,False,Chronic angina prophylaxis,Antianginal (nitrate),1990s,165,5.5,tab,True,Assumes once-daily dosing of one tab (30/month).,₹3–8 / tab,False,"[{""indication"": ""Chronic angina prophylaxis""}]",angina_frequency,Angina Frequency Reduction,%,,True,,,[],0.0,Standard of Care,,,,True,True,"[""Nausea"", ""Headache"", ""Fatigue""]","[""Muscle Pain"", ""Gastrointestinal discomfort""]","{""status"": ""unavailable"", ""missing_fields"": [""angina_frequency""], ""issues"": [{""field"": ""angina_frequency"", ""severity"": ""warning"", ""message"": ""Primary endpoint not in workbook — run analysis or enter manually.""}]}","{""addressable_population"": null, ""sources"": ""Not available — regional incidence not resolved""}","{""clinical"": ""Standard prescribing guides"", ""competitor"": ""Standard of Care baseline"", ""safety"": ""Clinical trial safety metadata"", ""drug_safety"": ""Product label"", ""clinical_tier"": ""tier_2"", ""competitor_tier"": ""tier_3"", ""safety_tier"": ""tier_2""}","{""global_approval"": {""agency"": ""FDA"", ""date"": ""1990s"", ""status"": ""approved""}, ""regional_status"": ""launched"", ""local_regulator"": ""CDSCO"", ""local_approval_date"": ""1990s"", ""availability_text"": ""Commercially Available (Audited)"", ""availability_color"": ""green"", ""notes"": """", ""is_available"": true}","{""IN"": 165, ""SG"": 2, ""AE"": 7}",True,"{""listed"": true, ""section"": ""10.1.3"", ""care_levels"": [""Primary"", ""Secondary"", ""Tertiary""], ""matched_as"": ""Isosorbide dinitrate"", ""source_url"": ""https://nppa.gov.in/en/nlem2022"", ""retrieved_utc"": ""2026-08-04T14:32:40+00:00""}",True,1,"[{""text"": ""Chronic angina prophylaxis"", ""raw"": ""Chronic angina prophylaxis"", ""qualifier"": null, ""off_label"": false, ""registry_indication"": ""Chronic Stable Angina"", ""category"": ""CVD"", ""mapped"": true}]",2026-08-04T15:31:12+00:00,1,0,CVD,Chronic angina prophylaxis,Chronic Stable Angina,[],"{""molecule"": ""Isosorbide mononitrate"", ""found"": false, ""approved_in_india"": null, ""first_approval_date"": null, ""india_indications"": [], ""note"": ""Not found in the CDSCO new-drug lists. The register is thin before about 2009 and several older lists are scanned images that cannot be read, so this is not evidence the molecule is unapproved in India."", ""source_name"": ""CDSCO List of Approved New Drugs"", ""retrieved_utc"": ""2026-08-05T12:13:39+00:00""}",,,,,,,,,,,
isosorbide-dinitrate,Isosorbide dinitrate,2026-08-04T08:32:59.597215+00:00,CVD,Oral/SL tab,oral,chronic_ongoing,5/10 mg,"Sorbitrate, Isordil",Abbott,Low-cost generic — Jan Aushadhi,Widely available as low-cost generics; Pradhan Mantri Bhartiya Janaushadhi (PMBJP) offers 50–90% cheaper generics. Manufacturer PSP not typically needed.,workbook_reference_unverified,False,False,Angina; acute LV failure,Antianginal (nitrate),1980s,105,3.5,tab,True,Assumes once-daily dosing of one tab (30/month).,₹2–5 / tab,True,"[{""indication"": ""Angina; acute LV failure""}]",angina_frequency,Angina Frequency Reduction,%,,True,,,[],0.0,Standard of Care,,,,True,True,"[""Nausea"", ""Headache"", ""Fatigue""]","[""Muscle Pain"", ""Gastrointestinal discomfort""]","{""status"": ""unavailable"", ""missing_fields"": [""angina_frequency""], ""issues"": [{""field"": ""angina_frequency"", ""severity"": ""warning"", ""message"": ""Primary endpoint not in workbook — run analysis or enter manually.""}]}","{""addressable_population"": null, ""sources"": ""Not available — regional incidence not resolved""}","{""clinical"": ""Standard prescribing guides"", ""competitor"": ""Standard of Care baseline"", ""safety"": ""Clinical trial safety metadata"", ""drug_safety"": ""Product label"", ""clinical_tier"": ""tier_2"", ""competitor_tier"": ""tier_3"", ""safety_tier"": ""tier_2""}","{""global_approval"": {""agency"": ""FDA"", ""date"": ""1980s"", ""status"": ""approved""}, ""regional_status"": ""launched"", ""local_regulator"": ""CDSCO"", ""local_approval_date"": ""1980s"", ""availability_text"": ""Commercially Available (Audited)"", ""availability_color"": ""green"", ""notes"": """", ""is_available"": true}","{""IN"": 105, ""SG"": 1, ""AE"": 4}",True,"{""listed"": true, ""section"": ""10.1.3"", ""care_levels"": [""Primary"", ""Secondary"", ""Tertiary""], ""matched_as"": ""Isosorbide dinitrate"", ""source_url"": ""https://nppa.gov.in/en/nlem2022"", ""retrieved_utc"": ""2026-08-04T14:32:40+00:00""}",True,2,"[{""text"": ""Angina"", ""raw"": ""Angina"", ""qualifier"": null, ""off_label"": false, ""registry_indication"": ""Chronic Stable Angina"", ""category"": ""CVD"", ""mapped"": true}, {""text"": ""Acute LV failure"", ""raw"": ""acute LV failure"", ""qualifier"": null, ""off_label"": false, ""registry_indication"": null, ""category"": null, ""mapped"": false}]",2026-08-04T15:31:12+00:00,1,0,CVD,Angina,Chronic Stable Angina,"[""Acute LV failure""]","{""molecule"": ""Isosorbide dinitrate"", ""found"": false, ""approved_in_india"": null, ""first_approval_date"": null, ""india_indications"": [], ""note"": ""Not found in the CDSCO new-drug lists. The register is thin before about 2009 and several older lists are scanned images that cannot be read, so this is not evidence the molecule is unapproved in India."", ""source_name"": ""CDSCO List of Approved New Drugs"", ""retrieved_utc"": ""2026-08-05T12:13:39+00:00""}",,,,,,,,,,,
trimetazidine,Trimetazidine,2026-08-04T08:32:59.597362+00:00,CVD,Oral tab/MR,oral,chronic_ongoing,20/35 mg,"Flavedon, Carvidon, Metrio",Serdia,Low-cost generic — Jan Aushadhi,Widely available as low-cost generics; Pradhan Mantri Bhartiya Janaushadhi (PMBJP) offers 50–90% cheaper generics. Manufacturer PSP not typically needed.,workbook_reference_unverified,False,False,Chronic stable angina (add-on),Antianginal (metabolic),~2000,210,7.0,tab,True,Assumes once-daily dosing of one tab (30/month).,₹4–10 / tab,False,"[{""indication"": ""Chronic stable angina (add-on)""}]",angina_frequency,Angina Frequency Reduction,%,,True,,,[],0.0,Standard of Care,,,,True,True,"[""Nausea"", ""Headache"", ""Fatigue""]","[""Muscle Pain"", ""Gastrointestinal discomfort""]","{""status"": ""unavailable"", ""missing_fields"": [""angina_frequency""], ""issues"": [{""field"": ""angina_frequency"", ""severity"": ""warning"", ""message"": ""Primary endpoint not in workbook — run analysis or enter manually.""}]}","{""addressable_population"": null, ""sources"": ""Not available — regional incidence not resolved""}","{""clinical"": ""Standard prescribing guides"", ""competitor"": ""Standard of Care baseline"", ""safety"": ""Clinical trial safety metadata"", ""drug_safety"": ""Product label"", ""clinical_tier"": ""tier_2"", ""competitor_tier"": ""tier_3"", ""safety_tier"": ""tier_2""}","{""global_approval"": {""agency"": ""FDA"", ""date"": ""~2000"", ""status"": ""approved""}, ""regional_status"": ""launched"", ""local_regulator"": ""CDSCO"", ""local_approval_date"": ""~2000"", ""availability_text"": ""Commercially Available (Audited)"", ""availability_color"": ""green"", ""notes"": """", ""is_available"": true}","{""IN"": 210, ""SG"": 3, ""AE"": 9}",True,"{""listed"": false, ""source_url"": ""https://nppa.gov.in/en/nlem2022"", ""retrieved_utc"": ""2026-08-04T14:32:40+00:00""}",False,1,"[{""text"": ""Chronic stable angina"", ""raw"": ""Chronic stable angina (add-on)"", ""qualifier"": ""add-on"", ""off_label"": false, ""registry_indication"": ""Chronic Stable Angina"", ""category"": ""CVD"", ""mapped"": true}]",2026-08-04T15:31:12+00:00,1,0,CVD,Chronic stable angina,Chronic Stable Angina,[],"{""molecule"": ""Trimetazidine"", ""found"": false, ""approved_in_india"": null, ""first_approval_date"": null, ""india_indications"": [], ""note"": ""Not found in the CDSCO new-drug lists. The register is thin before about 2009 and several older lists are scanned images that cannot be read, so this is not evidence the molecule is unapproved in India."", ""source_name"": ""CDSCO List of Approved New Drugs"", ""retrieved_utc"": ""2026-08-05T12:13:39+00:00""}",,,,,,,,,,,
ranolazine,Ranolazine,2026-08-04T08:32:59.597490+00:00,CVD,Oral ER tab,oral,chronic_ongoing,500/1000 mg,"Ranozex, Ranolaz",Various,Low-cost generic — Jan Aushadhi,Widely available as low-cost generics; Pradhan Mantri Bhartiya Janaushadhi (PMBJP) offers 50–90% cheaper generics. Manufacturer PSP not typically needed.,workbook_reference_unverified,False,False,Chronic stable angina,Antianginal,~2010,450,15.0,tab,True,Assumes once-daily dosing of one tab (30/month).,₹10–20 / tab,False,"[{""indication"": ""Chronic stable angina""}]",angina_frequency,Angina Frequency Reduction,%,,True,,,[],0.0,Standard of Care,,,,True,True,"[""Nausea"", ""Headache"", ""Fatigue""]","[""Muscle Pain"", ""Gastrointestinal discomfort""]","{""status"": ""unavailable"", ""missing_fields"": [""angina_frequency""], ""issues"": [{""field"": ""angina_frequency"", ""severity"": ""warning"", ""message"": ""Primary endpoint not in workbook — run analysis or enter manually.""}]}","{""addressable_population"": null, ""sources"": ""Not available — regional incidence not resolved""}","{""clinical"": ""Standard prescribing guides"", ""competitor"": ""Standard of Care baseline"", ""safety"": ""Clinical trial safety metadata"", ""drug_safety"": ""Product label"", ""clinical_tier"": ""tier_2"", ""competitor_tier"": ""tier_3"", ""safety_tier"": ""tier_2""}","{""global_approval"": {""agency"": ""FDA"", ""date"": ""~2010"", ""status"": ""approved""}, ""regional_status"": ""launched"", ""local_regulator"": ""CDSCO"", ""local_approval_date"": ""~2010"", ""availability_text"": ""Commercially Available (Audited)"", ""availability_color"": ""green"", ""notes"": """", ""is_available"": true}","{""IN"": 450, ""SG"": 7, ""AE"": 20}",True,"{""listed"": false, ""source_url"": ""https://nppa.gov.in/en/nlem2022"", ""retrieved_utc"": ""2026-08-04T14:32:40+00:00""}",False,1,"[{""text"": ""Chronic stable angina"", ""raw"": ""Chronic stable angina"", ""qualifier"": null, ""off_label"": false, ""registry_indication"": ""Chronic Stable Angina"", ""category"": ""CVD"", ""mapped"": true}]",2026-08-04T15:31:12+00:00,1,0,CVD,Chronic stable angina,Chronic Stable Angina,[],"{""molecule"": ""Ranolazine"", ""found"": true, ""approved_in_india"": true, ""first_approval_date"": ""2009-01-31"", ""approval_day_known"": true, ""single_molecule_rows"": 0, ""combination_rows"": 1, ""only_as_combination"": true, ""india_indications"": [], ""source_name"": ""CDSCO List of Approved New Drugs"", ""source_url"": ""https://cdsco.gov.in/opencms/resources/UploadCDSCOWeb/2018/UploadApprovalNewDrugs/2009.pdf"", ""source_list"": ""LIST OF NEW DRUGS APPROVED 2009"", ""retrieved_utc"": ""2026-08-05T12:13:39+00:00""}",,,,,,,,,,,
nicorandil,Nicorandil,2026-08-04T08:32:59.597619+00:00,CVD,Oral tab,oral,chronic_ongoing,5/10 mg,"Nikoran, Korandil",Torrent,Low-cost generic — Jan Aushadhi,Widely available as low-cost generics; Pradhan Mantri Bhartiya Janaushadhi (PMBJP) offers 50–90% cheaper generics. Manufacturer PSP not typically needed.,workbook_reference_unverified,False,False,Chronic stable angina,Antianginal (K-channel opener),~2005,255,8.5,tab,True,Assumes once-daily dosing of one tab (30/month).,₹5–12 / tab,False,"[{""indication"": ""Chronic stable angina""}]",angina_frequency,Angina Frequency Reduction,%,,True,,,[],0.0,Standard of Care,,,,True,True,"[""Nausea"", ""Headache"", ""Fatigue""]","[""Muscle Pain"", ""Gastrointestinal discomfort""]","{""status"": ""unavailable"", ""missing_fields"": [""angina_frequency""], ""issues"": [{""field"": ""angina_frequency"", ""severity"": ""warning"", ""message"": ""Primary endpoint not in workbook — run analysis or enter manually.""}]}","{""addressable_population"": null, ""sources"": ""Not available — regional incidence not resolved""}","{""clinical"": ""Standard prescribing guides"", ""competitor"": ""Standard of Care baseline"", ""safety"": ""Clinical trial safety metadata"", ""drug_safety"": ""Product label"", ""clinical_tier"": ""tier_2"", ""competitor_tier"": ""tier_3"", ""safety_tier"": ""tier_2""}","{""global_approval"": {""agency"": ""FDA"", ""date"": ""~2005"", ""status"": ""approved""}, ""regional_status"": ""launched"", ""local_regulator"": ""CDSCO"", ""local_approval_date"": ""~2005"", ""availability_text"": ""Commercially Available (Audited)"", ""availability_color"": ""green"", ""notes"": """", ""is_available"": true}","{""IN"": 255, ""SG"": 4, ""AE"": 11}",True,"{""listed"": false, ""source_url"": ""https://nppa.gov.in/en/nlem2022"", ""retrieved_utc"": ""2026-08-04T14:32:40+00:00""}",False,1,"[{""text"": ""Chronic stable angina"", ""raw"": ""Chronic stable angina"", ""qualifier"": null, ""off_label"": false, ""registry_indication"": ""Chronic Stable Angina"", ""category"": ""CVD"", ""mapped"": true}]",2026-08-04T15:31:12+00:00,1,0,CVD,Chronic stable angina,Chronic Stable Angina,[],"{""molecule"": ""Nicorandil"", ""found"": false, ""approved_in_india"": null, ""first_approval_date"": null, ""india_indications"": [], ""note"": ""Not found in the CDSCO new-drug lists. The register is thin before about 2009 and several older lists are scanned images that cannot be read, so this is not evidence the molecule is unapproved in India."", ""source_name"": ""CDSCO List of Approved New Drugs"", ""retrieved_utc"": ""2026-08-05T12:13:39+00:00""}",,,,,,,,,,,
ivabradine,Ivabradine,2026-08-04T08:32:59.597774+00:00,CVD,Oral tab,oral,chronic_ongoing,5/7.5 mg,"Ivabrad, Inapure, Ivquus",Sun,Low-cost generic — Jan Aushadhi,Widely available as low-cost generics; Pradhan Mantri Bhartiya Janaushadhi (PMBJP) offers 50–90% cheaper generics. Manufacturer PSP not typically needed.,workbook_reference_unverified,False,False,Chronic stable angina; HFrEF (elevated HR in sinus rhythm),If-channel inhibitor,~2010,390,13.0,tab,True,Assumes once-daily dosing of one tab (30/month).,₹8–18 / tab,True,"[{""indication"": ""Chronic stable angina; HFrEF (elevated HR in sinus rhythm)""}]",angina_frequency,Angina Frequency Reduction,%,,True,,,[],0.0,Standard of Care,,,,True,True,"[""Nausea"", ""Headache"", ""Fatigue""]","[""Muscle Pain"", ""Gastrointestinal discomfort""]","{""status"": ""unavailable"", ""missing_fields"": [""angina_frequency""], ""issues"": [{""field"": ""angina_frequency"", ""severity"": ""warning"", ""message"": ""Primary endpoint not in workbook — run analysis or enter manually.""}]}","{""addressable_population"": null, ""sources"": ""Not available — regional incidence not resolved""}","{""clinical"": ""Standard prescribing guides"", ""competitor"": ""Standard of Care baseline"", ""safety"": ""Clinical trial safety metadata"", ""drug_safety"": ""Product label"", ""clinical_tier"": ""tier_2"", ""competitor_tier"": ""tier_3"", ""safety_tier"": ""tier_2""}","{""global_approval"": {""agency"": ""FDA"", ""date"": ""~2010"", ""status"": ""approved""}, ""regional_status"": ""launched"", ""local_regulator"": ""CDSCO"", ""local_approval_date"": ""~2010"", ""availability_text"": ""Commercially Available (Audited)"", ""availability_color"": ""green"", ""notes"": """", ""is_available"": true}","{""IN"": 390, ""SG"": 6, ""AE"": 17}",True,"{""listed"": false, ""source_url"": ""https://nppa.gov.in/en/nlem2022"", ""retrieved_utc"": ""2026-08-04T14:32:40+00:00""}",False,2,"[{""text"": ""Chronic stable angina"", ""raw"": ""Chronic stable angina"", ""qualifier"": null, ""off_label"": false, ""registry_indication"": ""Chronic Stable Angina"", ""category"": ""CVD"", ""mapped"": true}, {""text"": ""HFrEF"", ""raw"": ""HFrEF (elevated HR in sinus rhythm)"", ""qualifier"": ""elevated HR in sinus rhythm"", ""off_label"": false, ""registry_indication"": ""Heart Failure"", ""category"": ""CVD"", ""mapped"": true}]",2026-08-04T15:31:12+00:00,2,0,CVD,Chronic stable angina,Chronic Stable Angina,[],"{""molecule"": ""Ivabradine"", ""found"": true, ""approved_in_india"": true, ""first_approval_date"": ""2013-12-19"", ""approval_day_known"": true, ""single_molecule_rows"": 0, ""combination_rows"": 1, ""only_as_combination"": true, ""india_indications"": [""in patients in sinus rhythm and whose heart rate is > 75 bpm, in combination with standard therapy including beta-blocker therapy or when beta-blocker therapy is contraindicated or not tolerated”""], ""source_name"": ""CDSCO List of Approved New Drugs"", ""source_url"": ""https://cdsco.gov.in/opencms/resources/UploadCDSCOWeb/2018/UploadApprovalNewDrugs/2013.pdf"", ""source_list"": ""LIST OF NEW DRUGS APPROVED 2013"", ""retrieved_utc"": ""2026-08-05T12:13:39+00:00""}",,,,,,,,,,,
digoxin,Digoxin,2026-08-04T08:32:59.597925+00:00,CVD,"Oral tab, IV",oral,chronic_ongoing,0.25 mg,"Lanoxin, Digoxin, Cardioxin",GSK/Abbott,Low-cost generic — Jan Aushadhi,Widely available as low-cost generics; Pradhan Mantri Bhartiya Janaushadhi (PMBJP) offers 50–90% cheaper generics. Manufacturer PSP not typically needed.,workbook_reference_unverified,False,False,Heart failure; AF/atrial flutter rate control,Heart failure,1980s,60,2.0,tab,True,Assumes once-daily dosing of one tab (30/month).,₹1–3 / tab,True,"[{""indication"": ""Heart failure; AF/atrial flutter rate control""}]",sinus_rhythm,Sinus-Rhythm Maintenance,%,,True,,,[],0.0,Standard of Care,,,,True,True,"[""Nausea"", ""Headache"", ""Fatigue""]","[""Muscle Pain"", ""Gastrointestinal discomfort""]","{""status"": ""unavailable"", ""missing_fields"": [""sinus_rhythm""], ""issues"": [{""field"": ""sinus_rhythm"", ""severity"": ""warning"", ""message"": ""Primary endpoint not in workbook — run analysis or enter manually.""}]}","{""addressable_population"": null, ""sources"": ""Not available — regional incidence not resolved""}","{""clinical"": ""Standard prescribing guides"", ""competitor"": ""Standard of Care baseline"", ""safety"": ""Clinical trial safety metadata"", ""drug_safety"": ""Product label"", ""clinical_tier"": ""tier_2"", ""competitor_tier"": ""tier_3"", ""safety_tier"": ""tier_2""}","{""global_approval"": {""agency"": ""FDA"", ""date"": ""1980s"", ""status"": ""approved""}, ""regional_status"": ""launched"", ""local_regulator"": ""CDSCO"", ""local_approval_date"": ""1980s"", ""availability_text"": ""Commercially Available (Audited)"", ""availability_color"": ""green"", ""notes"": """", ""is_available"": true}","{""IN"": 60, ""SG"": 1, ""AE"": 2}",True,"{""listed"": false, ""source_url"": ""https://nppa.gov.in/en/nlem2022"", ""retrieved_utc"": ""2026-08-04T14:32:40+00:00""}",False,2,"[{""text"": ""Heart failure"", ""raw"": ""Heart failure"", ""qualifier"": null, ""off_label"": false, ""registry_indication"": ""Heart Failure"", ""category"": ""CVD"", ""mapped"": true}, {""text"": ""AF/atrial flutter rate control"", ""raw"": ""AF/atrial flutter rate control"", ""qualifier"": null, ""off_label"": false, ""registry_indication"": ""Cardiac Arrhythmia (Rhythm Control)"", ""category"": ""CVD"", ""mapped"": true}]",2026-08-04T15:31:12+00:00,2,0,CVD,Heart failure,Heart Failure,[],"{""molecule"": ""Digoxin"", ""found"": false, ""approved_in_india"": null, ""first_approval_date"": null, ""india_indications"": [], ""note"": ""Not found in the CDSCO new-drug lists. The register is thin before about 2009 and several older lists are scanned images that cannot be read, so this is not evidence the molecule is unapproved in India."", ""source_name"": ""CDSCO List of Approved New Drugs"", ""retrieved_utc"": ""2026-08-05T12:13:39+00:00""}","{""us_initial_approval_year"": {""value"": 1954, ""source_name"": ""FDA prescribing information via DailyMed (DIGOXIN TABLET [BRYANT RANCH PREPACK])"", ""source_url"": ""https://dailymed.nlm.nih.gov/dailymed/drugInfo.cfm?setid=e61d2108-d871-44c0-b12a-2e61fbb56967"", ""retrieved"": ""2026-08-03"", ""quote"": ""Initial U.S. Approval: 1954""}}",[],,,,,,,,,
vericiguat,Vericiguat,2026-08-04T08:32:59.598088+00:00,CVD,Oral tab,oral,chronic_ongoing,2.5/5/10 mg,Verquvo,MSD/Bayer,Generics + optional adherence PSP,Affordable branded generics widely available; innovator brands may offer counselling/adherence support via the prescriber. Jan Aushadhi generics available for older molecules.,workbook_reference_unverified,False,False,Symptomatic chronic HFrEF after worsening event,Heart failure (sGC stimulator),~2023,3450,115.0,tab,True,Assumes once-daily dosing of one tab (30/month).,₹80–150 / tab (approx.),False,"[{""indication"": ""Symptomatic chronic HFrEF after worsening event""}]",hf_event_hr,CV-death / HF-hospitalisation HR,HR,,True,,,[],0.0,Standard of Care,,,,True,True,"[""Nausea"", ""Headache"", ""Fatigue""]","[""Muscle Pain"", ""Gastrointestinal discomfort""]","{""status"": ""unavailable"", ""missing_fields"": [""hf_event_hr""], ""issues"": [{""field"": ""hf_event_hr"", ""severity"": ""warning"", ""message"": ""Primary endpoint not in workbook — run analysis or enter manually.""}]}","{""addressable_population"": null, ""sources"": ""Not available — regional incidence not resolved""}","{""clinical"": ""Standard prescribing guides"", ""competitor"": ""Standard of Care baseline"", ""safety"": ""Clinical trial safety metadata"", ""drug_safety"": ""Product label"", ""clinical_tier"": ""tier_2"", ""competitor_tier"": ""tier_3"", ""safety_tier"": ""tier_2""}","{""global_approval"": {""agency"": ""FDA"", ""date"": ""~2023"", ""status"": ""approved""}, ""regional_status"": ""launched"", ""local_regulator"": ""CDSCO"", ""local_approval_date"": ""~2023"", ""availability_text"": ""Commercially Available (Audited)"", ""availability_color"": ""green"", ""notes"": """", ""is_available"": true}","{""IN"": 3450, ""SG"": 57, ""AE"": 156}",True,"{""listed"": false, ""source_url"": ""https://nppa.gov.in/en/nlem2022"", ""retrieved_utc"": ""2026-08-04T14:32:40+00:00""}",False,1,"[{""text"": ""Symptomatic chronic HFrEF after worsening event"", ""raw"": ""Symptomatic chronic HFrEF after worsening event"", ""qualifier"": null, ""off_label"": false, ""registry_indication"": ""Heart Failure"", ""category"": ""CVD"", ""mapped"": true}]",2026-08-04T15:31:12+00:00,1,0,CVD,Symptomatic chronic HFrEF after worsening event,Heart Failure,[],"{""molecule"": ""Vericiguat"", ""found"": true, ""approved_in_india"": true, ""first_approval_date"": ""2022-02-25"", ""approval_day_known"": true, ""single_molecule_rows"": 1, ""combination_rows"": 0, ""only_as_combination"": false, ""india_indications"": [""to reduce the risk of cardiovascular death and heart failure (HF) hospitalization following a hospitalization for heart failure or need for outpatient IV diuretics, in adults with symptomatic chronic HF and ejection fraction less than 45%""], ""source_name"": ""CDSCO List of Approved New Drugs"", ""source_url"": ""https://cdsco.gov.in/opencms/resources/UploadCDSCOWeb/2018/UploadApprovalNewDrugs/New%20Drug%20Approvals%202022jul25.pdf"", ""source_list"": ""List of new drugs approved in the year 2022 till date"", ""retrieved_utc"": ""2026-08-05T12:13:39+00:00""}","{""us_initial_approval_year"": {""value"": 2021, ""source_name"": ""FDA prescribing information via DailyMed (VERQUVO (VERICIGUAT) TABLET, FILM COATED [MERCK SHARP & DOHME LLC])"", ""source_url"": ""https://dailymed.nlm.nih.gov/dailymed/drugInfo.cfm?setid=17056d73-1b1b-4bf2-9c07-b7a9367f0d6d"", ""retrieved"": ""2026-08-03"", ""quote"": ""Initial U.S. Approval: 2021""}}",[],,,,,,,,,
dobutamine,Dobutamine,2026-08-04T08:32:59.598251+00:00,CVD,IV infusion,,,250 mg vial,"Dobutrex, Cardioject",Various,Institutional / hospital use,Supplied & administered in hospital; manufacturer or charitable access may apply for high-cost agents — confirm case-by-case.,workbook_reference_unverified,False,False,Acute decompensated HF; cardiogenic shock,Inotrope,—,,,,True,No numeric price in source (Hospital only) — enter manually.,Hospital only,True,"[{""indication"": ""Acute decompensated HF; cardiogenic shock""}]",,,,,True,,,[],0.0,Standard of Care,,,,True,True,"[""Nausea"", ""Headache"", ""Fatigue""]","[""Muscle Pain"", ""Gastrointestinal discomfort""]","{""status"": ""unavailable"", ""missing_fields"": [""primary_endpoint""], ""issues"": [{""field"": ""primary_endpoint"", ""severity"": ""warning"", ""message"": ""Primary endpoint not in workbook — run analysis or enter manually.""}]}","{""addressable_population"": null, ""sources"": ""Not available — regional incidence not resolved""}","{""clinical"": ""Standard prescribing guides"", ""competitor"": ""Standard of Care baseline"", ""safety"": ""Clinical trial safety metadata"", ""drug_safety"": ""Product label"", ""clinical_tier"": ""tier_2"", ""competitor_tier"": ""tier_3"", ""safety_tier"": ""tier_2""}","{""global_approval"": {""agency"": ""FDA"", ""date"": ""—"", ""status"": ""approved""}, ""regional_status"": ""launched"", ""local_regulator"": ""CDSCO"", ""local_approval_date"": ""—"", ""availability_text"": ""Commercially Available (Audited)"", ""availability_color"": ""green"", ""notes"": """", ""is_available"": true}","{""IN"": null, ""SG"": null, ""AE"": null}",True,"{""listed"": true, ""section"": ""10.4.2"", ""care_levels"": [""Secondary"", ""Tertiary""], ""matched_as"": ""Dobutamine"", ""source_url"": ""https://nppa.gov.in/en/nlem2022"", ""retrieved_utc"": ""2026-08-04T14:32:40+00:00""}",True,2,"[{""text"": ""Acute decompensated HF"", ""raw"": ""Acute decompensated HF"", ""qualifier"": null, ""off_label"": false, ""registry_indication"": null, ""category"": null, ""mapped"": false}, {""text"": ""Cardiogenic shock"", ""raw"": ""cardiogenic shock"", ""qualifier"": null, ""off_label"": false, ""registry_indication"": null, ""category"": null, ""mapped"": false}]",2026-08-04T15:31:12+00:00,0,0,,Acute decompensated HF,,"[""Acute decompensated HF"", ""Cardiogenic shock""]","{""molecule"": ""Dobutamine"", ""found"": false, ""approved_in_india"": null, ""first_approval_date"": null, ""india_indications"": [], ""note"": ""Not found in the CDSCO new-drug lists. The register is thin before about 2009 and several older lists are scanned images that cannot be read, so this is not evidence the molecule is unapproved in India."", ""source_name"": ""CDSCO List of Approved New Drugs"", ""retrieved_utc"": ""2026-08-05T12:13:39+00:00""}",,,,,,,,,,,
levosimendan,Levosimendan,2026-08-04T08:32:59.598399+00:00,CVD,IV infusion,oral,chronic_ongoing,2.5 mg/mL,"Simdax, Sinocard",Orion/generics,Institutional / hospital use,Supplied & administered in hospital; manufacturer or charitable access may apply for high-cost agents — confirm case-by-case.,workbook_reference_unverified,False,False,Acute decompensated heart failure,Inodilator,—,,11500.0,vial,True,Priced per vial but dosing frequency is not stated — monthly cost cannot be derived. Enter the frequency to complete the model.,"Hospital only (₹8,000–15,000/vial)",False,"[{""indication"": ""Acute decompensated heart failure""}]",hf_event_hr,CV-death / HF-hospitalisation HR,HR,,True,,,[],0.0,Standard of Care,,,,True,True,"[""Nausea"", ""Headache"", ""Fatigue""]","[""Muscle Pain"", ""Gastrointestinal discomfort""]","{""status"": ""unavailable"", ""missing_fields"": [""hf_event_hr""], ""issues"": [{""field"": ""hf_event_hr"", ""severity"": ""warning"", ""message"": ""Primary endpoint not in workbook — run analysis or enter manually.""}]}","{""addressable_population"": null, ""sources"": ""Not available — regional incidence not resolved""}","{""clinical"": ""Standard prescribing guides"", ""competitor"": ""Standard of Care baseline"", ""safety"": ""Clinical trial safety metadata"", ""drug_safety"": ""Product label"", ""clinical_tier"": ""tier_2"", ""competitor_tier"": ""tier_3"", ""safety_tier"": ""tier_2""}","{""global_approval"": {""agency"": ""FDA"", ""date"": ""—"", ""status"": ""approved""}, ""regional_status"": ""launched"", ""local_regulator"": ""CDSCO"", ""local_approval_date"": ""—"", ""availability_text"": ""Commercially Available (Audited)"", ""availability_color"": ""green"", ""notes"": """", ""is_available"": true}","{""IN"": null, ""SG"": null, ""AE"": null}",True,"{""listed"": false, ""source_url"": ""https://nppa.gov.in/en/nlem2022"", ""retrieved_utc"": ""2026-08-04T14:32:40+00:00""}",False,1,"[{""text"": ""Acute decompensated heart failure"", ""raw"": ""Acute decompensated heart failure"", ""qualifier"": null, ""off_label"": false, ""registry_indication"": ""Heart Failure"", ""category"": ""CVD"", ""mapped"": true}]",2026-08-04T15:31:12+00:00,1,0,CVD,Acute decompensated heart failure,Heart Failure,[],"{""molecule"": ""Levosimendan"", ""found"": false, ""approved_in_india"": null, ""first_approval_date"": null, ""india_indications"": [], ""note"": ""Not found in the CDSCO new-drug lists. The register is thin before about 2009 and several older lists are scanned images that cannot be read, so this is not evidence the molecule is unapproved in India."", ""source_name"": ""CDSCO List of Approved New Drugs"", ""retrieved_utc"": ""2026-08-05T12:13:39+00:00""}",,,,,,,,,,,
milrinone,Milrinone,2026-08-04T08:32:59.598548+00:00,CVD,IV infusion,,,1 mg/mL,"Primacor, Milicor",Various,Institutional / hospital use,Supplied & administered in hospital; manufacturer or charitable access may apply for high-cost agents — confirm case-by-case.,workbook_reference_unverified,False,False,Acute HF; low cardiac output,Inotrope/vasopressor,—,,,,True,No numeric price in source (Hospital only) — enter manually.,Hospital only,True,"[{""indication"": ""Acute HF; low cardiac output""}]",,,,,True,,,[],0.0,Standard of Care,,,,True,True,"[""Nausea"", ""Headache"", ""Fatigue""]","[""Muscle Pain"", ""Gastrointestinal discomfort""]","{""status"": ""unavailable"", ""missing_fields"": [""primary_endpoint""], ""issues"": [{""field"": ""primary_endpoint"", ""severity"": ""warning"", ""message"": ""Primary endpoint not in workbook — run analysis or enter manually.""}]}","{""addressable_population"": null, ""sources"": ""Not available — regional incidence not resolved""}","{""clinical"": ""Standard prescribing guides"", ""competitor"": ""Standard of Care baseline"", ""safety"": ""Clinical trial safety metadata"", ""drug_safety"": ""Product label"", ""clinical_tier"": ""tier_2"", ""competitor_tier"": ""tier_3"", ""safety_tier"": ""tier_2""}","{""global_approval"": {""agency"": ""FDA"", ""date"": ""—"", ""status"": ""approved""}, ""regional_status"": ""launched"", ""local_regulator"": ""CDSCO"", ""local_approval_date"": ""—"", ""availability_text"": ""Commercially Available (Audited)"", ""availability_color"": ""green"", ""notes"": """", ""is_available"": true}","{""IN"": null, ""SG"": null, ""AE"": null}",True,"{""listed"": false, ""source_url"": ""https://nppa.gov.in/en/nlem2022"", ""retrieved_utc"": ""2026-08-04T14:32:40+00:00""}",False,2,"[{""text"": ""Acute HF"", ""raw"": ""Acute HF"", ""qualifier"": null, ""off_label"": false, ""registry_indication"": null, ""category"": null, ""mapped"": false}, {""text"": ""Low cardiac output"", ""raw"": ""low cardiac output"", ""qualifier"": null, ""off_label"": false, ""registry_indication"": null, ""category"": null, ""mapped"": false}]",2026-08-04T15:31:12+00:00,0,0,,Acute HF,,"[""Acute HF"", ""Low cardiac output""]","{""molecule"": ""Milrinone"", ""found"": false, ""approved_in_india"": null, ""first_approval_date"": null, ""india_indications"": [], ""note"": ""Not found in the CDSCO new-drug lists. The register is thin before about 2009 and several older lists are scanned images that cannot be read, so this is not evidence the molecule is unapproved in India."", ""source_name"": ""CDSCO List of Approved New Drugs"", ""retrieved_utc"": ""2026-08-05T12:13:39+00:00""}",,,,,,,,,,,
amiodarone,Amiodarone,2026-08-04T08:32:59.598697+00:00,CVD,"Oral tab, IV",oral,chronic_ongoing,100/200 mg,"Cordarone, Tachyra, Amipace","Sanofi, generics",Low-cost generic — Jan Aushadhi,Widely available as low-cost generics; Pradhan Mantri Bhartiya Janaushadhi (PMBJP) offers 50–90% cheaper generics. Manufacturer PSP not typically needed.,workbook_reference_unverified,False,False,VT/VF; AF/atrial flutter; life-threatening arrhythmias,Antiarrhythmic (III),1990s,300,10.0,tab,True,Assumes once-daily dosing of one tab (30/month).,₹5–15 / tab,True,"[{""indication"": ""VT/VF; AF/atrial flutter; life-threatening arrhythmias""}]",sinus_rhythm,Sinus-Rhythm Maintenance,%,,True,,,[],0.0,Standard of Care,,,,True,True,"[""Nausea"", ""Headache"", ""Fatigue""]","[""Muscle Pain"", ""Gastrointestinal discomfort""]","{""status"": ""unavailable"", ""missing_fields"": [""sinus_rhythm""], ""issues"": [{""field"": ""sinus_rhythm"", ""severity"": ""warning"", ""message"": ""Primary endpoint not in workbook — run analysis or enter manually.""}]}","{""addressable_population"": null, ""sources"": ""Not available — regional incidence not resolved""}","{""clinical"": ""Standard prescribing guides"", ""competitor"": ""Standard of Care baseline"", ""safety"": ""Clinical trial safety metadata"", ""drug_safety"": ""Product label"", ""clinical_tier"": ""tier_2"", ""competitor_tier"": ""tier_3"", ""safety_tier"": ""tier_2""}","{""global_approval"": {""agency"": ""FDA"", ""date"": ""1990s"", ""status"": ""approved""}, ""regional_status"": ""launched"", ""local_regulator"": ""CDSCO"", ""local_approval_date"": ""1990s"", ""availability_text"": ""Commercially Available (Audited)"", ""availability_color"": ""green"", ""notes"": """", ""is_available"": true}","{""IN"": 300, ""SG"": 5, ""AE"": 13}",True,"{""listed"": false, ""source_url"": ""https://nppa.gov.in/en/nlem2022"", ""retrieved_utc"": ""2026-08-04T14:32:40+00:00""}",False,3,"[{""text"": ""VT/VF"", ""raw"": ""VT/VF"", ""qualifier"": null, ""off_label"": false, ""registry_indication"": ""Cardiac Arrhythmia (Rhythm Control)"", ""category"": ""CVD"", ""mapped"": true}, {""text"": ""AF/atrial flutter"", ""raw"": ""AF/atrial flutter"", ""qualifier"": null, ""off_label"": false, ""registry_indication"": ""Cardiac Arrhythmia (Rhythm Control)"", ""category"": ""CVD"", ""mapped"": true}, {""text"": ""Life-threatening arrhythmias"", ""raw"": ""life-threatening arrhythmias"", ""qualifier"": null, ""off_label"": false, ""registry_indication"": ""Cardiac Arrhythmia (Rhythm Control)"", ""category"": ""CVD"", ""mapped"": true}]",2026-08-04T15:31:12+00:00,3,0,CVD,VT/VF,Cardiac Arrhythmia (Rhythm Control),[],"{""molecule"": ""Amiodarone"", ""found"": false, ""approved_in_india"": null, ""first_approval_date"": null, ""india_indications"": [], ""note"": ""Not found in the CDSCO new-drug lists. The register is thin before about 2009 and several older lists are scanned images that cannot be read, so this is not evidence the molecule is unapproved in India."", ""source_name"": ""CDSCO List of Approved New Drugs"", ""retrieved_utc"": ""2026-08-05T12:13:39+00:00""}",,,,,,,,,,,
dronedarone,Dronedarone,2026-08-04T08:32:59.598850+00:00,CVD,Oral tab,oral,chronic_ongoing,400 mg,Multaq,Sanofi,Generics + optional adherence PSP,Affordable branded generics widely available; innovator brands may offer counselling/adherence support via the prescriber. Jan Aushadhi generics available for older molecules.,workbook_reference_unverified,False,False,Paroxysmal/persistent AF (maintain sinus rhythm),Antiarrhythmic (III),~2012,1650,55.0,tab,True,Assumes once-daily dosing of one tab (30/month).,₹40–70 / tab,False,"[{""indication"": ""Paroxysmal/persistent AF (maintain sinus rhythm)""}]",sinus_rhythm,Sinus-Rhythm Maintenance,%,,True,,,[],0.0,Standard of Care,,,,True,True,"[""Nausea"", ""Headache"", ""Fatigue""]","[""Muscle Pain"", ""Gastrointestinal discomfort""]","{""status"": ""unavailable"", ""missing_fields"": [""sinus_rhythm""], ""issues"": [{""field"": ""sinus_rhythm"", ""severity"": ""warning"", ""message"": ""Primary endpoint not in workbook — run analysis or enter manually.""}]}","{""addressable_population"": null, ""sources"": ""Not available — regional incidence not resolved""}","{""clinical"": ""Standard prescribing guides"", ""competitor"": ""Standard of Care baseline"", ""safety"": ""Clinical trial safety metadata"", ""drug_safety"": ""Product label"", ""clinical_tier"": ""tier_2"", ""competitor_tier"": ""tier_3"", ""safety_tier"": ""tier_2""}","{""global_approval"": {""agency"": ""FDA"", ""date"": ""~2012"", ""status"": ""approved""}, ""regional_status"": ""launched"", ""local_regulator"": ""CDSCO"", ""local_approval_date"": ""~2012"", ""availability_text"": ""Commercially Available (Audited)"", ""availability_color"": ""green"", ""notes"": """", ""is_available"": true}","{""IN"": 1650, ""SG"": 27, ""AE"": 75}",True,"{""listed"": false, ""source_url"": ""https://nppa.gov.in/en/nlem2022"", ""retrieved_utc"": ""2026-08-04T14:32:40+00:00""}",False,1,"[{""text"": ""Paroxysmal/persistent AF"", ""raw"": ""Paroxysmal/persistent AF (maintain sinus rhythm)"", ""qualifier"": ""maintain sinus rhythm"", ""off_label"": false, ""registry_indication"": null, ""category"": null, ""mapped"": false}]",2026-08-04T15:31:12+00:00,0,0,,Paroxysmal/persistent AF,,"[""Paroxysmal/persistent AF""]","{""molecule"": ""Dronedarone"", ""found"": false, ""approved_in_india"": null, ""first_approval_date"": null, ""india_indications"": [], ""note"": ""Not found in the CDSCO new-drug lists. The register is thin before about 2009 and several older lists are scanned images that cannot be read, so this is not evidence the molecule is unapproved in India."", ""source_name"": ""CDSCO List of Approved New Drugs"", ""retrieved_utc"": ""2026-08-05T12:13:39+00:00""}","{""us_initial_approval_year"": {""value"": 2009, ""source_name"": ""FDA prescribing information via DailyMed (MULTAQ (DRONEDARONE) TABLET, FILM COATED [SANOFI-AVENTIS U.S. LLC])"", ""source_url"": ""https://dailymed.nlm.nih.gov/dailymed/drugInfo.cfm?setid=7fa41601-7fb5-4155-8e50-2ae903f0d2d6"", ""retrieved"": ""2026-08-03"", ""quote"": ""Initial U.S. Approval: 2009""}, ""recommended_dosage"": {""value"": ""The recommended dosage of MULTAQ is 400 mg twice daily in adults."", ""source_name"": ""FDA prescribing information via DailyMed (MULTAQ (DRONEDARONE) TABLET, FILM COATED [SANOFI-AVENTIS U.S. LLC])"", ""source_url"": ""https://dailymed.nlm.nih.gov/dailymed/drugInfo.cfm?setid=7fa41601-7fb5-4155-8e50-2ae903f0d2d6"", ""retrieved"": ""2026-08-03"", ""quote"": ""The recommended dosage of MULTAQ is 400 mg twice daily in adults.""}}",[],,,,,,,,,
sotalol,Sotalol,2026-08-04T08:32:59.599016+00:00,CVD,Oral tab,oral,chronic_ongoing,40/80 mg,"Sotagard, Sotalol",Various,Low-cost generic — Jan Aushadhi,Widely available as low-cost generics; Pradhan Mantri Bhartiya Janaushadhi (PMBJP) offers 50–90% cheaper generics. Manufacturer PSP not typically needed.,workbook_reference_unverified,False,False,Ventricular arrhythmias; AF,Antiarrhythmic (III/II),~2000,270,9.0,tab,True,Assumes once-daily dosing of one tab (30/month).,₹6–12 / tab,False,"[{""indication"": ""Ventricular arrhythmias; AF""}]",sinus_rhythm,Sinus-Rhythm Maintenance,%,,True,,,[],0.0,Standard of Care,,,,True,True,"[""Nausea"", ""Headache"", ""Fatigue""]","[""Muscle Pain"", ""Gastrointestinal discomfort""]","{""status"": ""unavailable"", ""missing_fields"": [""sinus_rhythm""], ""issues"": [{""field"": ""sinus_rhythm"", ""severity"": ""warning"", ""message"": ""Primary endpoint not in workbook — run analysis or enter manually.""}]}","{""addressable_population"": null, ""sources"": ""Not available — regional incidence not resolved""}","{""clinical"": ""Standard prescribing guides"", ""competitor"": ""Standard of Care baseline"", ""safety"": ""Clinical trial safety metadata"", ""drug_safety"": ""Product label"", ""clinical_tier"": ""tier_2"", ""competitor_tier"": ""tier_3"", ""safety_tier"": ""tier_2""}","{""global_approval"": {""agency"": ""FDA"", ""date"": ""~2000"", ""status"": ""approved""}, ""regional_status"": ""launched"", ""local_regulator"": ""CDSCO"", ""local_approval_date"": ""~2000"", ""availability_text"": ""Commercially Available (Audited)"", ""availability_color"": ""green"", ""notes"": """", ""is_available"": true}","{""IN"": 270, ""SG"": 4, ""AE"": 12}",True,"{""listed"": false, ""source_url"": ""https://nppa.gov.in/en/nlem2022"", ""retrieved_utc"": ""2026-08-04T14:32:40+00:00""}",False,1,"[{""text"": ""Ventricular arrhythmias"", ""raw"": ""Ventricular arrhythmias"", ""qualifier"": null, ""off_label"": false, ""registry_indication"": ""Cardiac Arrhythmia (Rhythm Control)"", ""category"": ""CVD"", ""mapped"": true}]",2026-08-04T15:31:12+00:00,1,0,CVD,Ventricular arrhythmias,Cardiac Arrhythmia (Rhythm Control),[],"{""molecule"": ""Sotalol"", ""found"": false, ""approved_in_india"": null, ""first_approval_date"": null, ""india_indications"": [], ""note"": ""Not found in the CDSCO new-drug lists. The register is thin before about 2009 and several older lists are scanned images that cannot be read, so this is not evidence the molecule is unapproved in India."", ""source_name"": ""CDSCO List of Approved New Drugs"", ""retrieved_utc"": ""2026-08-05T12:13:39+00:00""}",,,,,,,,,,,
mexiletine,Mexiletine,2026-08-04T08:32:59.599169+00:00,CVD,Oral cap,oral,chronic_ongoing,150 mg,Mexitil,Boehringer,Low-cost generic — Jan Aushadhi,Widely available as low-cost generics; Pradhan Mantri Bhartiya Janaushadhi (PMBJP) offers 50–90% cheaper generics. Manufacturer PSP not typically needed.,workbook_reference_unverified,False,False,Ventricular arrhythmias,Antiarrhythmic (Ib),~2000,420,14.0,cap,True,Assumes once-daily dosing of one cap (30/month).,₹10–18 / cap,False,"[{""indication"": ""Ventricular arrhythmias""}]",sinus_rhythm,Sinus-Rhythm Maintenance,%,,True,,,[],0.0,Standard of Care,,,,True,True,"[""Nausea"", ""Headache"", ""Fatigue""]","[""Muscle Pain"", ""Gastrointestinal discomfort""]","{""status"": ""unavailable"", ""missing_fields"": [""sinus_rhythm""], ""issues"": [{""field"": ""sinus_rhythm"", ""severity"": ""warning"", ""message"": ""Primary endpoint not in workbook — run analysis or enter manually.""}]}","{""addressable_population"": null, ""sources"": ""Not available — regional incidence not resolved""}","{""clinical"": ""Standard prescribing guides"", ""competitor"": ""Standard of Care baseline"", ""safety"": ""Clinical trial safety metadata"", ""drug_safety"": ""Product label"", ""clinical_tier"": ""tier_2"", ""competitor_tier"": ""tier_3"", ""safety_tier"": ""tier_2""}","{""global_approval"": {""agency"": ""FDA"", ""date"": ""~2000"", ""status"": ""approved""}, ""regional_status"": ""launched"", ""local_regulator"": ""CDSCO"", ""local_approval_date"": ""~2000"", ""availability_text"": ""Commercially Available (Audited)"", ""availability_color"": ""green"", ""notes"": """", ""is_available"": true}","{""IN"": 420, ""SG"": 7, ""AE"": 19}",True,"{""listed"": false, ""source_url"": ""https://nppa.gov.in/en/nlem2022"", ""retrieved_utc"": ""2026-08-04T14:32:40+00:00""}",False,1,"[{""text"": ""Ventricular arrhythmias"", ""raw"": ""Ventricular arrhythmias"", ""qualifier"": null, ""off_label"": false, ""registry_indication"": ""Cardiac Arrhythmia (Rhythm Control)"", ""category"": ""CVD"", ""mapped"": true}]",2026-08-04T15:31:12+00:00,1,0,CVD,Ventricular arrhythmias,Cardiac Arrhythmia (Rhythm Control),[],"{""molecule"": ""Mexiletine"", ""found"": false, ""approved_in_india"": null, ""first_approval_date"": null, ""india_indications"": [], ""note"": ""Not found in the CDSCO new-drug lists. The register is thin before about 2009 and several older lists are scanned images that cannot be read, so this is not evidence the molecule is unapproved in India."", ""source_name"": ""CDSCO List of Approved New Drugs"", ""retrieved_utc"": ""2026-08-05T12:13:39+00:00""}",,,,,,,,,,,
adenosine,Adenosine,2026-08-04T08:32:59.599320+00:00,CVD,IV bolus,oral,chronic_ongoing,6 mg/2 mL,Adenoject,Various,Institutional / hospital use,Supplied & administered in hospital; manufacturer or charitable access may apply for high-cost agents — confirm case-by-case.,workbook_reference_unverified,False,False,Termination of paroxysmal SVT; diagnostic,Antiarrhythmic (misc),—,,,,True,No numeric price in source (Hospital only) — enter manually.,Hospital only,True,"[{""indication"": ""Termination of paroxysmal SVT; diagnostic""}]",sinus_rhythm,Sinus-Rhythm Maintenance,%,,True,,,[],0.0,Standard of Care,,,,True,True,"[""Nausea"", ""Headache"", ""Fatigue""]","[""Muscle Pain"", ""Gastrointestinal discomfort""]","{""status"": ""unavailable"", ""missing_fields"": [""sinus_rhythm""], ""issues"": [{""field"": ""sinus_rhythm"", ""severity"": ""warning"", ""message"": ""Primary endpoint not in workbook — run analysis or enter manually.""}]}","{""addressable_population"": null, ""sources"": ""Not available — regional incidence not resolved""}","{""clinical"": ""Standard prescribing guides"", ""competitor"": ""Standard of Care baseline"", ""safety"": ""Clinical trial safety metadata"", ""drug_safety"": ""Product label"", ""clinical_tier"": ""tier_2"", ""competitor_tier"": ""tier_3"", ""safety_tier"": ""tier_2""}","{""global_approval"": {""agency"": ""FDA"", ""date"": ""—"", ""status"": ""approved""}, ""regional_status"": ""launched"", ""local_regulator"": ""CDSCO"", ""local_approval_date"": ""—"", ""availability_text"": ""Commercially Available (Audited)"", ""availability_color"": ""green"", ""notes"": """", ""is_available"": true}","{""IN"": null, ""SG"": null, ""AE"": null}",True,"{""listed"": true, ""section"": ""10.2.1"", ""care_levels"": [""Secondary"", ""Tertiary""], ""matched_as"": ""Adenosine"", ""source_url"": ""https://nppa.gov.in/en/nlem2022"", ""retrieved_utc"": ""2026-08-04T14:32:40+00:00""}",True,2,"[{""text"": ""Termination of paroxysmal SVT"", ""raw"": ""Termination of paroxysmal SVT"", ""qualifier"": null, ""off_label"": false, ""registry_indication"": ""Cardiac Arrhythmia (Rhythm Control)"", ""category"": ""CVD"", ""mapped"": true}, {""text"": ""Diagnostic"", ""raw"": ""diagnostic"", ""qualifier"": null, ""off_label"": false, ""registry_indication"": null, ""category"": null, ""mapped"": false}]",2026-08-04T15:31:12+00:00,1,0,CVD,Termination of paroxysmal SVT,Cardiac Arrhythmia (Rhythm Control),"[""Diagnostic""]","{""molecule"": ""Adenosine"", ""found"": false, ""approved_in_india"": null, ""first_approval_date"": null, ""india_indications"": [], ""note"": ""Not found in the CDSCO new-drug lists. The register is thin before about 2009 and several older lists are scanned images that cannot be read, so this is not evidence the molecule is unapproved in India."", ""source_name"": ""CDSCO List of Approved New Drugs"", ""retrieved_utc"": ""2026-08-05T12:13:39+00:00""}",,,,,,,,,,,
sildenafil,Sildenafil,2026-08-04T08:32:59.599474+00:00,CVD,Oral tab,oral,chronic_ongoing,20 mg (PAH),"Revatio, Sildigra","Pfizer, generics",Generics + optional adherence PSP,Affordable branded generics widely available; innovator brands may offer counselling/adherence support via the prescriber. Jan Aushadhi generics available for older molecules.,workbook_reference_unverified,False,False,Pulmonary arterial hypertension (also erectile dysfunction),PAH (PDE5 inhibitor),~2006,825,27.5,tab,True,Assumes once-daily dosing of one tab (30/month).,₹15–40 / tab,True,"[{""indication"": ""Pulmonary arterial hypertension (also erectile dysfunction)""}]",six_min_walk,6-Minute Walk Distance Improvement,m,,True,,,[],0.0,Standard of Care,,,,True,True,"[""Nausea"", ""Headache"", ""Fatigue""]","[""Muscle Pain"", ""Gastrointestinal discomfort""]","{""status"": ""unavailable"", ""missing_fields"": [""six_min_walk""], ""issues"": [{""field"": ""six_min_walk"", ""severity"": ""warning"", ""message"": ""Primary endpoint not in workbook — run analysis or enter manually.""}]}","{""addressable_population"": null, ""sources"": ""Not available — regional incidence not resolved""}","{""clinical"": ""Standard prescribing guides"", ""competitor"": ""Standard of Care baseline"", ""safety"": ""Clinical trial safety metadata"", ""drug_safety"": ""Product label"", ""clinical_tier"": ""tier_2"", ""competitor_tier"": ""tier_3"", ""safety_tier"": ""tier_2""}","{""global_approval"": {""agency"": ""FDA"", ""date"": ""~2006"", ""status"": ""approved""}, ""regional_status"": ""launched"", ""local_regulator"": ""CDSCO"", ""local_approval_date"": ""~2006"", ""availability_text"": ""Commercially Available (Audited)"", ""availability_color"": ""green"", ""notes"": """", ""is_available"": true}","{""IN"": 825, ""SG"": 13, ""AE"": 37}",True,"{""listed"": false, ""source_url"": ""https://nppa.gov.in/en/nlem2022"", ""retrieved_utc"": ""2026-08-04T14:32:40+00:00""}",False,2,"[{""text"": ""Pulmonary arterial hypertension"", ""raw"": ""Pulmonary arterial hypertension (also erectile dysfunction)"", ""qualifier"": null, ""off_label"": false, ""registry_indication"": ""Pulmonary Arterial Hypertension"", ""category"": ""CVD"", ""mapped"": true}, {""text"": ""Erectile dysfunction"", ""raw"": ""Pulmonary arterial hypertension (also erectile dysfunction)"", ""qualifier"": null, ""off_label"": false, ""registry_indication"": null, ""category"": null, ""mapped"": false}]",2026-08-04T15:31:12+00:00,1,0,CVD,Pulmonary arterial hypertension,Pulmonary Arterial Hypertension,"[""Erectile dysfunction""]","{""molecule"": ""Sildenafil"", ""found"": true, ""approved_in_india"": true, ""first_approval_date"": ""2012-12-05"", ""approval_day_known"": true, ""single_molecule_rows"": 1, ""combination_rows"": 1, ""only_as_combination"": false, ""india_indications"": [""For the treatment of pulmonary arterial hypertension (PAH) (WHO Group-1) to improve exercise ability and delay clinical worsening""], ""source_name"": ""CDSCO List of Approved New Drugs"", ""source_url"": ""https://cdsco.gov.in/opencms/resources/UploadCDSCOWeb/2018/UploadApprovalNewDrugs/2012.pdf"", ""source_list"": ""LIST OF NEW DRUGS APPROVED 2012"", ""retrieved_utc"": ""2026-08-05T12:13:39+00:00""}",,,,,,,,,,,
tadalafil,Tadalafil,2026-08-04T08:32:59.599611+00:00,CVD,Oral tab,oral,chronic_ongoing,20/40 mg,"Adcirca, Tadap",Various,Generics + optional adherence PSP,Affordable branded generics widely available; innovator brands may offer counselling/adherence support via the prescriber. Jan Aushadhi generics available for older molecules.,workbook_reference_unverified,False,False,Pulmonary arterial hypertension,PAH (PDE5 inhibitor),~2010,1050,35.0,tab,True,Assumes once-daily dosing of one tab (30/month).,₹20–50 / tab,False,"[{""indication"": ""Pulmonary arterial hypertension""}]",six_min_walk,6-Minute Walk Distance Improvement,m,,True,,,[],0.0,Standard of Care,,,,True,True,"[""Nausea"", ""Headache"", ""Fatigue""]","[""Muscle Pain"", ""Gastrointestinal discomfort""]","{""status"": ""unavailable"", ""missing_fields"": [""six_min_walk""], ""issues"": [{""field"": ""six_min_walk"", ""severity"": ""warning"", ""message"": ""Primary endpoint not in workbook — run analysis or enter manually.""}]}","{""addressable_population"": null, ""sources"": ""Not available — regional incidence not resolved""}","{""clinical"": ""Standard prescribing guides"", ""competitor"": ""Standard of Care baseline"", ""safety"": ""Clinical trial safety metadata"", ""drug_safety"": ""Product label"", ""clinical_tier"": ""tier_2"", ""competitor_tier"": ""tier_3"", ""safety_tier"": ""tier_2""}","{""global_approval"": {""agency"": ""FDA"", ""date"": ""~2010"", ""status"": ""approved""}, ""regional_status"": ""launched"", ""local_regulator"": ""CDSCO"", ""local_approval_date"": ""~2010"", ""availability_text"": ""Commercially Available (Audited)"", ""availability_color"": ""green"", ""notes"": """", ""is_available"": true}","{""IN"": 1050, ""SG"": 17, ""AE"": 47}",True,"{""listed"": false, ""source_url"": ""https://nppa.gov.in/en/nlem2022"", ""retrieved_utc"": ""2026-08-04T14:32:40+00:00""}",False,1,"[{""text"": ""Pulmonary arterial hypertension"", ""raw"": ""Pulmonary arterial hypertension"", ""qualifier"": null, ""off_label"": false, ""registry_indication"": ""Pulmonary Arterial Hypertension"", ""category"": ""CVD"", ""mapped"": true}]",2026-08-04T15:31:12+00:00,1,0,CVD,Pulmonary arterial hypertension,Pulmonary Arterial Hypertension,[],"{""molecule"": ""Tadalafil"", ""found"": true, ""approved_in_india"": true, ""first_approval_date"": ""2013-02-27"", ""approval_day_known"": true, ""single_molecule_rows"": 1, ""combination_rows"": 0, ""only_as_combination"": false, ""india_indications"": [""For the treatment of erectile dysfunction. 2. For the treatment of erectile dysfunction with benign prostatic hyperplasia""], ""source_name"": ""CDSCO List of Approved New Drugs"", ""source_url"": ""https://cdsco.gov.in/opencms/resources/UploadCDSCOWeb/2018/UploadApprovalNewDrugs/2013.pdf"", ""source_list"": ""LIST OF NEW DRUGS APPROVED 2013"", ""retrieved_utc"": ""2026-08-05T12:13:39+00:00""}",,,,,,,,,,,
bosentan,Bosentan,2026-08-04T08:32:59.599770+00:00,CVD,Oral tab,oral,chronic_ongoing,62.5/125 mg,"Bosentas, Bozentan","Cipla, generics",Generics + optional adherence PSP,Affordable branded generics widely available; innovator brands may offer counselling/adherence support via the prescriber. Jan Aushadhi generics available for older molecules.,workbook_reference_unverified,False,False,Pulmonary arterial hypertension (endothelin antagonist),PAH (ERA),~2010,6300,210.0,tab,True,Assumes once-daily dosing of one tab (30/month).,₹120–300 / tab,False,"[{""indication"": ""Pulmonary arterial hypertension (endothelin antagonist)""}]",six_min_walk,6-Minute Walk Distance Improvement,m,,True,,,[],0.0,Standard of Care,,,,True,True,"[""Nausea"", ""Headache"", ""Fatigue""]","[""Muscle Pain"", ""Gastrointestinal discomfort""]","{""status"": ""unavailable"", ""missing_fields"": [""six_min_walk""], ""issues"": [{""field"": ""six_min_walk"", ""severity"": ""warning"", ""message"": ""Primary endpoint not in workbook — run analysis or enter manually.""}]}","{""addressable_population"": null, ""sources"": ""Not available — regional incidence not resolved""}","{""clinical"": ""Standard prescribing guides"", ""competitor"": ""Standard of Care baseline"", ""safety"": ""Clinical trial safety metadata"", ""drug_safety"": ""Product label"", ""clinical_tier"": ""tier_2"", ""competitor_tier"": ""tier_3"", ""safety_tier"": ""tier_2""}","{""global_approval"": {""agency"": ""FDA"", ""date"": ""~2010"", ""status"": ""approved""}, ""regional_status"": ""launched"", ""local_regulator"": ""CDSCO"", ""local_approval_date"": ""~2010"", ""availability_text"": ""Commercially Available (Audited)"", ""availability_color"": ""green"", ""notes"": """", ""is_available"": true}","{""IN"": 6300, ""SG"": 105, ""AE"": 286}",True,"{""listed"": false, ""source_url"": ""https://nppa.gov.in/en/nlem2022"", ""retrieved_utc"": ""2026-08-04T14:32:40+00:00""}",False,1,"[{""text"": ""Pulmonary arterial hypertension"", ""raw"": ""Pulmonary arterial hypertension (endothelin antagonist)"", ""qualifier"": ""endothelin antagonist"", ""off_label"": false, ""registry_indication"": ""Pulmonary Arterial Hypertension"", ""category"": ""CVD"", ""mapped"": true}]",2026-08-04T15:31:12+00:00,1,0,CVD,Pulmonary arterial hypertension,Pulmonary Arterial Hypertension,[],"{""molecule"": ""Bosentan"", ""found"": true, ""approved_in_india"": true, ""first_approval_date"": ""2009-06-23"", ""approval_day_known"": true, ""single_molecule_rows"": 1, ""combination_rows"": 0, ""only_as_combination"": false, ""india_indications"": [""For the treatment of pulmonary arterial hypertension (WHO Group I) in patients with WHO Class III or IV symptoms, to improve excerciseability and decrease the rate of clinical worsening""], ""source_name"": ""CDSCO List of Approved New Drugs"", ""source_url"": ""https://cdsco.gov.in/opencms/resources/UploadCDSCOWeb/2018/UploadApprovalNewDrugs/2009.pdf"", ""source_list"": ""LIST OF NEW DRUGS APPROVED 2009"", ""retrieved_utc"": ""2026-08-05T12:13:39+00:00""}",,,,,,,,,,,
ambrisentan,Ambrisentan,2026-08-04T08:32:59.599909+00:00,CVD,Oral tab,oral,chronic_ongoing,5/10 mg,"Pulmorel, Volibris",generics/GSK,Generics + optional adherence PSP,Affordable branded generics widely available; innovator brands may offer counselling/adherence support via the prescriber. Jan Aushadhi generics available for older molecules.,workbook_reference_unverified,False,False,Pulmonary arterial hypertension,PAH (ERA),~2013,7500,250.0,tab,True,Assumes once-daily dosing of one tab (30/month).,₹150–350 / tab,False,"[{""indication"": ""Pulmonary arterial hypertension""}]",six_min_walk,6-Minute Walk Distance Improvement,m,,True,,,[],0.0,Standard of Care,,,,True,True,"[""Nausea"", ""Headache"", ""Fatigue""]","[""Muscle Pain"", ""Gastrointestinal discomfort""]","{""status"": ""unavailable"", ""missing_fields"": [""six_min_walk""], ""issues"": [{""field"": ""six_min_walk"", ""severity"": ""warning"", ""message"": ""Primary endpoint not in workbook — run analysis or enter manually.""}]}","{""addressable_population"": null, ""sources"": ""Not available — regional incidence not resolved""}","{""clinical"": ""Standard prescribing guides"", ""competitor"": ""Standard of Care baseline"", ""safety"": ""Clinical trial safety metadata"", ""drug_safety"": ""Product label"", ""clinical_tier"": ""tier_2"", ""competitor_tier"": ""tier_3"", ""safety_tier"": ""tier_2""}","{""global_approval"": {""agency"": ""FDA"", ""date"": ""~2013"", ""status"": ""approved""}, ""regional_status"": ""launched"", ""local_regulator"": ""CDSCO"", ""local_approval_date"": ""~2013"", ""availability_text"": ""Commercially Available (Audited)"", ""availability_color"": ""green"", ""notes"": """", ""is_available"": true}","{""IN"": 7500, ""SG"": 125, ""AE"": 340}",True,"{""listed"": false, ""source_url"": ""https://nppa.gov.in/en/nlem2022"", ""retrieved_utc"": ""2026-08-04T14:32:40+00:00""}",False,1,"[{""text"": ""Pulmonary arterial hypertension"", ""raw"": ""Pulmonary arterial hypertension"", ""qualifier"": null, ""off_label"": false, ""registry_indication"": ""Pulmonary Arterial Hypertension"", ""category"": ""CVD"", ""mapped"": true}]",2026-08-04T15:31:12+00:00,1,0,CVD,Pulmonary arterial hypertension,Pulmonary Arterial Hypertension,[],"{""molecule"": ""Ambrisentan"", ""found"": false, ""approved_in_india"": null, ""first_approval_date"": null, ""india_indications"": [], ""note"": ""Not found in the CDSCO new-drug lists. The register is thin before about 2009 and several older lists are scanned images that cannot be read, so this is not evidence the molecule is unapproved in India."", ""source_name"": ""CDSCO List of Approved New Drugs"", ""retrieved_utc"": ""2026-08-05T12:13:39+00:00""}",,,,,,,,,,,
macitentan,Macitentan,2026-08-04T08:32:59.600048+00:00,CVD,Oral tab,oral,chronic_ongoing,10 mg,"Macinta, Opsumit",generics/Janssen,Manufacturer education/adherence PSP (if enrolled),"Innovator may offer counselling/adherence support via the prescriber; specialty-pharmacy financing (MrMed, Tata 1mg) can assist. Confirm current program.",workbook_reference_unverified,False,False,Pulmonary arterial hypertension,PAH (ERA),~2015,13500,450.0,tab,True,Assumes once-daily dosing of one tab (30/month).,₹300–600 / tab,False,"[{""indication"": ""Pulmonary arterial hypertension""}]",six_min_walk,6-Minute Walk Distance Improvement,m,,True,,,[],0.0,Standard of Care,,,,True,True,"[""Nausea"", ""Headache"", ""Fatigue""]","[""Muscle Pain"", ""Gastrointestinal discomfort""]","{""status"": ""unavailable"", ""missing_fields"": [""six_min_walk""], ""issues"": [{""field"": ""six_min_walk"", ""severity"": ""warning"", ""message"": ""Primary endpoint not in workbook — run analysis or enter manually.""}]}","{""addressable_population"": null, ""sources"": ""Not available — regional incidence not resolved""}","{""clinical"": ""Standard prescribing guides"", ""competitor"": ""Standard of Care baseline"", ""safety"": ""Clinical trial safety metadata"", ""drug_safety"": ""Product label"", ""clinical_tier"": ""tier_2"", ""competitor_tier"": ""tier_3"", ""safety_tier"": ""tier_2""}","{""global_approval"": {""agency"": ""FDA"", ""date"": ""~2015"", ""status"": ""approved""}, ""regional_status"": ""launched"", ""local_regulator"": ""CDSCO"", ""local_approval_date"": ""~2015"", ""availability_text"": ""Commercially Available (Audited)"", ""availability_color"": ""green"", ""notes"": """", ""is_available"": true}","{""IN"": 13500, ""SG"": 225, ""AE"": 613}",True,"{""listed"": false, ""source_url"": ""https://nppa.gov.in/en/nlem2022"", ""retrieved_utc"": ""2026-08-04T14:32:40+00:00""}",False,1,"[{""text"": ""Pulmonary arterial hypertension"", ""raw"": ""Pulmonary arterial hypertension"", ""qualifier"": null, ""off_label"": false, ""registry_indication"": ""Pulmonary Arterial Hypertension"", ""category"": ""CVD"", ""mapped"": true}]",2026-08-04T15:31:12+00:00,1,0,CVD,Pulmonary arterial hypertension,Pulmonary Arterial Hypertension,[],"{""molecule"": ""Macitentan"", ""found"": false, ""approved_in_india"": null, ""first_approval_date"": null, ""india_indications"": [], ""note"": ""Not found in the CDSCO new-drug lists. The register is thin before about 2009 and several older lists are scanned images that cannot be read, so this is not evidence the molecule is unapproved in India."", ""source_name"": ""CDSCO List of Approved New Drugs"", ""retrieved_utc"": ""2026-08-05T12:13:39+00:00""}",,,,,,,,,,,
riociguat,Riociguat,2026-08-04T08:32:59.600202+00:00,CVD,Oral tab,oral,chronic_ongoing,0.5/1/1.5/2/2.5 mg,Adempas,Bayer,Manufacturer specialty PSP (confirm),"High-cost specialty therapy — innovator patient-access / adherence support and specialty-pharmacy financing (e.g. MrMed, Tata 1mg) may apply. Confirm with manufacturer/physician.",workbook_reference_unverified,False,False,PAH; inoperable chronic thromboembolic PH (CTEPH),PAH (sGC stimulator),~2016,,,,True,No numeric price in source (Premium (specialist)) — enter manually.,Premium (specialist),True,"[{""indication"": ""PAH; inoperable chronic thromboembolic PH (CTEPH)""}]",six_min_walk,6-Minute Walk Distance Improvement,m,,True,,,[],0.0,Standard of Care,,,,True,True,"[""Nausea"", ""Headache"", ""Fatigue""]","[""Muscle Pain"", ""Gastrointestinal discomfort""]","{""status"": ""unavailable"", ""missing_fields"": [""six_min_walk""], ""issues"": [{""field"": ""six_min_walk"", ""severity"": ""warning"", ""message"": ""Primary endpoint not in workbook — run analysis or enter manually.""}]}","{""addressable_population"": null, ""sources"": ""Not available — regional incidence not resolved""}","{""clinical"": ""Standard prescribing guides"", ""competitor"": ""Standard of Care baseline"", ""safety"": ""Clinical trial safety metadata"", ""drug_safety"": ""Product label"", ""clinical_tier"": ""tier_2"", ""competitor_tier"": ""tier_3"", ""safety_tier"": ""tier_2""}","{""global_approval"": {""agency"": ""FDA"", ""date"": ""~2016"", ""status"": ""approved""}, ""regional_status"": ""launched"", ""local_regulator"": ""CDSCO"", ""local_approval_date"": ""~2016"", ""availability_text"": ""Commercially Available (Audited)"", ""availability_color"": ""green"", ""notes"": """", ""is_available"": true}","{""IN"": null, ""SG"": null, ""AE"": null}",False,"{""listed"": false, ""source_url"": ""https://nppa.gov.in/en/nlem2022"", ""retrieved_utc"": ""2026-08-04T14:32:40+00:00""}",False,2,"[{""text"": ""PAH"", ""raw"": ""PAH"", ""qualifier"": null, ""off_label"": false, ""registry_indication"": ""Pulmonary Arterial Hypertension"", ""category"": ""CVD"", ""mapped"": true}, {""text"": ""Inoperable chronic thromboembolic PH"", ""raw"": ""inoperable chronic thromboembolic PH (CTEPH)"", ""qualifier"": ""CTEPH"", ""off_label"": false, ""registry_indication"": ""Pulmonary Arterial Hypertension"", ""category"": ""CVD"", ""mapped"": true}]",2026-08-04T15:31:12+00:00,2,0,CVD,PAH,Pulmonary Arterial Hypertension,[],"{""molecule"": ""Riociguat"", ""found"": true, ""approved_in_india"": true, ""first_approval_date"": ""2018-04-02"", ""approval_day_known"": true, ""single_molecule_rows"": 1, ""combination_rows"": 0, ""only_as_combination"": false, ""india_indications"": [""For the treatment of persistent/ recurrent chronic Thromoembolic pulmonary Hypertension (CTEPH) WHO Group 4) After surgical treatment or imoperable CTEPH to improve exercise capacity and WHO function 12 Baricitinib 2mg/4mg film coated Tablets For the treatment of moderate to severe active rheumatoid arthritis in adult patients who have responded inadequately to, or who are intolerant to one or mor""], ""source_name"": ""CDSCO List of Approved New Drugs"", ""source_url"": ""https://cdsco.gov.in/opencms/resources/UploadCDSCOWeb/2018/UploadApprovalNewDrugs/rnew%20drugs%20approval%202018.pdf"", ""source_list"": ""LIST OF NEW DRUGS APPROVED FROM 01-01-2018 to 31.12.2018"", ""retrieved_utc"": ""2026-08-05T12:13:39+00:00""}","{""us_initial_approval_year"": {""value"": 2013, ""source_name"": ""FDA prescribing information via DailyMed (ADEMPAS (RIOCIGUAT) TABLET, FILM COATED [BAYER HEALTHCARE PHARMACEUTICALS INC.])"", ""source_url"": ""https://dailymed.nlm.nih.gov/dailymed/drugInfo.cfm?setid=7b57509a-3d5d-41d4-8fed-1471e26372a3"", ""retrieved"": ""2026-08-03"", ""quote"": ""Initial U.S. Approval: 2013""}, ""recommended_dosage"": {""value"": ""The recommended starting dosage is 1 mg taken 3 times a day."", ""source_name"": ""FDA prescribing information via DailyMed (ADEMPAS (RIOCIGUAT) TABLET, FILM COATED [BAYER HEALTHCARE PHARMACEUTICALS INC.])"", ""source_url"": ""https://dailymed.nlm.nih.gov/dailymed/drugInfo.cfm?setid=7b57509a-3d5d-41d4-8fed-1471e26372a3"", ""retrieved"": ""2026-08-03"", ""quote"": ""The recommended starting dosage is 1 mg taken 3 times a day.""}}",[],,,,,,,,,
streptokinase,Streptokinase,2026-08-04T08:32:59.600379+00:00,CVD,IV infusion,iv_bolus,acute_single_dose,1.5 MIU vial,"STPase, Myokinase","Cadila, Bharat Biotech",Manufacturer education/adherence PSP (if enrolled),"Innovator may offer counselling/adherence support via the prescriber; specialty-pharmacy financing (MrMed, Tata 1mg) can assist. Confirm current program.",workbook_reference_unverified,False,False,"STEMI; massive PE (older, low-cost)",Thrombolytic,1990s,,2500.0,vial,True,Priced per vial but dosing frequency is not stated — monthly cost cannot be derived. Enter the frequency to complete the model.,"₹1,500–3,500 / vial",True,"[{""indication"": ""STEMI; massive PE (older, low-cost)""}]",reperfusion,Reperfusion / TIMI-3 Flow,%,,True,,,[],0.0,Standard of Care,,,,True,True,"[""Nausea"", ""Headache"", ""Fatigue""]","[""Muscle Pain"", ""Gastrointestinal discomfort""]","{""status"": ""unavailable"", ""missing_fields"": [""reperfusion""], ""issues"": [{""field"": ""reperfusion"", ""severity"": ""warning"", ""message"": ""Primary endpoint not in workbook — run analysis or enter manually.""}]}","{""addressable_population"": null, ""sources"": ""Not available — regional incidence not resolved""}","{""clinical"": ""Standard prescribing guides"", ""competitor"": ""Standard of Care baseline"", ""safety"": ""Clinical trial safety metadata"", ""drug_safety"": ""Product label"", ""clinical_tier"": ""tier_2"", ""competitor_tier"": ""tier_3"", ""safety_tier"": ""tier_2""}","{""global_approval"": {""agency"": ""FDA"", ""date"": ""1990s"", ""status"": ""approved""}, ""regional_status"": ""launched"", ""local_regulator"": ""CDSCO"", ""local_approval_date"": ""1990s"", ""availability_text"": ""Commercially Available (Audited)"", ""availability_color"": ""green"", ""notes"": """", ""is_available"": true}","{""IN"": null, ""SG"": null, ""AE"": null}",True,"{""listed"": true, ""section"": ""10.5.6"", ""care_levels"": [""Secondary"", ""Tertiary""], ""matched_as"": ""Streptokinase"", ""source_url"": ""https://nppa.gov.in/en/nlem2022"", ""retrieved_utc"": ""2026-08-04T14:32:40+00:00""}",True,2,"[{""text"": ""STEMI"", ""raw"": ""STEMI"", ""qualifier"": null, ""off_label"": false, ""registry_indication"": ""Acute Myocardial Infarction"", ""category"": ""CVS"", ""mapped"": true}, {""text"": ""Massive PE"", ""raw"": ""massive PE (older, low-cost)"", ""qualifier"": ""older, low-cost"", ""off_label"": false, ""registry_indication"": null, ""category"": null, ""mapped"": false}]",2026-08-04T15:31:12+00:00,1,0,CVS,STEMI,Acute Myocardial Infarction,"[""Massive PE""]","{""molecule"": ""Streptokinase"", ""found"": false, ""approved_in_india"": null, ""first_approval_date"": null, ""india_indications"": [], ""note"": ""Not found in the CDSCO new-drug lists. The register is thin before about 2009 and several older lists are scanned images that cannot be read, so this is not evidence the molecule is unapproved in India."", ""source_name"": ""CDSCO List of Approved New Drugs"", ""retrieved_utc"": ""2026-08-05T12:13:39+00:00""}",,,,,,,,,,,
tenecteplase,Tenecteplase,2026-08-04T08:32:59.600538+00:00,CVD,IV bolus,iv_bolus,acute_single_dose,30/40/50 mg vial,"Elaxim, Tenectase","Emcure, generics",Manufacturer education/adherence PSP (if enrolled),"Innovator may offer counselling/adherence support via the prescriber; specialty-pharmacy financing (MrMed, Tata 1mg) can assist. Confirm current program.",workbook_reference_unverified,False,False,"STEMI (fibrin-specific, single bolus)",Thrombolytic,~2005,,37500.0,vial,True,Priced per vial but dosing frequency is not stated — monthly cost cannot be derived. Enter the frequency to complete the model.,"₹30,000–45,000 / vial",False,"[{""indication"": ""STEMI (fibrin-specific, single bolus)""}]",reperfusion,Reperfusion / TIMI-3 Flow,%,,True,,,[],0.0,Standard of Care,,,,True,True,"[""Nausea"", ""Headache"", ""Fatigue""]","[""Muscle Pain"", ""Gastrointestinal discomfort""]","{""status"": ""unavailable"", ""missing_fields"": [""reperfusion""], ""issues"": [{""field"": ""reperfusion"", ""severity"": ""warning"", ""message"": ""Primary endpoint not in workbook — run analysis or enter manually.""}]}","{""addressable_population"": null, ""sources"": ""Not available — regional incidence not resolved""}","{""clinical"": ""Standard prescribing guides"", ""competitor"": ""Standard of Care baseline"", ""safety"": ""Clinical trial safety metadata"", ""drug_safety"": ""Product label"", ""clinical_tier"": ""tier_2"", ""competitor_tier"": ""tier_3"", ""safety_tier"": ""tier_2""}","{""global_approval"": {""agency"": ""FDA"", ""date"": ""~2005"", ""status"": ""approved""}, ""regional_status"": ""launched"", ""local_regulator"": ""CDSCO"", ""local_approval_date"": ""~2005"", ""availability_text"": ""Commercially Available (Audited)"", ""availability_color"": ""green"", ""notes"": """", ""is_available"": true}","{""IN"": null, ""SG"": null, ""AE"": null}",True,"{""listed"": false, ""source_url"": ""https://nppa.gov.in/en/nlem2022"", ""retrieved_utc"": ""2026-08-04T14:32:40+00:00""}",False,1,"[{""text"": ""STEMI"", ""raw"": ""STEMI (fibrin-specific, single bolus)"", ""qualifier"": ""fibrin-specific, single bolus"", ""off_label"": false, ""registry_indication"": ""Acute Myocardial Infarction"", ""category"": ""CVS"", ""mapped"": true}]",2026-08-04T15:31:12+00:00,1,0,CVS,STEMI,Acute Myocardial Infarction,[],"{""molecule"": ""Tenecteplase"", ""found"": false, ""approved_in_india"": null, ""first_approval_date"": null, ""india_indications"": [], ""note"": ""Not found in the CDSCO new-drug lists. The register is thin before about 2009 and several older lists are scanned images that cannot be read, so this is not evidence the molecule is unapproved in India."", ""source_name"": ""CDSCO List of Approved New Drugs"", ""retrieved_utc"": ""2026-08-05T12:13:39+00:00""}",,,,,,,,,,,
alteplase-rtpa,Alteplase (rtPA),2026-08-04T08:32:59.600697+00:00,CVD,IV infusion,iv_bolus,acute_single_dose,50 mg vial,Actilyse,Boehringer Ingelheim,Manufacturer education/adherence PSP (if enrolled),"Innovator may offer counselling/adherence support via the prescriber; specialty-pharmacy financing (MrMed, Tata 1mg) can assist. Confirm current program.",workbook_reference_unverified,False,False,Acute ischemic stroke; STEMI; massive PE,Thrombolytic,~2000,,40000.0,vial,True,Priced per vial but dosing frequency is not stated — monthly cost cannot be derived. Enter the frequency to complete the model.,"₹30,000–50,000 / vial",True,"[{""indication"": ""Acute ischemic stroke; STEMI; massive PE""}]",functional_independence,Functional Independence (mRS 0–2),%,,True,,,[],0.0,Standard of Care,,,,True,True,"[""Nausea"", ""Headache"", ""Fatigue""]","[""Muscle Pain"", ""Gastrointestinal discomfort""]","{""status"": ""unavailable"", ""missing_fields"": [""functional_independence""], ""issues"": [{""field"": ""functional_independence"", ""severity"": ""warning"", ""message"": ""Primary endpoint not in workbook — run analysis or enter manually.""}]}","{""addressable_population"": null, ""sources"": ""Not available — regional incidence not resolved""}","{""clinical"": ""Standard prescribing guides"", ""competitor"": ""Standard of Care baseline"", ""safety"": ""Clinical trial safety metadata"", ""drug_safety"": ""Product label"", ""clinical_tier"": ""tier_2"", ""competitor_tier"": ""tier_3"", ""safety_tier"": ""tier_2""}","{""global_approval"": {""agency"": ""FDA"", ""date"": ""~2000"", ""status"": ""approved""}, ""regional_status"": ""launched"", ""local_regulator"": ""CDSCO"", ""local_approval_date"": ""~2000"", ""availability_text"": ""Commercially Available (Audited)"", ""availability_color"": ""green"", ""notes"": """", ""is_available"": true}","{""IN"": null, ""SG"": null, ""AE"": null}",True,"{""listed"": false, ""source_url"": ""https://nppa.gov.in/en/nlem2022"", ""retrieved_utc"": ""2026-08-04T14:32:40+00:00""}",False,3,"[{""text"": ""Acute ischemic stroke"", ""raw"": ""Acute ischemic stroke"", ""qualifier"": null, ""off_label"": false, ""registry_indication"": ""Acute Ischemic Stroke"", ""category"": ""CVS"", ""mapped"": true}, {""text"": ""STEMI"", ""raw"": ""STEMI"", ""qualifier"": null, ""off_label"": false, ""registry_indication"": ""Acute Myocardial Infarction"", ""category"": ""CVS"", ""mapped"": true}, {""text"": ""Massive PE"", ""raw"": ""massive PE"", ""qualifier"": null, ""off_label"": false, ""registry_indication"": null, ""category"": null, ""mapped"": false}]",2026-08-04T15:31:12+00:00,2,0,CVS,Acute ischemic stroke,Acute Ischemic Stroke,"[""Massive PE""]","{""molecule"": ""Alteplase (rtPA)"", ""found"": false, ""approved_in_india"": null, ""first_approval_date"": null, ""india_indications"": [], ""note"": ""Not found in the CDSCO new-drug lists. The register is thin before about 2009 and several older lists are scanned images that cannot be read, so this is not evidence the molecule is unapproved in India."", ""source_name"": ""CDSCO List of Approved New Drugs"", ""retrieved_utc"": ""2026-08-05T12:13:39+00:00""}","{""us_initial_approval_year"": {""value"": 1987, ""source_name"": ""FDA prescribing information via DailyMed (ACTIVASE (ALTEPLASE) KIT [GENENTECH, INC.])"", ""source_url"": ""https://dailymed.nlm.nih.gov/dailymed/drugInfo.cfm?setid=c669f77c-fa48-478b-a14b-80b20a0139c2"", ""retrieved"": ""2026-08-03"", ""quote"": ""Initial U.S. Approval: 1987""}, ""recommended_dosage"": {""value"": ""The recommended dose is 0.9 mg/kg (not to exceed 90 mg total dose) infused intravenously over 60 minutes with 10% of the total dose administered as an initial bolus over 1 minute."", ""source_name"": ""FDA prescribing information via DailyMed (ACTIVASE (ALTEPLASE) KIT [GENENTECH, INC.])"", ""source_url"": ""https://dailymed.nlm.nih.gov/dailymed/drugInfo.cfm?setid=c669f77c-fa48-478b-a14b-80b20a0139c2"", ""retrieved"": ""2026-08-03"", ""quote"": ""The recommended dose is 0.9 mg/kg (not to exceed 90 mg total dose) infused intravenously over 60 minutes with 10% of the total dose administered as an initial bolus over 1 minute.""}}",[],,,,,,,,,
noradrenaline-norepinephrine,Noradrenaline (Norepinephrine),2026-08-04T08:32:59.600863+00:00,CVD,IV infusion,,,2 mg/mL,"Adrenor, Noradrenaline",Neon/Samarth,Institutional / hospital use,Supplied & administered in hospital; manufacturer or charitable access may apply for high-cost agents — confirm case-by-case.,workbook_reference_unverified,False,False,Septic/distributive shock; hypotension,Vasopressor,—,,,,True,No numeric price in source (Hospital only) — enter manually.,Hospital only,True,"[{""indication"": ""Septic/distributive shock; hypotension""}]",,,,,True,,,[],0.0,Standard of Care,,,,True,True,"[""Nausea"", ""Headache"", ""Fatigue""]","[""Muscle Pain"", ""Gastrointestinal discomfort""]","{""status"": ""unavailable"", ""missing_fields"": [""primary_endpoint""], ""issues"": [{""field"": ""primary_endpoint"", ""severity"": ""warning"", ""message"": ""Primary endpoint not in workbook — run analysis or enter manually.""}]}","{""addressable_population"": null, ""sources"": ""Not available — regional incidence not resolved""}","{""clinical"": ""Standard prescribing guides"", ""competitor"": ""Standard of Care baseline"", ""safety"": ""Clinical trial safety metadata"", ""drug_safety"": ""Product label"", ""clinical_tier"": ""tier_2"", ""competitor_tier"": ""tier_3"", ""safety_tier"": ""tier_2""}","{""global_approval"": {""agency"": ""FDA"", ""date"": ""—"", ""status"": ""approved""}, ""regional_status"": ""launched"", ""local_regulator"": ""CDSCO"", ""local_approval_date"": ""—"", ""availability_text"": ""Commercially Available (Audited)"", ""availability_color"": ""green"", ""notes"": """", ""is_available"": true}","{""IN"": null, ""SG"": null, ""AE"": null}",True,"{""listed"": true, ""section"": ""10.4.4"", ""care_levels"": [""Secondary"", ""Tertiary""], ""matched_as"": ""Noradrenaline"", ""source_url"": ""https://nppa.gov.in/en/nlem2022"", ""retrieved_utc"": ""2026-08-04T14:32:40+00:00""}",True,2,"[{""text"": ""Septic/distributive shock"", ""raw"": ""Septic/distributive shock"", ""qualifier"": null, ""off_label"": false, ""registry_indication"": null, ""category"": null, ""mapped"": false}, {""text"": ""Hypotension"", ""raw"": ""hypotension"", ""qualifier"": null, ""off_label"": false, ""registry_indication"": null, ""category"": null, ""mapped"": false}]",2026-08-04T15:31:12+00:00,0,0,,Septic/distributive shock,,"[""Septic/distributive shock"", ""Hypotension""]","{""molecule"": ""Noradrenaline (Norepinephrine)"", ""found"": false, ""approved_in_india"": null, ""first_approval_date"": null, ""india_indications"": [], ""note"": ""Not found in the CDSCO new-drug lists. The register is thin before about 2009 and several older lists are scanned images that cannot be read, so this is not evidence the molecule is unapproved in India."", ""source_name"": ""CDSCO List of Approved New Drugs"", ""retrieved_utc"": ""2026-08-05T12:13:39+00:00""}",,,,,,,,,,,
adrenaline-epinephrine,Adrenaline (Epinephrine),2026-08-04T08:32:59.601007+00:00,CVD,IV/IM,,,1 mg/mL,Adrenaline,Various,Institutional / hospital use,Supplied & administered in hospital; manufacturer or charitable access may apply for high-cost agents — confirm case-by-case.,workbook_reference_unverified,False,False,Cardiac arrest; anaphylaxis; shock,Vasopressor,—,,,,True,No numeric price in source (Hospital only) — enter manually.,Hospital only,True,"[{""indication"": ""Cardiac arrest; anaphylaxis; shock""}]",,,,,True,,,[],0.0,Standard of Care,,,,True,True,"[""Nausea"", ""Headache"", ""Fatigue""]","[""Muscle Pain"", ""Gastrointestinal discomfort""]","{""status"": ""unavailable"", ""missing_fields"": [""primary_endpoint""], ""issues"": [{""field"": ""primary_endpoint"", ""severity"": ""warning"", ""message"": ""Primary endpoint not in workbook — run analysis or enter manually.""}]}","{""addressable_population"": null, ""sources"": ""Not available — regional incidence not resolved""}","{""clinical"": ""Standard prescribing guides"", ""competitor"": ""Standard of Care baseline"", ""safety"": ""Clinical trial safety metadata"", ""drug_safety"": ""Product label"", ""clinical_tier"": ""tier_2"", ""competitor_tier"": ""tier_3"", ""safety_tier"": ""tier_2""}","{""global_approval"": {""agency"": ""FDA"", ""date"": ""—"", ""status"": ""approved""}, ""regional_status"": ""launched"", ""local_regulator"": ""CDSCO"", ""local_approval_date"": ""—"", ""availability_text"": ""Commercially Available (Audited)"", ""availability_color"": ""green"", ""notes"": """", ""is_available"": true}","{""IN"": null, ""SG"": null, ""AE"": null}",True,"{""listed"": true, ""section"": ""3.1"", ""care_levels"": [""Primary"", ""Secondary"", ""Tertiary""], ""matched_as"": ""Adrenaline"", ""source_url"": ""https://nppa.gov.in/en/nlem2022"", ""retrieved_utc"": ""2026-08-04T14:32:40+00:00""}",True,3,"[{""text"": ""Cardiac arrest"", ""raw"": ""Cardiac arrest"", ""qualifier"": null, ""off_label"": false, ""registry_indication"": null, ""category"": null, ""mapped"": false}, {""text"": ""Anaphylaxis"", ""raw"": ""anaphylaxis"", ""qualifier"": null, ""off_label"": false, ""registry_indication"": null, ""category"": null, ""mapped"": false}, {""text"": ""Shock"", ""raw"": ""shock"", ""qualifier"": null, ""off_label"": false, ""registry_indication"": null, ""category"": null, ""mapped"": false}]",2026-08-04T15:31:12+00:00,0,0,,Cardiac arrest,,"[""Cardiac arrest"", ""Anaphylaxis"", ""Shock""]","{""molecule"": ""Adrenaline (Epinephrine)"", ""found"": false, ""approved_in_india"": null, ""first_approval_date"": null, ""india_indications"": [], ""note"": ""Not found in the CDSCO new-drug lists. The register is thin before about 2009 and several older lists are scanned images that cannot be read, so this is not evidence the molecule is unapproved in India."", ""source_name"": ""CDSCO List of Approved New Drugs"", ""retrieved_utc"": ""2026-08-05T12:13:39+00:00""}",,,,,,,,,,,
colchicine-low-dose-cv-use,Colchicine (low-dose CV use),2026-08-04T08:32:59.601159+00:00,CVD,Oral tab,sc_injection,chronic_ongoing,0.5 mg,"Goutnil, Zycolchin",Cipla,Low-cost generic — Jan Aushadhi,Widely available as low-cost generics; Pradhan Mantri Bhartiya Janaushadhi (PMBJP) offers 50–90% cheaper generics. Manufacturer PSP not typically needed.,workbook_reference_unverified,False,False,Pericarditis; investigational CV risk reduction (also gout),Anti-gout/CV,—,165,5.5,tab,True,Assumes once-daily dosing of one tab (30/month).,₹3–8 / tab,True,"[{""indication"": ""Pericarditis; investigational CV risk reduction (also gout)""}]",mace_hr,3-pt MACE Risk Reduction,HR,,True,,,[],0.0,Standard of Care,,,,True,True,"[""Nausea"", ""Headache"", ""Fatigue""]","[""Muscle Pain"", ""Gastrointestinal discomfort""]","{""status"": ""unavailable"", ""missing_fields"": [""mace_hr""], ""issues"": [{""field"": ""mace_hr"", ""severity"": ""warning"", ""message"": ""Primary endpoint not in workbook — run analysis or enter manually.""}]}","{""addressable_population"": null, ""sources"": ""Not available — regional incidence not resolved""}","{""clinical"": ""Standard prescribing guides"", ""competitor"": ""Standard of Care baseline"", ""safety"": ""Clinical trial safety metadata"", ""drug_safety"": ""Product label"", ""clinical_tier"": ""tier_2"", ""competitor_tier"": ""tier_3"", ""safety_tier"": ""tier_2""}","{""global_approval"": {""agency"": ""FDA"", ""date"": ""—"", ""status"": ""approved""}, ""regional_status"": ""launched"", ""local_regulator"": ""CDSCO"", ""local_approval_date"": ""—"", ""availability_text"": ""Commercially Available (Audited)"", ""availability_color"": ""green"", ""notes"": """", ""is_available"": true}","{""IN"": 165, ""SG"": 2, ""AE"": 7}",True,"{""listed"": true, ""section"": ""2.3.2"", ""care_levels"": [""Primary"", ""Secondary"", ""Tertiary""], ""matched_as"": ""Colchicine"", ""source_url"": ""https://nppa.gov.in/en/nlem2022"", ""retrieved_utc"": ""2026-08-04T14:32:40+00:00""}",True,3,"[{""text"": ""Pericarditis"", ""raw"": ""Pericarditis"", ""qualifier"": null, ""off_label"": false, ""registry_indication"": null, ""category"": null, ""mapped"": false}, {""text"": ""Investigational CV risk reduction"", ""raw"": ""investigational CV risk reduction (also gout)"", ""qualifier"": null, ""off_label"": false, ""registry_indication"": ""Cardiovascular Risk Reduction"", ""category"": ""CVD"", ""mapped"": true}, {""text"": ""Gout"", ""raw"": ""investigational CV risk reduction (also gout)"", ""qualifier"": null, ""off_label"": false, ""registry_indication"": ""Gout / Hyperuricaemia"", ""category"": ""Metabolic"", ""mapped"": true}]",2026-08-04T15:31:12+00:00,2,0,CVD,Investigational CV risk reduction,Cardiovascular Risk Reduction,"[""Pericarditis""]","{""molecule"": ""Colchicine (low-dose CV use)"", ""found"": false, ""approved_in_india"": null, ""first_approval_date"": null, ""india_indications"": [], ""note"": ""Not found in the CDSCO new-drug lists. The register is thin before about 2009 and several older lists are scanned images that cannot be read, so this is not evidence the molecule is unapproved in India."", ""source_name"": ""CDSCO List of Approved New Drugs"", ""retrieved_utc"": ""2026-08-05T12:13:39+00:00""}",,,,,,,,,,,
metformin,Metformin,2026-08-04T08:32:59.601328+00:00,Metabolic,Oral tab (IR/SR/XR),oral,chronic_ongoing,500/850/1000 mg,"Glycomet, Glyciphage, Gluformin, Obimet, Carbophage","USV, Franco-Indian, generics",Low-cost generic — Jan Aushadhi,Widely available as low-cost generics; Pradhan Mantri Bhartiya Janaushadhi (PMBJP) offers 50–90% cheaper generics. Manufacturer PSP not typically needed.,workbook_reference_unverified,False,False,Type 2 diabetes (first-line); prediabetes; PCOS (insulin resistance),Biguanide,1980s,75,2.5,tab,True,Assumes once-daily dosing of one tab (30/month).,₹1–4 / tab,True,"[{""indication"": ""Type 2 diabetes (first-line); prediabetes; PCOS (insulin resistance)""}]",hba1c_reduction,HbA1c Reduction,%,,True,,,[],0.0,Standard of Care,,,,True,True,"[""Nausea"", ""Headache"", ""Fatigue""]","[""Muscle Pain"", ""Gastrointestinal discomfort""]","{""status"": ""unavailable"", ""missing_fields"": [""hba1c_reduction""], ""issues"": [{""field"": ""hba1c_reduction"", ""severity"": ""warning"", ""message"": ""Primary endpoint not in workbook — run analysis or enter manually.""}]}","{""addressable_population"": null, ""sources"": ""Not available — regional incidence not resolved""}","{""clinical"": ""Standard prescribing guides"", ""competitor"": ""Standard of Care baseline"", ""safety"": ""Clinical trial safety metadata"", ""drug_safety"": ""Product label"", ""clinical_tier"": ""tier_2"", ""competitor_tier"": ""tier_3"", ""safety_tier"": ""tier_2""}","{""global_approval"": {""agency"": ""FDA"", ""date"": ""1980s"", ""status"": ""approved""}, ""regional_status"": ""launched"", ""local_regulator"": ""CDSCO"", ""local_approval_date"": ""1980s"", ""availability_text"": ""Commercially Available (Audited)"", ""availability_color"": ""green"", ""notes"": """", ""is_available"": true}","{""IN"": 75, ""SG"": 1, ""AE"": 3}",True,"{""listed"": false, ""source_url"": ""https://nppa.gov.in/en/nlem2022"", ""retrieved_utc"": ""2026-08-04T14:32:40+00:00""}",False,3,"[{""text"": ""Type 2 diabetes"", ""raw"": ""Type 2 diabetes (first-line)"", ""qualifier"": ""first-line"", ""off_label"": false, ""registry_indication"": ""Type 2 Diabetes"", ""category"": ""Metabolic"", ""mapped"": true}, {""text"": ""Prediabetes"", ""raw"": ""prediabetes"", ""qualifier"": null, ""off_label"": false, ""registry_indication"": null, ""category"": null, ""mapped"": false}, {""text"": ""PCOS"", ""raw"": ""PCOS (insulin resistance)"", ""qualifier"": ""insulin resistance"", ""off_label"": false, ""registry_indication"": ""Polycystic Ovary Syndrome (PCOS)"", ""category"": ""Women's Health"", ""mapped"": true}]",2026-08-04T15:31:12+00:00,2,0,Metabolic,Type 2 diabetes,Type 2 Diabetes,"[""Prediabetes""]","{""molecule"": ""Metformin"", ""found"": true, ""approved_in_india"": true, ""first_approval_date"": ""2009-02-23"", ""approval_day_known"": true, ""single_molecule_rows"": 0, ""combination_rows"": 3, ""only_as_combination"": true, ""india_indications"": [""For the treatment of patients with diabetic polyneuropathy""], ""source_name"": ""CDSCO List of Approved New Drugs"", ""source_url"": ""https://cdsco.gov.in/opencms/resources/UploadCDSCOWeb/2018/UploadApprovalNewDrugs/2009.pdf"", ""source_list"": ""LIST OF NEW DRUGS APPROVED 2009"", ""retrieved_utc"": ""2026-08-05T12:13:39+00:00""}",,,,,,,,,,,
glimepiride,Glimepiride,2026-08-04T08:32:59.601448+00:00,Metabolic,Oral tab,oral,chronic_ongoing,1/2/3/4 mg,"Amaryl, Glimestar, Zoryl, Glimpid","Sanofi, Mankind, Intas",Low-cost generic — Jan Aushadhi,Widely available as low-cost generics; Pradhan Mantri Bhartiya Janaushadhi (PMBJP) offers 50–90% cheaper generics. Manufacturer PSP not typically needed.,workbook_reference_unverified,False,False,Type 2 diabetes,Sulfonylurea,~2000,120,4.0,tab,True,Assumes once-daily dosing of one tab (30/month).,₹2–6 / tab,False,"[{""indication"": ""Type 2 diabetes""}]",hba1c_reduction,HbA1c Reduction,%,,True,,,[],0.0,Standard of Care,,,,True,True,"[""Nausea"", ""Headache"", ""Fatigue""]","[""Muscle Pain"", ""Gastrointestinal discomfort""]","{""status"": ""unavailable"", ""missing_fields"": [""hba1c_reduction""], ""issues"": [{""field"": ""hba1c_reduction"", ""severity"": ""warning"", ""message"": ""Primary endpoint not in workbook — run analysis or enter manually.""}]}","{""addressable_population"": null, ""sources"": ""Not available — regional incidence not resolved""}","{""clinical"": ""Standard prescribing guides"", ""competitor"": ""Standard of Care baseline"", ""safety"": ""Clinical trial safety metadata"", ""drug_safety"": ""Product label"", ""clinical_tier"": ""tier_2"", ""competitor_tier"": ""tier_3"", ""safety_tier"": ""tier_2""}","{""global_approval"": {""agency"": ""FDA"", ""date"": ""~2000"", ""status"": ""approved""}, ""regional_status"": ""launched"", ""local_regulator"": ""CDSCO"", ""local_approval_date"": ""~2000"", ""availability_text"": ""Commercially Available (Audited)"", ""availability_color"": ""green"", ""notes"": """", ""is_available"": true}","{""IN"": 120, ""SG"": 2, ""AE"": 5}",True,"{""listed"": false, ""source_url"": ""https://nppa.gov.in/en/nlem2022"", ""retrieved_utc"": ""2026-08-04T14:32:40+00:00""}",False,1,"[{""text"": ""Type 2 diabetes"", ""raw"": ""Type 2 diabetes"", ""qualifier"": null, ""off_label"": false, ""registry_indication"": ""Type 2 Diabetes"", ""category"": ""Metabolic"", ""mapped"": true}]",2026-08-04T15:31:12+00:00,1,0,Metabolic,Type 2 diabetes,Type 2 Diabetes,[],"{""molecule"": ""Glimepiride"", ""found"": false, ""approved_in_india"": null, ""first_approval_date"": null, ""india_indications"": [], ""note"": ""Not found in the CDSCO new-drug lists. The register is thin before about 2009 and several older lists are scanned images that cannot be read, so this is not evidence the molecule is unapproved in India."", ""source_name"": ""CDSCO List of Approved New Drugs"", ""retrieved_utc"": ""2026-08-05T12:13:39+00:00""}","{""us_initial_approval_year"": {""value"": 1995, ""source_name"": ""FDA prescribing information via DailyMed (GLIMEPIRIDE TABLET [ST. MARY'S MEDICAL PARK PHARMACY])"", ""source_url"": ""https://dailymed.nlm.nih.gov/dailymed/drugInfo.cfm?setid=fc9d8495-184c-3af1-e053-6394a90a5e29"", ""retrieved"": ""2026-08-03"", ""quote"": ""Initial U.S. Approval: 1995""}}",[],,,,,,,,,
gliclazide,Gliclazide,2026-08-04T08:32:59.601591+00:00,Metabolic,Oral tab/MR,oral,chronic_ongoing,40/80/30MR/60MR mg,"Diamicron, Reclide, Glizid","Serdia, Sun, Panacea",Low-cost generic — Jan Aushadhi,Widely available as low-cost generics; Pradhan Mantri Bhartiya Janaushadhi (PMBJP) offers 50–90% cheaper generics. Manufacturer PSP not typically needed.,workbook_reference_unverified,False,False,Type 2 diabetes,Sulfonylurea,~2000,165,5.5,tab,True,Assumes once-daily dosing of one tab (30/month).,₹3–8 / tab,False,"[{""indication"": ""Type 2 diabetes""}]",hba1c_reduction,HbA1c Reduction,%,,True,,,[],0.0,Standard of Care,,,,True,True,"[""Nausea"", ""Headache"", ""Fatigue""]","[""Muscle Pain"", ""Gastrointestinal discomfort""]","{""status"": ""unavailable"", ""missing_fields"": [""hba1c_reduction""], ""issues"": [{""field"": ""hba1c_reduction"", ""severity"": ""warning"", ""message"": ""Primary endpoint not in workbook — run analysis or enter manually.""}]}","{""addressable_population"": null, ""sources"": ""Not available — regional incidence not resolved""}","{""clinical"": ""Standard prescribing guides"", ""competitor"": ""Standard of Care baseline"", ""safety"": ""Clinical trial safety metadata"", ""drug_safety"": ""Product label"", ""clinical_tier"": ""tier_2"", ""competitor_tier"": ""tier_3"", ""safety_tier"": ""tier_2""}","{""global_approval"": {""agency"": ""FDA"", ""date"": ""~2000"", ""status"": ""approved""}, ""regional_status"": ""launched"", ""local_regulator"": ""CDSCO"", ""local_approval_date"": ""~2000"", ""availability_text"": ""Commercially Available (Audited)"", ""availability_color"": ""green"", ""notes"": """", ""is_available"": true}","{""IN"": 165, ""SG"": 2, ""AE"": 7}",True,"{""listed"": false, ""source_url"": ""https://nppa.gov.in/en/nlem2022"", ""retrieved_utc"": ""2026-08-04T14:32:40+00:00""}",False,1,"[{""text"": ""Type 2 diabetes"", ""raw"": ""Type 2 diabetes"", ""qualifier"": null, ""off_label"": false, ""registry_indication"": ""Type 2 Diabetes"", ""category"": ""Metabolic"", ""mapped"": true}]",2026-08-04T15:31:12+00:00,1,0,Metabolic,Type 2 diabetes,Type 2 Diabetes,[],"{""molecule"": ""Gliclazide"", ""found"": false, ""approved_in_india"": null, ""first_approval_date"": null, ""india_indications"": [], ""note"": ""Not found in the CDSCO new-drug lists. The register is thin before about 2009 and several older lists are scanned images that cannot be read, so this is not evidence the molecule is unapproved in India."", ""source_name"": ""CDSCO List of Approved New Drugs"", ""retrieved_utc"": ""2026-08-05T12:13:39+00:00""}",,,,,,,,,,,
glipizide,Glipizide,2026-08-04T08:32:59.601709+00:00,Metabolic,Oral tab,oral,chronic_ongoing,5/10 mg,"Glynase, Glucotrol",USV,Low-cost generic — Jan Aushadhi,Widely available as low-cost generics; Pradhan Mantri Bhartiya Janaushadhi (PMBJP) offers 50–90% cheaper generics. Manufacturer PSP not typically needed.,workbook_reference_unverified,False,False,Type 2 diabetes,Sulfonylurea,1990s,105,3.5,tab,True,Assumes once-daily dosing of one tab (30/month).,₹2–5 / tab,False,"[{""indication"": ""Type 2 diabetes""}]",hba1c_reduction,HbA1c Reduction,%,,True,,,[],0.0,Standard of Care,,,,True,True,"[""Nausea"", ""Headache"", ""Fatigue""]","[""Muscle Pain"", ""Gastrointestinal discomfort""]","{""status"": ""unavailable"", ""missing_fields"": [""hba1c_reduction""], ""issues"": [{""field"": ""hba1c_reduction"", ""severity"": ""warning"", ""message"": ""Primary endpoint not in workbook — run analysis or enter manually.""}]}","{""addressable_population"": null, ""sources"": ""Not available — regional incidence not resolved""}","{""clinical"": ""Standard prescribing guides"", ""competitor"": ""Standard of Care baseline"", ""safety"": ""Clinical trial safety metadata"", ""drug_safety"": ""Product label"", ""clinical_tier"": ""tier_2"", ""competitor_tier"": ""tier_3"", ""safety_tier"": ""tier_2""}","{""global_approval"": {""agency"": ""FDA"", ""date"": ""1990s"", ""status"": ""approved""}, ""regional_status"": ""launched"", ""local_regulator"": ""CDSCO"", ""local_approval_date"": ""1990s"", ""availability_text"": ""Commercially Available (Audited)"", ""availability_color"": ""green"", ""notes"": """", ""is_available"": true}","{""IN"": 105, ""SG"": 1, ""AE"": 4}",True,"{""listed"": false, ""source_url"": ""https://nppa.gov.in/en/nlem2022"", ""retrieved_utc"": ""2026-08-04T14:32:40+00:00""}",False,1,"[{""text"": ""Type 2 diabetes"", ""raw"": ""Type 2 diabetes"", ""qualifier"": null, ""off_label"": false, ""registry_indication"": ""Type 2 Diabetes"", ""category"": ""Metabolic"", ""mapped"": true}]",2026-08-04T15:31:12+00:00,1,0,Metabolic,Type 2 diabetes,Type 2 Diabetes,[],"{""molecule"": ""Glipizide"", ""found"": false, ""approved_in_india"": null, ""first_approval_date"": null, ""india_indications"": [], ""note"": ""Not found in the CDSCO new-drug lists. The register is thin before about 2009 and several older lists are scanned images that cannot be read, so this is not evidence the molecule is unapproved in India."", ""source_name"": ""CDSCO List of Approved New Drugs"", ""retrieved_utc"": ""2026-08-05T12:13:39+00:00""}",,,,,,,,,,,
glibenclamide-glyburide,Glibenclamide (Glyburide),2026-08-04T08:32:59.601861+00:00,Metabolic,Oral tab,oral,chronic_ongoing,2.5/5 mg,"Daonil, Euglucon",Sanofi,Low-cost generic — Jan Aushadhi,Widely available as low-cost generics; Pradhan Mantri Bhartiya Janaushadhi (PMBJP) offers 50–90% cheaper generics. Manufacturer PSP not typically needed.,workbook_reference_unverified,False,False,"Type 2 diabetes (older, long-acting)",Sulfonylurea,1980s,75,2.5,tab,True,Assumes once-daily dosing of one tab (30/month).,₹1–4 / tab,False,"[{""indication"": ""Type 2 diabetes (older, long-acting)""}]",hba1c_reduction,HbA1c Reduction,%,,True,,,[],0.0,Standard of Care,,,,True,True,"[""Nausea"", ""Headache"", ""Fatigue""]","[""Muscle Pain"", ""Gastrointestinal discomfort""]","{""status"": ""unavailable"", ""missing_fields"": [""hba1c_reduction""], ""issues"": [{""field"": ""hba1c_reduction"", ""severity"": ""warning"", ""message"": ""Primary endpoint not in workbook — run analysis or enter manually.""}]}","{""addressable_population"": null, ""sources"": ""Not available — regional incidence not resolved""}","{""clinical"": ""Standard prescribing guides"", ""competitor"": ""Standard of Care baseline"", ""safety"": ""Clinical trial safety metadata"", ""drug_safety"": ""Product label"", ""clinical_tier"": ""tier_2"", ""competitor_tier"": ""tier_3"", ""safety_tier"": ""tier_2""}","{""global_approval"": {""agency"": ""FDA"", ""date"": ""1980s"", ""status"": ""approved""}, ""regional_status"": ""launched"", ""local_regulator"": ""CDSCO"", ""local_approval_date"": ""1980s"", ""availability_text"": ""Commercially Available (Audited)"", ""availability_color"": ""green"", ""notes"": """", ""is_available"": true}","{""IN"": 75, ""SG"": 1, ""AE"": 3}",True,"{""listed"": false, ""source_url"": ""https://nppa.gov.in/en/nlem2022"", ""retrieved_utc"": ""2026-08-04T14:32:40+00:00""}",False,1,"[{""text"": ""Type 2 diabetes"", ""raw"": ""Type 2 diabetes (older, long-acting)"", ""qualifier"": ""older, long-acting"", ""off_label"": false, ""registry_indication"": ""Type 2 Diabetes"", ""category"": ""Metabolic"", ""mapped"": true}]",2026-08-04T15:31:12+00:00,1,0,Metabolic,Type 2 diabetes,Type 2 Diabetes,[],"{""molecule"": ""Glibenclamide (Glyburide)"", ""found"": false, ""approved_in_india"": null, ""first_approval_date"": null, ""india_indications"": [], ""note"": ""Not found in the CDSCO new-drug lists. The register is thin before about 2009 and several older lists are scanned images that cannot be read, so this is not evidence the molecule is unapproved in India."", ""source_name"": ""CDSCO List of Approved New Drugs"", ""retrieved_utc"": ""2026-08-05T12:13:39+00:00""}",,,,,,,,,,,
repaglinide,Repaglinide,2026-08-04T08:32:59.601993+00:00,Metabolic,Oral tab,oral,chronic_ongoing,0.5/1/2 mg,"Eurepa, Rapilin","Sun, generics",Low-cost generic — Jan Aushadhi,Widely available as low-cost generics; Pradhan Mantri Bhartiya Janaushadhi (PMBJP) offers 50–90% cheaper generics. Manufacturer PSP not typically needed.,workbook_reference_unverified,False,False,Type 2 diabetes (postprandial control),Meglitinide,~2005,195,6.5,tab,True,Assumes once-daily dosing of one tab (30/month).,₹4–9 / tab,False,"[{""indication"": ""Type 2 diabetes (postprandial control)""}]",hba1c_reduction,HbA1c Reduction,%,,True,,,[],0.0,Standard of Care,,,,True,True,"[""Nausea"", ""Headache"", ""Fatigue""]","[""Muscle Pain"", ""Gastrointestinal discomfort""]","{""status"": ""unavailable"", ""missing_fields"": [""hba1c_reduction""], ""issues"": [{""field"": ""hba1c_reduction"", ""severity"": ""warning"", ""message"": ""Primary endpoint not in workbook — run analysis or enter manually.""}]}","{""addressable_population"": null, ""sources"": ""Not available — regional incidence not resolved""}","{""clinical"": ""Standard prescribing guides"", ""competitor"": ""Standard of Care baseline"", ""safety"": ""Clinical trial safety metadata"", ""drug_safety"": ""Product label"", ""clinical_tier"": ""tier_2"", ""competitor_tier"": ""tier_3"", ""safety_tier"": ""tier_2""}","{""global_approval"": {""agency"": ""FDA"", ""date"": ""~2005"", ""status"": ""approved""}, ""regional_status"": ""launched"", ""local_regulator"": ""CDSCO"", ""local_approval_date"": ""~2005"", ""availability_text"": ""Commercially Available (Audited)"", ""availability_color"": ""green"", ""notes"": """", ""is_available"": true}","{""IN"": 195, ""SG"": 3, ""AE"": 8}",True,"{""listed"": false, ""source_url"": ""https://nppa.gov.in/en/nlem2022"", ""retrieved_utc"": ""2026-08-04T14:32:40+00:00""}",False,1,"[{""text"": ""Type 2 diabetes"", ""raw"": ""Type 2 diabetes (postprandial control)"", ""qualifier"": ""postprandial control"", ""off_label"": false, ""registry_indication"": ""Type 2 Diabetes"", ""category"": ""Metabolic"", ""mapped"": true}]",2026-08-04T15:31:12+00:00,1,0,Metabolic,Type 2 diabetes,Type 2 Diabetes,[],"{""molecule"": ""Repaglinide"", ""found"": false, ""approved_in_india"": null, ""first_approval_date"": null, ""india_indications"": [], ""note"": ""Not found in the CDSCO new-drug lists. The register is thin before about 2009 and several older lists are scanned images that cannot be read, so this is not evidence the molecule is unapproved in India."", ""source_name"": ""CDSCO List of Approved New Drugs"", ""retrieved_utc"": ""2026-08-05T12:13:39+00:00""}",,,,,,,,,,,
nateglinide,Nateglinide,2026-08-04T08:32:59.602122+00:00,Metabolic,Oral tab,oral,chronic_ongoing,60/120 mg,Glinate,Glenmark,Low-cost generic — Jan Aushadhi,Widely available as low-cost generics; Pradhan Mantri Bhartiya Janaushadhi (PMBJP) offers 50–90% cheaper generics. Manufacturer PSP not typically needed.,workbook_reference_unverified,False,False,Type 2 diabetes (postprandial),Meglitinide,~2005,225,7.5,tab,True,Assumes once-daily dosing of one tab (30/month).,₹5–10 / tab,False,"[{""indication"": ""Type 2 diabetes (postprandial)""}]",hba1c_reduction,HbA1c Reduction,%,,True,,,[],0.0,Standard of Care,,,,True,True,"[""Nausea"", ""Headache"", ""Fatigue""]","[""Muscle Pain"", ""Gastrointestinal discomfort""]","{""status"": ""unavailable"", ""missing_fields"": [""hba1c_reduction""], ""issues"": [{""field"": ""hba1c_reduction"", ""severity"": ""warning"", ""message"": ""Primary endpoint not in workbook — run analysis or enter manually.""}]}","{""addressable_population"": null, ""sources"": ""Not available — regional incidence not resolved""}","{""clinical"": ""Standard prescribing guides"", ""competitor"": ""Standard of Care baseline"", ""safety"": ""Clinical trial safety metadata"", ""drug_safety"": ""Product label"", ""clinical_tier"": ""tier_2"", ""competitor_tier"": ""tier_3"", ""safety_tier"": ""tier_2""}","{""global_approval"": {""agency"": ""FDA"", ""date"": ""~2005"", ""status"": ""approved""}, ""regional_status"": ""launched"", ""local_regulator"": ""CDSCO"", ""local_approval_date"": ""~2005"", ""availability_text"": ""Commercially Available (Audited)"", ""availability_color"": ""green"", ""notes"": """", ""is_available"": true}","{""IN"": 225, ""SG"": 3, ""AE"": 10}",True,"{""listed"": false, ""source_url"": ""https://nppa.gov.in/en/nlem2022"", ""retrieved_utc"": ""2026-08-04T14:32:40+00:00""}",False,1,"[{""text"": ""Type 2 diabetes"", ""raw"": ""Type 2 diabetes (postprandial)"", ""qualifier"": ""postprandial"", ""off_label"": false, ""registry_indication"": ""Type 2 Diabetes"", ""category"": ""Metabolic"", ""mapped"": true}]",2026-08-04T15:31:12+00:00,1,0,Metabolic,Type 2 diabetes,Type 2 Diabetes,[],"{""molecule"": ""Nateglinide"", ""found"": false, ""approved_in_india"": null, ""first_approval_date"": null, ""india_indications"": [], ""note"": ""Not found in the CDSCO new-drug lists. The register is thin before about 2009 and several older lists are scanned images that cannot be read, so this is not evidence the molecule is unapproved in India."", ""source_name"": ""CDSCO List of Approved New Drugs"", ""retrieved_utc"": ""2026-08-05T12:13:39+00:00""}",,,,,,,,,,,
sitagliptin,Sitagliptin,2026-08-04T08:32:59.602235+00:00,Metabolic,Oral tab,oral,chronic_ongoing,25/50/100 mg,"Januvia, Istavel, Zita","MSD, Sun, Glenmark",Manufacturer adherence PSP / generics,MSD 'Januvia' adherence support; many low-cost generics post patent expiry.,workbook_reference_unverified,False,False,Type 2 diabetes,DPP-4 inhibitor,2008,570,19.0,tab,True,Assumes once-daily dosing of one tab (30/month).,₹8–30 / tab (generic cheaper),False,"[{""indication"": ""Type 2 diabetes""}]",hba1c_reduction,HbA1c Reduction,%,,True,,,[],0.0,Standard of Care,,,,True,True,"[""Nausea"", ""Headache"", ""Fatigue""]","[""Muscle Pain"", ""Gastrointestinal discomfort""]","{""status"": ""unavailable"", ""missing_fields"": [""hba1c_reduction""], ""issues"": [{""field"": ""hba1c_reduction"", ""severity"": ""warning"", ""message"": ""Primary endpoint not in workbook — run analysis or enter manually.""}]}","{""addressable_population"": null, ""sources"": ""Not available — regional incidence not resolved""}","{""clinical"": ""Standard prescribing guides"", ""competitor"": ""Standard of Care baseline"", ""safety"": ""Clinical trial safety metadata"", ""drug_safety"": ""Product label"", ""clinical_tier"": ""tier_2"", ""competitor_tier"": ""tier_3"", ""safety_tier"": ""tier_2""}","{""global_approval"": {""agency"": ""FDA"", ""date"": ""2008"", ""status"": ""approved""}, ""regional_status"": ""launched"", ""local_regulator"": ""CDSCO"", ""local_approval_date"": ""2008"", ""availability_text"": ""Commercially Available (Audited)"", ""availability_color"": ""green"", ""notes"": """", ""is_available"": true}","{""IN"": 570, ""SG"": 9, ""AE"": 25}",True,"{""listed"": false, ""source_url"": ""https://nppa.gov.in/en/nlem2022"", ""retrieved_utc"": ""2026-08-04T14:32:40+00:00""}",False,1,"[{""text"": ""Type 2 diabetes"", ""raw"": ""Type 2 diabetes"", ""qualifier"": null, ""off_label"": false, ""registry_indication"": ""Type 2 Diabetes"", ""category"": ""Metabolic"", ""mapped"": true}]",2026-08-04T15:31:12+00:00,1,0,Metabolic,Type 2 diabetes,Type 2 Diabetes,[],"{""molecule"": ""Sitagliptin"", ""found"": false, ""approved_in_india"": null, ""first_approval_date"": null, ""india_indications"": [], ""note"": ""Not found in the CDSCO new-drug lists. The register is thin before about 2009 and several older lists are scanned images that cannot be read, so this is not evidence the molecule is unapproved in India."", ""source_name"": ""CDSCO List of Approved New Drugs"", ""retrieved_utc"": ""2026-08-05T12:13:39+00:00""}","{""us_initial_approval_year"": {""value"": 2012, ""source_name"": ""FDA prescribing information via DailyMed (SITAGLIPTIN AND METFORMIN HYDROCHLORIDE TABLET, FILM COATED, EXTENDED RELEASE [PAR HEALTH USA, LLC])"", ""source_url"": ""https://dailymed.nlm.nih.gov/dailymed/drugInfo.cfm?setid=43e3b1c9-3cbd-8dc3-e063-6394a90a10a2"", ""retrieved"": ""2026-08-03"", ""quote"": ""Initial U.S. Approval: 2012""}}",[],,,,,,,,,
vildagliptin,Vildagliptin,2026-08-04T08:32:59.602377+00:00,Metabolic,Oral tab,oral,chronic_ongoing,50 mg,"Galvus, Jalra, Vysov","Novartis, USV",Manufacturer adherence PSP / generics,Novartis 'Galvus' adherence support; low-cost generics widely available.,workbook_reference_unverified,False,False,Type 2 diabetes,DPP-4 inhibitor,2008,345,11.5,tab,True,Assumes once-daily dosing of one tab (30/month).,₹8–15 / tab,False,"[{""indication"": ""Type 2 diabetes""}]",hba1c_reduction,HbA1c Reduction,%,,True,,,[],0.0,Standard of Care,,,,True,True,"[""Nausea"", ""Headache"", ""Fatigue""]","[""Muscle Pain"", ""Gastrointestinal discomfort""]","{""status"": ""unavailable"", ""missing_fields"": [""hba1c_reduction""], ""issues"": [{""field"": ""hba1c_reduction"", ""severity"": ""warning"", ""message"": ""Primary endpoint not in workbook — run analysis or enter manually.""}]}","{""addressable_population"": null, ""sources"": ""Not available — regional incidence not resolved""}","{""clinical"": ""Standard prescribing guides"", ""competitor"": ""Standard of Care baseline"", ""safety"": ""Clinical trial safety metadata"", ""drug_safety"": ""Product label"", ""clinical_tier"": ""tier_2"", ""competitor_tier"": ""tier_3"", ""safety_tier"": ""tier_2""}","{""global_approval"": {""agency"": ""FDA"", ""date"": ""2008"", ""status"": ""approved""}, ""regional_status"": ""launched"", ""local_regulator"": ""CDSCO"", ""local_approval_date"": ""2008"", ""availability_text"": ""Commercially Available (Audited)"", ""availability_color"": ""green"", ""notes"": """", ""is_available"": true}","{""IN"": 345, ""SG"": 5, ""AE"": 15}",True,"{""listed"": false, ""source_url"": ""https://nppa.gov.in/en/nlem2022"", ""retrieved_utc"": ""2026-08-04T14:32:40+00:00""}",False,1,"[{""text"": ""Type 2 diabetes"", ""raw"": ""Type 2 diabetes"", ""qualifier"": null, ""off_label"": false, ""registry_indication"": ""Type 2 Diabetes"", ""category"": ""Metabolic"", ""mapped"": true}]",2026-08-04T15:31:12+00:00,1,0,Metabolic,Type 2 diabetes,Type 2 Diabetes,[],"{""molecule"": ""Vildagliptin"", ""found"": false, ""approved_in_india"": null, ""first_approval_date"": null, ""india_indications"": [], ""note"": ""Not found in the CDSCO new-drug lists. The register is thin before about 2009 and several older lists are scanned images that cannot be read, so this is not evidence the molecule is unapproved in India."", ""source_name"": ""CDSCO List of Approved New Drugs"", ""retrieved_utc"": ""2026-08-05T12:13:39+00:00""}",,,,,,,,,,,
linagliptin,Linagliptin,2026-08-04T08:32:59.602497+00:00,Metabolic,Oral tab,oral,chronic_ongoing,5 mg,"Trajenta, Ondero","Boehringer/Lilly, generics",Manufacturer adherence PSP / generics,Boehringer Ingelheim–Lilly 'Trajenta' adherence support; low-cost generics widely available.,workbook_reference_unverified,False,False,Type 2 diabetes (no renal dose adjustment),DPP-4 inhibitor,~2012,600,20.0,tab,True,Assumes once-daily dosing of one tab (30/month).,₹15–25 / tab,False,"[{""indication"": ""Type 2 diabetes (no renal dose adjustment)""}]",hba1c_reduction,HbA1c Reduction,%,,True,,,[],0.0,Standard of Care,,,,True,True,"[""Nausea"", ""Headache"", ""Fatigue""]","[""Muscle Pain"", ""Gastrointestinal discomfort""]","{""status"": ""unavailable"", ""missing_fields"": [""hba1c_reduction""], ""issues"": [{""field"": ""hba1c_reduction"", ""severity"": ""warning"", ""message"": ""Primary endpoint not in workbook — run analysis or enter manually.""}]}","{""addressable_population"": null, ""sources"": ""Not available — regional incidence not resolved""}","{""clinical"": ""Standard prescribing guides"", ""competitor"": ""Standard of Care baseline"", ""safety"": ""Clinical trial safety metadata"", ""drug_safety"": ""Product label"", ""clinical_tier"": ""tier_2"", ""competitor_tier"": ""tier_3"", ""safety_tier"": ""tier_2""}","{""global_approval"": {""agency"": ""FDA"", ""date"": ""~2012"", ""status"": ""approved""}, ""regional_status"": ""launched"", ""local_regulator"": ""CDSCO"", ""local_approval_date"": ""~2012"", ""availability_text"": ""Commercially Available (Audited)"", ""availability_color"": ""green"", ""notes"": """", ""is_available"": true}","{""IN"": 600, ""SG"": 10, ""AE"": 27}",True,"{""listed"": false, ""source_url"": ""https://nppa.gov.in/en/nlem2022"", ""retrieved_utc"": ""2026-08-04T14:32:40+00:00""}",False,1,"[{""text"": ""Type 2 diabetes"", ""raw"": ""Type 2 diabetes (no renal dose adjustment)"", ""qualifier"": ""no renal dose adjustment"", ""off_label"": false, ""registry_indication"": ""Type 2 Diabetes"", ""category"": ""Metabolic"", ""mapped"": true}]",2026-08-04T15:31:12+00:00,1,0,Metabolic,Type 2 diabetes,Type 2 Diabetes,[],"{""molecule"": ""Linagliptin"", ""found"": true, ""approved_in_india"": true, ""first_approval_date"": ""2012-01-23"", ""approval_day_known"": true, ""single_molecule_rows"": 1, ""combination_rows"": 0, ""only_as_combination"": false, ""india_indications"": [""As an adjunct to diet and exercise to improve glycemic control in adults with type 2 diabetes mellitus. Important limitations of use: 1. Should not be used in patients with type 1 diabetes or for the treatment of diabetic ketoacidosis. 2. Has not been studied in combination with insulin""], ""source_name"": ""CDSCO List of Approved New Drugs"", ""source_url"": ""https://cdsco.gov.in/opencms/resources/UploadCDSCOWeb/2018/UploadApprovalNewDrugs/2012.pdf"", ""source_list"": ""LIST OF NEW DRUGS APPROVED 2012"", ""retrieved_utc"": ""2026-08-05T12:13:39+00:00""}",,,,,,,,,,,
teneligliptin,Teneligliptin,2026-08-04T08:32:59.602624+00:00,Metabolic,Oral tab,oral,chronic_ongoing,20 mg,"Tenepride, Teneza, Dynaglipt","Glenmark, generics",Low-cost generic — Jan Aushadhi,Widely available as low-cost generics; Pradhan Mantri Bhartiya Janaushadhi (PMBJP) offers 50–90% cheaper generics. Manufacturer PSP not typically needed.,workbook_reference_unverified,False,False,"Type 2 diabetes (very widely used, low-cost in India)",DPP-4 inhibitor,~2015,255,8.5,tab,True,Assumes once-daily dosing of one tab (30/month).,₹5–12 / tab,False,"[{""indication"": ""Type 2 diabetes (very widely used, low-cost in India)""}]",hba1c_reduction,HbA1c Reduction,%,,True,,,[],0.0,Standard of Care,,,,True,True,"[""Nausea"", ""Headache"", ""Fatigue""]","[""Muscle Pain"", ""Gastrointestinal discomfort""]","{""status"": ""unavailable"", ""missing_fields"": [""hba1c_reduction""], ""issues"": [{""field"": ""hba1c_reduction"", ""severity"": ""warning"", ""message"": ""Primary endpoint not in workbook — run analysis or enter manually.""}]}","{""addressable_population"": null, ""sources"": ""Not available — regional incidence not resolved""}","{""clinical"": ""Standard prescribing guides"", ""competitor"": ""Standard of Care baseline"", ""safety"": ""Clinical trial safety metadata"", ""drug_safety"": ""Product label"", ""clinical_tier"": ""tier_2"", ""competitor_tier"": ""tier_3"", ""safety_tier"": ""tier_2""}","{""global_approval"": {""agency"": ""FDA"", ""date"": ""~2015"", ""status"": ""approved""}, ""regional_status"": ""launched"", ""local_regulator"": ""CDSCO"", ""local_approval_date"": ""~2015"", ""availability_text"": ""Commercially Available (Audited)"", ""availability_color"": ""green"", ""notes"": """", ""is_available"": true}","{""IN"": 255, ""SG"": 4, ""AE"": 11}",True,"{""listed"": true, ""section"": ""18.3.1.7"", ""care_levels"": [""Primary"", ""Secondary"", ""Tertiary""], ""matched_as"": ""Teneligliptin"", ""source_url"": ""https://nppa.gov.in/en/nlem2022"", ""retrieved_utc"": ""2026-08-04T14:32:40+00:00""}",True,1,"[{""text"": ""Type 2 diabetes"", ""raw"": ""Type 2 diabetes (very widely used, low-cost in India)"", ""qualifier"": ""very widely used, low-cost in India"", ""off_label"": false, ""registry_indication"": ""Type 2 Diabetes"", ""category"": ""Metabolic"", ""mapped"": true}]",2026-08-04T15:31:12+00:00,1,0,Metabolic,Type 2 diabetes,Type 2 Diabetes,[],"{""molecule"": ""Teneligliptin"", ""found"": true, ""approved_in_india"": true, ""first_approval_date"": ""2015-05-18"", ""approval_day_known"": true, ""single_molecule_rows"": 1, ""combination_rows"": 0, ""only_as_combination"": false, ""india_indications"": [""For the treatment of Type 2 Diabetes Mellitus as a Monotherapy adjunct to diet and Exercise""], ""source_name"": ""CDSCO List of Approved New Drugs"", ""source_url"": ""https://cdsco.gov.in/opencms/resources/UploadCDSCOWeb/2018/UploadApprovalNewDrugs/4_LIST%20OF%20APPROVED%20DRUG%20FROM%2001-01-2015.pdf"", ""source_list"": ""LIST OF APPROVED DRUG FROM 01-01-2015 to 31-01-2015"", ""retrieved_utc"": ""2026-08-05T12:13:39+00:00""}",,,,,,,,,,,
saxagliptin,Saxagliptin,2026-08-04T08:32:59.602736+00:00,Metabolic,Oral tab,oral,chronic_ongoing,2.5/5 mg,Onglyza,AstraZeneca,Generics + optional adherence PSP,Affordable branded generics widely available; innovator brands may offer counselling/adherence support via the prescriber. Jan Aushadhi generics available for older molecules.,workbook_reference_unverified,False,False,Type 2 diabetes,DPP-4 inhibitor,~2011,645,21.5,tab,True,Assumes once-daily dosing of one tab (30/month).,₹15–28 / tab,False,"[{""indication"": ""Type 2 diabetes""}]",hba1c_reduction,HbA1c Reduction,%,,True,,,[],0.0,Standard of Care,,,,True,True,"[""Nausea"", ""Headache"", ""Fatigue""]","[""Muscle Pain"", ""Gastrointestinal discomfort""]","{""status"": ""unavailable"", ""missing_fields"": [""hba1c_reduction""], ""issues"": [{""field"": ""hba1c_reduction"", ""severity"": ""warning"", ""message"": ""Primary endpoint not in workbook — run analysis or enter manually.""}]}","{""addressable_population"": null, ""sources"": ""Not available — regional incidence not resolved""}","{""clinical"": ""Standard prescribing guides"", ""competitor"": ""Standard of Care baseline"", ""safety"": ""Clinical trial safety metadata"", ""drug_safety"": ""Product label"", ""clinical_tier"": ""tier_2"", ""competitor_tier"": ""tier_3"", ""safety_tier"": ""tier_2""}","{""global_approval"": {""agency"": ""FDA"", ""date"": ""~2011"", ""status"": ""approved""}, ""regional_status"": ""launched"", ""local_regulator"": ""CDSCO"", ""local_approval_date"": ""~2011"", ""availability_text"": ""Commercially Available (Audited)"", ""availability_color"": ""green"", ""notes"": """", ""is_available"": true}","{""IN"": 645, ""SG"": 10, ""AE"": 29}",True,"{""listed"": false, ""source_url"": ""https://nppa.gov.in/en/nlem2022"", ""retrieved_utc"": ""2026-08-04T14:32:40+00:00""}",False,1,"[{""text"": ""Type 2 diabetes"", ""raw"": ""Type 2 diabetes"", ""qualifier"": null, ""off_label"": false, ""registry_indication"": ""Type 2 Diabetes"", ""category"": ""Metabolic"", ""mapped"": true}]",2026-08-04T15:31:12+00:00,1,0,Metabolic,Type 2 diabetes,Type 2 Diabetes,[],"{""molecule"": ""Saxagliptin"", ""found"": false, ""approved_in_india"": null, ""first_approval_date"": null, ""india_indications"": [], ""note"": ""Not found in the CDSCO new-drug lists. The register is thin before about 2009 and several older lists are scanned images that cannot be read, so this is not evidence the molecule is unapproved in India."", ""source_name"": ""CDSCO List of Approved New Drugs"", ""retrieved_utc"": ""2026-08-05T12:13:39+00:00""}","{""us_initial_approval_year"": {""value"": 2010, ""source_name"": ""FDA prescribing information via DailyMed (SAXAGLIPTIN AND METFORMIN TABLET, FILM COATED, EXTENDED RELEASE [MYLAN PHARMACEUTICALS INC.])"", ""source_url"": ""https://dailymed.nlm.nih.gov/dailymed/drugInfo.cfm?setid=cbf8677c-cafe-48bc-8844-0cc6547886bd"", ""retrieved"": ""2026-08-03"", ""quote"": ""Initial U.S. Approval: 2010""}}",[],,,,,,,,,
gemigliptin,Gemigliptin,2026-08-04T08:32:59.602864+00:00,Metabolic,Oral tab,oral,chronic_ongoing,50 mg,Zemiglo,LG/generics,Low-cost generic — Jan Aushadhi,Widely available as low-cost generics; Pradhan Mantri Bhartiya Janaushadhi (PMBJP) offers 50–90% cheaper generics. Manufacturer PSP not typically needed.,workbook_reference_unverified,False,False,Type 2 diabetes,DPP-4 inhibitor,~2019,420,14.0,tab,True,Assumes once-daily dosing of one tab (30/month).,₹10–18 / tab,False,"[{""indication"": ""Type 2 diabetes""}]",hba1c_reduction,HbA1c Reduction,%,,True,,,[],0.0,Standard of Care,,,,True,True,"[""Nausea"", ""Headache"", ""Fatigue""]","[""Muscle Pain"", ""Gastrointestinal discomfort""]","{""status"": ""unavailable"", ""missing_fields"": [""hba1c_reduction""], ""issues"": [{""field"": ""hba1c_reduction"", ""severity"": ""warning"", ""message"": ""Primary endpoint not in workbook — run analysis or enter manually.""}]}","{""addressable_population"": null, ""sources"": ""Not available — regional incidence not resolved""}","{""clinical"": ""Standard prescribing guides"", ""competitor"": ""Standard of Care baseline"", ""safety"": ""Clinical trial safety metadata"", ""drug_safety"": ""Product label"", ""clinical_tier"": ""tier_2"", ""competitor_tier"": ""tier_3"", ""safety_tier"": ""tier_2""}","{""global_approval"": {""agency"": ""FDA"", ""date"": ""~2019"", ""status"": ""approved""}, ""regional_status"": ""launched"", ""local_regulator"": ""CDSCO"", ""local_approval_date"": ""~2019"", ""availability_text"": ""Commercially Available (Audited)"", ""availability_color"": ""green"", ""notes"": """", ""is_available"": true}","{""IN"": 420, ""SG"": 7, ""AE"": 19}",True,"{""listed"": false, ""source_url"": ""https://nppa.gov.in/en/nlem2022"", ""retrieved_utc"": ""2026-08-04T14:32:40+00:00""}",False,1,"[{""text"": ""Type 2 diabetes"", ""raw"": ""Type 2 diabetes"", ""qualifier"": null, ""off_label"": false, ""registry_indication"": ""Type 2 Diabetes"", ""category"": ""Metabolic"", ""mapped"": true}]",2026-08-04T15:31:12+00:00,1,0,Metabolic,Type 2 diabetes,Type 2 Diabetes,[],"{""molecule"": ""Gemigliptin"", ""found"": true, ""approved_in_india"": true, ""first_approval_date"": ""2015-08-21"", ""approval_day_known"": true, ""single_molecule_rows"": 1, ""combination_rows"": 0, ""only_as_combination"": false, ""india_indications"": [""As an adjunct to the diet & exercise to improve to improve glycemic control in adults with type-2 diabetes mellitus, as an monotherapy or in combination with metformin in patients with inadequate glycemic control on metformin alone”""], ""source_name"": ""CDSCO List of Approved New Drugs"", ""source_url"": ""https://cdsco.gov.in/opencms/resources/UploadCDSCOWeb/2018/UploadApprovalNewDrugs/4_LIST%20OF%20APPROVED%20DRUG%20FROM%2001-01-2015.pdf"", ""source_list"": ""LIST OF APPROVED DRUG FROM 01-01-2015 to 31-01-2015"", ""retrieved_utc"": ""2026-08-05T12:13:39+00:00""}",,,,,,,,,,,
dapagliflozin,Dapagliflozin,2026-08-04T08:32:59.602998+00:00,Metabolic,Oral tab,oral,chronic_ongoing,5/10 mg,"Forxiga, Oxra, Sugafit, Dapa","AstraZeneca, Sun, generics",Manufacturer adherence PSP / generics,AstraZeneca 'Forxiga' diabetes/HF adherence & reminder support; many low-cost generics since 2023. Jan Aushadhi generics available.,workbook_reference_unverified,False,False,Type 2 diabetes; HFrEF/HFpEF; chronic kidney disease,SGLT2 inhibitor,~2015 (generics 2023),375,12.5,tab,True,Assumes once-daily dosing of one tab (30/month).,₹5–20 / tab,True,"[{""indication"": ""Type 2 diabetes; HFrEF/HFpEF; chronic kidney disease""}]",hba1c_reduction,HbA1c Reduction,%,,True,,,[],0.0,Standard of Care,,,,True,True,"[""Nausea"", ""Headache"", ""Fatigue""]","[""Muscle Pain"", ""Gastrointestinal discomfort""]","{""status"": ""unavailable"", ""missing_fields"": [""hba1c_reduction""], ""issues"": [{""field"": ""hba1c_reduction"", ""severity"": ""warning"", ""message"": ""Primary endpoint not in workbook — run analysis or enter manually.""}]}","{""addressable_population"": null, ""sources"": ""Not available — regional incidence not resolved""}","{""clinical"": ""Standard prescribing guides"", ""competitor"": ""Standard of Care baseline"", ""safety"": ""Clinical trial safety metadata"", ""drug_safety"": ""Product label"", ""clinical_tier"": ""tier_2"", ""competitor_tier"": ""tier_3"", ""safety_tier"": ""tier_2""}","{""global_approval"": {""agency"": ""FDA"", ""date"": ""~2015 (generics 2023)"", ""status"": ""approved""}, ""regional_status"": ""launched"", ""local_regulator"": ""CDSCO"", ""local_approval_date"": ""~2015 (generics 2023)"", ""availability_text"": ""Commercially Available (Audited)"", ""availability_color"": ""green"", ""notes"": """", ""is_available"": true}","{""IN"": 375, ""SG"": 6, ""AE"": 17}",True,"{""listed"": false, ""source_url"": ""https://nppa.gov.in/en/nlem2022"", ""retrieved_utc"": ""2026-08-04T14:32:40+00:00""}",False,3,"[{""text"": ""Type 2 diabetes"", ""raw"": ""Type 2 diabetes"", ""qualifier"": null, ""off_label"": false, ""registry_indication"": ""Type 2 Diabetes"", ""category"": ""Metabolic"", ""mapped"": true}, {""text"": ""HFrEF/HFpEF"", ""raw"": ""HFrEF/HFpEF"", ""qualifier"": null, ""off_label"": false, ""registry_indication"": ""Heart Failure"", ""category"": ""CVD"", ""mapped"": true}, {""text"": ""Chronic kidney disease"", ""raw"": ""chronic kidney disease"", ""qualifier"": null, ""off_label"": false, ""registry_indication"": null, ""category"": null, ""mapped"": false}]",2026-08-04T15:31:12+00:00,2,0,Metabolic,Type 2 diabetes,Type 2 Diabetes,"[""Chronic kidney disease""]","{""molecule"": ""Dapagliflozin"", ""found"": true, ""approved_in_india"": true, ""first_approval_date"": ""2015-02-25"", ""approval_day_known"": true, ""single_molecule_rows"": 0, ""combination_rows"": 1, ""only_as_combination"": true, ""india_indications"": [""in patients for whom use of metformin is considered inappropriate due to intolerance. As add-on combination therapy in combination therapy in combination with other glucose- lowering medicinal products including insulin, when these, together with diet and exercise, do not provide adequate glycemic control\""""], ""source_name"": ""CDSCO List of Approved New Drugs"", ""source_url"": ""https://cdsco.gov.in/opencms/resources/UploadCDSCOWeb/2018/UploadApprovalNewDrugs/4_LIST%20OF%20APPROVED%20DRUG%20FROM%2001-01-2015.pdf"", ""source_list"": ""LIST OF APPROVED DRUG FROM 01-01-2015 to 31-01-2015"", ""retrieved_utc"": ""2026-08-05T12:13:39+00:00""}",,,,,,,,,,,
empagliflozin,Empagliflozin,2026-08-04T08:32:59.603134+00:00,Metabolic,Oral tab,oral,chronic_ongoing,10/25 mg,"Jardiance, Gibtulio, Empa","Boehringer/Lilly, generics",Manufacturer adherence PSP / generics,Boehringer Ingelheim–Lilly 'Jardiance' diabetes/HF adherence & education; generics increasingly available.,workbook_reference_unverified,False,False,Type 2 diabetes; heart failure; CKD; CV-risk reduction,SGLT2 inhibitor,~2015,555,18.5,tab,True,Assumes once-daily dosing of one tab (30/month).,₹12–25 / tab,True,"[{""indication"": ""Type 2 diabetes; heart failure; CKD; CV-risk reduction""}]",hba1c_reduction,HbA1c Reduction,%,,True,,,[],0.0,Standard of Care,,,,True,True,"[""Nausea"", ""Headache"", ""Fatigue""]","[""Muscle Pain"", ""Gastrointestinal discomfort""]","{""status"": ""unavailable"", ""missing_fields"": [""hba1c_reduction""], ""issues"": [{""field"": ""hba1c_reduction"", ""severity"": ""warning"", ""message"": ""Primary endpoint not in workbook — run analysis or enter manually.""}]}","{""addressable_population"": null, ""sources"": ""Not available — regional incidence not resolved""}","{""clinical"": ""Standard prescribing guides"", ""competitor"": ""Standard of Care baseline"", ""safety"": ""Clinical trial safety metadata"", ""drug_safety"": ""Product label"", ""clinical_tier"": ""tier_2"", ""competitor_tier"": ""tier_3"", ""safety_tier"": ""tier_2""}","{""global_approval"": {""agency"": ""FDA"", ""date"": ""~2015"", ""status"": ""approved""}, ""regional_status"": ""launched"", ""local_regulator"": ""CDSCO"", ""local_approval_date"": ""~2015"", ""availability_text"": ""Commercially Available (Audited)"", ""availability_color"": ""green"", ""notes"": """", ""is_available"": true}","{""IN"": 555, ""SG"": 9, ""AE"": 25}",True,"{""listed"": false, ""source_url"": ""https://nppa.gov.in/en/nlem2022"", ""retrieved_utc"": ""2026-08-04T14:32:40+00:00""}",False,4,"[{""text"": ""Type 2 diabetes"", ""raw"": ""Type 2 diabetes"", ""qualifier"": null, ""off_label"": false, ""registry_indication"": ""Type 2 Diabetes"", ""category"": ""Metabolic"", ""mapped"": true}, {""text"": ""Heart failure"", ""raw"": ""heart failure"", ""qualifier"": null, ""off_label"": false, ""registry_indication"": ""Heart Failure"", ""category"": ""CVD"", ""mapped"": true}, {""text"": ""CKD"", ""raw"": ""CKD"", ""qualifier"": null, ""off_label"": false, ""registry_indication"": null, ""category"": null, ""mapped"": false}, {""text"": ""CV-risk reduction"", ""raw"": ""CV-risk reduction"", ""qualifier"": null, ""off_label"": false, ""registry_indication"": null, ""category"": null, ""mapped"": false}]",2026-08-04T15:31:12+00:00,2,0,Metabolic,Type 2 diabetes,Type 2 Diabetes,"[""CKD"", ""CV-risk reduction""]","{""molecule"": ""Empagliflozin"", ""found"": false, ""approved_in_india"": null, ""first_approval_date"": null, ""india_indications"": [], ""note"": ""Not found in the CDSCO new-drug lists. The register is thin before about 2009 and several older lists are scanned images that cannot be read, so this is not evidence the molecule is unapproved in India."", ""source_name"": ""CDSCO List of Approved New Drugs"", ""retrieved_utc"": ""2026-08-05T12:13:39+00:00""}",,,,,,,,,,,
canagliflozin,Canagliflozin,2026-08-04T08:32:59.603272+00:00,Metabolic,Oral tab,oral,chronic_ongoing,100/300 mg,Invokana,Janssen,Generics + optional adherence PSP,Affordable branded generics widely available; innovator brands may offer counselling/adherence support via the prescriber. Jan Aushadhi generics available for older molecules.,workbook_reference_unverified,False,False,Type 2 diabetes; diabetic kidney disease,SGLT2 inhibitor,~2016,825,27.5,tab,True,Assumes once-daily dosing of one tab (30/month).,₹20–35 / tab,True,"[{""indication"": ""Type 2 diabetes; diabetic kidney disease""}]",hba1c_reduction,HbA1c Reduction,%,,True,,,[],0.0,Standard of Care,,,,True,True,"[""Nausea"", ""Headache"", ""Fatigue""]","[""Muscle Pain"", ""Gastrointestinal discomfort""]","{""status"": ""unavailable"", ""missing_fields"": [""hba1c_reduction""], ""issues"": [{""field"": ""hba1c_reduction"", ""severity"": ""warning"", ""message"": ""Primary endpoint not in workbook — run analysis or enter manually.""}]}","{""addressable_population"": null, ""sources"": ""Not available — regional incidence not resolved""}","{""clinical"": ""Standard prescribing guides"", ""competitor"": ""Standard of Care baseline"", ""safety"": ""Clinical trial safety metadata"", ""drug_safety"": ""Product label"", ""clinical_tier"": ""tier_2"", ""competitor_tier"": ""tier_3"", ""safety_tier"": ""tier_2""}","{""global_approval"": {""agency"": ""FDA"", ""date"": ""~2016"", ""status"": ""approved""}, ""regional_status"": ""launched"", ""local_regulator"": ""CDSCO"", ""local_approval_date"": ""~2016"", ""availability_text"": ""Commercially Available (Audited)"", ""availability_color"": ""green"", ""notes"": """", ""is_available"": true}","{""IN"": 825, ""SG"": 13, ""AE"": 37}",True,"{""listed"": false, ""source_url"": ""https://nppa.gov.in/en/nlem2022"", ""retrieved_utc"": ""2026-08-04T14:32:40+00:00""}",False,2,"[{""text"": ""Type 2 diabetes"", ""raw"": ""Type 2 diabetes"", ""qualifier"": null, ""off_label"": false, ""registry_indication"": ""Type 2 Diabetes"", ""category"": ""Metabolic"", ""mapped"": true}, {""text"": ""Diabetic kidney disease"", ""raw"": ""diabetic kidney disease"", ""qualifier"": null, ""off_label"": false, ""registry_indication"": null, ""category"": null, ""mapped"": false}]",2026-08-04T15:31:12+00:00,1,0,Metabolic,Type 2 diabetes,Type 2 Diabetes,"[""Diabetic kidney disease""]","{""molecule"": ""Canagliflozin"", ""found"": true, ""approved_in_india"": true, ""first_approval_date"": null, ""approval_day_known"": null, ""single_molecule_rows"": 0, ""combination_rows"": 1, ""only_as_combination"": true, ""india_indications"": [], ""source_name"": ""CDSCO List of Approved New Drugs"", ""source_url"": ""https://cdsco.gov.in/opencms/resources/UploadCDSCOWeb/2018/UploadApprovalNewDrugs/RLD%20from%202014-2011.pdf"", ""source_list"": ""Preliminary List of Products Permitted by DCG(I) and considered as Reference Product for BA/BE Studies (2014-2011)"", ""retrieved_utc"": ""2026-08-05T12:13:39+00:00""}","{""us_initial_approval_year"": {""value"": 2013, ""source_name"": ""FDA prescribing information via DailyMed (INVOKANA (CANAGLIFLOZIN) TABLET, FILM COATED [JANSSEN PHARMACEUTICALS, INC.])"", ""source_url"": ""https://dailymed.nlm.nih.gov/dailymed/drugInfo.cfm?setid=b9057d3b-b104-4f09-8a61-c61ef9d4a3f3"", ""retrieved"": ""2026-08-03"", ""quote"": ""Initial U.S. Approval: 2013""}, ""recommended_dosage"": {""value"": ""The recommended starting dosage in adults and pediatric patients aged 10 years and older with type 2 diabetes mellitus is 100 mg orally once daily, taken before the first meal of the day to improve glycemic control."", ""source_name"": ""FDA prescribing information via DailyMed (INVOKANA (CANAGLIFLOZIN) TABLET, FILM COATED [JANSSEN PHARMACEUTICALS, INC.])"", ""source_url"": ""https://dailymed.nlm.nih.gov/dailymed/drugInfo.cfm?setid=b9057d3b-b104-4f09-8a61-c61ef9d4a3f3"", ""retrieved"": ""2026-08-03"", ""quote"": ""The recommended starting dosage in adults and pediatric patients aged 10 years and older with type 2 diabetes mellitus is 100 mg orally once daily, taken before the first meal of the day to improve glycemic control.""}}",[],,,,,,,,,
ertugliflozin,Ertugliflozin,2026-08-04T08:32:59.603414+00:00,Metabolic,Oral tab,oral,chronic_ongoing,5/15 mg,Steglatro,MSD,Generics + optional adherence PSP,Affordable branded generics widely available; innovator brands may offer counselling/adherence support via the prescriber. Jan Aushadhi generics available for older molecules.,workbook_reference_unverified,False,False,Type 2 diabetes,SGLT2 inhibitor,~2019,720,24.0,tab,True,Assumes once-daily dosing of one tab (30/month).,₹18–30 / tab,False,"[{""indication"": ""Type 2 diabetes""}]",hba1c_reduction,HbA1c Reduction,%,,True,,,[],0.0,Standard of Care,,,,True,True,"[""Nausea"", ""Headache"", ""Fatigue""]","[""Muscle Pain"", ""Gastrointestinal discomfort""]","{""status"": ""unavailable"", ""missing_fields"": [""hba1c_reduction""], ""issues"": [{""field"": ""hba1c_reduction"", ""severity"": ""warning"", ""message"": ""Primary endpoint not in workbook — run analysis or enter manually.""}]}","{""addressable_population"": null, ""sources"": ""Not available — regional incidence not resolved""}","{""clinical"": ""Standard prescribing guides"", ""competitor"": ""Standard of Care baseline"", ""safety"": ""Clinical trial safety metadata"", ""drug_safety"": ""Product label"", ""clinical_tier"": ""tier_2"", ""competitor_tier"": ""tier_3"", ""safety_tier"": ""tier_2""}","{""global_approval"": {""agency"": ""FDA"", ""date"": ""~2019"", ""status"": ""approved""}, ""regional_status"": ""launched"", ""local_regulator"": ""CDSCO"", ""local_approval_date"": ""~2019"", ""availability_text"": ""Commercially Available (Audited)"", ""availability_color"": ""green"", ""notes"": """", ""is_available"": true}","{""IN"": 720, ""SG"": 12, ""AE"": 32}",True,"{""listed"": false, ""source_url"": ""https://nppa.gov.in/en/nlem2022"", ""retrieved_utc"": ""2026-08-04T14:32:40+00:00""}",False,1,"[{""text"": ""Type 2 diabetes"", ""raw"": ""Type 2 diabetes"", ""qualifier"": null, ""off_label"": false, ""registry_indication"": ""Type 2 Diabetes"", ""category"": ""Metabolic"", ""mapped"": true}]",2026-08-04T15:31:12+00:00,1,0,Metabolic,Type 2 diabetes,Type 2 Diabetes,[],"{""molecule"": ""Ertugliflozin"", ""found"": false, ""approved_in_india"": null, ""first_approval_date"": null, ""india_indications"": [], ""note"": ""Not found in the CDSCO new-drug lists. The register is thin before about 2009 and several older lists are scanned images that cannot be read, so this is not evidence the molecule is unapproved in India."", ""source_name"": ""CDSCO List of Approved New Drugs"", ""retrieved_utc"": ""2026-08-05T12:13:39+00:00""}","{""us_initial_approval_year"": {""value"": 2017, ""source_name"": ""FDA prescribing information via DailyMed (STEGLUJAN (ERTUGLIFLOZIN AND SITAGLIPTIN) TABLET, FILM COATED [MERCK SHARP & DOHME LLC])"", ""source_url"": ""https://dailymed.nlm.nih.gov/dailymed/drugInfo.cfm?setid=c2c553d8-5a9d-4366-bf53-8bdb5a876d19"", ""retrieved"": ""2026-08-03"", ""quote"": ""Initial U.S. Approval: 2017""}, ""recommended_dosage"": {""value"": ""The recommended starting dosage of STEGLUJAN is 5 mg ertugliflozin/100 mg sitagliptin orally once daily, taken in the morning, with or without food."", ""source_name"": ""FDA prescribing information via DailyMed (STEGLUJAN (ERTUGLIFLOZIN AND SITAGLIPTIN) TABLET, FILM COATED [MERCK SHARP & DOHME LLC])"", ""source_url"": ""https://dailymed.nlm.nih.gov/dailymed/drugInfo.cfm?setid=c2c553d8-5a9d-4366-bf53-8bdb5a876d19"", ""retrieved"": ""2026-08-03"", ""quote"": ""The recommended starting dosage of STEGLUJAN is 5 mg ertugliflozin/100 mg sitagliptin orally once daily, taken in the morning, with or without food.""}}",[],,,,,,,,,
remogliflozin,Remogliflozin,2026-08-04T08:32:59.603545+00:00,Metabolic,Oral tab,oral,chronic_ongoing,100 mg,"Remo, Remozen",Glenmark,Low-cost generic — Jan Aushadhi,Widely available as low-cost generics; Pradhan Mantri Bhartiya Janaushadhi (PMBJP) offers 50–90% cheaper generics. Manufacturer PSP not typically needed.,workbook_reference_unverified,False,False,Type 2 diabetes,SGLT2 inhibitor,2019 (India-first),345,11.5,tab,True,Assumes once-daily dosing of one tab (30/month).,₹8–15 / tab,False,"[{""indication"": ""Type 2 diabetes""}]",hba1c_reduction,HbA1c Reduction,%,,True,,,[],0.0,Standard of Care,,,,True,True,"[""Nausea"", ""Headache"", ""Fatigue""]","[""Muscle Pain"", ""Gastrointestinal discomfort""]","{""status"": ""unavailable"", ""missing_fields"": [""hba1c_reduction""], ""issues"": [{""field"": ""hba1c_reduction"", ""severity"": ""warning"", ""message"": ""Primary endpoint not in workbook — run analysis or enter manually.""}]}","{""addressable_population"": null, ""sources"": ""Not available — regional incidence not resolved""}","{""clinical"": ""Standard prescribing guides"", ""competitor"": ""Standard of Care baseline"", ""safety"": ""Clinical trial safety metadata"", ""drug_safety"": ""Product label"", ""clinical_tier"": ""tier_2"", ""competitor_tier"": ""tier_3"", ""safety_tier"": ""tier_2""}","{""global_approval"": {""agency"": ""FDA"", ""date"": ""2019 (India-first)"", ""status"": ""approved""}, ""regional_status"": ""launched"", ""local_regulator"": ""CDSCO"", ""local_approval_date"": ""2019 (India-first)"", ""availability_text"": ""Commercially Available (Audited)"", ""availability_color"": ""green"", ""notes"": """", ""is_available"": true}","{""IN"": 345, ""SG"": 5, ""AE"": 15}",True,"{""listed"": false, ""source_url"": ""https://nppa.gov.in/en/nlem2022"", ""retrieved_utc"": ""2026-08-04T14:32:40+00:00""}",False,1,"[{""text"": ""Type 2 diabetes"", ""raw"": ""Type 2 diabetes"", ""qualifier"": null, ""off_label"": false, ""registry_indication"": ""Type 2 Diabetes"", ""category"": ""Metabolic"", ""mapped"": true}]",2026-08-04T15:31:12+00:00,1,0,Metabolic,Type 2 diabetes,Type 2 Diabetes,[],"{""molecule"": ""Remogliflozin"", ""found"": true, ""approved_in_india"": true, ""first_approval_date"": ""2019-04-26"", ""approval_day_known"": true, ""single_molecule_rows"": 0, ""combination_rows"": 1, ""only_as_combination"": true, ""india_indications"": [""Indicated in adults aged 18 years and older with type2 diabetes mellitus to improve glycemic control as:-  Monotherapy when diet and exercise alone do not provide adequate glyceamic control.  Add on therapy with metformin, together with diet and exercise, when these do not provide adequate glyceamic control""], ""source_name"": ""CDSCO List of Approved New Drugs"", ""source_url"": ""https://cdsco.gov.in/opencms/resources/UploadCDSCOWeb/2018/UploadApprovalNewDrugs/newdrugapprovaldec3119.pdf"", ""source_list"": ""List of new drugs approved in the year 2019 till 30 December 2019"", ""retrieved_utc"": ""2026-08-05T12:13:39+00:00""}",,,,,,,,,,,
liraglutide,Liraglutide,2026-08-04T08:32:59.603682+00:00,Metabolic,SC injection (pen),sc_injection,chronic_ongoing,6 mg/mL; Victoza 1.2/1.8; Saxenda 3.0,"Victoza, Saxenda",Novo Nordisk,Manufacturer diabetes PSP (education/adherence),"Novo Nordisk 'Changing Diabetes' & Novo Nordisk Education Foundation; access-&-affordability programs. Counselling, injection training, adherence. (Not a free-drug scheme.)",workbook_reference_unverified,False,False,Type 2 diabetes (Victoza); chronic weight management (Saxenda),GLP-1 receptor agonist,~2014,5250,175.0,day,False,Priced per day.,₹100–250 / day,True,"[{""indication"": ""Type 2 diabetes (Victoza); chronic weight management (Saxenda)""}]",weight_reduction,Mean Body-Weight Reduction,%,,True,,,[],0.0,Standard of Care,,,,True,True,"[""Nausea"", ""Headache"", ""Fatigue""]","[""Muscle Pain"", ""Gastrointestinal discomfort""]","{""status"": ""unavailable"", ""missing_fields"": [""weight_reduction""], ""issues"": [{""field"": ""weight_reduction"", ""severity"": ""warning"", ""message"": ""Primary endpoint not in workbook — run analysis or enter manually.""}]}","{""addressable_population"": null, ""sources"": ""Not available — regional incidence not resolved""}","{""clinical"": ""Standard prescribing guides"", ""competitor"": ""Standard of Care baseline"", ""safety"": ""Clinical trial safety metadata"", ""drug_safety"": ""Product label"", ""clinical_tier"": ""tier_2"", ""competitor_tier"": ""tier_3"", ""safety_tier"": ""tier_2""}","{""global_approval"": {""agency"": ""FDA"", ""date"": ""~2014"", ""status"": ""approved""}, ""regional_status"": ""launched"", ""local_regulator"": ""CDSCO"", ""local_approval_date"": ""~2014"", ""availability_text"": ""Commercially Available (Audited)"", ""availability_color"": ""green"", ""notes"": """", ""is_available"": true}","{""IN"": 5250, ""SG"": 87, ""AE"": 238}",True,"{""listed"": false, ""source_url"": ""https://nppa.gov.in/en/nlem2022"", ""retrieved_utc"": ""2026-08-04T14:32:40+00:00""}",False,2,"[{""text"": ""Type 2 diabetes"", ""raw"": ""Type 2 diabetes (Victoza)"", ""qualifier"": ""Victoza"", ""off_label"": false, ""registry_indication"": ""Type 2 Diabetes"", ""category"": ""Metabolic"", ""mapped"": true}, {""text"": ""Chronic weight management"", ""raw"": ""chronic weight management (Saxenda)"", ""qualifier"": ""Saxenda"", ""off_label"": false, ""registry_indication"": ""Chronic Weight Management"", ""category"": ""Metabolic"", ""mapped"": true}]",2026-08-04T15:31:12+00:00,2,0,Metabolic,Type 2 diabetes,Type 2 Diabetes,[],"{""molecule"": ""Liraglutide"", ""found"": false, ""approved_in_india"": null, ""first_approval_date"": null, ""india_indications"": [], ""note"": ""Not found in the CDSCO new-drug lists. The register is thin before about 2009 and several older lists are scanned images that cannot be read, so this is not evidence the molecule is unapproved in India."", ""source_name"": ""CDSCO List of Approved New Drugs"", ""retrieved_utc"": ""2026-08-05T12:13:39+00:00""}","{""us_initial_approval_year"": {""value"": 2010, ""source_name"": ""FDA prescribing information via DailyMed (SAXENDA (LIRAGLUTIDE) INJECTION, SOLUTION [NOVO NORDISK PHARMACEUTICAL INDUSTRIES, LP])"", ""source_url"": ""https://dailymed.nlm.nih.gov/dailymed/drugInfo.cfm?setid=3946d389-0926-4f77-a708-0acb8153b143"", ""retrieved"": ""2026-08-03"", ""quote"": ""Initial U.S. Approval: 2010""}, ""recommended_dosage"": {""value"": ""The recommended dose of SAXENDA is 3 mg daily."", ""source_name"": ""FDA prescribing information via DailyMed (SAXENDA (LIRAGLUTIDE) INJECTION, SOLUTION [NOVO NORDISK PHARMACEUTICAL INDUSTRIES, LP])"", ""source_url"": ""https://dailymed.nlm.nih.gov/dailymed/drugInfo.cfm?setid=3946d389-0926-4f77-a708-0acb8153b143"", ""retrieved"": ""2026-08-03"", ""quote"": ""The recommended dose of SAXENDA is 3 mg daily.""}}",[],,,,,,,,,
dulaglutide,Dulaglutide,2026-08-04T08:32:59.603812+00:00,Metabolic,SC injection (weekly pen),oral,chronic_ongoing,0.75/1.5 mg,Trulicity,Eli Lilly,Manufacturer diabetes PSP (education/adherence),"Eli Lilly India diabetes support & adherence programs (counselling, injection training). Formal savings cards are US-only.",workbook_reference_unverified,False,False,Type 2 diabetes,GLP-1 receptor agonist,~2018,,,,True,No numeric price in source (Premium (weekly)) — enter manually.,Premium (weekly),False,"[{""indication"": ""Type 2 diabetes""}]",hba1c_reduction,HbA1c Reduction,%,,True,,,[],0.0,Standard of Care,,,,True,True,"[""Nausea"", ""Headache"", ""Fatigue""]","[""Muscle Pain"", ""Gastrointestinal discomfort""]","{""status"": ""unavailable"", ""missing_fields"": [""hba1c_reduction""], ""issues"": [{""field"": ""hba1c_reduction"", ""severity"": ""warning"", ""message"": ""Primary endpoint not in workbook — run analysis or enter manually.""}]}","{""addressable_population"": null, ""sources"": ""Not available — regional incidence not resolved""}","{""clinical"": ""Standard prescribing guides"", ""competitor"": ""Standard of Care baseline"", ""safety"": ""Clinical trial safety metadata"", ""drug_safety"": ""Product label"", ""clinical_tier"": ""tier_2"", ""competitor_tier"": ""tier_3"", ""safety_tier"": ""tier_2""}","{""global_approval"": {""agency"": ""FDA"", ""date"": ""~2018"", ""status"": ""approved""}, ""regional_status"": ""launched"", ""local_regulator"": ""CDSCO"", ""local_approval_date"": ""~2018"", ""availability_text"": ""Commercially Available (Audited)"", ""availability_color"": ""green"", ""notes"": """", ""is_available"": true}","{""IN"": null, ""SG"": null, ""AE"": null}",True,"{""listed"": false, ""source_url"": ""https://nppa.gov.in/en/nlem2022"", ""retrieved_utc"": ""2026-08-04T14:32:40+00:00""}",False,1,"[{""text"": ""Type 2 diabetes"", ""raw"": ""Type 2 diabetes"", ""qualifier"": null, ""off_label"": false, ""registry_indication"": ""Type 2 Diabetes"", ""category"": ""Metabolic"", ""mapped"": true}]",2026-08-04T15:31:12+00:00,1,0,Metabolic,Type 2 diabetes,Type 2 Diabetes,[],"{""molecule"": ""Dulaglutide"", ""found"": false, ""approved_in_india"": null, ""first_approval_date"": null, ""india_indications"": [], ""note"": ""Not found in the CDSCO new-drug lists. The register is thin before about 2009 and several older lists are scanned images that cannot be read, so this is not evidence the molecule is unapproved in India."", ""source_name"": ""CDSCO List of Approved New Drugs"", ""retrieved_utc"": ""2026-08-05T12:13:39+00:00""}","{""us_initial_approval_year"": {""value"": 2014, ""source_name"": ""FDA prescribing information via DailyMed (TRULICITY (DULAGLUTIDE) INJECTION, SOLUTION [ELI LILLY AND COMPANY])"", ""source_url"": ""https://dailymed.nlm.nih.gov/dailymed/drugInfo.cfm?setid=463050bd-2b1c-40f5-b3c3-0a04bb433309"", ""retrieved"": ""2026-08-03"", ""quote"": ""Initial U.S. Approval: 2014""}, ""recommended_dosage"": {""value"": ""The recommended starting dosage of TRULICITY is 0.75 mg injected subcutaneously once weekly."", ""source_name"": ""FDA prescribing information via DailyMed (TRULICITY (DULAGLUTIDE) INJECTION, SOLUTION [ELI LILLY AND COMPANY])"", ""source_url"": ""https://dailymed.nlm.nih.gov/dailymed/drugInfo.cfm?setid=463050bd-2b1c-40f5-b3c3-0a04bb433309"", ""retrieved"": ""2026-08-03"", ""quote"": ""The recommended starting dosage of TRULICITY is 0.75 mg injected subcutaneously once weekly.""}}",[],,,,,,,,,
semaglutide-injectable,Semaglutide (injectable),2026-08-04T08:32:59.603985+00:00,Metabolic,SC injection (weekly),oral,chronic_ongoing,0.25–2 mg (Ozempic); Wegovy up to 2.4 mg,"Ozempic, Wegovy/Poviztra, + generics (Noveltreat, Semaglyn, Usema, SUNDAE)","Novo Nordisk; Sun, Dr Reddy's, Zydus, Eris/Natco",Manufacturer diabetes PSP (education/adherence),"Novo Nordisk 'Changing Diabetes' & Novo Nordisk Education Foundation; access-&-affordability programs. Counselling, injection training, adherence. (Not a free-drug scheme.)",workbook_reference_unverified,False,False,Type 2 diabetes (Ozempic); obesity (Wegovy); CV-risk reduction,GLP-1 receptor agonist,Ozempic ~2024; generics 2025–26,7380,7380.0,mo,False,Priced per mo.,"Ozempic ₹5,660–9,100/mo; Wegovy ₹3,999–16,400/mo; generics from ~₹750/mo",True,"[{""indication"": ""Type 2 diabetes (Ozempic); obesity (Wegovy); CV-risk reduction""}]",hba1c_reduction,HbA1c Reduction,%,,True,,,[],0.0,Standard of Care,,,,True,True,"[""Nausea"", ""Headache"", ""Fatigue""]","[""Muscle Pain"", ""Gastrointestinal discomfort""]","{""status"": ""unavailable"", ""missing_fields"": [""hba1c_reduction""], ""issues"": [{""field"": ""hba1c_reduction"", ""severity"": ""warning"", ""message"": ""Primary endpoint not in workbook — run analysis or enter manually.""}]}","{""addressable_population"": null, ""sources"": ""Not available — regional incidence not resolved""}","{""clinical"": ""Standard prescribing guides"", ""competitor"": ""Standard of Care baseline"", ""safety"": ""Clinical trial safety metadata"", ""drug_safety"": ""Product label"", ""clinical_tier"": ""tier_2"", ""competitor_tier"": ""tier_3"", ""safety_tier"": ""tier_2""}","{""global_approval"": {""agency"": ""FDA"", ""date"": ""Ozempic ~2024; generics 2025–26"", ""status"": ""approved""}, ""regional_status"": ""launched"", ""local_regulator"": ""CDSCO"", ""local_approval_date"": ""Ozempic ~2024; generics 2025–26"", ""availability_text"": ""Commercially Available (Audited)"", ""availability_color"": ""green"", ""notes"": ""Patent expired Mar 2026 → many low-cost generics"", ""is_available"": true}","{""IN"": 7380, ""SG"": 123, ""AE"": 335}",True,"{""listed"": false, ""source_url"": ""https://nppa.gov.in/en/nlem2022"", ""retrieved_utc"": ""2026-08-04T14:32:40+00:00""}",False,3,"[{""text"": ""Type 2 diabetes"", ""raw"": ""Type 2 diabetes (Ozempic)"", ""qualifier"": ""Ozempic"", ""off_label"": false, ""registry_indication"": ""Type 2 Diabetes"", ""category"": ""Metabolic"", ""mapped"": true}, {""text"": ""Obesity"", ""raw"": ""obesity (Wegovy)"", ""qualifier"": ""Wegovy"", ""off_label"": false, ""registry_indication"": ""Chronic Weight Management"", ""category"": ""Metabolic"", ""mapped"": true}, {""text"": ""CV-risk reduction"", ""raw"": ""CV-risk reduction"", ""qualifier"": null, ""off_label"": false, ""registry_indication"": null, ""category"": null, ""mapped"": false}]",2026-08-04T15:31:12+00:00,2,0,Metabolic,Type 2 diabetes,Type 2 Diabetes,"[""CV-risk reduction""]","{""molecule"": ""Semaglutide (injectable)"", ""found"": false, ""approved_in_india"": null, ""first_approval_date"": null, ""india_indications"": [], ""note"": ""Not found in the CDSCO new-drug lists. The register is thin before about 2009 and several older lists are scanned images that cannot be read, so this is not evidence the molecule is unapproved in India."", ""source_name"": ""CDSCO List of Approved New Drugs"", ""retrieved_utc"": ""2026-08-05T12:13:39+00:00""}","{""us_initial_approval_year"": {""value"": 2017, ""source_name"": ""FDA prescribing information via DailyMed (WEGOVY (SEMAGLUTIDE) INJECTION, SOLUTION WEGOVY (SEMAGLUTIDE) TABLET [NOVO NORDISK PHARMACEUTICAL INDUSTRIES, LP])"", ""source_url"": ""https://dailymed.nlm.nih.gov/dailymed/drugInfo.cfm?setid=ee06186f-2aa3-4990-a760-757579d8f77b"", ""retrieved"": ""2026-08-03"", ""quote"": ""Initial U.S. Approval: 2017""}}",[],,,,,,,,,
semaglutide-oral,Semaglutide (oral),2026-08-04T08:32:59.604129+00:00,Metabolic,Oral tab,oral,chronic_ongoing,3/7/14 mg,Rybelsus,Novo Nordisk,Manufacturer diabetes PSP (education/adherence),"Novo Nordisk 'Changing Diabetes' & Novo Nordisk Education Foundation; access-&-affordability programs. Counselling, injection training, adherence. (Not a free-drug scheme.)",workbook_reference_unverified,False,False,Type 2 diabetes,GLP-1 (oral),~2022,3450,115.0,tab,True,Assumes once-daily dosing of one tab (30/month).,₹80–150 / tab,False,"[{""indication"": ""Type 2 diabetes""}]",hba1c_reduction,HbA1c Reduction,%,,True,,,[],0.0,Standard of Care,,,,True,True,"[""Nausea"", ""Headache"", ""Fatigue""]","[""Muscle Pain"", ""Gastrointestinal discomfort""]","{""status"": ""unavailable"", ""missing_fields"": [""hba1c_reduction""], ""issues"": [{""field"": ""hba1c_reduction"", ""severity"": ""warning"", ""message"": ""Primary endpoint not in workbook — run analysis or enter manually.""}]}","{""addressable_population"": null, ""sources"": ""Not available — regional incidence not resolved""}","{""clinical"": ""Standard prescribing guides"", ""competitor"": ""Standard of Care baseline"", ""safety"": ""Clinical trial safety metadata"", ""drug_safety"": ""Product label"", ""clinical_tier"": ""tier_2"", ""competitor_tier"": ""tier_3"", ""safety_tier"": ""tier_2""}","{""global_approval"": {""agency"": ""FDA"", ""date"": ""~2022"", ""status"": ""approved""}, ""regional_status"": ""launched"", ""local_regulator"": ""CDSCO"", ""local_approval_date"": ""~2022"", ""availability_text"": ""Commercially Available (Audited)"", ""availability_color"": ""green"", ""notes"": """", ""is_available"": true}","{""IN"": 3450, ""SG"": 57, ""AE"": 156}",True,"{""listed"": false, ""source_url"": ""https://nppa.gov.in/en/nlem2022"", ""retrieved_utc"": ""2026-08-04T14:32:40+00:00""}",False,1,"[{""text"": ""Type 2 diabetes"", ""raw"": ""Type 2 diabetes"", ""qualifier"": null, ""off_label"": false, ""registry_indication"": ""Type 2 Diabetes"", ""category"": ""Metabolic"", ""mapped"": true}]",2026-08-04T15:31:12+00:00,1,0,Metabolic,Type 2 diabetes,Type 2 Diabetes,[],"{""molecule"": ""Semaglutide (oral)"", ""found"": false, ""approved_in_india"": null, ""first_approval_date"": null, ""india_indications"": [], ""note"": ""Not found in the CDSCO new-drug lists. The register is thin before about 2009 and several older lists are scanned images that cannot be read, so this is not evidence the molecule is unapproved in India."", ""source_name"": ""CDSCO List of Approved New Drugs"", ""retrieved_utc"": ""2026-08-05T12:13:39+00:00""}","{""us_initial_approval_year"": {""value"": 2017, ""source_name"": ""FDA prescribing information via DailyMed (WEGOVY (SEMAGLUTIDE) INJECTION, SOLUTION WEGOVY (SEMAGLUTIDE) TABLET [NOVO NORDISK PHARMACEUTICAL INDUSTRIES, LP])"", ""source_url"": ""https://dailymed.nlm.nih.gov/dailymed/drugInfo.cfm?setid=ee06186f-2aa3-4990-a760-757579d8f77b"", ""retrieved"": ""2026-08-03"", ""quote"": ""Initial U.S. Approval: 2017""}}",[],,,,,,,,,
tirzepatide,Tirzepatide,2026-08-04T08:32:59.604298+00:00,Metabolic,SC injection (weekly pen/vial),oral,chronic_ongoing,2.5–15 mg,Mounjaro,Eli Lilly,Manufacturer diabetes PSP (education/adherence),"Eli Lilly India diabetes support & adherence programs (counselling, injection training). Formal savings cards are US-only.",workbook_reference_unverified,False,False,Type 2 diabetes; obesity (dual incretin),Dual GIP/GLP-1 agonist,Mar 2025,20750,20750.0,month,False,Priced per month.,"₹14,000–27,500 / month",True,"[{""indication"": ""Type 2 diabetes; obesity (dual incretin)""}]",hba1c_reduction,HbA1c Reduction,%,,True,,,[],0.0,Standard of Care,,,,True,True,"[""Nausea"", ""Headache"", ""Fatigue""]","[""Muscle Pain"", ""Gastrointestinal discomfort""]","{""status"": ""unavailable"", ""missing_fields"": [""hba1c_reduction""], ""issues"": [{""field"": ""hba1c_reduction"", ""severity"": ""warning"", ""message"": ""Primary endpoint not in workbook — run analysis or enter manually.""}]}","{""addressable_population"": null, ""sources"": ""Not available — regional incidence not resolved""}","{""clinical"": ""Standard prescribing guides"", ""competitor"": ""Standard of Care baseline"", ""safety"": ""Clinical trial safety metadata"", ""drug_safety"": ""Product label"", ""clinical_tier"": ""tier_2"", ""competitor_tier"": ""tier_3"", ""safety_tier"": ""tier_2""}","{""global_approval"": {""agency"": ""FDA"", ""date"": ""Mar 2025"", ""status"": ""approved""}, ""regional_status"": ""launched"", ""local_regulator"": ""CDSCO"", ""local_approval_date"": ""Mar 2025"", ""availability_text"": ""Commercially Available (Audited)"", ""availability_color"": ""green"", ""notes"": ""No Indian generic (patent ~2030)"", ""is_available"": true}","{""IN"": 20750, ""SG"": 345, ""AE"": 943}",True,"{""listed"": false, ""source_url"": ""https://nppa.gov.in/en/nlem2022"", ""retrieved_utc"": ""2026-08-04T14:32:40+00:00""}",False,2,"[{""text"": ""Type 2 diabetes"", ""raw"": ""Type 2 diabetes"", ""qualifier"": null, ""off_label"": false, ""registry_indication"": ""Type 2 Diabetes"", ""category"": ""Metabolic"", ""mapped"": true}, {""text"": ""Obesity"", ""raw"": ""obesity (dual incretin)"", ""qualifier"": ""dual incretin"", ""off_label"": false, ""registry_indication"": ""Chronic Weight Management"", ""category"": ""Metabolic"", ""mapped"": true}]",2026-08-04T15:31:12+00:00,2,0,Metabolic,Type 2 diabetes,Type 2 Diabetes,[],"{""molecule"": ""Tirzepatide"", ""found"": true, ""approved_in_india"": true, ""first_approval_date"": null, ""approval_day_known"": null, ""single_molecule_rows"": 1, ""combination_rows"": 0, ""only_as_combination"": false, ""india_indications"": [""as an adjunct to diet and exercise to improve glycemic control in adults with type 2 diabetes mellitus 19-01 2024""], ""source_name"": ""CDSCO List of Approved New Drugs"", ""source_url"": ""https://cdsco.gov.in/opencms/resources/UploadCDSCOWeb/2018/UploadApprovalNewDrugs/List%20of%20New%20Drugs%20approved%20in%20the%20year%202024%20till%20date%20%2826.11.2024%29.pdf"", ""source_list"": ""List of new drugs approved in the year 2024 till date"", ""retrieved_utc"": ""2026-08-05T12:13:39+00:00""}","{""us_initial_approval_year"": {""value"": 2022, ""source_name"": ""FDA prescribing information via DailyMed (MOUNJARO (TIRZEPATIDE) INJECTION, SOLUTION [A-S MEDICATION SOLUTIONS])"", ""source_url"": ""https://dailymed.nlm.nih.gov/dailymed/drugInfo.cfm?setid=0818426a-53eb-4db7-9609-bbae1e7a3964"", ""retrieved"": ""2026-08-03"", ""quote"": ""Initial U.S. Approval: 2022""}, ""recommended_dosage"": {""value"": ""The recommended starting dosage is 2.5 mg injected subcutaneously once weekly."", ""source_name"": ""FDA prescribing information via DailyMed (MOUNJARO (TIRZEPATIDE) INJECTION, SOLUTION [A-S MEDICATION SOLUTIONS])"", ""source_url"": ""https://dailymed.nlm.nih.gov/dailymed/drugInfo.cfm?setid=0818426a-53eb-4db7-9609-bbae1e7a3964"", ""retrieved"": ""2026-08-03"", ""quote"": ""The recommended starting dosage is 2.5 mg injected subcutaneously once weekly.""}}",[],,,,,,,,,
pioglitazone,Pioglitazone,2026-08-04T08:32:59.604666+00:00,Metabolic,Oral tab,oral,chronic_ongoing,7.5/15/30 mg,"Pioz, Pioglar, Piozone","USV, generics",Low-cost generic — Jan Aushadhi,Widely available as low-cost generics; Pradhan Mantri Bhartiya Janaushadhi (PMBJP) offers 50–90% cheaper generics. Manufacturer PSP not typically needed.,workbook_reference_unverified,False,False,Type 2 diabetes (insulin resistance),Thiazolidinedione,~2002,165,5.5,tab,True,Assumes once-daily dosing of one tab (30/month).,₹3–8 / tab,False,"[{""indication"": ""Type 2 diabetes (insulin resistance)""}]",hba1c_reduction,HbA1c Reduction,%,,True,,,[],0.0,Standard of Care,,,,True,True,"[""Nausea"", ""Headache"", ""Fatigue""]","[""Muscle Pain"", ""Gastrointestinal discomfort""]","{""status"": ""unavailable"", ""missing_fields"": [""hba1c_reduction""], ""issues"": [{""field"": ""hba1c_reduction"", ""severity"": ""warning"", ""message"": ""Primary endpoint not in workbook — run analysis or enter manually.""}]}","{""addressable_population"": null, ""sources"": ""Not available — regional incidence not resolved""}","{""clinical"": ""Standard prescribing guides"", ""competitor"": ""Standard of Care baseline"", ""safety"": ""Clinical trial safety metadata"", ""drug_safety"": ""Product label"", ""clinical_tier"": ""tier_2"", ""competitor_tier"": ""tier_3"", ""safety_tier"": ""tier_2""}","{""global_approval"": {""agency"": ""FDA"", ""date"": ""~2002"", ""status"": ""approved""}, ""regional_status"": ""launched"", ""local_regulator"": ""CDSCO"", ""local_approval_date"": ""~2002"", ""availability_text"": ""Commercially Available (Audited)"", ""availability_color"": ""green"", ""notes"": """", ""is_available"": true}","{""IN"": 165, ""SG"": 2, ""AE"": 7}",True,"{""listed"": false, ""source_url"": ""https://nppa.gov.in/en/nlem2022"", ""retrieved_utc"": ""2026-08-04T14:32:40+00:00""}",False,1,"[{""text"": ""Type 2 diabetes"", ""raw"": ""Type 2 diabetes (insulin resistance)"", ""qualifier"": ""insulin resistance"", ""off_label"": false, ""registry_indication"": ""Type 2 Diabetes"", ""category"": ""Metabolic"", ""mapped"": true}]",2026-08-04T15:31:12+00:00,1,0,Metabolic,Type 2 diabetes,Type 2 Diabetes,[],"{""molecule"": ""Pioglitazone"", ""found"": true, ""approved_in_india"": true, ""first_approval_date"": ""2009-02-23"", ""approval_day_known"": true, ""single_molecule_rows"": 0, ""combination_rows"": 1, ""only_as_combination"": true, ""india_indications"": [], ""source_name"": ""CDSCO List of Approved New Drugs"", ""source_url"": ""https://cdsco.gov.in/opencms/resources/UploadCDSCOWeb/2018/UploadApprovalNewDrugs/2009.pdf"", ""source_list"": ""LIST OF NEW DRUGS APPROVED 2009"", ""retrieved_utc"": ""2026-08-05T12:13:39+00:00""}",,,,,,,,,,,
voglibose,Voglibose,2026-08-04T08:32:59.604849+00:00,Metabolic,Oral tab,oral,chronic_ongoing,0.2/0.3 mg,"Volix, Vobose, Volibo","Sun, generics",Low-cost generic — Jan Aushadhi,Widely available as low-cost generics; Pradhan Mantri Bhartiya Janaushadhi (PMBJP) offers 50–90% cheaper generics. Manufacturer PSP not typically needed.,workbook_reference_unverified,False,False,Type 2 diabetes (postprandial glucose),Alpha-glucosidase inhibitor,~2005,165,5.5,tab,True,Assumes once-daily dosing of one tab (30/month).,₹3–8 / tab,False,"[{""indication"": ""Type 2 diabetes (postprandial glucose)""}]",hba1c_reduction,HbA1c Reduction,%,,True,,,[],0.0,Standard of Care,,,,True,True,"[""Nausea"", ""Headache"", ""Fatigue""]","[""Muscle Pain"", ""Gastrointestinal discomfort""]","{""status"": ""unavailable"", ""missing_fields"": [""hba1c_reduction""], ""issues"": [{""field"": ""hba1c_reduction"", ""severity"": ""warning"", ""message"": ""Primary endpoint not in workbook — run analysis or enter manually.""}]}","{""addressable_population"": null, ""sources"": ""Not available — regional incidence not resolved""}","{""clinical"": ""Standard prescribing guides"", ""competitor"": ""Standard of Care baseline"", ""safety"": ""Clinical trial safety metadata"", ""drug_safety"": ""Product label"", ""clinical_tier"": ""tier_2"", ""competitor_tier"": ""tier_3"", ""safety_tier"": ""tier_2""}","{""global_approval"": {""agency"": ""FDA"", ""date"": ""~2005"", ""status"": ""approved""}, ""regional_status"": ""launched"", ""local_regulator"": ""CDSCO"", ""local_approval_date"": ""~2005"", ""availability_text"": ""Commercially Available (Audited)"", ""availability_color"": ""green"", ""notes"": """", ""is_available"": true}","{""IN"": 165, ""SG"": 2, ""AE"": 7}",True,"{""listed"": false, ""source_url"": ""https://nppa.gov.in/en/nlem2022"", ""retrieved_utc"": ""2026-08-04T14:32:40+00:00""}",False,1,"[{""text"": ""Type 2 diabetes"", ""raw"": ""Type 2 diabetes (postprandial glucose)"", ""qualifier"": ""postprandial glucose"", ""off_label"": false, ""registry_indication"": ""Type 2 Diabetes"", ""category"": ""Metabolic"", ""mapped"": true}]",2026-08-04T15:31:12+00:00,1,0,Metabolic,Type 2 diabetes,Type 2 Diabetes,[],"{""molecule"": ""Voglibose"", ""found"": true, ""approved_in_india"": true, ""first_approval_date"": ""2009-07-13"", ""approval_day_known"": true, ""single_molecule_rows"": 0, ""combination_rows"": 1, ""only_as_combination"": true, ""india_indications"": [], ""source_name"": ""CDSCO List of Approved New Drugs"", ""source_url"": ""https://cdsco.gov.in/opencms/resources/UploadCDSCOWeb/2018/UploadApprovalNewDrugs/2009.pdf"", ""source_list"": ""LIST OF NEW DRUGS APPROVED 2009"", ""retrieved_utc"": ""2026-08-05T12:13:39+00:00""}",,,,,,,,,,,
acarbose,Acarbose,2026-08-04T08:32:59.604996+00:00,Metabolic,Oral tab,oral,chronic_ongoing,25/50 mg,Glucobay,Bayer,Low-cost generic — Jan Aushadhi,Widely available as low-cost generics; Pradhan Mantri Bhartiya Janaushadhi (PMBJP) offers 50–90% cheaper generics. Manufacturer PSP not typically needed.,workbook_reference_unverified,False,False,Type 2 diabetes (postprandial),Alpha-glucosidase inhibitor,~2000,225,7.5,tab,True,Assumes once-daily dosing of one tab (30/month).,₹5–10 / tab,False,"[{""indication"": ""Type 2 diabetes (postprandial)""}]",hba1c_reduction,HbA1c Reduction,%,,True,,,[],0.0,Standard of Care,,,,True,True,"[""Nausea"", ""Headache"", ""Fatigue""]","[""Muscle Pain"", ""Gastrointestinal discomfort""]","{""status"": ""unavailable"", ""missing_fields"": [""hba1c_reduction""], ""issues"": [{""field"": ""hba1c_reduction"", ""severity"": ""warning"", ""message"": ""Primary endpoint not in workbook — run analysis or enter manually.""}]}","{""addressable_population"": null, ""sources"": ""Not available — regional incidence not resolved""}","{""clinical"": ""Standard prescribing guides"", ""competitor"": ""Standard of Care baseline"", ""safety"": ""Clinical trial safety metadata"", ""drug_safety"": ""Product label"", ""clinical_tier"": ""tier_2"", ""competitor_tier"": ""tier_3"", ""safety_tier"": ""tier_2""}","{""global_approval"": {""agency"": ""FDA"", ""date"": ""~2000"", ""status"": ""approved""}, ""regional_status"": ""launched"", ""local_regulator"": ""CDSCO"", ""local_approval_date"": ""~2000"", ""availability_text"": ""Commercially Available (Audited)"", ""availability_color"": ""green"", ""notes"": """", ""is_available"": true}","{""IN"": 225, ""SG"": 3, ""AE"": 10}",True,"{""listed"": false, ""source_url"": ""https://nppa.gov.in/en/nlem2022"", ""retrieved_utc"": ""2026-08-04T14:32:40+00:00""}",False,1,"[{""text"": ""Type 2 diabetes"", ""raw"": ""Type 2 diabetes (postprandial)"", ""qualifier"": ""postprandial"", ""off_label"": false, ""registry_indication"": ""Type 2 Diabetes"", ""category"": ""Metabolic"", ""mapped"": true}]",2026-08-04T15:31:12+00:00,1,0,Metabolic,Type 2 diabetes,Type 2 Diabetes,[],"{""molecule"": ""Acarbose"", ""found"": false, ""approved_in_india"": null, ""first_approval_date"": null, ""india_indications"": [], ""note"": ""Not found in the CDSCO new-drug lists. The register is thin before about 2009 and several older lists are scanned images that cannot be read, so this is not evidence the molecule is unapproved in India."", ""source_name"": ""CDSCO List of Approved New Drugs"", ""retrieved_utc"": ""2026-08-05T12:13:39+00:00""}","{""recommended_dosage"": {""value"": ""The recommended starting dosage of acarbose tablets is 25 mg given orally three times daily at the start (with the first bite) of each main meal."", ""source_name"": ""FDA prescribing information via DailyMed (ACARBOSE TABLET [BRYANT RANCH PREPACK])"", ""source_url"": ""https://dailymed.nlm.nih.gov/dailymed/drugInfo.cfm?setid=067c0adc-7322-489d-9baa-1d061b37be36"", ""retrieved"": ""2026-08-03"", ""quote"": ""The recommended starting dosage of acarbose tablets is 25 mg given orally three times daily at the start (with the first bite) of each main meal.""}}",[],,,,,,,,,
regular-soluble-insulin,Regular (soluble) insulin,2026-08-04T08:32:59.605166+00:00,Metabolic,SC/IV vial/pen,oral,chronic_ongoing,40/100 IU/mL,"Actrapid, Huminsulin R, Insugen-R","Novo Nordisk, Lilly, Biocon",Manufacturer diabetes PSP (multiple),"Novo Nordisk (Changing Diabetes), Sanofi 'Saath7', Lilly & Biocon diabetes support: education, injection training, adherence; low-cost human-insulin options. Govt supply in some states.",workbook_reference_unverified,False,False,Type 1 & 2 diabetes; DKA; hyperkalemia,"Insulin (rapid, human)",1980s,,165.0,vial,True,Priced per vial but dosing frequency is not stated — monthly cost cannot be derived. Enter the frequency to complete the model.,₹130–200 / vial,True,"[{""indication"": ""Type 1 & 2 diabetes; DKA; hyperkalemia""}]",hba1c_reduction,HbA1c Reduction,%,,True,,,[],0.0,Standard of Care,,,,True,True,"[""Nausea"", ""Headache"", ""Fatigue""]","[""Muscle Pain"", ""Gastrointestinal discomfort""]","{""status"": ""unavailable"", ""missing_fields"": [""hba1c_reduction""], ""issues"": [{""field"": ""hba1c_reduction"", ""severity"": ""warning"", ""message"": ""Primary endpoint not in workbook — run analysis or enter manually.""}]}","{""addressable_population"": null, ""sources"": ""Not available — regional incidence not resolved""}","{""clinical"": ""Standard prescribing guides"", ""competitor"": ""Standard of Care baseline"", ""safety"": ""Clinical trial safety metadata"", ""drug_safety"": ""Product label"", ""clinical_tier"": ""tier_2"", ""competitor_tier"": ""tier_3"", ""safety_tier"": ""tier_2""}","{""global_approval"": {""agency"": ""FDA"", ""date"": ""1980s"", ""status"": ""approved""}, ""regional_status"": ""launched"", ""local_regulator"": ""CDSCO"", ""local_approval_date"": ""1980s"", ""availability_text"": ""Commercially Available (Audited)"", ""availability_color"": ""green"", ""notes"": """", ""is_available"": true}","{""IN"": null, ""SG"": null, ""AE"": null}",True,"{""listed"": false, ""source_url"": ""https://nppa.gov.in/en/nlem2022"", ""retrieved_utc"": ""2026-08-04T14:32:40+00:00""}",False,3,"[{""text"": ""Type 1 & 2 diabetes"", ""raw"": ""Type 1 & 2 diabetes"", ""qualifier"": null, ""off_label"": false, ""registry_indication"": ""Type 2 Diabetes"", ""category"": ""Metabolic"", ""mapped"": true}, {""text"": ""DKA"", ""raw"": ""DKA"", ""qualifier"": null, ""off_label"": false, ""registry_indication"": null, ""category"": null, ""mapped"": false}, {""text"": ""Hyperkalemia"", ""raw"": ""hyperkalemia"", ""qualifier"": null, ""off_label"": false, ""registry_indication"": null, ""category"": null, ""mapped"": false}]",2026-08-04T15:31:12+00:00,1,0,Metabolic,Type 1 & 2 diabetes,Type 2 Diabetes,"[""DKA"", ""Hyperkalemia""]","{""molecule"": ""Regular (soluble) insulin"", ""found"": false, ""approved_in_india"": null, ""first_approval_date"": null, ""india_indications"": [], ""note"": ""Not found in the CDSCO new-drug lists. The register is thin before about 2009 and several older lists are scanned images that cannot be read, so this is not evidence the molecule is unapproved in India."", ""source_name"": ""CDSCO List of Approved New Drugs"", ""retrieved_utc"": ""2026-08-05T12:13:39+00:00""}",,,,,,,,,,,
nph-isophane,NPH / Isophane,2026-08-04T08:32:59.605304+00:00,Metabolic,SC vial/pen,oral,chronic_ongoing,40/100 IU/mL,"Insulatard, Huminsulin N, Insugen-N","Novo Nordisk, Lilly, Biocon",Manufacturer diabetes PSP (multiple),"Novo Nordisk (Changing Diabetes), Sanofi 'Saath7', Lilly & Biocon diabetes support: education, injection training, adherence; low-cost human-insulin options. Govt supply in some states.",workbook_reference_unverified,False,False,Basal insulin cover,Insulin (intermediate),1980s,,165.0,vial,True,Priced per vial but dosing frequency is not stated — monthly cost cannot be derived. Enter the frequency to complete the model.,₹130–200 / vial,False,"[{""indication"": ""Basal insulin cover""}]",hba1c_reduction,HbA1c Reduction,%,,True,,,[],0.0,Standard of Care,,,,True,True,"[""Nausea"", ""Headache"", ""Fatigue""]","[""Muscle Pain"", ""Gastrointestinal discomfort""]","{""status"": ""unavailable"", ""missing_fields"": [""hba1c_reduction""], ""issues"": [{""field"": ""hba1c_reduction"", ""severity"": ""warning"", ""message"": ""Primary endpoint not in workbook — run analysis or enter manually.""}]}","{""addressable_population"": null, ""sources"": ""Not available — regional incidence not resolved""}","{""clinical"": ""Standard prescribing guides"", ""competitor"": ""Standard of Care baseline"", ""safety"": ""Clinical trial safety metadata"", ""drug_safety"": ""Product label"", ""clinical_tier"": ""tier_2"", ""competitor_tier"": ""tier_3"", ""safety_tier"": ""tier_2""}","{""global_approval"": {""agency"": ""FDA"", ""date"": ""1980s"", ""status"": ""approved""}, ""regional_status"": ""launched"", ""local_regulator"": ""CDSCO"", ""local_approval_date"": ""1980s"", ""availability_text"": ""Commercially Available (Audited)"", ""availability_color"": ""green"", ""notes"": """", ""is_available"": true}","{""IN"": null, ""SG"": null, ""AE"": null}",True,"{""listed"": false, ""source_url"": ""https://nppa.gov.in/en/nlem2022"", ""retrieved_utc"": ""2026-08-04T14:32:40+00:00""}",False,1,"[{""text"": ""Basal insulin cover"", ""raw"": ""Basal insulin cover"", ""qualifier"": null, ""off_label"": false, ""registry_indication"": ""Type 2 Diabetes"", ""category"": ""Metabolic"", ""mapped"": true}]",2026-08-04T15:31:12+00:00,1,0,Metabolic,Basal insulin cover,Type 2 Diabetes,[],"{""molecule"": ""NPH / Isophane"", ""found"": false, ""approved_in_india"": null, ""first_approval_date"": null, ""india_indications"": [], ""note"": ""Not found in the CDSCO new-drug lists. The register is thin before about 2009 and several older lists are scanned images that cannot be read, so this is not evidence the molecule is unapproved in India."", ""source_name"": ""CDSCO List of Approved New Drugs"", ""retrieved_utc"": ""2026-08-05T12:13:39+00:00""}",,,,,,,,,,,
biphasic-30-70,Biphasic 30/70,2026-08-04T08:32:59.605462+00:00,Metabolic,SC vial/pen,oral,chronic_ongoing,40/100 IU/mL,"Mixtard, Huminsulin 30/70, Insugen 30/70","Novo Nordisk, Lilly, Biocon",Manufacturer diabetes PSP (multiple),"Novo Nordisk (Changing Diabetes), Sanofi 'Saath7', Lilly & Biocon diabetes support: education, injection training, adherence; low-cost human-insulin options. Govt supply in some states.",workbook_reference_unverified,False,False,Type 1 & 2 diabetes,Insulin (premixed),1990s,,215.0,vial,True,Priced per vial but dosing frequency is not stated — monthly cost cannot be derived. Enter the frequency to complete the model.,₹150–280 / vial,False,"[{""indication"": ""Type 1 & 2 diabetes""}]",hba1c_reduction,HbA1c Reduction,%,,True,,,[],0.0,Standard of Care,,,,True,True,"[""Nausea"", ""Headache"", ""Fatigue""]","[""Muscle Pain"", ""Gastrointestinal discomfort""]","{""status"": ""unavailable"", ""missing_fields"": [""hba1c_reduction""], ""issues"": [{""field"": ""hba1c_reduction"", ""severity"": ""warning"", ""message"": ""Primary endpoint not in workbook — run analysis or enter manually.""}]}","{""addressable_population"": null, ""sources"": ""Not available — regional incidence not resolved""}","{""clinical"": ""Standard prescribing guides"", ""competitor"": ""Standard of Care baseline"", ""safety"": ""Clinical trial safety metadata"", ""drug_safety"": ""Product label"", ""clinical_tier"": ""tier_2"", ""competitor_tier"": ""tier_3"", ""safety_tier"": ""tier_2""}","{""global_approval"": {""agency"": ""FDA"", ""date"": ""1990s"", ""status"": ""approved""}, ""regional_status"": ""launched"", ""local_regulator"": ""CDSCO"", ""local_approval_date"": ""1990s"", ""availability_text"": ""Commercially Available (Audited)"", ""availability_color"": ""green"", ""notes"": """", ""is_available"": true}","{""IN"": null, ""SG"": null, ""AE"": null}",True,"{""listed"": false, ""source_url"": ""https://nppa.gov.in/en/nlem2022"", ""retrieved_utc"": ""2026-08-04T14:32:40+00:00""}",False,1,"[{""text"": ""Type 1 & 2 diabetes"", ""raw"": ""Type 1 & 2 diabetes"", ""qualifier"": null, ""off_label"": false, ""registry_indication"": ""Type 2 Diabetes"", ""category"": ""Metabolic"", ""mapped"": true}]",2026-08-04T15:31:12+00:00,1,0,Metabolic,Type 1 & 2 diabetes,Type 2 Diabetes,[],"{""molecule"": ""Biphasic 30/70"", ""found"": false, ""approved_in_india"": null, ""first_approval_date"": null, ""india_indications"": [], ""note"": ""Not found in the CDSCO new-drug lists. The register is thin before about 2009 and several older lists are scanned images that cannot be read, so this is not evidence the molecule is unapproved in India."", ""source_name"": ""CDSCO List of Approved New Drugs"", ""retrieved_utc"": ""2026-08-05T12:13:39+00:00""}",,,,,,,,,,,
insulin-glargine,Insulin glargine,2026-08-04T08:32:59.605601+00:00,Metabolic,SC vial/pen/cartridge,oral,chronic_ongoing,100 IU/mL,"Lantus, Basalog, Glaritus, Basaglar","Sanofi, Biocon, Wockhardt",Manufacturer diabetes PSP (multiple),"Novo Nordisk (Changing Diabetes), Sanofi 'Saath7', Lilly & Biocon diabetes support: education, injection training, adherence; low-cost human-insulin options. Govt supply in some states.",workbook_reference_unverified,False,False,Basal insulin (once daily),Insulin (long-acting analog),~2003,,525.0,vial or pen,True,Priced per vial or pen but dosing frequency is not stated — monthly cost cannot be derived. Enter the frequency to complete the model.,₹250–800 / vial or pen,False,"[{""indication"": ""Basal insulin (once daily)""}]",hba1c_reduction,HbA1c Reduction,%,,True,,,[],0.0,Standard of Care,,,,True,True,"[""Nausea"", ""Headache"", ""Fatigue""]","[""Muscle Pain"", ""Gastrointestinal discomfort""]","{""status"": ""unavailable"", ""missing_fields"": [""hba1c_reduction""], ""issues"": [{""field"": ""hba1c_reduction"", ""severity"": ""warning"", ""message"": ""Primary endpoint not in workbook — run analysis or enter manually.""}]}","{""addressable_population"": null, ""sources"": ""Not available — regional incidence not resolved""}","{""clinical"": ""Standard prescribing guides"", ""competitor"": ""Standard of Care baseline"", ""safety"": ""Clinical trial safety metadata"", ""drug_safety"": ""Product label"", ""clinical_tier"": ""tier_2"", ""competitor_tier"": ""tier_3"", ""safety_tier"": ""tier_2""}","{""global_approval"": {""agency"": ""FDA"", ""date"": ""~2003"", ""status"": ""approved""}, ""regional_status"": ""launched"", ""local_regulator"": ""CDSCO"", ""local_approval_date"": ""~2003"", ""availability_text"": ""Commercially Available (Audited)"", ""availability_color"": ""green"", ""notes"": """", ""is_available"": true}","{""IN"": null, ""SG"": null, ""AE"": null}",True,"{""listed"": true, ""section"": ""18.3.1.4"", ""care_levels"": [""Primary"", ""Secondary"", ""Tertiary""], ""matched_as"": ""Insulin Glargine"", ""source_url"": ""https://nppa.gov.in/en/nlem2022"", ""retrieved_utc"": ""2026-08-04T14:32:40+00:00""}",True,1,"[{""text"": ""Basal insulin"", ""raw"": ""Basal insulin (once daily)"", ""qualifier"": ""once daily"", ""off_label"": false, ""registry_indication"": ""Type 2 Diabetes"", ""category"": ""Metabolic"", ""mapped"": true}]",2026-08-04T15:31:12+00:00,1,0,Metabolic,Basal insulin,Type 2 Diabetes,[],"{""molecule"": ""Insulin glargine"", ""found"": false, ""approved_in_india"": null, ""first_approval_date"": null, ""india_indications"": [], ""note"": ""Not found in the CDSCO new-drug lists. The register is thin before about 2009 and several older lists are scanned images that cannot be read, so this is not evidence the molecule is unapproved in India."", ""source_name"": ""CDSCO List of Approved New Drugs"", ""retrieved_utc"": ""2026-08-05T12:13:39+00:00""}","{""us_initial_approval_year"": {""value"": 2016, ""source_name"": ""FDA prescribing information via DailyMed (SOLIQUA 100/33 (INSULIN GLARGINE AND LIXISENATIDE) INJECTION, SOLUTION [SANOFI-AVENTIS U.S. LLC])"", ""source_url"": ""https://dailymed.nlm.nih.gov/dailymed/drugInfo.cfm?setid=4bba538b-cf7c-4310-ae8f-cb711ed21bcc"", ""retrieved"": ""2026-08-03"", ""quote"": ""Initial U.S. Approval: 2016""}}",[],,,,,,,,,
insulin-degludec,Insulin degludec,2026-08-04T08:32:59.605748+00:00,Metabolic,SC pen,oral,chronic_ongoing,100/200 IU/mL,Tresiba,Novo Nordisk,Manufacturer diabetes PSP (multiple),"Novo Nordisk (Changing Diabetes), Sanofi 'Saath7', Lilly & Biocon diabetes support: education, injection training, adherence; low-cost human-insulin options. Govt supply in some states.",workbook_reference_unverified,False,False,"Basal insulin (ultra-long, flat profile)",Insulin (ultra-long analog),~2015,,,,True,No numeric price in source (Premium) — enter manually.,Premium,False,"[{""indication"": ""Basal insulin (ultra-long, flat profile)""}]",hba1c_reduction,HbA1c Reduction,%,,True,,,[],0.0,Standard of Care,,,,True,True,"[""Nausea"", ""Headache"", ""Fatigue""]","[""Muscle Pain"", ""Gastrointestinal discomfort""]","{""status"": ""unavailable"", ""missing_fields"": [""hba1c_reduction""], ""issues"": [{""field"": ""hba1c_reduction"", ""severity"": ""warning"", ""message"": ""Primary endpoint not in workbook — run analysis or enter manually.""}]}","{""addressable_population"": null, ""sources"": ""Not available — regional incidence not resolved""}","{""clinical"": ""Standard prescribing guides"", ""competitor"": ""Standard of Care baseline"", ""safety"": ""Clinical trial safety metadata"", ""drug_safety"": ""Product label"", ""clinical_tier"": ""tier_2"", ""competitor_tier"": ""tier_3"", ""safety_tier"": ""tier_2""}","{""global_approval"": {""agency"": ""FDA"", ""date"": ""~2015"", ""status"": ""approved""}, ""regional_status"": ""launched"", ""local_regulator"": ""CDSCO"", ""local_approval_date"": ""~2015"", ""availability_text"": ""Commercially Available (Audited)"", ""availability_color"": ""green"", ""notes"": """", ""is_available"": true}","{""IN"": null, ""SG"": null, ""AE"": null}",True,"{""listed"": true, ""section"": ""18.3.1.2"", ""care_levels"": [""Primary"", ""Secondary"", ""Tertiary""], ""matched_as"": ""Insulin (Soluble)"", ""source_url"": ""https://nppa.gov.in/en/nlem2022"", ""retrieved_utc"": ""2026-08-04T14:32:40+00:00""}",True,1,"[{""text"": ""Basal insulin"", ""raw"": ""Basal insulin (ultra-long, flat profile)"", ""qualifier"": ""ultra-long, flat profile"", ""off_label"": false, ""registry_indication"": ""Type 2 Diabetes"", ""category"": ""Metabolic"", ""mapped"": true}]",2026-08-04T15:31:12+00:00,1,0,Metabolic,Basal insulin,Type 2 Diabetes,[],"{""molecule"": ""Insulin degludec"", ""found"": false, ""approved_in_india"": null, ""first_approval_date"": null, ""india_indications"": [], ""note"": ""Not found in the CDSCO new-drug lists. The register is thin before about 2009 and several older lists are scanned images that cannot be read, so this is not evidence the molecule is unapproved in India."", ""source_name"": ""CDSCO List of Approved New Drugs"", ""retrieved_utc"": ""2026-08-05T12:13:39+00:00""}","{""us_initial_approval_year"": {""value"": 2015, ""source_name"": ""FDA prescribing information via DailyMed (INSULIN DEGLUDEC INJECTION, SOLUTION [NOVO NORDISK PHARMA, INC.])"", ""source_url"": ""https://dailymed.nlm.nih.gov/dailymed/drugInfo.cfm?setid=c1be283d-4b1d-4996-b2a7-4488dbff3037"", ""retrieved"": ""2026-08-03"", ""quote"": ""Initial U.S. Approval: 2015""}}",[],,,,,,,,,
insulin-aspart,Insulin aspart,2026-08-04T08:32:59.605881+00:00,Metabolic,SC vial/pen,oral,chronic_ongoing,100 IU/mL,"NovoRapid, Fiasp",Novo Nordisk,Manufacturer diabetes PSP (multiple),"Novo Nordisk (Changing Diabetes), Sanofi 'Saath7', Lilly & Biocon diabetes support: education, injection training, adherence; low-cost human-insulin options. Govt supply in some states.",workbook_reference_unverified,False,False,Prandial insulin,Insulin (rapid analog),~2005,,525.0,pen,True,Priced per pen but dosing frequency is not stated — monthly cost cannot be derived. Enter the frequency to complete the model.,₹350–700 / pen,False,"[{""indication"": ""Prandial insulin""}]",hba1c_reduction,HbA1c Reduction,%,,True,,,[],0.0,Standard of Care,,,,True,True,"[""Nausea"", ""Headache"", ""Fatigue""]","[""Muscle Pain"", ""Gastrointestinal discomfort""]","{""status"": ""unavailable"", ""missing_fields"": [""hba1c_reduction""], ""issues"": [{""field"": ""hba1c_reduction"", ""severity"": ""warning"", ""message"": ""Primary endpoint not in workbook — run analysis or enter manually.""}]}","{""addressable_population"": null, ""sources"": ""Not available — regional incidence not resolved""}","{""clinical"": ""Standard prescribing guides"", ""competitor"": ""Standard of Care baseline"", ""safety"": ""Clinical trial safety metadata"", ""drug_safety"": ""Product label"", ""clinical_tier"": ""tier_2"", ""competitor_tier"": ""tier_3"", ""safety_tier"": ""tier_2""}","{""global_approval"": {""agency"": ""FDA"", ""date"": ""~2005"", ""status"": ""approved""}, ""regional_status"": ""launched"", ""local_regulator"": ""CDSCO"", ""local_approval_date"": ""~2005"", ""availability_text"": ""Commercially Available (Audited)"", ""availability_color"": ""green"", ""notes"": """", ""is_available"": true}","{""IN"": null, ""SG"": null, ""AE"": null}",True,"{""listed"": true, ""section"": ""18.3.1.2"", ""care_levels"": [""Primary"", ""Secondary"", ""Tertiary""], ""matched_as"": ""Insulin (Soluble)"", ""source_url"": ""https://nppa.gov.in/en/nlem2022"", ""retrieved_utc"": ""2026-08-04T14:32:40+00:00""}",True,1,"[{""text"": ""Prandial insulin"", ""raw"": ""Prandial insulin"", ""qualifier"": null, ""off_label"": false, ""registry_indication"": ""Type 2 Diabetes"", ""category"": ""Metabolic"", ""mapped"": true}]",2026-08-04T15:31:12+00:00,1,0,Metabolic,Prandial insulin,Type 2 Diabetes,[],"{""molecule"": ""Insulin aspart"", ""found"": false, ""approved_in_india"": null, ""first_approval_date"": null, ""india_indications"": [], ""note"": ""Not found in the CDSCO new-drug lists. The register is thin before about 2009 and several older lists are scanned images that cannot be read, so this is not evidence the molecule is unapproved in India."", ""source_name"": ""CDSCO List of Approved New Drugs"", ""retrieved_utc"": ""2026-08-05T12:13:39+00:00""}","{""us_initial_approval_year"": {""value"": 2000, ""source_name"": ""FDA prescribing information via DailyMed (INSULIN ASPART INJECTION, SOLUTION [NOVO NORDISK PHARMA, INC.])"", ""source_url"": ""https://dailymed.nlm.nih.gov/dailymed/drugInfo.cfm?setid=bee5b358-c863-420b-be73-ced2e920c499"", ""retrieved"": ""2026-08-03"", ""quote"": ""Initial U.S. Approval: 2000""}}",[],,,,,,,,,
insulin-lispro,Insulin lispro,2026-08-04T08:32:59.606013+00:00,Metabolic,SC vial/pen,oral,chronic_ongoing,100 IU/mL,"Humalog, Lispro",Eli Lilly,Manufacturer diabetes PSP (multiple),"Novo Nordisk (Changing Diabetes), Sanofi 'Saath7', Lilly & Biocon diabetes support: education, injection training, adherence; low-cost human-insulin options. Govt supply in some states.",workbook_reference_unverified,False,False,Prandial insulin,Insulin (rapid analog),~2005,,525.0,pen,True,Priced per pen but dosing frequency is not stated — monthly cost cannot be derived. Enter the frequency to complete the model.,₹350–700 / pen,False,"[{""indication"": ""Prandial insulin""}]",hba1c_reduction,HbA1c Reduction,%,,True,,,[],0.0,Standard of Care,,,,True,True,"[""Nausea"", ""Headache"", ""Fatigue""]","[""Muscle Pain"", ""Gastrointestinal discomfort""]","{""status"": ""unavailable"", ""missing_fields"": [""hba1c_reduction""], ""issues"": [{""field"": ""hba1c_reduction"", ""severity"": ""warning"", ""message"": ""Primary endpoint not in workbook — run analysis or enter manually.""}]}","{""addressable_population"": null, ""sources"": ""Not available — regional incidence not resolved""}","{""clinical"": ""Standard prescribing guides"", ""competitor"": ""Standard of Care baseline"", ""safety"": ""Clinical trial safety metadata"", ""drug_safety"": ""Product label"", ""clinical_tier"": ""tier_2"", ""competitor_tier"": ""tier_3"", ""safety_tier"": ""tier_2""}","{""global_approval"": {""agency"": ""FDA"", ""date"": ""~2005"", ""status"": ""approved""}, ""regional_status"": ""launched"", ""local_regulator"": ""CDSCO"", ""local_approval_date"": ""~2005"", ""availability_text"": ""Commercially Available (Audited)"", ""availability_color"": ""green"", ""notes"": """", ""is_available"": true}","{""IN"": null, ""SG"": null, ""AE"": null}",True,"{""listed"": true, ""section"": ""18.3.1.2"", ""care_levels"": [""Primary"", ""Secondary"", ""Tertiary""], ""matched_as"": ""Insulin (Soluble)"", ""source_url"": ""https://nppa.gov.in/en/nlem2022"", ""retrieved_utc"": ""2026-08-04T14:32:40+00:00""}",True,1,"[{""text"": ""Prandial insulin"", ""raw"": ""Prandial insulin"", ""qualifier"": null, ""off_label"": false, ""registry_indication"": ""Type 2 Diabetes"", ""category"": ""Metabolic"", ""mapped"": true}]",2026-08-04T15:31:12+00:00,1,0,Metabolic,Prandial insulin,Type 2 Diabetes,[],"{""molecule"": ""Insulin lispro"", ""found"": false, ""approved_in_india"": null, ""first_approval_date"": null, ""india_indications"": [], ""note"": ""Not found in the CDSCO new-drug lists. The register is thin before about 2009 and several older lists are scanned images that cannot be read, so this is not evidence the molecule is unapproved in India."", ""source_name"": ""CDSCO List of Approved New Drugs"", ""retrieved_utc"": ""2026-08-05T12:13:39+00:00""}","{""us_initial_approval_year"": {""value"": 1999, ""source_name"": ""FDA prescribing information via DailyMed (HUMALOG MIX50/50 (INSULIN LISPRO) INJECTION, SUSPENSION HUMALOG MIX50/50 KWIKPEN (INSULIN LISPRO) INJECTION, SUSPENSION [ELI LILLY AND COMPANY])"", ""source_url"": ""https://dailymed.nlm.nih.gov/dailymed/drugInfo.cfm?setid=b34cd3ff-d0af-4852-b4ef-2a8b4a93aeae"", ""retrieved"": ""2026-08-03"", ""quote"": ""Initial U.S. Approval: 1999""}}",[],,,,,,,,,
insulin-glulisine,Insulin glulisine,2026-08-04T08:32:59.606148+00:00,Metabolic,SC vial/pen,oral,chronic_ongoing,100 IU/mL,Apidra,Sanofi,Manufacturer diabetes PSP (multiple),"Novo Nordisk (Changing Diabetes), Sanofi 'Saath7', Lilly & Biocon diabetes support: education, injection training, adherence; low-cost human-insulin options. Govt supply in some states.",workbook_reference_unverified,False,False,Prandial insulin,Insulin (rapid analog),~2008,,575.0,pen,True,Priced per pen but dosing frequency is not stated — monthly cost cannot be derived. Enter the frequency to complete the model.,₹400–750 / pen,False,"[{""indication"": ""Prandial insulin""}]",hba1c_reduction,HbA1c Reduction,%,,True,,,[],0.0,Standard of Care,,,,True,True,"[""Nausea"", ""Headache"", ""Fatigue""]","[""Muscle Pain"", ""Gastrointestinal discomfort""]","{""status"": ""unavailable"", ""missing_fields"": [""hba1c_reduction""], ""issues"": [{""field"": ""hba1c_reduction"", ""severity"": ""warning"", ""message"": ""Primary endpoint not in workbook — run analysis or enter manually.""}]}","{""addressable_population"": null, ""sources"": ""Not available — regional incidence not resolved""}","{""clinical"": ""Standard prescribing guides"", ""competitor"": ""Standard of Care baseline"", ""safety"": ""Clinical trial safety metadata"", ""drug_safety"": ""Product label"", ""clinical_tier"": ""tier_2"", ""competitor_tier"": ""tier_3"", ""safety_tier"": ""tier_2""}","{""global_approval"": {""agency"": ""FDA"", ""date"": ""~2008"", ""status"": ""approved""}, ""regional_status"": ""launched"", ""local_regulator"": ""CDSCO"", ""local_approval_date"": ""~2008"", ""availability_text"": ""Commercially Available (Audited)"", ""availability_color"": ""green"", ""notes"": """", ""is_available"": true}","{""IN"": null, ""SG"": null, ""AE"": null}",True,"{""listed"": true, ""section"": ""18.3.1.2"", ""care_levels"": [""Primary"", ""Secondary"", ""Tertiary""], ""matched_as"": ""Insulin (Soluble)"", ""source_url"": ""https://nppa.gov.in/en/nlem2022"", ""retrieved_utc"": ""2026-08-04T14:32:40+00:00""}",True,1,"[{""text"": ""Prandial insulin"", ""raw"": ""Prandial insulin"", ""qualifier"": null, ""off_label"": false, ""registry_indication"": ""Type 2 Diabetes"", ""category"": ""Metabolic"", ""mapped"": true}]",2026-08-04T15:31:12+00:00,1,0,Metabolic,Prandial insulin,Type 2 Diabetes,[],"{""molecule"": ""Insulin glulisine"", ""found"": false, ""approved_in_india"": null, ""first_approval_date"": null, ""india_indications"": [], ""note"": ""Not found in the CDSCO new-drug lists. The register is thin before about 2009 and several older lists are scanned images that cannot be read, so this is not evidence the molecule is unapproved in India."", ""source_name"": ""CDSCO List of Approved New Drugs"", ""retrieved_utc"": ""2026-08-05T12:13:39+00:00""}","{""us_initial_approval_year"": {""value"": 2004, ""source_name"": ""FDA prescribing information via DailyMed (APIDRA (INSULIN GLULISINE) INJECTION, SOLUTION APIDRA SOLOSTAR (INSULIN GLULISINE) INJECTION, SOLUTION [SANOFI-AVENTIS U.S. LLC])"", ""source_url"": ""https://dailymed.nlm.nih.gov/dailymed/drugInfo.cfm?setid=e7af6a7a-8046-4fb4-9979-4ec4230b23aa"", ""retrieved"": ""2026-08-03"", ""quote"": ""Initial U.S. Approval: 2004""}}",[],,,,,,,,,
levothyroxine-t4,Levothyroxine (T4),2026-08-04T08:32:59.606310+00:00,Metabolic,Oral tab,oral,chronic_ongoing,12.5–300 mcg,"Thyronorm, Eltroxin, Thyrox, Thyroup","Abbott, Macleods",Low-cost generic + awareness,"Very low cost; Abbott 'Making India Thyroid Aware' & screening drives (education, not financial). Jan Aushadhi generics available.",workbook_reference_unverified,False,False,Hypothyroidism; goiter; TSH suppression,Thyroid (replacement),1980s,60,2.0,tab,True,Assumes once-daily dosing of one tab (30/month).,₹1–3 / tab,True,"[{""indication"": ""Hypothyroidism; goiter; TSH suppression""}]",tsh_normalisation,TSH Normalisation,%,,True,,,[],0.0,Standard of Care,,,,True,True,"[""Nausea"", ""Headache"", ""Fatigue""]","[""Muscle Pain"", ""Gastrointestinal discomfort""]","{""status"": ""unavailable"", ""missing_fields"": [""tsh_normalisation""], ""issues"": [{""field"": ""tsh_normalisation"", ""severity"": ""warning"", ""message"": ""Primary endpoint not in workbook — run analysis or enter manually.""}]}","{""addressable_population"": null, ""sources"": ""Not available — regional incidence not resolved""}","{""clinical"": ""Standard prescribing guides"", ""competitor"": ""Standard of Care baseline"", ""safety"": ""Clinical trial safety metadata"", ""drug_safety"": ""Product label"", ""clinical_tier"": ""tier_2"", ""competitor_tier"": ""tier_3"", ""safety_tier"": ""tier_2""}","{""global_approval"": {""agency"": ""FDA"", ""date"": ""1980s"", ""status"": ""approved""}, ""regional_status"": ""launched"", ""local_regulator"": ""CDSCO"", ""local_approval_date"": ""1980s"", ""availability_text"": ""Commercially Available (Audited)"", ""availability_color"": ""green"", ""notes"": """", ""is_available"": true}","{""IN"": 60, ""SG"": 1, ""AE"": 2}",False,"{""listed"": false, ""source_url"": ""https://nppa.gov.in/en/nlem2022"", ""retrieved_utc"": ""2026-08-04T14:32:40+00:00""}",False,3,"[{""text"": ""Hypothyroidism"", ""raw"": ""Hypothyroidism"", ""qualifier"": null, ""off_label"": false, ""registry_indication"": ""Hypothyroidism"", ""category"": ""Metabolic"", ""mapped"": true}, {""text"": ""Goiter"", ""raw"": ""goiter"", ""qualifier"": null, ""off_label"": false, ""registry_indication"": ""Hypothyroidism"", ""category"": ""Metabolic"", ""mapped"": true}, {""text"": ""TSH suppression"", ""raw"": ""TSH suppression"", ""qualifier"": null, ""off_label"": false, ""registry_indication"": ""Hypothyroidism"", ""category"": ""Metabolic"", ""mapped"": true}]",2026-08-04T15:31:12+00:00,3,0,Metabolic,Hypothyroidism,Hypothyroidism,[],"{""molecule"": ""Levothyroxine (T4)"", ""found"": false, ""approved_in_india"": null, ""first_approval_date"": null, ""india_indications"": [], ""note"": ""Not found in the CDSCO new-drug lists. The register is thin before about 2009 and several older lists are scanned images that cannot be read, so this is not evidence the molecule is unapproved in India."", ""source_name"": ""CDSCO List of Approved New Drugs"", ""retrieved_utc"": ""2026-08-05T12:13:39+00:00""}",,,,,,,,,,,
liothyronine-t3,Liothyronine (T3),2026-08-04T08:32:59.606452+00:00,Metabolic,Oral tab,oral,chronic_ongoing,20 mcg,"Tetroxin, Thy-T3",Various,Low-cost generic — Jan Aushadhi,Widely available as low-cost generics; Pradhan Mantri Bhartiya Janaushadhi (PMBJP) offers 50–90% cheaper generics. Manufacturer PSP not typically needed.,workbook_reference_unverified,False,False,Severe hypothyroidism/myxedema coma; combination therapy,Thyroid (replacement),—,255,8.5,tab,True,Assumes once-daily dosing of one tab (30/month).,₹5–12 / tab,True,"[{""indication"": ""Severe hypothyroidism/myxedema coma; combination therapy""}]",tsh_normalisation,TSH Normalisation,%,,True,,,[],0.0,Standard of Care,,,,True,True,"[""Nausea"", ""Headache"", ""Fatigue""]","[""Muscle Pain"", ""Gastrointestinal discomfort""]","{""status"": ""unavailable"", ""missing_fields"": [""tsh_normalisation""], ""issues"": [{""field"": ""tsh_normalisation"", ""severity"": ""warning"", ""message"": ""Primary endpoint not in workbook — run analysis or enter manually.""}]}","{""addressable_population"": null, ""sources"": ""Not available — regional incidence not resolved""}","{""clinical"": ""Standard prescribing guides"", ""competitor"": ""Standard of Care baseline"", ""safety"": ""Clinical trial safety metadata"", ""drug_safety"": ""Product label"", ""clinical_tier"": ""tier_2"", ""competitor_tier"": ""tier_3"", ""safety_tier"": ""tier_2""}","{""global_approval"": {""agency"": ""FDA"", ""date"": ""—"", ""status"": ""approved""}, ""regional_status"": ""launched"", ""local_regulator"": ""CDSCO"", ""local_approval_date"": ""—"", ""availability_text"": ""Commercially Available (Audited)"", ""availability_color"": ""green"", ""notes"": """", ""is_available"": true}","{""IN"": 255, ""SG"": 4, ""AE"": 11}",True,"{""listed"": false, ""source_url"": ""https://nppa.gov.in/en/nlem2022"", ""retrieved_utc"": ""2026-08-04T14:32:40+00:00""}",False,2,"[{""text"": ""Severe hypothyroidism/myxedema coma"", ""raw"": ""Severe hypothyroidism/myxedema coma"", ""qualifier"": null, ""off_label"": false, ""registry_indication"": ""Hypothyroidism"", ""category"": ""Metabolic"", ""mapped"": true}, {""text"": ""Combination therapy"", ""raw"": ""combination therapy"", ""qualifier"": null, ""off_label"": false, ""registry_indication"": null, ""category"": null, ""mapped"": false}]",2026-08-04T15:31:12+00:00,1,0,Metabolic,Severe hypothyroidism/myxedema coma,Hypothyroidism,"[""Combination therapy""]","{""molecule"": ""Liothyronine (T3)"", ""found"": false, ""approved_in_india"": null, ""first_approval_date"": null, ""india_indications"": [], ""note"": ""Not found in the CDSCO new-drug lists. The register is thin before about 2009 and several older lists are scanned images that cannot be read, so this is not evidence the molecule is unapproved in India."", ""source_name"": ""CDSCO List of Approved New Drugs"", ""retrieved_utc"": ""2026-08-05T12:13:39+00:00""}",,,,,,,,,,,
carbimazole,Carbimazole,2026-08-04T08:32:59.606580+00:00,Metabolic,Oral tab,oral,fixed_course,5/10/20 mg,"Neomercazole, Antithyrox","Abbott, generics",Low-cost generic — Jan Aushadhi,Widely available as low-cost generics; Pradhan Mantri Bhartiya Janaushadhi (PMBJP) offers 50–90% cheaper generics. Manufacturer PSP not typically needed.,workbook_reference_unverified,False,False,"Hyperthyroidism (Graves', toxic goiter)",Antithyroid,1990s,165,5.5,tab,True,Assumes once-daily dosing of one tab (30/month).,₹3–8 / tab,False,"[{""indication"": ""Hyperthyroidism (Graves', toxic goiter)""}]",euthyroid_rate,Biochemical Euthyroidism,%,,True,,,[],0.0,Standard of Care,,,,True,True,"[""Nausea"", ""Headache"", ""Fatigue""]","[""Muscle Pain"", ""Gastrointestinal discomfort""]","{""status"": ""unavailable"", ""missing_fields"": [""euthyroid_rate""], ""issues"": [{""field"": ""euthyroid_rate"", ""severity"": ""warning"", ""message"": ""Primary endpoint not in workbook — run analysis or enter manually.""}]}","{""addressable_population"": null, ""sources"": ""Not available — regional incidence not resolved""}","{""clinical"": ""Standard prescribing guides"", ""competitor"": ""Standard of Care baseline"", ""safety"": ""Clinical trial safety metadata"", ""drug_safety"": ""Product label"", ""clinical_tier"": ""tier_2"", ""competitor_tier"": ""tier_3"", ""safety_tier"": ""tier_2""}","{""global_approval"": {""agency"": ""FDA"", ""date"": ""1990s"", ""status"": ""approved""}, ""regional_status"": ""launched"", ""local_regulator"": ""CDSCO"", ""local_approval_date"": ""1990s"", ""availability_text"": ""Commercially Available (Audited)"", ""availability_color"": ""green"", ""notes"": """", ""is_available"": true}","{""IN"": 165, ""SG"": 2, ""AE"": 7}",True,"{""listed"": false, ""source_url"": ""https://nppa.gov.in/en/nlem2022"", ""retrieved_utc"": ""2026-08-04T14:32:40+00:00""}",False,1,"[{""text"": ""Hyperthyroidism"", ""raw"": ""Hyperthyroidism (Graves', toxic goiter)"", ""qualifier"": ""Graves', toxic goiter"", ""off_label"": false, ""registry_indication"": ""Hyperthyroidism"", ""category"": ""Metabolic"", ""mapped"": true}]",2026-08-04T15:31:12+00:00,1,0,Metabolic,Hyperthyroidism,Hyperthyroidism,[],"{""molecule"": ""Carbimazole"", ""found"": false, ""approved_in_india"": null, ""first_approval_date"": null, ""india_indications"": [], ""note"": ""Not found in the CDSCO new-drug lists. The register is thin before about 2009 and several older lists are scanned images that cannot be read, so this is not evidence the molecule is unapproved in India."", ""source_name"": ""CDSCO List of Approved New Drugs"", ""retrieved_utc"": ""2026-08-05T12:13:39+00:00""}",,,,,,,,,,,
propylthiouracil-ptu,Propylthiouracil (PTU),2026-08-04T08:32:59.606734+00:00,Metabolic,Oral tab,oral,fixed_course,50 mg,PTU,Macleods/generics,Low-cost generic — Jan Aushadhi,Widely available as low-cost generics; Pradhan Mantri Bhartiya Janaushadhi (PMBJP) offers 50–90% cheaper generics. Manufacturer PSP not typically needed.,workbook_reference_unverified,False,False,Hyperthyroidism (preferred in 1st-trimester pregnancy; thyroid storm),Antithyroid,—,195,6.5,tab,True,Assumes once-daily dosing of one tab (30/month).,₹4–9 / tab,True,"[{""indication"": ""Hyperthyroidism (preferred in 1st-trimester pregnancy; thyroid storm)""}]",euthyroid_rate,Biochemical Euthyroidism,%,,True,,,[],0.0,Standard of Care,,,,True,True,"[""Nausea"", ""Headache"", ""Fatigue""]","[""Muscle Pain"", ""Gastrointestinal discomfort""]","{""status"": ""unavailable"", ""missing_fields"": [""euthyroid_rate""], ""issues"": [{""field"": ""euthyroid_rate"", ""severity"": ""warning"", ""message"": ""Primary endpoint not in workbook — run analysis or enter manually.""}]}","{""addressable_population"": null, ""sources"": ""Not available — regional incidence not resolved""}","{""clinical"": ""Standard prescribing guides"", ""competitor"": ""Standard of Care baseline"", ""safety"": ""Clinical trial safety metadata"", ""drug_safety"": ""Product label"", ""clinical_tier"": ""tier_2"", ""competitor_tier"": ""tier_3"", ""safety_tier"": ""tier_2""}","{""global_approval"": {""agency"": ""FDA"", ""date"": ""—"", ""status"": ""approved""}, ""regional_status"": ""launched"", ""local_regulator"": ""CDSCO"", ""local_approval_date"": ""—"", ""availability_text"": ""Commercially Available (Audited)"", ""availability_color"": ""green"", ""notes"": """", ""is_available"": true}","{""IN"": 195, ""SG"": 3, ""AE"": 8}",True,"{""listed"": false, ""source_url"": ""https://nppa.gov.in/en/nlem2022"", ""retrieved_utc"": ""2026-08-04T14:32:40+00:00""}",False,2,"[{""text"": ""Hyperthyroidism (preferred in 1st-trimester pregnancy"", ""raw"": ""Hyperthyroidism (preferred in 1st-trimester pregnancy"", ""qualifier"": null, ""off_label"": false, ""registry_indication"": ""Hyperthyroidism"", ""category"": ""Metabolic"", ""mapped"": true}, {""text"": ""Thyroid storm)"", ""raw"": ""thyroid storm)"", ""qualifier"": null, ""off_label"": false, ""registry_indication"": null, ""category"": null, ""mapped"": false}]",2026-08-04T15:31:12+00:00,1,0,Metabolic,Hyperthyroidism (preferred in 1st-trimester pregnancy,Hyperthyroidism,"[""Thyroid storm)""]","{""molecule"": ""Propylthiouracil (PTU)"", ""found"": false, ""approved_in_india"": null, ""first_approval_date"": null, ""india_indications"": [], ""note"": ""Not found in the CDSCO new-drug lists. The register is thin before about 2009 and several older lists are scanned images that cannot be read, so this is not evidence the molecule is unapproved in India."", ""source_name"": ""CDSCO List of Approved New Drugs"", ""retrieved_utc"": ""2026-08-05T12:13:39+00:00""}",,,,,,,,,,,
orlistat,Orlistat,2026-08-04T08:32:59.606862+00:00,Metabolic,Oral cap,sc_injection,chronic_ongoing,60/120 mg,"Orlica, Vyfat, Obelit, Xenical","Roche, generics",Low-cost generic — Jan Aushadhi,Widely available as low-cost generics; Pradhan Mantri Bhartiya Janaushadhi (PMBJP) offers 50–90% cheaper generics. Manufacturer PSP not typically needed.,workbook_reference_unverified,False,False,Obesity / weight management (with diet),Anti-obesity (lipase inhibitor),~2004,600,20.0,cap,True,Assumes once-daily dosing of one cap (30/month).,₹15–25 / cap,True,"[{""indication"": ""Obesity / weight management (with diet)""}]",weight_reduction,Mean Body-Weight Reduction,%,,True,,,[],0.0,Standard of Care,,,,True,True,"[""Nausea"", ""Headache"", ""Fatigue""]","[""Muscle Pain"", ""Gastrointestinal discomfort""]","{""status"": ""unavailable"", ""missing_fields"": [""weight_reduction""], ""issues"": [{""field"": ""weight_reduction"", ""severity"": ""warning"", ""message"": ""Primary endpoint not in workbook — run analysis or enter manually.""}]}","{""addressable_population"": null, ""sources"": ""Not available — regional incidence not resolved""}","{""clinical"": ""Standard prescribing guides"", ""competitor"": ""Standard of Care baseline"", ""safety"": ""Clinical trial safety metadata"", ""drug_safety"": ""Product label"", ""clinical_tier"": ""tier_2"", ""competitor_tier"": ""tier_3"", ""safety_tier"": ""tier_2""}","{""global_approval"": {""agency"": ""FDA"", ""date"": ""~2004"", ""status"": ""approved""}, ""regional_status"": ""launched"", ""local_regulator"": ""CDSCO"", ""local_approval_date"": ""~2004"", ""availability_text"": ""Commercially Available (Audited)"", ""availability_color"": ""green"", ""notes"": """", ""is_available"": true}","{""IN"": 600, ""SG"": 10, ""AE"": 27}",True,"{""listed"": false, ""source_url"": ""https://nppa.gov.in/en/nlem2022"", ""retrieved_utc"": ""2026-08-04T14:32:40+00:00""}",False,2,"[{""text"": ""Obesity"", ""raw"": ""Obesity"", ""qualifier"": null, ""off_label"": false, ""registry_indication"": ""Chronic Weight Management"", ""category"": ""Metabolic"", ""mapped"": true}, {""text"": ""Weight management"", ""raw"": ""weight management (with diet)"", ""qualifier"": ""with diet"", ""off_label"": false, ""registry_indication"": ""Chronic Weight Management"", ""category"": ""Metabolic"", ""mapped"": true}]",2026-08-04T15:31:12+00:00,2,0,Metabolic,Obesity,Chronic Weight Management,[],"{""molecule"": ""Orlistat"", ""found"": false, ""approved_in_india"": null, ""first_approval_date"": null, ""india_indications"": [], ""note"": ""Not found in the CDSCO new-drug lists. The register is thin before about 2009 and several older lists are scanned images that cannot be read, so this is not evidence the molecule is unapproved in India."", ""source_name"": ""CDSCO List of Approved New Drugs"", ""retrieved_utc"": ""2026-08-05T12:13:39+00:00""}",,,,,,,,,,,
liraglutide-saxenda,Liraglutide (Saxenda),2026-08-04T08:32:59.606982+00:00,Metabolic,SC injection,sc_injection,chronic_ongoing,3.0 mg,Saxenda,Novo Nordisk,Manufacturer diabetes PSP (education/adherence),"Novo Nordisk 'Changing Diabetes' & Novo Nordisk Education Foundation; access-&-affordability programs. Counselling, injection training, adherence. (Not a free-drug scheme.)",workbook_reference_unverified,False,False,Chronic weight management,Anti-obesity (GLP-1),~2019,,,,True,No numeric price in source (Premium) — enter manually.,Premium,False,"[{""indication"": ""Chronic weight management""}]",weight_reduction,Mean Body-Weight Reduction,%,,True,,,[],0.0,Standard of Care,,,,True,True,"[""Nausea"", ""Headache"", ""Fatigue""]","[""Muscle Pain"", ""Gastrointestinal discomfort""]","{""status"": ""unavailable"", ""missing_fields"": [""weight_reduction""], ""issues"": [{""field"": ""weight_reduction"", ""severity"": ""warning"", ""message"": ""Primary endpoint not in workbook — run analysis or enter manually.""}]}","{""addressable_population"": null, ""sources"": ""Not available — regional incidence not resolved""}","{""clinical"": ""Standard prescribing guides"", ""competitor"": ""Standard of Care baseline"", ""safety"": ""Clinical trial safety metadata"", ""drug_safety"": ""Product label"", ""clinical_tier"": ""tier_2"", ""competitor_tier"": ""tier_3"", ""safety_tier"": ""tier_2""}","{""global_approval"": {""agency"": ""FDA"", ""date"": ""~2019"", ""status"": ""approved""}, ""regional_status"": ""launched"", ""local_regulator"": ""CDSCO"", ""local_approval_date"": ""~2019"", ""availability_text"": ""Commercially Available (Audited)"", ""availability_color"": ""green"", ""notes"": ""See GLP-1 above"", ""is_available"": true}","{""IN"": null, ""SG"": null, ""AE"": null}",True,"{""listed"": false, ""source_url"": ""https://nppa.gov.in/en/nlem2022"", ""retrieved_utc"": ""2026-08-04T14:32:40+00:00""}",False,1,"[{""text"": ""Chronic weight management"", ""raw"": ""Chronic weight management"", ""qualifier"": null, ""off_label"": false, ""registry_indication"": ""Chronic Weight Management"", ""category"": ""Metabolic"", ""mapped"": true}]",2026-08-04T15:31:12+00:00,1,0,Metabolic,Chronic weight management,Chronic Weight Management,[],"{""molecule"": ""Liraglutide (Saxenda)"", ""found"": false, ""approved_in_india"": null, ""first_approval_date"": null, ""india_indications"": [], ""note"": ""Not found in the CDSCO new-drug lists. The register is thin before about 2009 and several older lists are scanned images that cannot be read, so this is not evidence the molecule is unapproved in India."", ""source_name"": ""CDSCO List of Approved New Drugs"", ""retrieved_utc"": ""2026-08-05T12:13:39+00:00""}","{""us_initial_approval_year"": {""value"": 2010, ""source_name"": ""FDA prescribing information via DailyMed (SAXENDA (LIRAGLUTIDE) INJECTION, SOLUTION [NOVO NORDISK PHARMACEUTICAL INDUSTRIES, LP])"", ""source_url"": ""https://dailymed.nlm.nih.gov/dailymed/drugInfo.cfm?setid=3946d389-0926-4f77-a708-0acb8153b143"", ""retrieved"": ""2026-08-03"", ""quote"": ""Initial U.S. Approval: 2010""}, ""recommended_dosage"": {""value"": ""The recommended dose of SAXENDA is 3 mg daily."", ""source_name"": ""FDA prescribing information via DailyMed (SAXENDA (LIRAGLUTIDE) INJECTION, SOLUTION [NOVO NORDISK PHARMACEUTICAL INDUSTRIES, LP])"", ""source_url"": ""https://dailymed.nlm.nih.gov/dailymed/drugInfo.cfm?setid=3946d389-0926-4f77-a708-0acb8153b143"", ""retrieved"": ""2026-08-03"", ""quote"": ""The recommended dose of SAXENDA is 3 mg daily.""}}",[],,,,,,,,,
semaglutide-wegovy,Semaglutide (Wegovy),2026-08-04T08:32:59.607129+00:00,Metabolic,SC injection,sc_injection,chronic_ongoing,up to 2.4 mg,Wegovy / Poviztra,Novo Nordisk / Emcure,Manufacturer diabetes PSP (education/adherence),"Novo Nordisk 'Changing Diabetes' & Novo Nordisk Education Foundation; access-&-affordability programs. Counselling, injection training, adherence. (Not a free-drug scheme.)",workbook_reference_unverified,False,False,Chronic weight management,Anti-obesity (GLP-1),~2025,10200,10199.5,month,False,Priced per month.,"₹3,999–16,400 / month",False,"[{""indication"": ""Chronic weight management""}]",weight_reduction,Mean Body-Weight Reduction,%,,True,,,[],0.0,Standard of Care,,,,True,True,"[""Nausea"", ""Headache"", ""Fatigue""]","[""Muscle Pain"", ""Gastrointestinal discomfort""]","{""status"": ""unavailable"", ""missing_fields"": [""weight_reduction""], ""issues"": [{""field"": ""weight_reduction"", ""severity"": ""warning"", ""message"": ""Primary endpoint not in workbook — run analysis or enter manually.""}]}","{""addressable_population"": null, ""sources"": ""Not available — regional incidence not resolved""}","{""clinical"": ""Standard prescribing guides"", ""competitor"": ""Standard of Care baseline"", ""safety"": ""Clinical trial safety metadata"", ""drug_safety"": ""Product label"", ""clinical_tier"": ""tier_2"", ""competitor_tier"": ""tier_3"", ""safety_tier"": ""tier_2""}","{""global_approval"": {""agency"": ""FDA"", ""date"": ""~2025"", ""status"": ""approved""}, ""regional_status"": ""launched"", ""local_regulator"": ""CDSCO"", ""local_approval_date"": ""~2025"", ""availability_text"": ""Commercially Available (Audited)"", ""availability_color"": ""green"", ""notes"": ""See GLP-1 above"", ""is_available"": true}","{""IN"": 10200, ""SG"": 170, ""AE"": 463}",True,"{""listed"": false, ""source_url"": ""https://nppa.gov.in/en/nlem2022"", ""retrieved_utc"": ""2026-08-04T14:32:40+00:00""}",False,1,"[{""text"": ""Chronic weight management"", ""raw"": ""Chronic weight management"", ""qualifier"": null, ""off_label"": false, ""registry_indication"": ""Chronic Weight Management"", ""category"": ""Metabolic"", ""mapped"": true}]",2026-08-04T15:31:12+00:00,1,0,Metabolic,Chronic weight management,Chronic Weight Management,[],"{""molecule"": ""Semaglutide (Wegovy)"", ""found"": false, ""approved_in_india"": null, ""first_approval_date"": null, ""india_indications"": [], ""note"": ""Not found in the CDSCO new-drug lists. The register is thin before about 2009 and several older lists are scanned images that cannot be read, so this is not evidence the molecule is unapproved in India."", ""source_name"": ""CDSCO List of Approved New Drugs"", ""retrieved_utc"": ""2026-08-05T12:13:39+00:00""}","{""us_initial_approval_year"": {""value"": 2017, ""source_name"": ""FDA prescribing information via DailyMed (WEGOVY (SEMAGLUTIDE) INJECTION, SOLUTION WEGOVY (SEMAGLUTIDE) TABLET [NOVO NORDISK PHARMACEUTICAL INDUSTRIES, LP])"", ""source_url"": ""https://dailymed.nlm.nih.gov/dailymed/drugInfo.cfm?setid=ee06186f-2aa3-4990-a760-757579d8f77b"", ""retrieved"": ""2026-08-03"", ""quote"": ""Initial U.S. Approval: 2017""}}",[],,,,,,,,,
tirzepatide-mounjaro,Tirzepatide (Mounjaro),2026-08-04T08:32:59.607271+00:00,Metabolic,SC injection,sc_injection,chronic_ongoing,2.5–15 mg,Mounjaro,Eli Lilly,Manufacturer diabetes PSP (education/adherence),"Eli Lilly India diabetes support & adherence programs (counselling, injection training). Formal savings cards are US-only.",workbook_reference_unverified,False,False,Chronic weight management,Anti-obesity (dual incretin),Mar 2025,20750,20750.0,month,False,Priced per month.,"₹14,000–27,500 / month",False,"[{""indication"": ""Chronic weight management""}]",weight_reduction,Mean Body-Weight Reduction,%,,True,,,[],0.0,Standard of Care,,,,True,True,"[""Nausea"", ""Headache"", ""Fatigue""]","[""Muscle Pain"", ""Gastrointestinal discomfort""]","{""status"": ""unavailable"", ""missing_fields"": [""weight_reduction""], ""issues"": [{""field"": ""weight_reduction"", ""severity"": ""warning"", ""message"": ""Primary endpoint not in workbook — run analysis or enter manually.""}]}","{""addressable_population"": null, ""sources"": ""Not available — regional incidence not resolved""}","{""clinical"": ""Standard prescribing guides"", ""competitor"": ""Standard of Care baseline"", ""safety"": ""Clinical trial safety metadata"", ""drug_safety"": ""Product label"", ""clinical_tier"": ""tier_2"", ""competitor_tier"": ""tier_3"", ""safety_tier"": ""tier_2""}","{""global_approval"": {""agency"": ""FDA"", ""date"": ""Mar 2025"", ""status"": ""approved""}, ""regional_status"": ""launched"", ""local_regulator"": ""CDSCO"", ""local_approval_date"": ""Mar 2025"", ""availability_text"": ""Commercially Available (Audited)"", ""availability_color"": ""green"", ""notes"": ""See GLP-1 above"", ""is_available"": true}","{""IN"": 20750, ""SG"": 345, ""AE"": 943}",True,"{""listed"": false, ""source_url"": ""https://nppa.gov.in/en/nlem2022"", ""retrieved_utc"": ""2026-08-04T14:32:40+00:00""}",False,1,"[{""text"": ""Chronic weight management"", ""raw"": ""Chronic weight management"", ""qualifier"": null, ""off_label"": false, ""registry_indication"": ""Chronic Weight Management"", ""category"": ""Metabolic"", ""mapped"": true}]",2026-08-04T15:31:12+00:00,1,0,Metabolic,Chronic weight management,Chronic Weight Management,[],"{""molecule"": ""Tirzepatide (Mounjaro)"", ""found"": false, ""approved_in_india"": null, ""first_approval_date"": null, ""india_indications"": [], ""note"": ""Not found in the CDSCO new-drug lists. The register is thin before about 2009 and several older lists are scanned images that cannot be read, so this is not evidence the molecule is unapproved in India."", ""source_name"": ""CDSCO List of Approved New Drugs"", ""retrieved_utc"": ""2026-08-05T12:13:39+00:00""}","{""us_initial_approval_year"": {""value"": 2022, ""source_name"": ""FDA prescribing information via DailyMed (MOUNJARO (TIRZEPATIDE) INJECTION, SOLUTION [A-S MEDICATION SOLUTIONS])"", ""source_url"": ""https://dailymed.nlm.nih.gov/dailymed/drugInfo.cfm?setid=0818426a-53eb-4db7-9609-bbae1e7a3964"", ""retrieved"": ""2026-08-03"", ""quote"": ""Initial U.S. Approval: 2022""}, ""recommended_dosage"": {""value"": ""The recommended starting dosage is 2.5 mg injected subcutaneously once weekly."", ""source_name"": ""FDA prescribing information via DailyMed (MOUNJARO (TIRZEPATIDE) INJECTION, SOLUTION [A-S MEDICATION SOLUTIONS])"", ""source_url"": ""https://dailymed.nlm.nih.gov/dailymed/drugInfo.cfm?setid=0818426a-53eb-4db7-9609-bbae1e7a3964"", ""retrieved"": ""2026-08-03"", ""quote"": ""The recommended starting dosage is 2.5 mg injected subcutaneously once weekly.""}}",[],,,,,,,,,
allopurinol,Allopurinol,2026-08-04T08:32:59.607418+00:00,Metabolic,Oral tab,oral,chronic_ongoing,100/300 mg,"Zyloric, Ciploric","GSK, Cipla",Low-cost generic — Jan Aushadhi,Widely available as low-cost generics; Pradhan Mantri Bhartiya Janaushadhi (PMBJP) offers 50–90% cheaper generics. Manufacturer PSP not typically needed.,workbook_reference_unverified,False,False,Chronic gout; hyperuricemia; recurrent urate stones,Anti-gout (XO inhibitor),1980s,120,4.0,tab,True,Assumes once-daily dosing of one tab (30/month).,₹2–6 / tab,True,"[{""indication"": ""Chronic gout; hyperuricemia; recurrent urate stones""}]",urate_target,Serum Urate <6 mg/dL Attainment,%,,True,,,[],0.0,Standard of Care,,,,True,True,"[""Nausea"", ""Headache"", ""Fatigue""]","[""Muscle Pain"", ""Gastrointestinal discomfort""]","{""status"": ""unavailable"", ""missing_fields"": [""urate_target""], ""issues"": [{""field"": ""urate_target"", ""severity"": ""warning"", ""message"": ""Primary endpoint not in workbook — run analysis or enter manually.""}]}","{""addressable_population"": null, ""sources"": ""Not available — regional incidence not resolved""}","{""clinical"": ""Standard prescribing guides"", ""competitor"": ""Standard of Care baseline"", ""safety"": ""Clinical trial safety metadata"", ""drug_safety"": ""Product label"", ""clinical_tier"": ""tier_2"", ""competitor_tier"": ""tier_3"", ""safety_tier"": ""tier_2""}","{""global_approval"": {""agency"": ""FDA"", ""date"": ""1980s"", ""status"": ""approved""}, ""regional_status"": ""launched"", ""local_regulator"": ""CDSCO"", ""local_approval_date"": ""1980s"", ""availability_text"": ""Commercially Available (Audited)"", ""availability_color"": ""green"", ""notes"": """", ""is_available"": true}","{""IN"": 120, ""SG"": 2, ""AE"": 5}",True,"{""listed"": true, ""section"": ""2.3.1"", ""care_levels"": [""Primary"", ""Secondary"", ""Tertiary""], ""matched_as"": ""Allopurinol"", ""source_url"": ""https://nppa.gov.in/en/nlem2022"", ""retrieved_utc"": ""2026-08-04T14:32:40+00:00""}",True,3,"[{""text"": ""Chronic gout"", ""raw"": ""Chronic gout"", ""qualifier"": null, ""off_label"": false, ""registry_indication"": ""Gout / Hyperuricaemia"", ""category"": ""Metabolic"", ""mapped"": true}, {""text"": ""Hyperuricemia"", ""raw"": ""hyperuricemia"", ""qualifier"": null, ""off_label"": false, ""registry_indication"": ""Gout / Hyperuricaemia"", ""category"": ""Metabolic"", ""mapped"": true}, {""text"": ""Recurrent urate stones"", ""raw"": ""recurrent urate stones"", ""qualifier"": null, ""off_label"": false, ""registry_indication"": ""Gout / Hyperuricaemia"", ""category"": ""Metabolic"", ""mapped"": true}]",2026-08-04T15:31:12+00:00,3,0,Metabolic,Chronic gout,Gout / Hyperuricaemia,[],"{""molecule"": ""Allopurinol"", ""found"": false, ""approved_in_india"": null, ""first_approval_date"": null, ""india_indications"": [], ""note"": ""Not found in the CDSCO new-drug lists. The register is thin before about 2009 and several older lists are scanned images that cannot be read, so this is not evidence the molecule is unapproved in India."", ""source_name"": ""CDSCO List of Approved New Drugs"", ""retrieved_utc"": ""2026-08-05T12:13:39+00:00""}","{""us_initial_approval_year"": {""value"": 1966, ""source_name"": ""FDA prescribing information via DailyMed (ALLOPURINOL TABLET [CARDINAL HEALTH 107, LLC])"", ""source_url"": ""https://dailymed.nlm.nih.gov/dailymed/drugInfo.cfm?setid=b6c5b5c0-b1cb-44c0-a849-5d317e6fa300"", ""retrieved"": ""2026-08-03"", ""quote"": ""Initial U.S. Approval:1966""}, ""recommended_dosage"": {""value"": ""The recommended dosage is: o Adults: 300 mg to 800 mg orally daily."", ""source_name"": ""FDA prescribing information via DailyMed (ALLOPURINOL TABLET [CARDINAL HEALTH 107, LLC])"", ""source_url"": ""https://dailymed.nlm.nih.gov/dailymed/drugInfo.cfm?setid=b6c5b5c0-b1cb-44c0-a849-5d317e6fa300"", ""retrieved"": ""2026-08-03"", ""quote"": ""The recommended dosage is: o Adults: 300 mg to 800 mg orally daily.""}}",[],,,,,,,,,
febuxostat,Febuxostat,2026-08-04T08:32:59.607589+00:00,Metabolic,Oral tab,oral,chronic_ongoing,40/80 mg,"Febutaz, Zurig, Feburic","Torrent, Sun, generics",Low-cost generic — Jan Aushadhi,Widely available as low-cost generics; Pradhan Mantri Bhartiya Janaushadhi (PMBJP) offers 50–90% cheaper generics. Manufacturer PSP not typically needed.,workbook_reference_unverified,False,False,Chronic gout / hyperuricemia,Anti-gout (XO inhibitor),~2010,390,13.0,tab,True,Assumes once-daily dosing of one tab (30/month).,₹8–18 / tab,True,"[{""indication"": ""Chronic gout / hyperuricemia""}]",urate_target,Serum Urate <6 mg/dL Attainment,%,,True,,,[],0.0,Standard of Care,,,,True,True,"[""Nausea"", ""Headache"", ""Fatigue""]","[""Muscle Pain"", ""Gastrointestinal discomfort""]","{""status"": ""unavailable"", ""missing_fields"": [""urate_target""], ""issues"": [{""field"": ""urate_target"", ""severity"": ""warning"", ""message"": ""Primary endpoint not in workbook — run analysis or enter manually.""}]}","{""addressable_population"": null, ""sources"": ""Not available — regional incidence not resolved""}","{""clinical"": ""Standard prescribing guides"", ""competitor"": ""Standard of Care baseline"", ""safety"": ""Clinical trial safety metadata"", ""drug_safety"": ""Product label"", ""clinical_tier"": ""tier_2"", ""competitor_tier"": ""tier_3"", ""safety_tier"": ""tier_2""}","{""global_approval"": {""agency"": ""FDA"", ""date"": ""~2010"", ""status"": ""approved""}, ""regional_status"": ""launched"", ""local_regulator"": ""CDSCO"", ""local_approval_date"": ""~2010"", ""availability_text"": ""Commercially Available (Audited)"", ""availability_color"": ""green"", ""notes"": """", ""is_available"": true}","{""IN"": 390, ""SG"": 6, ""AE"": 17}",True,"{""listed"": false, ""source_url"": ""https://nppa.gov.in/en/nlem2022"", ""retrieved_utc"": ""2026-08-04T14:32:40+00:00""}",False,2,"[{""text"": ""Chronic gout"", ""raw"": ""Chronic gout"", ""qualifier"": null, ""off_label"": false, ""registry_indication"": ""Gout / Hyperuricaemia"", ""category"": ""Metabolic"", ""mapped"": true}, {""text"": ""Hyperuricemia"", ""raw"": ""hyperuricemia"", ""qualifier"": null, ""off_label"": false, ""registry_indication"": ""Gout / Hyperuricaemia"", ""category"": ""Metabolic"", ""mapped"": true}]",2026-08-04T15:31:12+00:00,2,0,Metabolic,Chronic gout,Gout / Hyperuricaemia,[],"{""molecule"": ""Febuxostat"", ""found"": false, ""approved_in_india"": null, ""first_approval_date"": null, ""india_indications"": [], ""note"": ""Not found in the CDSCO new-drug lists. The register is thin before about 2009 and several older lists are scanned images that cannot be read, so this is not evidence the molecule is unapproved in India."", ""source_name"": ""CDSCO List of Approved New Drugs"", ""retrieved_utc"": ""2026-08-05T12:13:39+00:00""}",,,,,,,,,,,
colchicine,Colchicine,2026-08-04T08:32:59.607722+00:00,Metabolic,Oral tab,oral,chronic_ongoing,0.5 mg,"Goutnil, Zycolchin","Cipla, generics",Low-cost generic — Jan Aushadhi,Widely available as low-cost generics; Pradhan Mantri Bhartiya Janaushadhi (PMBJP) offers 50–90% cheaper generics. Manufacturer PSP not typically needed.,workbook_reference_unverified,False,False,Acute gout flare; flare prophylaxis; FMF; pericarditis,Anti-gout (anti-inflammatory),1990s,165,5.5,tab,True,Assumes once-daily dosing of one tab (30/month).,₹3–8 / tab,True,"[{""indication"": ""Acute gout flare; flare prophylaxis; FMF; pericarditis""}]",urate_target,Serum Urate <6 mg/dL Attainment,%,,True,,,[],0.0,Standard of Care,,,,True,True,"[""Nausea"", ""Headache"", ""Fatigue""]","[""Muscle Pain"", ""Gastrointestinal discomfort""]","{""status"": ""unavailable"", ""missing_fields"": [""urate_target""], ""issues"": [{""field"": ""urate_target"", ""severity"": ""warning"", ""message"": ""Primary endpoint not in workbook — run analysis or enter manually.""}]}","{""addressable_population"": null, ""sources"": ""Not available — regional incidence not resolved""}","{""clinical"": ""Standard prescribing guides"", ""competitor"": ""Standard of Care baseline"", ""safety"": ""Clinical trial safety metadata"", ""drug_safety"": ""Product label"", ""clinical_tier"": ""tier_2"", ""competitor_tier"": ""tier_3"", ""safety_tier"": ""tier_2""}","{""global_approval"": {""agency"": ""FDA"", ""date"": ""1990s"", ""status"": ""approved""}, ""regional_status"": ""launched"", ""local_regulator"": ""CDSCO"", ""local_approval_date"": ""1990s"", ""availability_text"": ""Commercially Available (Audited)"", ""availability_color"": ""green"", ""notes"": """", ""is_available"": true}","{""IN"": 165, ""SG"": 2, ""AE"": 7}",True,"{""listed"": true, ""section"": ""2.3.2"", ""care_levels"": [""Primary"", ""Secondary"", ""Tertiary""], ""matched_as"": ""Colchicine"", ""source_url"": ""https://nppa.gov.in/en/nlem2022"", ""retrieved_utc"": ""2026-08-04T14:32:40+00:00""}",True,4,"[{""text"": ""Acute gout flare"", ""raw"": ""Acute gout flare"", ""qualifier"": null, ""off_label"": false, ""registry_indication"": ""Gout / Hyperuricaemia"", ""category"": ""Metabolic"", ""mapped"": true}, {""text"": ""Flare prophylaxis"", ""raw"": ""flare prophylaxis"", ""qualifier"": null, ""off_label"": false, ""registry_indication"": null, ""category"": null, ""mapped"": false}, {""text"": ""FMF"", ""raw"": ""FMF"", ""qualifier"": null, ""off_label"": false, ""registry_indication"": null, ""category"": null, ""mapped"": false}, {""text"": ""Pericarditis"", ""raw"": ""pericarditis"", ""qualifier"": null, ""off_label"": false, ""registry_indication"": null, ""category"": null, ""mapped"": false}]",2026-08-04T15:31:12+00:00,1,0,Metabolic,Acute gout flare,Gout / Hyperuricaemia,"[""Flare prophylaxis"", ""FMF"", ""Pericarditis""]","{""molecule"": ""Colchicine"", ""found"": false, ""approved_in_india"": null, ""first_approval_date"": null, ""india_indications"": [], ""note"": ""Not found in the CDSCO new-drug lists. The register is thin before about 2009 and several older lists are scanned images that cannot be read, so this is not evidence the molecule is unapproved in India."", ""source_name"": ""CDSCO List of Approved New Drugs"", ""retrieved_utc"": ""2026-08-05T12:13:39+00:00""}",,,,,,,,,,,
alendronate,Alendronate,2026-08-04T08:32:59.607886+00:00,Metabolic,Oral tab,sc_injection,fixed_course,10/70 mg,"Osteofos, Gemfos, Alenat, Restofos","Cipla, generics",Low-cost generic — Jan Aushadhi,Widely available as low-cost generics; Pradhan Mantri Bhartiya Janaushadhi (PMBJP) offers 50–90% cheaper generics. Manufacturer PSP not typically needed.,workbook_reference_unverified,False,False,"Osteoporosis (postmenopausal, male, glucocorticoid)",Bisphosphonate,~2000,420,14.0,tab,True,Assumes once-daily dosing of one tab (30/month).,₹8–20 / tab,False,"[{""indication"": ""Osteoporosis (postmenopausal, male, glucocorticoid)""}]",vertebral_fracture_hr,Vertebral-Fracture Risk Reduction,HR,,True,,,[],0.0,Standard of Care,,,,True,True,"[""Nausea"", ""Headache"", ""Fatigue""]","[""Muscle Pain"", ""Gastrointestinal discomfort""]","{""status"": ""unavailable"", ""missing_fields"": [""vertebral_fracture_hr""], ""issues"": [{""field"": ""vertebral_fracture_hr"", ""severity"": ""warning"", ""message"": ""Primary endpoint not in workbook — run analysis or enter manually.""}]}","{""addressable_population"": null, ""sources"": ""Not available — regional incidence not resolved""}","{""clinical"": ""Standard prescribing guides"", ""competitor"": ""Standard of Care baseline"", ""safety"": ""Clinical trial safety metadata"", ""drug_safety"": ""Product label"", ""clinical_tier"": ""tier_2"", ""competitor_tier"": ""tier_3"", ""safety_tier"": ""tier_2""}","{""global_approval"": {""agency"": ""FDA"", ""date"": ""~2000"", ""status"": ""approved""}, ""regional_status"": ""launched"", ""local_regulator"": ""CDSCO"", ""local_approval_date"": ""~2000"", ""availability_text"": ""Commercially Available (Audited)"", ""availability_color"": ""green"", ""notes"": """", ""is_available"": true}","{""IN"": 420, ""SG"": 7, ""AE"": 19}",True,"{""listed"": false, ""source_url"": ""https://nppa.gov.in/en/nlem2022"", ""retrieved_utc"": ""2026-08-04T14:32:40+00:00""}",False,1,"[{""text"": ""Osteoporosis"", ""raw"": ""Osteoporosis (postmenopausal, male, glucocorticoid)"", ""qualifier"": ""postmenopausal, male, glucocorticoid"", ""off_label"": false, ""registry_indication"": ""Osteoporosis"", ""category"": ""Women's Health"", ""mapped"": true}]",2026-08-04T15:31:12+00:00,1,0,Women's Health,Osteoporosis,Osteoporosis,[],"{""molecule"": ""Alendronate"", ""found"": false, ""approved_in_india"": null, ""first_approval_date"": null, ""india_indications"": [], ""note"": ""Not found in the CDSCO new-drug lists. The register is thin before about 2009 and several older lists are scanned images that cannot be read, so this is not evidence the molecule is unapproved in India."", ""source_name"": ""CDSCO List of Approved New Drugs"", ""retrieved_utc"": ""2026-08-05T12:13:39+00:00""}",,,,,,,,,,,
risedronate,Risedronate,2026-08-04T08:32:59.608012+00:00,Metabolic,Oral tab,sc_injection,fixed_course,5/35/150 mg,"Actonel, Risofos","Aventis, generics",Generics + optional adherence PSP,Affordable branded generics widely available; innovator brands may offer counselling/adherence support via the prescriber. Jan Aushadhi generics available for older molecules.,workbook_reference_unverified,False,False,Osteoporosis; Paget's disease,Bisphosphonate,~2003,825,27.5,tab,True,Assumes once-daily dosing of one tab (30/month).,₹15–40 / tab,True,"[{""indication"": ""Osteoporosis; Paget's disease""}]",vertebral_fracture_hr,Vertebral-Fracture Risk Reduction,HR,,True,,,[],0.0,Standard of Care,,,,True,True,"[""Nausea"", ""Headache"", ""Fatigue""]","[""Muscle Pain"", ""Gastrointestinal discomfort""]","{""status"": ""unavailable"", ""missing_fields"": [""vertebral_fracture_hr""], ""issues"": [{""field"": ""vertebral_fracture_hr"", ""severity"": ""warning"", ""message"": ""Primary endpoint not in workbook — run analysis or enter manually.""}]}","{""addressable_population"": null, ""sources"": ""Not available — regional incidence not resolved""}","{""clinical"": ""Standard prescribing guides"", ""competitor"": ""Standard of Care baseline"", ""safety"": ""Clinical trial safety metadata"", ""drug_safety"": ""Product label"", ""clinical_tier"": ""tier_2"", ""competitor_tier"": ""tier_3"", ""safety_tier"": ""tier_2""}","{""global_approval"": {""agency"": ""FDA"", ""date"": ""~2003"", ""status"": ""approved""}, ""regional_status"": ""launched"", ""local_regulator"": ""CDSCO"", ""local_approval_date"": ""~2003"", ""availability_text"": ""Commercially Available (Audited)"", ""availability_color"": ""green"", ""notes"": """", ""is_available"": true}","{""IN"": 825, ""SG"": 13, ""AE"": 37}",True,"{""listed"": false, ""source_url"": ""https://nppa.gov.in/en/nlem2022"", ""retrieved_utc"": ""2026-08-04T14:32:40+00:00""}",False,2,"[{""text"": ""Osteoporosis"", ""raw"": ""Osteoporosis"", ""qualifier"": null, ""off_label"": false, ""registry_indication"": ""Osteoporosis"", ""category"": ""Women's Health"", ""mapped"": true}, {""text"": ""Paget's disease"", ""raw"": ""Paget's disease"", ""qualifier"": null, ""off_label"": false, ""registry_indication"": null, ""category"": null, ""mapped"": false}]",2026-08-04T15:31:12+00:00,1,0,Women's Health,Osteoporosis,Osteoporosis,"[""Paget's disease""]","{""molecule"": ""Risedronate"", ""found"": false, ""approved_in_india"": null, ""first_approval_date"": null, ""india_indications"": [], ""note"": ""Not found in the CDSCO new-drug lists. The register is thin before about 2009 and several older lists are scanned images that cannot be read, so this is not evidence the molecule is unapproved in India."", ""source_name"": ""CDSCO List of Approved New Drugs"", ""retrieved_utc"": ""2026-08-05T12:13:39+00:00""}",,,,,,,,,,,
ibandronate,Ibandronate,2026-08-04T08:32:59.608147+00:00,Metabolic,Oral tab / IV,sc_injection,fixed_course,150 mg oral; 3 mg IV,"Idrofos, Ibandroc, Boniva","Cipla, generics",Generics + optional adherence PSP,Affordable branded generics widely available; innovator brands may offer counselling/adherence support via the prescriber. Jan Aushadhi generics available for older molecules.,workbook_reference_unverified,False,False,Postmenopausal osteoporosis,Bisphosphonate,~2006,4200,140.0,tab,True,Assumes once-daily dosing of one tab (30/month).,₹80–200 / tab,False,"[{""indication"": ""Postmenopausal osteoporosis""}]",vertebral_fracture_hr,Vertebral-Fracture Risk Reduction,HR,,True,,,[],0.0,Standard of Care,,,,True,True,"[""Nausea"", ""Headache"", ""Fatigue""]","[""Muscle Pain"", ""Gastrointestinal discomfort""]","{""status"": ""unavailable"", ""missing_fields"": [""vertebral_fracture_hr""], ""issues"": [{""field"": ""vertebral_fracture_hr"", ""severity"": ""warning"", ""message"": ""Primary endpoint not in workbook — run analysis or enter manually.""}]}","{""addressable_population"": null, ""sources"": ""Not available — regional incidence not resolved""}","{""clinical"": ""Standard prescribing guides"", ""competitor"": ""Standard of Care baseline"", ""safety"": ""Clinical trial safety metadata"", ""drug_safety"": ""Product label"", ""clinical_tier"": ""tier_2"", ""competitor_tier"": ""tier_3"", ""safety_tier"": ""tier_2""}","{""global_approval"": {""agency"": ""FDA"", ""date"": ""~2006"", ""status"": ""approved""}, ""regional_status"": ""launched"", ""local_regulator"": ""CDSCO"", ""local_approval_date"": ""~2006"", ""availability_text"": ""Commercially Available (Audited)"", ""availability_color"": ""green"", ""notes"": """", ""is_available"": true}","{""IN"": 4200, ""SG"": 70, ""AE"": 190}",True,"{""listed"": false, ""source_url"": ""https://nppa.gov.in/en/nlem2022"", ""retrieved_utc"": ""2026-08-04T14:32:40+00:00""}",False,1,"[{""text"": ""Postmenopausal osteoporosis"", ""raw"": ""Postmenopausal osteoporosis"", ""qualifier"": null, ""off_label"": false, ""registry_indication"": ""Osteoporosis"", ""category"": ""Women's Health"", ""mapped"": true}]",2026-08-04T15:31:12+00:00,1,0,Women's Health,Postmenopausal osteoporosis,Osteoporosis,[],"{""molecule"": ""Ibandronate"", ""found"": false, ""approved_in_india"": null, ""first_approval_date"": null, ""india_indications"": [], ""note"": ""Not found in the CDSCO new-drug lists. The register is thin before about 2009 and several older lists are scanned images that cannot be read, so this is not evidence the molecule is unapproved in India."", ""source_name"": ""CDSCO List of Approved New Drugs"", ""retrieved_utc"": ""2026-08-05T12:13:39+00:00""}",,,,,,,,,,,
zoledronic-acid,Zoledronic acid,2026-08-04T08:32:59.608292+00:00,Metabolic,IV infusion,sc_injection,fixed_course,4 mg (onco); 5 mg (bone),"Zoldonat, Zolic, Aclasta","Novartis, generics",Day-care/hospital access,Given as annual infusion in day-care; manufacturer/charitable access for osteoporosis & use.,workbook_reference_unverified,False,False,Osteoporosis (5 mg yearly); Paget's; hypercalcemia of ; bone metastases,Bisphosphonate,~2005,,3500.0,vial,True,Priced per vial but dosing frequency is not stated — monthly cost cannot be derived. Enter the frequency to complete the model.,"₹1,000–6,000 / vial",True,"[{""indication"": ""Osteoporosis (5 mg yearly); Paget's; hypercalcemia of ; bone metastases""}]",vertebral_fracture_hr,Vertebral-Fracture Risk Reduction,HR,,True,,,[],0.0,Standard of Care,,,,True,True,"[""Nausea"", ""Headache"", ""Fatigue""]","[""Muscle Pain"", ""Gastrointestinal discomfort""]","{""status"": ""unavailable"", ""missing_fields"": [""vertebral_fracture_hr""], ""issues"": [{""field"": ""vertebral_fracture_hr"", ""severity"": ""warning"", ""message"": ""Primary endpoint not in workbook — run analysis or enter manually.""}]}","{""addressable_population"": null, ""sources"": ""Not available — regional incidence not resolved""}","{""clinical"": ""Standard prescribing guides"", ""competitor"": ""Standard of Care baseline"", ""safety"": ""Clinical trial safety metadata"", ""drug_safety"": ""Product label"", ""clinical_tier"": ""tier_2"", ""competitor_tier"": ""tier_3"", ""safety_tier"": ""tier_2""}","{""global_approval"": {""agency"": ""FDA"", ""date"": ""~2005"", ""status"": ""approved""}, ""regional_status"": ""launched"", ""local_regulator"": ""CDSCO"", ""local_approval_date"": ""~2005"", ""availability_text"": ""Commercially Available (Audited)"", ""availability_color"": ""green"", ""notes"": """", ""is_available"": true}","{""IN"": null, ""SG"": null, ""AE"": null}",False,"{""listed"": true, ""section"": ""7.4.16"", ""care_levels"": [""Tertiary""], ""matched_as"": ""Zoledronic acid"", ""source_url"": ""https://nppa.gov.in/en/nlem2022"", ""retrieved_utc"": ""2026-08-04T14:32:40+00:00""}",True,4,"[{""text"": ""Osteoporosis"", ""raw"": ""Osteoporosis (5 mg yearly)"", ""qualifier"": ""5 mg yearly"", ""off_label"": false, ""registry_indication"": ""Osteoporosis"", ""category"": ""Women's Health"", ""mapped"": true}, {""text"": ""Paget's"", ""raw"": ""Paget's"", ""qualifier"": null, ""off_label"": false, ""registry_indication"": null, ""category"": null, ""mapped"": false}, {""text"": ""Hypercalcemia of"", ""raw"": ""hypercalcemia of"", ""qualifier"": null, ""off_label"": false, ""registry_indication"": null, ""category"": null, ""mapped"": false}, {""text"": ""Bone metastases"", ""raw"": ""bone metastases"", ""qualifier"": null, ""off_label"": false, ""registry_indication"": null, ""category"": null, ""mapped"": false}]",2026-08-04T15:31:12+00:00,1,0,Women's Health,Osteoporosis,Osteoporosis,"[""Paget's"", ""Hypercalcemia of"", ""Bone metastases""]","{""molecule"": ""Zoledronic acid"", ""found"": true, ""approved_in_india"": true, ""first_approval_date"": ""2009-01-07"", ""approval_day_known"": true, ""single_molecule_rows"": 0, ""combination_rows"": 2, ""only_as_combination"": true, ""india_indications"": [], ""source_name"": ""CDSCO List of Approved New Drugs"", ""source_url"": ""https://cdsco.gov.in/opencms/resources/UploadCDSCOWeb/2018/UploadApprovalNewDrugs/2009.pdf"", ""source_list"": ""LIST OF NEW DRUGS APPROVED 2009"", ""retrieved_utc"": ""2026-08-05T12:13:39+00:00""}",,,,,,,,,,,
denosumab,Denosumab,2026-08-04T08:32:59.608430+00:00,Metabolic,SC injection,sc_injection,fixed_course,60 mg (Prolia); 120 mg (Xgeva),"Prolia, Xgeva, Densmab","Amgen/GSK, generics",Manufacturer specialty access/adherence,"GSK/Amgen 'Prolia/Xgeva' specialty access, injection scheduling & adherence; enrol via treating physician/specialty pharmacy.",workbook_reference_unverified,False,False,"Osteoporosis (Prolia, 6-monthly); prevention of skeletal events in bone metastases (Xgeva)",RANKL inhibitor (mAb),~2017,,14000.0,dose,True,Priced per dose but dosing frequency is not stated — monthly cost cannot be derived. Enter the frequency to complete the model.,"₹8,000–20,000 / dose",True,"[{""indication"": ""Osteoporosis (Prolia, 6-monthly); prevention of skeletal events in bone metastases (Xgeva)""}]",vertebral_fracture_hr,Vertebral-Fracture Risk Reduction,HR,,True,,,[],0.0,Standard of Care,,,,True,True,"[""Nausea"", ""Headache"", ""Fatigue""]","[""Muscle Pain"", ""Gastrointestinal discomfort""]","{""status"": ""unavailable"", ""missing_fields"": [""vertebral_fracture_hr""], ""issues"": [{""field"": ""vertebral_fracture_hr"", ""severity"": ""warning"", ""message"": ""Primary endpoint not in workbook — run analysis or enter manually.""}]}","{""addressable_population"": null, ""sources"": ""Not available — regional incidence not resolved""}","{""clinical"": ""Standard prescribing guides"", ""competitor"": ""Standard of Care baseline"", ""safety"": ""Clinical trial safety metadata"", ""drug_safety"": ""Product label"", ""clinical_tier"": ""tier_2"", ""competitor_tier"": ""tier_3"", ""safety_tier"": ""tier_2""}","{""global_approval"": {""agency"": ""FDA"", ""date"": ""~2017"", ""status"": ""approved""}, ""regional_status"": ""launched"", ""local_regulator"": ""CDSCO"", ""local_approval_date"": ""~2017"", ""availability_text"": ""Commercially Available (Audited)"", ""availability_color"": ""green"", ""notes"": """", ""is_available"": true}","{""IN"": null, ""SG"": null, ""AE"": null}",False,"{""listed"": false, ""source_url"": ""https://nppa.gov.in/en/nlem2022"", ""retrieved_utc"": ""2026-08-04T14:32:40+00:00""}",False,2,"[{""text"": ""Osteoporosis"", ""raw"": ""Osteoporosis (Prolia, 6-monthly)"", ""qualifier"": ""Prolia, 6-monthly"", ""off_label"": false, ""registry_indication"": ""Osteoporosis"", ""category"": ""Women's Health"", ""mapped"": true}, {""text"": ""Prevention of skeletal events in bone metastases"", ""raw"": ""prevention of skeletal events in bone metastases (Xgeva)"", ""qualifier"": ""Xgeva"", ""off_label"": false, ""registry_indication"": null, ""category"": null, ""mapped"": false}]",2026-08-04T15:31:12+00:00,1,0,Women's Health,Osteoporosis,Osteoporosis,"[""Prevention of skeletal events in bone metastases""]","{""molecule"": ""Denosumab"", ""found"": false, ""approved_in_india"": null, ""first_approval_date"": null, ""india_indications"": [], ""note"": ""Not found in the CDSCO new-drug lists. The register is thin before about 2009 and several older lists are scanned images that cannot be read, so this is not evidence the molecule is unapproved in India."", ""source_name"": ""CDSCO List of Approved New Drugs"", ""retrieved_utc"": ""2026-08-05T12:13:39+00:00""}",,,,,,,,,,,
teriparatide,Teriparatide,2026-08-04T08:32:59.608561+00:00,Metabolic,SC injection (pen),sc_injection,fixed_course,20 mcg/dose,"Forteo, Bonista, Terifrac","Eli Lilly, Sun",Manufacturer osteoporosis PSP,"Eli Lilly 'Forteo' / Sun 'Bonista' pen-injection training, reminders & adherence support.",workbook_reference_unverified,False,False,Severe osteoporosis at high fracture risk,Anabolic (PTH analog),~2010,,11500.0,pen,True,Priced per pen but dosing frequency is not stated — monthly cost cannot be derived. Enter the frequency to complete the model.,"₹8,000–15,000 / pen (month)",False,"[{""indication"": ""Severe osteoporosis at high fracture risk""}]",vertebral_fracture_hr,Vertebral-Fracture Risk Reduction,HR,,True,,,[],0.0,Standard of Care,,,,True,True,"[""Nausea"", ""Headache"", ""Fatigue""]","[""Muscle Pain"", ""Gastrointestinal discomfort""]","{""status"": ""unavailable"", ""missing_fields"": [""vertebral_fracture_hr""], ""issues"": [{""field"": ""vertebral_fracture_hr"", ""severity"": ""warning"", ""message"": ""Primary endpoint not in workbook — run analysis or enter manually.""}]}","{""addressable_population"": null, ""sources"": ""Not available — regional incidence not resolved""}","{""clinical"": ""Standard prescribing guides"", ""competitor"": ""Standard of Care baseline"", ""safety"": ""Clinical trial safety metadata"", ""drug_safety"": ""Product label"", ""clinical_tier"": ""tier_2"", ""competitor_tier"": ""tier_3"", ""safety_tier"": ""tier_2""}","{""global_approval"": {""agency"": ""FDA"", ""date"": ""~2010"", ""status"": ""approved""}, ""regional_status"": ""launched"", ""local_regulator"": ""CDSCO"", ""local_approval_date"": ""~2010"", ""availability_text"": ""Commercially Available (Audited)"", ""availability_color"": ""green"", ""notes"": """", ""is_available"": true}","{""IN"": null, ""SG"": null, ""AE"": null}",False,"{""listed"": false, ""source_url"": ""https://nppa.gov.in/en/nlem2022"", ""retrieved_utc"": ""2026-08-04T14:32:40+00:00""}",False,1,"[{""text"": ""Severe osteoporosis at high fracture risk"", ""raw"": ""Severe osteoporosis at high fracture risk"", ""qualifier"": null, ""off_label"": false, ""registry_indication"": ""Osteoporosis"", ""category"": ""Women's Health"", ""mapped"": true}]",2026-08-04T15:31:12+00:00,1,0,Women's Health,Severe osteoporosis at high fracture risk,Osteoporosis,[],"{""molecule"": ""Teriparatide"", ""found"": false, ""approved_in_india"": null, ""first_approval_date"": null, ""india_indications"": [], ""note"": ""Not found in the CDSCO new-drug lists. The register is thin before about 2009 and several older lists are scanned images that cannot be read, so this is not evidence the molecule is unapproved in India."", ""source_name"": ""CDSCO List of Approved New Drugs"", ""retrieved_utc"": ""2026-08-05T12:13:39+00:00""}","{""us_initial_approval_year"": {""value"": 1987, ""source_name"": ""FDA prescribing information via DailyMed (FORTEO (TERIPARATIDE) INJECTION, SOLUTION [ELI LILLY AND COMPANY])"", ""source_url"": ""https://dailymed.nlm.nih.gov/dailymed/drugInfo.cfm?setid=aae667c5-381f-4f92-93df-2ed6158d07b0"", ""retrieved"": ""2026-08-03"", ""quote"": ""Initial U.S. Approval: 1987""}, ""recommended_dosage"": {""value"": ""The recommended dosage is 20 mcg per dose given subcutaneously once a day."", ""source_name"": ""FDA prescribing information via DailyMed (FORTEO (TERIPARATIDE) INJECTION, SOLUTION [ELI LILLY AND COMPANY])"", ""source_url"": ""https://dailymed.nlm.nih.gov/dailymed/drugInfo.cfm?setid=aae667c5-381f-4f92-93df-2ed6158d07b0"", ""retrieved"": ""2026-08-03"", ""quote"": ""The recommended dosage is 20 mcg per dose given subcutaneously once a day.""}}",[],,,,,,,,,
raloxifene,Raloxifene,2026-08-04T08:32:59.608677+00:00,Metabolic,Oral tab,sc_injection,fixed_course,60 mg,"Evista, Bonmax","Eli Lilly, generics",Generics + optional adherence PSP,Affordable branded generics widely available; innovator brands may offer counselling/adherence support via the prescriber. Jan Aushadhi generics available for older molecules.,workbook_reference_unverified,False,False,Postmenopausal osteoporosis,Bone (SERM),~2005,750,25.0,tab,True,Assumes once-daily dosing of one tab (30/month).,₹15–35 / tab,False,"[{""indication"": ""Postmenopausal osteoporosis""}]",vertebral_fracture_hr,Vertebral-Fracture Risk Reduction,HR,,True,,,[],0.0,Standard of Care,,,,True,True,"[""Nausea"", ""Headache"", ""Fatigue""]","[""Muscle Pain"", ""Gastrointestinal discomfort""]","{""status"": ""unavailable"", ""missing_fields"": [""vertebral_fracture_hr""], ""issues"": [{""field"": ""vertebral_fracture_hr"", ""severity"": ""warning"", ""message"": ""Primary endpoint not in workbook — run analysis or enter manually.""}]}","{""addressable_population"": null, ""sources"": ""Not available — regional incidence not resolved""}","{""clinical"": ""Standard prescribing guides"", ""competitor"": ""Standard of Care baseline"", ""safety"": ""Clinical trial safety metadata"", ""drug_safety"": ""Product label"", ""clinical_tier"": ""tier_2"", ""competitor_tier"": ""tier_3"", ""safety_tier"": ""tier_2""}","{""global_approval"": {""agency"": ""FDA"", ""date"": ""~2005"", ""status"": ""approved""}, ""regional_status"": ""launched"", ""local_regulator"": ""CDSCO"", ""local_approval_date"": ""~2005"", ""availability_text"": ""Commercially Available (Audited)"", ""availability_color"": ""green"", ""notes"": """", ""is_available"": true}","{""IN"": 750, ""SG"": 12, ""AE"": 34}",True,"{""listed"": false, ""source_url"": ""https://nppa.gov.in/en/nlem2022"", ""retrieved_utc"": ""2026-08-04T14:32:40+00:00""}",False,1,"[{""text"": ""Postmenopausal osteoporosis"", ""raw"": ""Postmenopausal osteoporosis"", ""qualifier"": null, ""off_label"": false, ""registry_indication"": ""Osteoporosis"", ""category"": ""Women's Health"", ""mapped"": true}]",2026-08-04T15:31:12+00:00,1,0,Women's Health,Postmenopausal osteoporosis,Osteoporosis,[],"{""molecule"": ""Raloxifene"", ""found"": false, ""approved_in_india"": null, ""first_approval_date"": null, ""india_indications"": [], ""note"": ""Not found in the CDSCO new-drug lists. The register is thin before about 2009 and several older lists are scanned images that cannot be read, so this is not evidence the molecule is unapproved in India."", ""source_name"": ""CDSCO List of Approved New Drugs"", ""retrieved_utc"": ""2026-08-05T12:13:39+00:00""}",,,,,,,,,,,
calcium-carbonate-citrate-vit-d3,Calcium carbonate/citrate (± Vit D3),2026-08-04T08:32:59.608817+00:00,Metabolic,Oral tab,sc_injection,fixed_course,500 mg elemental,"Shelcal, Calcium Sandoz, Gemcal","Torrent, GSK, generics",Low-cost generic — Jan Aushadhi,Widely available as low-cost generics; Pradhan Mantri Bhartiya Janaushadhi (PMBJP) offers 50–90% cheaper generics. Manufacturer PSP not typically needed.,workbook_reference_unverified,False,False,Calcium deficiency; osteoporosis adjunct; pregnancy/lactation,Calcium supplement,—,165,5.5,tab,True,Assumes once-daily dosing of one tab (30/month).,₹3–8 / tab,True,"[{""indication"": ""Calcium deficiency; osteoporosis adjunct; pregnancy/lactation""}]",vertebral_fracture_hr,Vertebral-Fracture Risk Reduction,HR,,True,,,[],0.0,Standard of Care,,,,True,True,"[""Nausea"", ""Headache"", ""Fatigue""]","[""Muscle Pain"", ""Gastrointestinal discomfort""]","{""status"": ""unavailable"", ""missing_fields"": [""vertebral_fracture_hr""], ""issues"": [{""field"": ""vertebral_fracture_hr"", ""severity"": ""warning"", ""message"": ""Primary endpoint not in workbook — run analysis or enter manually.""}]}","{""addressable_population"": null, ""sources"": ""Not available — regional incidence not resolved""}","{""clinical"": ""Standard prescribing guides"", ""competitor"": ""Standard of Care baseline"", ""safety"": ""Clinical trial safety metadata"", ""drug_safety"": ""Product label"", ""clinical_tier"": ""tier_2"", ""competitor_tier"": ""tier_3"", ""safety_tier"": ""tier_2""}","{""global_approval"": {""agency"": ""FDA"", ""date"": ""—"", ""status"": ""approved""}, ""regional_status"": ""launched"", ""local_regulator"": ""CDSCO"", ""local_approval_date"": ""—"", ""availability_text"": ""Commercially Available (Audited)"", ""availability_color"": ""green"", ""notes"": """", ""is_available"": true}","{""IN"": 165, ""SG"": 2, ""AE"": 7}",True,"{""listed"": true, ""section"": ""4.2.2"", ""care_levels"": [""Primary"", ""Secondary"", ""Tertiary""], ""matched_as"": ""Calcium gluconate"", ""source_url"": ""https://nppa.gov.in/en/nlem2022"", ""retrieved_utc"": ""2026-08-04T14:32:40+00:00""}",True,3,"[{""text"": ""Calcium deficiency"", ""raw"": ""Calcium deficiency"", ""qualifier"": null, ""off_label"": false, ""registry_indication"": null, ""category"": null, ""mapped"": false}, {""text"": ""Osteoporosis adjunct"", ""raw"": ""osteoporosis adjunct"", ""qualifier"": null, ""off_label"": false, ""registry_indication"": ""Osteoporosis"", ""category"": ""Women's Health"", ""mapped"": true}, {""text"": ""Pregnancy/lactation"", ""raw"": ""pregnancy/lactation"", ""qualifier"": null, ""off_label"": false, ""registry_indication"": null, ""category"": null, ""mapped"": false}]",2026-08-04T15:31:12+00:00,1,0,Women's Health,Osteoporosis adjunct,Osteoporosis,"[""Calcium deficiency"", ""Pregnancy/lactation""]","{""molecule"": ""Calcium carbonate/citrate (± Vit D3)"", ""found"": false, ""approved_in_india"": null, ""first_approval_date"": null, ""india_indications"": [], ""note"": ""Not found in the CDSCO new-drug lists. The register is thin before about 2009 and several older lists are scanned images that cannot be read, so this is not evidence the molecule is unapproved in India."", ""source_name"": ""CDSCO List of Approved New Drugs"", ""retrieved_utc"": ""2026-08-05T12:13:39+00:00""}",,,,,,,,,,,
cholecalciferol-d3,Cholecalciferol (D3),2026-08-04T08:32:59.608962+00:00,Metabolic,Oral tab/sachet/granule,sc_injection,fixed_course,"1,000–60,000 IU","Uprise-D3, Calcirol, D-Rise","Alkem, Cadila, generics",Generics + optional adherence PSP,Affordable branded generics widely available; innovator brands may offer counselling/adherence support via the prescriber. Jan Aushadhi generics available for older molecules.,workbook_reference_unverified,False,False,Vitamin D deficiency; osteomalacia/rickets; osteoporosis adjunct,Vitamin D,—,,22.5,,True,Priced per unit but dosing frequency is not stated — monthly cost cannot be derived. Enter the frequency to complete the model.,₹10–35 / 60k-IU sachet,True,"[{""indication"": ""Vitamin D deficiency; osteomalacia/rickets; osteoporosis adjunct""}]",vertebral_fracture_hr,Vertebral-Fracture Risk Reduction,HR,,True,,,[],0.0,Standard of Care,,,,True,True,"[""Nausea"", ""Headache"", ""Fatigue""]","[""Muscle Pain"", ""Gastrointestinal discomfort""]","{""status"": ""unavailable"", ""missing_fields"": [""vertebral_fracture_hr""], ""issues"": [{""field"": ""vertebral_fracture_hr"", ""severity"": ""warning"", ""message"": ""Primary endpoint not in workbook — run analysis or enter manually.""}]}","{""addressable_population"": null, ""sources"": ""Not available — regional incidence not resolved""}","{""clinical"": ""Standard prescribing guides"", ""competitor"": ""Standard of Care baseline"", ""safety"": ""Clinical trial safety metadata"", ""drug_safety"": ""Product label"", ""clinical_tier"": ""tier_2"", ""competitor_tier"": ""tier_3"", ""safety_tier"": ""tier_2""}","{""global_approval"": {""agency"": ""FDA"", ""date"": ""—"", ""status"": ""approved""}, ""regional_status"": ""launched"", ""local_regulator"": ""CDSCO"", ""local_approval_date"": ""—"", ""availability_text"": ""Commercially Available (Audited)"", ""availability_color"": ""green"", ""notes"": """", ""is_available"": true}","{""IN"": null, ""SG"": null, ""AE"": null}",True,"{""listed"": false, ""source_url"": ""https://nppa.gov.in/en/nlem2022"", ""retrieved_utc"": ""2026-08-04T14:32:40+00:00""}",False,3,"[{""text"": ""Vitamin D deficiency"", ""raw"": ""Vitamin D deficiency"", ""qualifier"": null, ""off_label"": false, ""registry_indication"": ""Osteoporosis"", ""category"": ""Women's Health"", ""mapped"": true}, {""text"": ""Osteomalacia/rickets"", ""raw"": ""osteomalacia/rickets"", ""qualifier"": null, ""off_label"": false, ""registry_indication"": ""Mineral & Bone Disorder (CKD-MBD / Hypoparathyroidism)"", ""category"": ""Metabolic"", ""mapped"": true}, {""text"": ""Osteoporosis adjunct"", ""raw"": ""osteoporosis adjunct"", ""qualifier"": null, ""off_label"": false, ""registry_indication"": ""Osteoporosis"", ""category"": ""Women's Health"", ""mapped"": true}]",2026-08-04T15:31:12+00:00,3,0,Women's Health,Vitamin D deficiency,Osteoporosis,[],"{""molecule"": ""Cholecalciferol (D3)"", ""found"": false, ""approved_in_india"": null, ""first_approval_date"": null, ""india_indications"": [], ""note"": ""Not found in the CDSCO new-drug lists. The register is thin before about 2009 and several older lists are scanned images that cannot be read, so this is not evidence the molecule is unapproved in India."", ""source_name"": ""CDSCO List of Approved New Drugs"", ""retrieved_utc"": ""2026-08-05T12:13:39+00:00""}",,,,,,,,,,,
calcitriol,Calcitriol,2026-08-04T08:32:59.609110+00:00,Metabolic,Oral cap,oral,chronic_ongoing,0.25 mcg,"Rocaltrol, Calcitriol","Roche, generics",Low-cost generic — Jan Aushadhi,Widely available as low-cost generics; Pradhan Mantri Bhartiya Janaushadhi (PMBJP) offers 50–90% cheaper generics. Manufacturer PSP not typically needed.,workbook_reference_unverified,False,False,Renal osteodystrophy; hypoparathyroidism; refractory rickets,Vitamin D (active),—,255,8.5,cap,True,Assumes once-daily dosing of one cap (30/month).,₹5–12 / cap,True,"[{""indication"": ""Renal osteodystrophy; hypoparathyroidism; refractory rickets""}]",pth_control,PTH / Calcium Control,%,,True,,,[],0.0,Standard of Care,,,,True,True,"[""Nausea"", ""Headache"", ""Fatigue""]","[""Muscle Pain"", ""Gastrointestinal discomfort""]","{""status"": ""unavailable"", ""missing_fields"": [""pth_control""], ""issues"": [{""field"": ""pth_control"", ""severity"": ""warning"", ""message"": ""Primary endpoint not in workbook — run analysis or enter manually.""}]}","{""addressable_population"": null, ""sources"": ""Not available — regional incidence not resolved""}","{""clinical"": ""Standard prescribing guides"", ""competitor"": ""Standard of Care baseline"", ""safety"": ""Clinical trial safety metadata"", ""drug_safety"": ""Product label"", ""clinical_tier"": ""tier_2"", ""competitor_tier"": ""tier_3"", ""safety_tier"": ""tier_2""}","{""global_approval"": {""agency"": ""FDA"", ""date"": ""—"", ""status"": ""approved""}, ""regional_status"": ""launched"", ""local_regulator"": ""CDSCO"", ""local_approval_date"": ""—"", ""availability_text"": ""Commercially Available (Audited)"", ""availability_color"": ""green"", ""notes"": """", ""is_available"": true}","{""IN"": 255, ""SG"": 4, ""AE"": 11}",True,"{""listed"": false, ""source_url"": ""https://nppa.gov.in/en/nlem2022"", ""retrieved_utc"": ""2026-08-04T14:32:40+00:00""}",False,3,"[{""text"": ""Renal osteodystrophy"", ""raw"": ""Renal osteodystrophy"", ""qualifier"": null, ""off_label"": false, ""registry_indication"": ""Mineral & Bone Disorder (CKD-MBD / Hypoparathyroidism)"", ""category"": ""Metabolic"", ""mapped"": true}, {""text"": ""Hypoparathyroidism"", ""raw"": ""hypoparathyroidism"", ""qualifier"": null, ""off_label"": false, ""registry_indication"": ""Mineral & Bone Disorder (CKD-MBD / Hypoparathyroidism)"", ""category"": ""Metabolic"", ""mapped"": true}, {""text"": ""Refractory rickets"", ""raw"": ""refractory rickets"", ""qualifier"": null, ""off_label"": false, ""registry_indication"": ""Mineral & Bone Disorder (CKD-MBD / Hypoparathyroidism)"", ""category"": ""Metabolic"", ""mapped"": true}]",2026-08-04T15:31:12+00:00,3,0,Metabolic,Renal osteodystrophy,Mineral & Bone Disorder (CKD-MBD / Hypoparathyroidism),[],"{""molecule"": ""Calcitriol"", ""found"": true, ""approved_in_india"": true, ""first_approval_date"": ""2009-01-14"", ""approval_day_known"": true, ""single_molecule_rows"": 0, ""combination_rows"": 1, ""only_as_combination"": true, ""india_indications"": [""For the treatment of vitamin deficiency states in adults""], ""source_name"": ""CDSCO List of Approved New Drugs"", ""source_url"": ""https://cdsco.gov.in/opencms/resources/UploadCDSCOWeb/2018/UploadApprovalNewDrugs/2009.pdf"", ""source_list"": ""LIST OF NEW DRUGS APPROVED 2009"", ""retrieved_utc"": ""2026-08-05T12:13:39+00:00""}",,,,,,,,,,,
ethinylestradiol-levonorgestrel,Ethinylestradiol + Levonorgestrel,2026-08-04T08:32:59.609279+00:00,Women's Health,Oral tab,oral,chronic_ongoing,0.03 mg + 0.15 mg,"Ovral-L, Mala-D/Mala-N, Triquilar","Pfizer/Wyeth, Govt, Bayer",Low-cost generic — Jan Aushadhi,Widely available as low-cost generics; Pradhan Mantri Bhartiya Janaushadhi (PMBJP) offers 50–90% cheaper generics. Manufacturer PSP not typically needed.,workbook_reference_unverified,False,False,Contraception; menstrual cycle regulation,Combined oral contraceptive,1970s–80s,150,5.0,tab,True,Assumes once-daily dosing of one tab (30/month).,₹2–8 / tab (cycle pack),True,"[{""indication"": ""Contraception; menstrual cycle regulation""}]",pearl_index,Pearl Index,per 100 woman-years,,True,,,[],0.0,Standard of Care,,,,True,True,"[""Nausea"", ""Headache"", ""Fatigue""]","[""Muscle Pain"", ""Gastrointestinal discomfort""]","{""status"": ""unavailable"", ""missing_fields"": [""pearl_index""], ""issues"": [{""field"": ""pearl_index"", ""severity"": ""warning"", ""message"": ""Primary endpoint not in workbook — run analysis or enter manually.""}]}","{""addressable_population"": null, ""sources"": ""Not available — regional incidence not resolved""}","{""clinical"": ""Standard prescribing guides"", ""competitor"": ""Standard of Care baseline"", ""safety"": ""Clinical trial safety metadata"", ""drug_safety"": ""Product label"", ""clinical_tier"": ""tier_2"", ""competitor_tier"": ""tier_3"", ""safety_tier"": ""tier_2""}","{""global_approval"": {""agency"": ""FDA"", ""date"": ""1970s–80s"", ""status"": ""approved""}, ""regional_status"": ""launched"", ""local_regulator"": ""CDSCO"", ""local_approval_date"": ""1970s–80s"", ""availability_text"": ""Commercially Available (Audited)"", ""availability_color"": ""green"", ""notes"": """", ""is_available"": true}","{""IN"": 150, ""SG"": 2, ""AE"": 6}",True,"{""listed"": false, ""source_url"": ""https://nppa.gov.in/en/nlem2022"", ""retrieved_utc"": ""2026-08-04T14:32:40+00:00""}",False,2,"[{""text"": ""Contraception"", ""raw"": ""Contraception"", ""qualifier"": null, ""off_label"": false, ""registry_indication"": ""Contraception"", ""category"": ""Women's Health"", ""mapped"": true}, {""text"": ""Menstrual cycle regulation"", ""raw"": ""menstrual cycle regulation"", ""qualifier"": null, ""off_label"": false, ""registry_indication"": ""Contraception"", ""category"": ""Women's Health"", ""mapped"": true}]",2026-08-04T15:31:12+00:00,2,0,Women's Health,Contraception,Contraception,[],"{""molecule"": ""Ethinylestradiol + Levonorgestrel"", ""found"": false, ""approved_in_india"": null, ""first_approval_date"": null, ""india_indications"": [], ""note"": ""Not found in the CDSCO new-drug lists. The register is thin before about 2009 and several older lists are scanned images that cannot be read, so this is not evidence the molecule is unapproved in India."", ""source_name"": ""CDSCO List of Approved New Drugs"", ""retrieved_utc"": ""2026-08-05T12:13:39+00:00""}",,,,,,,,,,,
ethinylestradiol-desogestrel,Ethinylestradiol + Desogestrel,2026-08-04T08:32:59.609409+00:00,Women's Health,Oral tab,oral,chronic_ongoing,0.02–0.03 mg + 0.15 mg,"Novelon, Femilon",Organon/Merck,Low-cost generic — Jan Aushadhi,Widely available as low-cost generics; Pradhan Mantri Bhartiya Janaushadhi (PMBJP) offers 50–90% cheaper generics. Manufacturer PSP not typically needed.,workbook_reference_unverified,False,False,Contraception; cycle regulation; acne,Combined oral contraceptive,~1995,345,11.5,tab,True,Assumes once-daily dosing of one tab (30/month).,₹8–15 / tab,True,"[{""indication"": ""Contraception; cycle regulation; acne""}]",pearl_index,Pearl Index,per 100 woman-years,,True,,,[],0.0,Standard of Care,,,,True,True,"[""Nausea"", ""Headache"", ""Fatigue""]","[""Muscle Pain"", ""Gastrointestinal discomfort""]","{""status"": ""unavailable"", ""missing_fields"": [""pearl_index""], ""issues"": [{""field"": ""pearl_index"", ""severity"": ""warning"", ""message"": ""Primary endpoint not in workbook — run analysis or enter manually.""}]}","{""addressable_population"": null, ""sources"": ""Not available — regional incidence not resolved""}","{""clinical"": ""Standard prescribing guides"", ""competitor"": ""Standard of Care baseline"", ""safety"": ""Clinical trial safety metadata"", ""drug_safety"": ""Product label"", ""clinical_tier"": ""tier_2"", ""competitor_tier"": ""tier_3"", ""safety_tier"": ""tier_2""}","{""global_approval"": {""agency"": ""FDA"", ""date"": ""~1995"", ""status"": ""approved""}, ""regional_status"": ""launched"", ""local_regulator"": ""CDSCO"", ""local_approval_date"": ""~1995"", ""availability_text"": ""Commercially Available (Audited)"", ""availability_color"": ""green"", ""notes"": """", ""is_available"": true}","{""IN"": 345, ""SG"": 5, ""AE"": 15}",True,"{""listed"": false, ""source_url"": ""https://nppa.gov.in/en/nlem2022"", ""retrieved_utc"": ""2026-08-04T14:32:40+00:00""}",False,3,"[{""text"": ""Contraception"", ""raw"": ""Contraception"", ""qualifier"": null, ""off_label"": false, ""registry_indication"": ""Contraception"", ""category"": ""Women's Health"", ""mapped"": true}, {""text"": ""Cycle regulation"", ""raw"": ""cycle regulation"", ""qualifier"": null, ""off_label"": false, ""registry_indication"": ""Contraception"", ""category"": ""Women's Health"", ""mapped"": true}, {""text"": ""Acne"", ""raw"": ""acne"", ""qualifier"": null, ""off_label"": false, ""registry_indication"": null, ""category"": null, ""mapped"": false}]",2026-08-04T15:31:12+00:00,2,0,Women's Health,Contraception,Contraception,"[""Acne""]","{""molecule"": ""Ethinylestradiol + Desogestrel"", ""found"": false, ""approved_in_india"": null, ""first_approval_date"": null, ""india_indications"": [], ""note"": ""Not found in the CDSCO new-drug lists. The register is thin before about 2009 and several older lists are scanned images that cannot be read, so this is not evidence the molecule is unapproved in India."", ""source_name"": ""CDSCO List of Approved New Drugs"", ""retrieved_utc"": ""2026-08-05T12:13:39+00:00""}",,,,,,,,,,,
ethinylestradiol-drospirenone,Ethinylestradiol + Drospirenone,2026-08-04T08:32:59.609544+00:00,Women's Health,Oral tab,oral,chronic_ongoing,0.02–0.03 mg + 3 mg,"Yasmin, Yaz, Yamini, Crisanta","Bayer, Lupin",Generics + optional adherence PSP,Affordable branded generics widely available; innovator brands may offer counselling/adherence support via the prescriber. Jan Aushadhi generics available for older molecules.,workbook_reference_unverified,False,False,Contraception; PCOS; acne; PMDD,Combined oral contraceptive,~2005,675,22.5,tab,True,Assumes once-daily dosing of one tab (30/month).,₹15–30 / tab,True,"[{""indication"": ""Contraception; PCOS; acne; PMDD""}]",pearl_index,Pearl Index,per 100 woman-years,,True,,,[],0.0,Standard of Care,,,,True,True,"[""Nausea"", ""Headache"", ""Fatigue""]","[""Muscle Pain"", ""Gastrointestinal discomfort""]","{""status"": ""unavailable"", ""missing_fields"": [""pearl_index""], ""issues"": [{""field"": ""pearl_index"", ""severity"": ""warning"", ""message"": ""Primary endpoint not in workbook — run analysis or enter manually.""}]}","{""addressable_population"": null, ""sources"": ""Not available — regional incidence not resolved""}","{""clinical"": ""Standard prescribing guides"", ""competitor"": ""Standard of Care baseline"", ""safety"": ""Clinical trial safety metadata"", ""drug_safety"": ""Product label"", ""clinical_tier"": ""tier_2"", ""competitor_tier"": ""tier_3"", ""safety_tier"": ""tier_2""}","{""global_approval"": {""agency"": ""FDA"", ""date"": ""~2005"", ""status"": ""approved""}, ""regional_status"": ""launched"", ""local_regulator"": ""CDSCO"", ""local_approval_date"": ""~2005"", ""availability_text"": ""Commercially Available (Audited)"", ""availability_color"": ""green"", ""notes"": """", ""is_available"": true}","{""IN"": 675, ""SG"": 11, ""AE"": 30}",True,"{""listed"": false, ""source_url"": ""https://nppa.gov.in/en/nlem2022"", ""retrieved_utc"": ""2026-08-04T14:32:40+00:00""}",False,4,"[{""text"": ""Contraception"", ""raw"": ""Contraception"", ""qualifier"": null, ""off_label"": false, ""registry_indication"": ""Contraception"", ""category"": ""Women's Health"", ""mapped"": true}, {""text"": ""PCOS"", ""raw"": ""PCOS"", ""qualifier"": null, ""off_label"": false, ""registry_indication"": ""Polycystic Ovary Syndrome (PCOS)"", ""category"": ""Women's Health"", ""mapped"": true}, {""text"": ""Acne"", ""raw"": ""acne"", ""qualifier"": null, ""off_label"": false, ""registry_indication"": null, ""category"": null, ""mapped"": false}, {""text"": ""PMDD"", ""raw"": ""PMDD"", ""qualifier"": null, ""off_label"": false, ""registry_indication"": ""Polycystic Ovary Syndrome (PCOS)"", ""category"": ""Women's Health"", ""mapped"": true}]",2026-08-04T15:31:12+00:00,3,0,Women's Health,Contraception,Contraception,"[""Acne""]","{""molecule"": ""Ethinylestradiol + Drospirenone"", ""found"": false, ""approved_in_india"": null, ""first_approval_date"": null, ""india_indications"": [], ""note"": ""Not found in the CDSCO new-drug lists. The register is thin before about 2009 and several older lists are scanned images that cannot be read, so this is not evidence the molecule is unapproved in India."", ""source_name"": ""CDSCO List of Approved New Drugs"", ""retrieved_utc"": ""2026-08-05T12:13:39+00:00""}",,,,,,,,,,,
ethinylestradiol-cyproterone-acetate,Ethinylestradiol + Cyproterone acetate,2026-08-04T08:32:59.609680+00:00,Women's Health,Oral tab,oral,chronic_ongoing,0.035 mg + 2 mg,"Diane-35, Ginette-35, Krimson-35","Bayer, Sun",Low-cost generic — Jan Aushadhi,Widely available as low-cost generics; Pradhan Mantri Bhartiya Janaushadhi (PMBJP) offers 50–90% cheaper generics. Manufacturer PSP not typically needed.,workbook_reference_unverified,False,False,Acne/hirsutism/PCOS with contraception,Combined oral contraceptive,~2000,525,17.5,tab,True,Assumes once-daily dosing of one tab (30/month).,₹10–25 / tab,False,"[{""indication"": ""Acne/hirsutism/PCOS with contraception""}]",ovulation_rate,Ovulation / Menstrual Regularity Rate,%,,True,,,[],0.0,Standard of Care,,,,True,True,"[""Nausea"", ""Headache"", ""Fatigue""]","[""Muscle Pain"", ""Gastrointestinal discomfort""]","{""status"": ""unavailable"", ""missing_fields"": [""ovulation_rate""], ""issues"": [{""field"": ""ovulation_rate"", ""severity"": ""warning"", ""message"": ""Primary endpoint not in workbook — run analysis or enter manually.""}]}","{""addressable_population"": null, ""sources"": ""Not available — regional incidence not resolved""}","{""clinical"": ""Standard prescribing guides"", ""competitor"": ""Standard of Care baseline"", ""safety"": ""Clinical trial safety metadata"", ""drug_safety"": ""Product label"", ""clinical_tier"": ""tier_2"", ""competitor_tier"": ""tier_3"", ""safety_tier"": ""tier_2""}","{""global_approval"": {""agency"": ""FDA"", ""date"": ""~2000"", ""status"": ""approved""}, ""regional_status"": ""launched"", ""local_regulator"": ""CDSCO"", ""local_approval_date"": ""~2000"", ""availability_text"": ""Commercially Available (Audited)"", ""availability_color"": ""green"", ""notes"": """", ""is_available"": true}","{""IN"": 525, ""SG"": 8, ""AE"": 23}",True,"{""listed"": false, ""source_url"": ""https://nppa.gov.in/en/nlem2022"", ""retrieved_utc"": ""2026-08-04T14:32:40+00:00""}",False,1,"[{""text"": ""Acne/hirsutism/PCOS with contraception"", ""raw"": ""Acne/hirsutism/PCOS with contraception"", ""qualifier"": null, ""off_label"": false, ""registry_indication"": ""Polycystic Ovary Syndrome (PCOS)"", ""category"": ""Women's Health"", ""mapped"": true}]",2026-08-04T15:31:12+00:00,1,0,Women's Health,Acne/hirsutism/PCOS with contraception,Polycystic Ovary Syndrome (PCOS),[],"{""molecule"": ""Ethinylestradiol + Cyproterone acetate"", ""found"": false, ""approved_in_india"": null, ""first_approval_date"": null, ""india_indications"": [], ""note"": ""Not found in the CDSCO new-drug lists. The register is thin before about 2009 and several older lists are scanned images that cannot be read, so this is not evidence the molecule is unapproved in India."", ""source_name"": ""CDSCO List of Approved New Drugs"", ""retrieved_utc"": ""2026-08-05T12:13:39+00:00""}",,,,,,,,,,,
ethinylestradiol-gestodene,Ethinylestradiol + Gestodene,2026-08-04T08:32:59.609791+00:00,Women's Health,Oral tab,oral,chronic_ongoing,0.02–0.03 mg + 0.075 mg,"Gynera, Femodene",Bayer,Low-cost generic — Jan Aushadhi,Widely available as low-cost generics; Pradhan Mantri Bhartiya Janaushadhi (PMBJP) offers 50–90% cheaper generics. Manufacturer PSP not typically needed.,workbook_reference_unverified,False,False,Contraception,Combined oral contraceptive,~2000,555,18.5,tab,True,Assumes once-daily dosing of one tab (30/month).,₹12–25 / tab,False,"[{""indication"": ""Contraception""}]",pearl_index,Pearl Index,per 100 woman-years,,True,,,[],0.0,Standard of Care,,,,True,True,"[""Nausea"", ""Headache"", ""Fatigue""]","[""Muscle Pain"", ""Gastrointestinal discomfort""]","{""status"": ""unavailable"", ""missing_fields"": [""pearl_index""], ""issues"": [{""field"": ""pearl_index"", ""severity"": ""warning"", ""message"": ""Primary endpoint not in workbook — run analysis or enter manually.""}]}","{""addressable_population"": null, ""sources"": ""Not available — regional incidence not resolved""}","{""clinical"": ""Standard prescribing guides"", ""competitor"": ""Standard of Care baseline"", ""safety"": ""Clinical trial safety metadata"", ""drug_safety"": ""Product label"", ""clinical_tier"": ""tier_2"", ""competitor_tier"": ""tier_3"", ""safety_tier"": ""tier_2""}","{""global_approval"": {""agency"": ""FDA"", ""date"": ""~2000"", ""status"": ""approved""}, ""regional_status"": ""launched"", ""local_regulator"": ""CDSCO"", ""local_approval_date"": ""~2000"", ""availability_text"": ""Commercially Available (Audited)"", ""availability_color"": ""green"", ""notes"": """", ""is_available"": true}","{""IN"": 555, ""SG"": 9, ""AE"": 25}",True,"{""listed"": false, ""source_url"": ""https://nppa.gov.in/en/nlem2022"", ""retrieved_utc"": ""2026-08-04T14:32:40+00:00""}",False,1,"[{""text"": ""Contraception"", ""raw"": ""Contraception"", ""qualifier"": null, ""off_label"": false, ""registry_indication"": ""Contraception"", ""category"": ""Women's Health"", ""mapped"": true}]",2026-08-04T15:31:12+00:00,1,0,Women's Health,Contraception,Contraception,[],"{""molecule"": ""Ethinylestradiol + Gestodene"", ""found"": false, ""approved_in_india"": null, ""first_approval_date"": null, ""india_indications"": [], ""note"": ""Not found in the CDSCO new-drug lists. The register is thin before about 2009 and several older lists are scanned images that cannot be read, so this is not evidence the molecule is unapproved in India."", ""source_name"": ""CDSCO List of Approved New Drugs"", ""retrieved_utc"": ""2026-08-05T12:13:39+00:00""}",,,,,,,,,,,
desogestrel,Desogestrel,2026-08-04T08:32:59.609929+00:00,Women's Health,Oral tab,oral,chronic_ongoing,0.075 mg,"Cerazette, Desogest",Organon/generics,Low-cost generic — Jan Aushadhi,Widely available as low-cost generics; Pradhan Mantri Bhartiya Janaushadhi (PMBJP) offers 50–90% cheaper generics. Manufacturer PSP not typically needed.,workbook_reference_unverified,False,False,"Contraception (lactation, estrogen-contraindicated)",Progestin-only pill,~2005,480,16.0,tab,True,Assumes once-daily dosing of one tab (30/month).,₹12–20 / tab,False,"[{""indication"": ""Contraception (lactation, estrogen-contraindicated)""}]",pearl_index,Pearl Index,per 100 woman-years,,True,,,[],0.0,Standard of Care,,,,True,True,"[""Nausea"", ""Headache"", ""Fatigue""]","[""Muscle Pain"", ""Gastrointestinal discomfort""]","{""status"": ""unavailable"", ""missing_fields"": [""pearl_index""], ""issues"": [{""field"": ""pearl_index"", ""severity"": ""warning"", ""message"": ""Primary endpoint not in workbook — run analysis or enter manually.""}]}","{""addressable_population"": null, ""sources"": ""Not available — regional incidence not resolved""}","{""clinical"": ""Standard prescribing guides"", ""competitor"": ""Standard of Care baseline"", ""safety"": ""Clinical trial safety metadata"", ""drug_safety"": ""Product label"", ""clinical_tier"": ""tier_2"", ""competitor_tier"": ""tier_3"", ""safety_tier"": ""tier_2""}","{""global_approval"": {""agency"": ""FDA"", ""date"": ""~2005"", ""status"": ""approved""}, ""regional_status"": ""launched"", ""local_regulator"": ""CDSCO"", ""local_approval_date"": ""~2005"", ""availability_text"": ""Commercially Available (Audited)"", ""availability_color"": ""green"", ""notes"": """", ""is_available"": true}","{""IN"": 480, ""SG"": 8, ""AE"": 21}",True,"{""listed"": false, ""source_url"": ""https://nppa.gov.in/en/nlem2022"", ""retrieved_utc"": ""2026-08-04T14:32:40+00:00""}",False,1,"[{""text"": ""Contraception"", ""raw"": ""Contraception (lactation, estrogen-contraindicated)"", ""qualifier"": ""lactation, estrogen-contraindicated"", ""off_label"": false, ""registry_indication"": ""Contraception"", ""category"": ""Women's Health"", ""mapped"": true}]",2026-08-04T15:31:12+00:00,1,0,Women's Health,Contraception,Contraception,[],"{""molecule"": ""Desogestrel"", ""found"": false, ""approved_in_india"": null, ""first_approval_date"": null, ""india_indications"": [], ""note"": ""Not found in the CDSCO new-drug lists. The register is thin before about 2009 and several older lists are scanned images that cannot be read, so this is not evidence the molecule is unapproved in India."", ""source_name"": ""CDSCO List of Approved New Drugs"", ""retrieved_utc"": ""2026-08-05T12:13:39+00:00""}",,,,,,,,,,,
levonorgestrel,Levonorgestrel,2026-08-04T08:32:59.610061+00:00,Women's Health,Oral tab,oral,chronic_ongoing,1.5 mg,"I-Pill, Unwanted-72, Preventol","Piramal, Mankind",Generics + optional adherence PSP,Affordable branded generics widely available; innovator brands may offer counselling/adherence support via the prescriber. Jan Aushadhi generics available for older molecules.,workbook_reference_unverified,False,False,Emergency contraception (within 72 h),Emergency contraception,~2005,,85.0,dose,True,Priced per dose but dosing frequency is not stated — monthly cost cannot be derived. Enter the frequency to complete the model.,₹60–110 / dose,False,"[{""indication"": ""Emergency contraception (within 72 h)""}]",pearl_index,Pearl Index,per 100 woman-years,,True,,,[],0.0,Standard of Care,,,,True,True,"[""Nausea"", ""Headache"", ""Fatigue""]","[""Muscle Pain"", ""Gastrointestinal discomfort""]","{""status"": ""unavailable"", ""missing_fields"": [""pearl_index""], ""issues"": [{""field"": ""pearl_index"", ""severity"": ""warning"", ""message"": ""Primary endpoint not in workbook — run analysis or enter manually.""}]}","{""addressable_population"": null, ""sources"": ""Not available — regional incidence not resolved""}","{""clinical"": ""Standard prescribing guides"", ""competitor"": ""Standard of Care baseline"", ""safety"": ""Clinical trial safety metadata"", ""drug_safety"": ""Product label"", ""clinical_tier"": ""tier_2"", ""competitor_tier"": ""tier_3"", ""safety_tier"": ""tier_2""}","{""global_approval"": {""agency"": ""FDA"", ""date"": ""~2005"", ""status"": ""approved""}, ""regional_status"": ""launched"", ""local_regulator"": ""CDSCO"", ""local_approval_date"": ""~2005"", ""availability_text"": ""Commercially Available (Audited)"", ""availability_color"": ""green"", ""notes"": """", ""is_available"": true}","{""IN"": null, ""SG"": null, ""AE"": null}",True,"{""listed"": true, ""section"": ""18.2.1.2"", ""care_levels"": [""Primary"", ""Secondary"", ""Tertiary""], ""matched_as"": ""Levonorgestrel"", ""source_url"": ""https://nppa.gov.in/en/nlem2022"", ""retrieved_utc"": ""2026-08-04T14:32:40+00:00""}",True,1,"[{""text"": ""Emergency contraception"", ""raw"": ""Emergency contraception (within 72 h)"", ""qualifier"": ""within 72 h"", ""off_label"": false, ""registry_indication"": ""Contraception"", ""category"": ""Women's Health"", ""mapped"": true}]",2026-08-04T15:31:12+00:00,1,0,Women's Health,Emergency contraception,Contraception,[],"{""molecule"": ""Levonorgestrel"", ""found"": false, ""approved_in_india"": null, ""first_approval_date"": null, ""india_indications"": [], ""note"": ""Not found in the CDSCO new-drug lists. The register is thin before about 2009 and several older lists are scanned images that cannot be read, so this is not evidence the molecule is unapproved in India."", ""source_name"": ""CDSCO List of Approved New Drugs"", ""retrieved_utc"": ""2026-08-05T12:13:39+00:00""}",,,,,,,,,,,
ulipristal-acetate,Ulipristal acetate,2026-08-04T08:32:59.610204+00:00,Women's Health,Oral tab,oral,chronic_ongoing,30 mg,Ella (limited),HRA/generics,Generics + optional adherence PSP,Affordable branded generics widely available; innovator brands may offer counselling/adherence support via the prescriber. Jan Aushadhi generics available for older molecules.,workbook_reference_unverified,False,False,Emergency contraception (within 120 h),Emergency contraception,—,,300.0,dose,True,Priced per dose but dosing frequency is not stated — monthly cost cannot be derived. Enter the frequency to complete the model.,₹200–400 / dose,False,"[{""indication"": ""Emergency contraception (within 120 h)""}]",pearl_index,Pearl Index,per 100 woman-years,,True,,,[],0.0,Standard of Care,,,,True,True,"[""Nausea"", ""Headache"", ""Fatigue""]","[""Muscle Pain"", ""Gastrointestinal discomfort""]","{""status"": ""unavailable"", ""missing_fields"": [""pearl_index""], ""issues"": [{""field"": ""pearl_index"", ""severity"": ""warning"", ""message"": ""Primary endpoint not in workbook — run analysis or enter manually.""}]}","{""addressable_population"": null, ""sources"": ""Not available — regional incidence not resolved""}","{""clinical"": ""Standard prescribing guides"", ""competitor"": ""Standard of Care baseline"", ""safety"": ""Clinical trial safety metadata"", ""drug_safety"": ""Product label"", ""clinical_tier"": ""tier_2"", ""competitor_tier"": ""tier_3"", ""safety_tier"": ""tier_2""}","{""global_approval"": {""agency"": ""FDA"", ""date"": ""—"", ""status"": ""approved""}, ""regional_status"": ""launched"", ""local_regulator"": ""CDSCO"", ""local_approval_date"": ""—"", ""availability_text"": ""Commercially Available (Audited)"", ""availability_color"": ""green"", ""notes"": """", ""is_available"": true}","{""IN"": null, ""SG"": null, ""AE"": null}",True,"{""listed"": false, ""source_url"": ""https://nppa.gov.in/en/nlem2022"", ""retrieved_utc"": ""2026-08-04T14:32:40+00:00""}",False,1,"[{""text"": ""Emergency contraception"", ""raw"": ""Emergency contraception (within 120 h)"", ""qualifier"": ""within 120 h"", ""off_label"": false, ""registry_indication"": ""Contraception"", ""category"": ""Women's Health"", ""mapped"": true}]",2026-08-04T15:31:12+00:00,1,0,Women's Health,Emergency contraception,Contraception,[],"{""molecule"": ""Ulipristal acetate"", ""found"": true, ""approved_in_india"": true, ""first_approval_date"": ""2018-04-02"", ""approval_day_known"": true, ""single_molecule_rows"": 1, ""combination_rows"": 1, ""only_as_combination"": false, ""india_indications"": [""For the treatment of persistent/ recurrent chronic Thromoembolic pulmonary Hypertension (CTEPH) WHO Group 4) After surgical treatment or imoperable CTEPH to improve exercise capacity and WHO function 12 Baricitinib 2mg/4mg film coated Tablets For the treatment of moderate to severe active rheumatoid arthritis in adult patients who have responded inadequately to, or who are intolerant to one or mor""], ""source_name"": ""CDSCO List of Approved New Drugs"", ""source_url"": ""https://cdsco.gov.in/opencms/resources/UploadCDSCOWeb/2018/UploadApprovalNewDrugs/rnew%20drugs%20approval%202018.pdf"", ""source_list"": ""LIST OF NEW DRUGS APPROVED FROM 01-01-2018 to 31.12.2018"", ""retrieved_utc"": ""2026-08-05T12:13:39+00:00""}",,,,,,,,,,,
medroxyprogesterone-acetate-dmpa,Medroxyprogesterone acetate (DMPA),2026-08-04T08:32:59.610341+00:00,Women's Health,IM/SC depot,oral,chronic_ongoing,150 mg IM; 104 mg SC,"Depo-Provera, Antara (Govt)","Pfizer, Govt program",Govt family-planning program (free),Free/subsidised as 'Antara' under the National Family Planning Programme at public facilities.,workbook_reference_unverified,False,False,Contraception (3-monthly),Injectable contraceptive,~2000,,250.0,dose,True,Priced per dose but dosing frequency is not stated — monthly cost cannot be derived. Enter the frequency to complete the model.,₹150–350 / dose,False,"[{""indication"": ""Contraception (3-monthly)""}]",pearl_index,Pearl Index,per 100 woman-years,,True,,,[],0.0,Standard of Care,,,,True,True,"[""Nausea"", ""Headache"", ""Fatigue""]","[""Muscle Pain"", ""Gastrointestinal discomfort""]","{""status"": ""unavailable"", ""missing_fields"": [""pearl_index""], ""issues"": [{""field"": ""pearl_index"", ""severity"": ""warning"", ""message"": ""Primary endpoint not in workbook — run analysis or enter manually.""}]}","{""addressable_population"": null, ""sources"": ""Not available — regional incidence not resolved""}","{""clinical"": ""Standard prescribing guides"", ""competitor"": ""Standard of Care baseline"", ""safety"": ""Clinical trial safety metadata"", ""drug_safety"": ""Product label"", ""clinical_tier"": ""tier_2"", ""competitor_tier"": ""tier_3"", ""safety_tier"": ""tier_2""}","{""global_approval"": {""agency"": ""FDA"", ""date"": ""~2000"", ""status"": ""approved""}, ""regional_status"": ""launched"", ""local_regulator"": ""CDSCO"", ""local_approval_date"": ""~2000"", ""availability_text"": ""Commercially Available (Audited)"", ""availability_color"": ""green"", ""notes"": """", ""is_available"": true}","{""IN"": null, ""SG"": null, ""AE"": null}",False,"{""listed"": false, ""source_url"": ""https://nppa.gov.in/en/nlem2022"", ""retrieved_utc"": ""2026-08-04T14:32:40+00:00""}",False,1,"[{""text"": ""Contraception"", ""raw"": ""Contraception (3-monthly)"", ""qualifier"": ""3-monthly"", ""off_label"": false, ""registry_indication"": ""Contraception"", ""category"": ""Women's Health"", ""mapped"": true}]",2026-08-04T15:31:12+00:00,1,0,Women's Health,Contraception,Contraception,[],"{""molecule"": ""Medroxyprogesterone acetate (DMPA)"", ""found"": false, ""approved_in_india"": null, ""first_approval_date"": null, ""india_indications"": [], ""note"": ""Not found in the CDSCO new-drug lists. The register is thin before about 2009 and several older lists are scanned images that cannot be read, so this is not evidence the molecule is unapproved in India."", ""source_name"": ""CDSCO List of Approved New Drugs"", ""retrieved_utc"": ""2026-08-05T12:13:39+00:00""}","{""us_initial_approval_year"": {""value"": 1959, ""source_name"": ""FDA prescribing information via DailyMed (MEDROXYPROGESTERONE ACETATE INJECTION, SUSPENSION [PRASCO LABORATORIES])"", ""source_url"": ""https://dailymed.nlm.nih.gov/dailymed/drugInfo.cfm?setid=987496bf-b4b0-409b-b745-f52ed0871f4e"", ""retrieved"": ""2026-08-03"", ""quote"": ""Initial U.S. Approval: 1959""}, ""recommended_dosage"": {""value"": ""The recommended dose is 150 mg of MPA Injectable Suspension, USP every 3 months (13 weeks) administered by deep, intramuscular (IM) injection in the gluteal or deltoid muscle."", ""source_name"": ""FDA prescribing information via DailyMed (MEDROXYPROGESTERONE ACETATE INJECTION, SUSPENSION [PRASCO LABORATORIES])"", ""source_url"": ""https://dailymed.nlm.nih.gov/dailymed/drugInfo.cfm?setid=987496bf-b4b0-409b-b745-f52ed0871f4e"", ""retrieved"": ""2026-08-03"", ""quote"": ""The recommended dose is 150 mg of MPA Injectable Suspension, USP every 3 months (13 weeks) administered by deep, intramuscular (IM) injection in the gluteal or deltoid muscle.""}}",[],,,,,,,,,
levonorgestrel-ius,Levonorgestrel IUS,2026-08-04T08:32:59.610506+00:00,Women's Health,Intrauterine device,oral,chronic_ongoing,52 mg (20 mcg/day),"Mirena, Emily","Bayer, Pregna",Manufacturer/NGO access,Bayer 'Mirena' counselling; NGO/social-marketing subsidised LNG-IUS in public programs.,workbook_reference_unverified,False,False,Contraception (5 yr); heavy menstrual bleeding; endometrial protection in HRT,Intrauterine system,~2005,,9000.0,device,True,Priced per device but dosing frequency is not stated — monthly cost cannot be derived. Enter the frequency to complete the model.,"₹6,000–12,000 / device",True,"[{""indication"": ""Contraception (5 yr); heavy menstrual bleeding; endometrial protection in HRT""}]",mbl_reduction,Menstrual Blood-Loss Reduction (alkaline-hematin),%,,True,,,[],0.0,Standard of Care,,,,True,True,"[""Nausea"", ""Headache"", ""Fatigue""]","[""Muscle Pain"", ""Gastrointestinal discomfort""]","{""status"": ""unavailable"", ""missing_fields"": [""mbl_reduction""], ""issues"": [{""field"": ""mbl_reduction"", ""severity"": ""warning"", ""message"": ""Primary endpoint not in workbook — run analysis or enter manually.""}]}","{""addressable_population"": null, ""sources"": ""Not available — regional incidence not resolved""}","{""clinical"": ""Standard prescribing guides"", ""competitor"": ""Standard of Care baseline"", ""safety"": ""Clinical trial safety metadata"", ""drug_safety"": ""Product label"", ""clinical_tier"": ""tier_2"", ""competitor_tier"": ""tier_3"", ""safety_tier"": ""tier_2""}","{""global_approval"": {""agency"": ""FDA"", ""date"": ""~2005"", ""status"": ""approved""}, ""regional_status"": ""launched"", ""local_regulator"": ""CDSCO"", ""local_approval_date"": ""~2005"", ""availability_text"": ""Commercially Available (Audited)"", ""availability_color"": ""green"", ""notes"": """", ""is_available"": true}","{""IN"": null, ""SG"": null, ""AE"": null}",False,"{""listed"": true, ""section"": ""18.2.1.2"", ""care_levels"": [""Primary"", ""Secondary"", ""Tertiary""], ""matched_as"": ""Levonorgestrel"", ""source_url"": ""https://nppa.gov.in/en/nlem2022"", ""retrieved_utc"": ""2026-08-04T14:32:40+00:00""}",True,3,"[{""text"": ""Contraception"", ""raw"": ""Contraception (5 yr)"", ""qualifier"": ""5 yr"", ""off_label"": false, ""registry_indication"": ""Contraception"", ""category"": ""Women's Health"", ""mapped"": true}, {""text"": ""Heavy menstrual bleeding"", ""raw"": ""heavy menstrual bleeding"", ""qualifier"": null, ""off_label"": false, ""registry_indication"": ""Heavy Menstrual Bleeding (Menorrhagia)"", ""category"": ""Women's Health"", ""mapped"": true}, {""text"": ""Endometrial protection in HRT"", ""raw"": ""endometrial protection in HRT"", ""qualifier"": null, ""off_label"": false, ""registry_indication"": null, ""category"": null, ""mapped"": false}]",2026-08-04T15:31:12+00:00,2,0,Women's Health,Contraception,Contraception,"[""Endometrial protection in HRT""]","{""molecule"": ""Levonorgestrel IUS"", ""found"": false, ""approved_in_india"": null, ""first_approval_date"": null, ""india_indications"": [], ""note"": ""Not found in the CDSCO new-drug lists. The register is thin before about 2009 and several older lists are scanned images that cannot be read, so this is not evidence the molecule is unapproved in India."", ""source_name"": ""CDSCO List of Approved New Drugs"", ""retrieved_utc"": ""2026-08-05T12:13:39+00:00""}",,,,,,,,,,,
copper-iucd,Copper IUCD,2026-08-04T08:32:59.610631+00:00,Women's Health,Intrauterine device,oral,chronic_ongoing,Cu 380A / 375,"CuT 380A, Multiload","Pregna, Govt",Govt family-planning program (free),Free Cu-IUCD insertion under the National Family Planning Programme.,workbook_reference_unverified,False,False,Long-acting contraception; emergency contraception,Intrauterine device,—,,300.0,device,True,Priced per device but dosing frequency is not stated — monthly cost cannot be derived. Enter the frequency to complete the model.,₹100–500 / device,True,"[{""indication"": ""Long-acting contraception; emergency contraception""}]",pearl_index,Pearl Index,per 100 woman-years,,True,,,[],0.0,Standard of Care,,,,True,True,"[""Nausea"", ""Headache"", ""Fatigue""]","[""Muscle Pain"", ""Gastrointestinal discomfort""]","{""status"": ""unavailable"", ""missing_fields"": [""pearl_index""], ""issues"": [{""field"": ""pearl_index"", ""severity"": ""warning"", ""message"": ""Primary endpoint not in workbook — run analysis or enter manually.""}]}","{""addressable_population"": null, ""sources"": ""Not available — regional incidence not resolved""}","{""clinical"": ""Standard prescribing guides"", ""competitor"": ""Standard of Care baseline"", ""safety"": ""Clinical trial safety metadata"", ""drug_safety"": ""Product label"", ""clinical_tier"": ""tier_2"", ""competitor_tier"": ""tier_3"", ""safety_tier"": ""tier_2""}","{""global_approval"": {""agency"": ""FDA"", ""date"": ""—"", ""status"": ""approved""}, ""regional_status"": ""launched"", ""local_regulator"": ""CDSCO"", ""local_approval_date"": ""—"", ""availability_text"": ""Commercially Available (Audited)"", ""availability_color"": ""green"", ""notes"": """", ""is_available"": true}","{""IN"": null, ""SG"": null, ""AE"": null}",False,"{""listed"": false, ""source_url"": ""https://nppa.gov.in/en/nlem2022"", ""retrieved_utc"": ""2026-08-04T14:32:40+00:00""}",False,2,"[{""text"": ""Long-acting contraception"", ""raw"": ""Long-acting contraception"", ""qualifier"": null, ""off_label"": false, ""registry_indication"": ""Contraception"", ""category"": ""Women's Health"", ""mapped"": true}, {""text"": ""Emergency contraception"", ""raw"": ""emergency contraception"", ""qualifier"": null, ""off_label"": false, ""registry_indication"": ""Contraception"", ""category"": ""Women's Health"", ""mapped"": true}]",2026-08-04T15:31:12+00:00,2,0,Women's Health,Long-acting contraception,Contraception,[],"{""molecule"": ""Copper IUCD"", ""found"": false, ""approved_in_india"": null, ""first_approval_date"": null, ""india_indications"": [], ""note"": ""Not found in the CDSCO new-drug lists. The register is thin before about 2009 and several older lists are scanned images that cannot be read, so this is not evidence the molecule is unapproved in India."", ""source_name"": ""CDSCO List of Approved New Drugs"", ""retrieved_utc"": ""2026-08-05T12:13:39+00:00""}",,,,,,,,,,,
clomiphene-citrate,Clomiphene citrate,2026-08-04T08:32:59.610749+00:00,Women's Health,Oral tab,sc_injection,fixed_course,25/50/100 mg,"Fertyl, Siphene, Clome","Svizera, Serum Institute",Low-cost generic — Jan Aushadhi,Widely available as low-cost generics; Pradhan Mantri Bhartiya Janaushadhi (PMBJP) offers 50–90% cheaper generics. Manufacturer PSP not typically needed.,workbook_reference_unverified,False,False,Anovulatory infertility; PCOS,Ovulation induction (SERM),1990s,300,10.0,tab,True,Assumes once-daily dosing of one tab (30/month).,₹5–15 / tab,True,"[{""indication"": ""Anovulatory infertility; PCOS""}]",clinical_pregnancy_rate,Clinical Pregnancy Rate per Cycle,%,,True,,,[],0.0,Standard of Care,,,,True,True,"[""Nausea"", ""Headache"", ""Fatigue""]","[""Muscle Pain"", ""Gastrointestinal discomfort""]","{""status"": ""unavailable"", ""missing_fields"": [""clinical_pregnancy_rate""], ""issues"": [{""field"": ""clinical_pregnancy_rate"", ""severity"": ""warning"", ""message"": ""Primary endpoint not in workbook — run analysis or enter manually.""}]}","{""addressable_population"": null, ""sources"": ""Not available — regional incidence not resolved""}","{""clinical"": ""Standard prescribing guides"", ""competitor"": ""Standard of Care baseline"", ""safety"": ""Clinical trial safety metadata"", ""drug_safety"": ""Product label"", ""clinical_tier"": ""tier_2"", ""competitor_tier"": ""tier_3"", ""safety_tier"": ""tier_2""}","{""global_approval"": {""agency"": ""FDA"", ""date"": ""1990s"", ""status"": ""approved""}, ""regional_status"": ""launched"", ""local_regulator"": ""CDSCO"", ""local_approval_date"": ""1990s"", ""availability_text"": ""Commercially Available (Audited)"", ""availability_color"": ""green"", ""notes"": """", ""is_available"": true}","{""IN"": 300, ""SG"": 5, ""AE"": 13}",True,"{""listed"": true, ""section"": ""18.4.1"", ""care_levels"": [""Tertiary""], ""matched_as"": ""Clomiphene citrate"", ""source_url"": ""https://nppa.gov.in/en/nlem2022"", ""retrieved_utc"": ""2026-08-04T14:32:40+00:00""}",True,2,"[{""text"": ""Anovulatory infertility"", ""raw"": ""Anovulatory infertility"", ""qualifier"": null, ""off_label"": false, ""registry_indication"": ""Infertility / Assisted Reproduction"", ""category"": ""Women's Health"", ""mapped"": true}, {""text"": ""PCOS"", ""raw"": ""PCOS"", ""qualifier"": null, ""off_label"": false, ""registry_indication"": ""Polycystic Ovary Syndrome (PCOS)"", ""category"": ""Women's Health"", ""mapped"": true}]",2026-08-04T15:31:12+00:00,2,0,Women's Health,Anovulatory infertility,Infertility / Assisted Reproduction,[],"{""molecule"": ""Clomiphene citrate"", ""found"": false, ""approved_in_india"": null, ""first_approval_date"": null, ""india_indications"": [], ""note"": ""Not found in the CDSCO new-drug lists. The register is thin before about 2009 and several older lists are scanned images that cannot be read, so this is not evidence the molecule is unapproved in India."", ""source_name"": ""CDSCO List of Approved New Drugs"", ""retrieved_utc"": ""2026-08-05T12:13:39+00:00""}",,,,,,,,,,,
follitropin-alfa-recombinant-fsh,Follitropin alfa (recombinant FSH),2026-08-04T08:32:59.610921+00:00,Women's Health,SC injection,sc_injection,fixed_course,75/150 IU,"Gonal-F, Follisurge, Recagon","Merck, Intas",Fertility-clinic package,Usually bundled into IVF/IUI treatment packages by fertility chains; some EMI/discount cards.,workbook_reference_unverified,False,False,Controlled ovarian stimulation; IVF; anovulation,Gonadotropin (FSH),~2005,,1650.0,vial,True,Priced per vial but dosing frequency is not stated — monthly cost cannot be derived. Enter the frequency to complete the model.,"₹800–2,500 / vial",True,"[{""indication"": ""Controlled ovarian stimulation; IVF; anovulation""}]",clinical_pregnancy_rate,Clinical Pregnancy Rate per Cycle,%,,True,,,[],0.0,Standard of Care,,,,True,True,"[""Nausea"", ""Headache"", ""Fatigue""]","[""Muscle Pain"", ""Gastrointestinal discomfort""]","{""status"": ""unavailable"", ""missing_fields"": [""clinical_pregnancy_rate""], ""issues"": [{""field"": ""clinical_pregnancy_rate"", ""severity"": ""warning"", ""message"": ""Primary endpoint not in workbook — run analysis or enter manually.""}]}","{""addressable_population"": null, ""sources"": ""Not available — regional incidence not resolved""}","{""clinical"": ""Standard prescribing guides"", ""competitor"": ""Standard of Care baseline"", ""safety"": ""Clinical trial safety metadata"", ""drug_safety"": ""Product label"", ""clinical_tier"": ""tier_2"", ""competitor_tier"": ""tier_3"", ""safety_tier"": ""tier_2""}","{""global_approval"": {""agency"": ""FDA"", ""date"": ""~2005"", ""status"": ""approved""}, ""regional_status"": ""launched"", ""local_regulator"": ""CDSCO"", ""local_approval_date"": ""~2005"", ""availability_text"": ""Commercially Available (Audited)"", ""availability_color"": ""green"", ""notes"": """", ""is_available"": true}","{""IN"": null, ""SG"": null, ""AE"": null}",False,"{""listed"": false, ""source_url"": ""https://nppa.gov.in/en/nlem2022"", ""retrieved_utc"": ""2026-08-04T14:32:40+00:00""}",False,3,"[{""text"": ""Controlled ovarian stimulation"", ""raw"": ""Controlled ovarian stimulation"", ""qualifier"": null, ""off_label"": false, ""registry_indication"": ""Infertility / Assisted Reproduction"", ""category"": ""Women's Health"", ""mapped"": true}, {""text"": ""IVF"", ""raw"": ""IVF"", ""qualifier"": null, ""off_label"": false, ""registry_indication"": ""Infertility / Assisted Reproduction"", ""category"": ""Women's Health"", ""mapped"": true}, {""text"": ""Anovulation"", ""raw"": ""anovulation"", ""qualifier"": null, ""off_label"": false, ""registry_indication"": ""Infertility / Assisted Reproduction"", ""category"": ""Women's Health"", ""mapped"": true}]",2026-08-04T15:31:12+00:00,3,0,Women's Health,Controlled ovarian stimulation,Infertility / Assisted Reproduction,[],"{""molecule"": ""Follitropin alfa (recombinant FSH)"", ""found"": false, ""approved_in_india"": null, ""first_approval_date"": null, ""india_indications"": [], ""note"": ""Not found in the CDSCO new-drug lists. The register is thin before about 2009 and several older lists are scanned images that cannot be read, so this is not evidence the molecule is unapproved in India."", ""source_name"": ""CDSCO List of Approved New Drugs"", ""retrieved_utc"": ""2026-08-05T12:13:39+00:00""}","{""us_initial_approval_year"": {""value"": 1997, ""source_name"": ""FDA prescribing information via DailyMed (GONAL-F (FOLLITROPIN ALFA) KIT [EMD SERONO, INC.])"", ""source_url"": ""https://dailymed.nlm.nih.gov/dailymed/drugInfo.cfm?setid=ae85b9c3-e7eb-4981-a5d9-346050e8f189"", ""retrieved"": ""2026-08-03"", ""quote"": ""Initial U.S. Approval: 1997""}}",[],,,,,,,,,
menotropin-hmg,Menotropin (HMG),2026-08-04T08:32:59.611053+00:00,Women's Health,IM/SC injection,sc_injection,fixed_course,75/150 IU,"Menopur, HMG Massone","Ferring, generics",Fertility-clinic package,Bundled into IVF/IUI package pricing by fertility chains.,workbook_reference_unverified,False,False,Ovarian stimulation; IVF,Gonadotropin (hMG),~2000,,1250.0,vial,True,Priced per vial but dosing frequency is not stated — monthly cost cannot be derived. Enter the frequency to complete the model.,"₹700–1,800 / vial",True,"[{""indication"": ""Ovarian stimulation; IVF""}]",clinical_pregnancy_rate,Clinical Pregnancy Rate per Cycle,%,,True,,,[],0.0,Standard of Care,,,,True,True,"[""Nausea"", ""Headache"", ""Fatigue""]","[""Muscle Pain"", ""Gastrointestinal discomfort""]","{""status"": ""unavailable"", ""missing_fields"": [""clinical_pregnancy_rate""], ""issues"": [{""field"": ""clinical_pregnancy_rate"", ""severity"": ""warning"", ""message"": ""Primary endpoint not in workbook — run analysis or enter manually.""}]}","{""addressable_population"": null, ""sources"": ""Not available — regional incidence not resolved""}","{""clinical"": ""Standard prescribing guides"", ""competitor"": ""Standard of Care baseline"", ""safety"": ""Clinical trial safety metadata"", ""drug_safety"": ""Product label"", ""clinical_tier"": ""tier_2"", ""competitor_tier"": ""tier_3"", ""safety_tier"": ""tier_2""}","{""global_approval"": {""agency"": ""FDA"", ""date"": ""~2000"", ""status"": ""approved""}, ""regional_status"": ""launched"", ""local_regulator"": ""CDSCO"", ""local_approval_date"": ""~2000"", ""availability_text"": ""Commercially Available (Audited)"", ""availability_color"": ""green"", ""notes"": """", ""is_available"": true}","{""IN"": null, ""SG"": null, ""AE"": null}",False,"{""listed"": false, ""source_url"": ""https://nppa.gov.in/en/nlem2022"", ""retrieved_utc"": ""2026-08-04T14:32:40+00:00""}",False,2,"[{""text"": ""Ovarian stimulation"", ""raw"": ""Ovarian stimulation"", ""qualifier"": null, ""off_label"": false, ""registry_indication"": ""Infertility / Assisted Reproduction"", ""category"": ""Women's Health"", ""mapped"": true}, {""text"": ""IVF"", ""raw"": ""IVF"", ""qualifier"": null, ""off_label"": false, ""registry_indication"": ""Infertility / Assisted Reproduction"", ""category"": ""Women's Health"", ""mapped"": true}]",2026-08-04T15:31:12+00:00,2,0,Women's Health,Ovarian stimulation,Infertility / Assisted Reproduction,[],"{""molecule"": ""Menotropin (HMG)"", ""found"": false, ""approved_in_india"": null, ""first_approval_date"": null, ""india_indications"": [], ""note"": ""Not found in the CDSCO new-drug lists. The register is thin before about 2009 and several older lists are scanned images that cannot be read, so this is not evidence the molecule is unapproved in India."", ""source_name"": ""CDSCO List of Approved New Drugs"", ""retrieved_utc"": ""2026-08-05T12:13:39+00:00""}",,,,,,,,,,,
human-chorionic-gonadotropin,Human chorionic gonadotropin,2026-08-04T08:32:59.611169+00:00,Women's Health,IM/SC injection,sc_injection,fixed_course,"5,000/10,000 IU","Ovutrig, Pregnyl, Corion","Zydus, Organon, VHB",Fertility-clinic package,Provided within IVF/IUI treatment packages.,workbook_reference_unverified,False,False,Ovulation trigger; luteal support,Gonadotropin (hCG),1990s,,325.0,vial,True,Priced per vial but dosing frequency is not stated — monthly cost cannot be derived. Enter the frequency to complete the model.,₹150–500 / vial,True,"[{""indication"": ""Ovulation trigger; luteal support""}]",clinical_pregnancy_rate,Clinical Pregnancy Rate per Cycle,%,,True,,,[],0.0,Standard of Care,,,,True,True,"[""Nausea"", ""Headache"", ""Fatigue""]","[""Muscle Pain"", ""Gastrointestinal discomfort""]","{""status"": ""unavailable"", ""missing_fields"": [""clinical_pregnancy_rate""], ""issues"": [{""field"": ""clinical_pregnancy_rate"", ""severity"": ""warning"", ""message"": ""Primary endpoint not in workbook — run analysis or enter manually.""}]}","{""addressable_population"": null, ""sources"": ""Not available — regional incidence not resolved""}","{""clinical"": ""Standard prescribing guides"", ""competitor"": ""Standard of Care baseline"", ""safety"": ""Clinical trial safety metadata"", ""drug_safety"": ""Product label"", ""clinical_tier"": ""tier_2"", ""competitor_tier"": ""tier_3"", ""safety_tier"": ""tier_2""}","{""global_approval"": {""agency"": ""FDA"", ""date"": ""1990s"", ""status"": ""approved""}, ""regional_status"": ""launched"", ""local_regulator"": ""CDSCO"", ""local_approval_date"": ""1990s"", ""availability_text"": ""Commercially Available (Audited)"", ""availability_color"": ""green"", ""notes"": """", ""is_available"": true}","{""IN"": null, ""SG"": null, ""AE"": null}",False,"{""listed"": false, ""source_url"": ""https://nppa.gov.in/en/nlem2022"", ""retrieved_utc"": ""2026-08-04T14:32:40+00:00""}",False,2,"[{""text"": ""Ovulation trigger"", ""raw"": ""Ovulation trigger"", ""qualifier"": null, ""off_label"": false, ""registry_indication"": ""Infertility / Assisted Reproduction"", ""category"": ""Women's Health"", ""mapped"": true}, {""text"": ""Luteal support"", ""raw"": ""luteal support"", ""qualifier"": null, ""off_label"": false, ""registry_indication"": ""Infertility / Assisted Reproduction"", ""category"": ""Women's Health"", ""mapped"": true}]",2026-08-04T15:31:12+00:00,2,0,Women's Health,Ovulation trigger,Infertility / Assisted Reproduction,[],"{""molecule"": ""Human chorionic gonadotropin"", ""found"": false, ""approved_in_india"": null, ""first_approval_date"": null, ""india_indications"": [], ""note"": ""Not found in the CDSCO new-drug lists. The register is thin before about 2009 and several older lists are scanned images that cannot be read, so this is not evidence the molecule is unapproved in India."", ""source_name"": ""CDSCO List of Approved New Drugs"", ""retrieved_utc"": ""2026-08-05T12:13:39+00:00""}",,,,,,,,,,,
leuprolide-acetate,Leuprolide acetate,2026-08-04T08:32:59.611300+00:00,Women's Health,SC/IM depot,oral,fixed_course,3.75/11.25 mg,"Lupride, Eligard","Sun, generics",Fertility-package / access,Bundled into IVF cycle packages; originator/ patient-access for indications.,workbook_reference_unverified,False,False,IVF down-regulation; endometriosis; fibroids; precocious puberty,GnRH agonist,~2000,,5250.0,depot,True,Priced per depot but dosing frequency is not stated — monthly cost cannot be derived. Enter the frequency to complete the model.,"₹2,500–8,000 / depot",True,"[{""indication"": ""IVF down-regulation; endometriosis; fibroids; precocious puberty""}]",dysmenorrhea_responder,Dysmenorrhoea Responder Rate,%,,True,,,[],0.0,Standard of Care,,,,True,True,"[""Nausea"", ""Headache"", ""Fatigue""]","[""Muscle Pain"", ""Gastrointestinal discomfort""]","{""status"": ""unavailable"", ""missing_fields"": [""dysmenorrhea_responder""], ""issues"": [{""field"": ""dysmenorrhea_responder"", ""severity"": ""warning"", ""message"": ""Primary endpoint not in workbook — run analysis or enter manually.""}]}","{""addressable_population"": null, ""sources"": ""Not available — regional incidence not resolved""}","{""clinical"": ""Standard prescribing guides"", ""competitor"": ""Standard of Care baseline"", ""safety"": ""Clinical trial safety metadata"", ""drug_safety"": ""Product label"", ""clinical_tier"": ""tier_2"", ""competitor_tier"": ""tier_3"", ""safety_tier"": ""tier_2""}","{""global_approval"": {""agency"": ""FDA"", ""date"": ""~2000"", ""status"": ""approved""}, ""regional_status"": ""launched"", ""local_regulator"": ""CDSCO"", ""local_approval_date"": ""~2000"", ""availability_text"": ""Commercially Available (Audited)"", ""availability_color"": ""green"", ""notes"": """", ""is_available"": true}","{""IN"": null, ""SG"": null, ""AE"": null}",False,"{""listed"": false, ""source_url"": ""https://nppa.gov.in/en/nlem2022"", ""retrieved_utc"": ""2026-08-04T14:32:40+00:00""}",False,4,"[{""text"": ""IVF down-regulation"", ""raw"": ""IVF down-regulation"", ""qualifier"": null, ""off_label"": false, ""registry_indication"": ""Infertility / Assisted Reproduction"", ""category"": ""Women's Health"", ""mapped"": true}, {""text"": ""Endometriosis"", ""raw"": ""endometriosis"", ""qualifier"": null, ""off_label"": false, ""registry_indication"": ""Endometriosis"", ""category"": ""Women's Health"", ""mapped"": true}, {""text"": ""Fibroids"", ""raw"": ""fibroids"", ""qualifier"": null, ""off_label"": false, ""registry_indication"": ""Uterine Fibroids"", ""category"": ""Women's Health"", ""mapped"": true}, {""text"": ""Precocious puberty"", ""raw"": ""precocious puberty"", ""qualifier"": null, ""off_label"": false, ""registry_indication"": null, ""category"": null, ""mapped"": false}]",2026-08-04T15:31:12+00:00,3,0,Women's Health,IVF down-regulation,Infertility / Assisted Reproduction,"[""Precocious puberty""]","{""molecule"": ""Leuprolide acetate"", ""found"": false, ""approved_in_india"": null, ""first_approval_date"": null, ""india_indications"": [], ""note"": ""Not found in the CDSCO new-drug lists. The register is thin before about 2009 and several older lists are scanned images that cannot be read, so this is not evidence the molecule is unapproved in India."", ""source_name"": ""CDSCO List of Approved New Drugs"", ""retrieved_utc"": ""2026-08-05T12:13:39+00:00""}",,,,,,,,,,,
goserelin,Goserelin,2026-08-04T08:32:59.611421+00:00,Women's Health,SC implant,oral,fixed_course,3.6/10.8 mg,Zoladex,AstraZeneca,patient-access (AstraZeneca),AstraZeneca 'Zoladex' access & adherence for endometriosis/breast/prostate use; via specialist.,workbook_reference_unverified,False,False,Endometriosis; fibroids,GnRH agonist,~2000,,12000.0,implant,True,Priced per implant but dosing frequency is not stated — monthly cost cannot be derived. Enter the frequency to complete the model.,"₹6,000–18,000 / implant",True,"[{""indication"": ""Endometriosis; fibroids""}]",dysmenorrhea_responder,Dysmenorrhoea Responder Rate,%,,True,,,[],0.0,Standard of Care,,,,True,True,"[""Nausea"", ""Headache"", ""Fatigue""]","[""Muscle Pain"", ""Gastrointestinal discomfort""]","{""status"": ""unavailable"", ""missing_fields"": [""dysmenorrhea_responder""], ""issues"": [{""field"": ""dysmenorrhea_responder"", ""severity"": ""warning"", ""message"": ""Primary endpoint not in workbook — run analysis or enter manually.""}]}","{""addressable_population"": null, ""sources"": ""Not available — regional incidence not resolved""}","{""clinical"": ""Standard prescribing guides"", ""competitor"": ""Standard of Care baseline"", ""safety"": ""Clinical trial safety metadata"", ""drug_safety"": ""Product label"", ""clinical_tier"": ""tier_2"", ""competitor_tier"": ""tier_3"", ""safety_tier"": ""tier_2""}","{""global_approval"": {""agency"": ""FDA"", ""date"": ""~2000"", ""status"": ""approved""}, ""regional_status"": ""launched"", ""local_regulator"": ""CDSCO"", ""local_approval_date"": ""~2000"", ""availability_text"": ""Commercially Available (Audited)"", ""availability_color"": ""green"", ""notes"": """", ""is_available"": true}","{""IN"": null, ""SG"": null, ""AE"": null}",False,"{""listed"": false, ""source_url"": ""https://nppa.gov.in/en/nlem2022"", ""retrieved_utc"": ""2026-08-04T14:32:40+00:00""}",False,2,"[{""text"": ""Endometriosis"", ""raw"": ""Endometriosis"", ""qualifier"": null, ""off_label"": false, ""registry_indication"": ""Endometriosis"", ""category"": ""Women's Health"", ""mapped"": true}, {""text"": ""Fibroids"", ""raw"": ""fibroids"", ""qualifier"": null, ""off_label"": false, ""registry_indication"": ""Uterine Fibroids"", ""category"": ""Women's Health"", ""mapped"": true}]",2026-08-04T15:31:12+00:00,2,0,Women's Health,Endometriosis,Endometriosis,[],"{""molecule"": ""Goserelin"", ""found"": false, ""approved_in_india"": null, ""first_approval_date"": null, ""india_indications"": [], ""note"": ""Not found in the CDSCO new-drug lists. The register is thin before about 2009 and several older lists are scanned images that cannot be read, so this is not evidence the molecule is unapproved in India."", ""source_name"": ""CDSCO List of Approved New Drugs"", ""retrieved_utc"": ""2026-08-05T12:13:39+00:00""}","{""us_initial_approval_year"": {""value"": 1989, ""source_name"": ""FDA prescribing information via DailyMed (ZOLADEX (GOSERELIN) IMPLANT [TERSERA THERAPEUTICS LLC])"", ""source_url"": ""https://dailymed.nlm.nih.gov/dailymed/drugInfo.cfm?setid=294b168b-6e5f-4db9-bf70-d599271458b3"", ""retrieved"": ""2026-08-03"", ""quote"": ""Initial U.S. Approval: 1989""}}",[],,,,,,,,,
cetrorelix,Cetrorelix,2026-08-04T08:32:59.611563+00:00,Women's Health,SC injection,sc_injection,fixed_course,0.25/3 mg,Cetrotide,Merck,Fertility-clinic package,Bundled into IVF stimulation package pricing.,workbook_reference_unverified,False,False,Prevention of premature LH surge in IVF,GnRH antagonist,~2005,,2000.0,vial,True,Priced per vial but dosing frequency is not stated — monthly cost cannot be derived. Enter the frequency to complete the model.,"₹1,000–3,000 / vial",False,"[{""indication"": ""Prevention of premature LH surge in IVF""}]",clinical_pregnancy_rate,Clinical Pregnancy Rate per Cycle,%,,True,,,[],0.0,Standard of Care,,,,True,True,"[""Nausea"", ""Headache"", ""Fatigue""]","[""Muscle Pain"", ""Gastrointestinal discomfort""]","{""status"": ""unavailable"", ""missing_fields"": [""clinical_pregnancy_rate""], ""issues"": [{""field"": ""clinical_pregnancy_rate"", ""severity"": ""warning"", ""message"": ""Primary endpoint not in workbook — run analysis or enter manually.""}]}","{""addressable_population"": null, ""sources"": ""Not available — regional incidence not resolved""}","{""clinical"": ""Standard prescribing guides"", ""competitor"": ""Standard of Care baseline"", ""safety"": ""Clinical trial safety metadata"", ""drug_safety"": ""Product label"", ""clinical_tier"": ""tier_2"", ""competitor_tier"": ""tier_3"", ""safety_tier"": ""tier_2""}","{""global_approval"": {""agency"": ""FDA"", ""date"": ""~2005"", ""status"": ""approved""}, ""regional_status"": ""launched"", ""local_regulator"": ""CDSCO"", ""local_approval_date"": ""~2005"", ""availability_text"": ""Commercially Available (Audited)"", ""availability_color"": ""green"", ""notes"": """", ""is_available"": true}","{""IN"": null, ""SG"": null, ""AE"": null}",False,"{""listed"": false, ""source_url"": ""https://nppa.gov.in/en/nlem2022"", ""retrieved_utc"": ""2026-08-04T14:32:40+00:00""}",False,1,"[{""text"": ""Prevention of premature LH surge in IVF"", ""raw"": ""Prevention of premature LH surge in IVF"", ""qualifier"": null, ""off_label"": false, ""registry_indication"": ""Infertility / Assisted Reproduction"", ""category"": ""Women's Health"", ""mapped"": true}]",2026-08-04T15:31:12+00:00,1,0,Women's Health,Prevention of premature LH surge in IVF,Infertility / Assisted Reproduction,[],"{""molecule"": ""Cetrorelix"", ""found"": true, ""approved_in_india"": true, ""first_approval_date"": ""2015-08-26"", ""approval_day_known"": true, ""single_molecule_rows"": 0, ""combination_rows"": 1, ""only_as_combination"": true, ""india_indications"": [""in patients undergoing a controlled ovarian stimulation, followed by oocyte pick-up and assisted reproductive techniques""], ""source_name"": ""CDSCO List of Approved New Drugs"", ""source_url"": ""https://cdsco.gov.in/opencms/resources/UploadCDSCOWeb/2018/UploadApprovalNewDrugs/2015.pdf"", ""source_list"": ""LIST OF NEW DRUGS APPROVED 2015"", ""retrieved_utc"": ""2026-08-05T12:13:39+00:00""}",,,,,,,,,,,
cabergoline,Cabergoline,2026-08-04T08:32:59.611688+00:00,Women's Health,Oral tab,oral,chronic_ongoing,0.25/0.5 mg,"Cabgolin, Caberlin","Sun, generics",Generics + optional adherence PSP,Affordable branded generics widely available; innovator brands may offer counselling/adherence support via the prescriber. Jan Aushadhi generics available for older molecules.,workbook_reference_unverified,False,False,Hyperprolactinemia; infertility; lactation suppression,Dopamine agonist,~2005,1275,42.5,tab,True,Assumes once-daily dosing of one tab (30/month).,₹25–60 / tab,True,"[{""indication"": ""Hyperprolactinemia; infertility; lactation suppression""}]",prolactin_normalisation,Prolactin Normalisation,%,,True,,,[],0.0,Standard of Care,,,,True,True,"[""Nausea"", ""Headache"", ""Fatigue""]","[""Muscle Pain"", ""Gastrointestinal discomfort""]","{""status"": ""unavailable"", ""missing_fields"": [""prolactin_normalisation""], ""issues"": [{""field"": ""prolactin_normalisation"", ""severity"": ""warning"", ""message"": ""Primary endpoint not in workbook — run analysis or enter manually.""}]}","{""addressable_population"": null, ""sources"": ""Not available — regional incidence not resolved""}","{""clinical"": ""Standard prescribing guides"", ""competitor"": ""Standard of Care baseline"", ""safety"": ""Clinical trial safety metadata"", ""drug_safety"": ""Product label"", ""clinical_tier"": ""tier_2"", ""competitor_tier"": ""tier_3"", ""safety_tier"": ""tier_2""}","{""global_approval"": {""agency"": ""FDA"", ""date"": ""~2005"", ""status"": ""approved""}, ""regional_status"": ""launched"", ""local_regulator"": ""CDSCO"", ""local_approval_date"": ""~2005"", ""availability_text"": ""Commercially Available (Audited)"", ""availability_color"": ""green"", ""notes"": """", ""is_available"": true}","{""IN"": 1275, ""SG"": 21, ""AE"": 57}",True,"{""listed"": false, ""source_url"": ""https://nppa.gov.in/en/nlem2022"", ""retrieved_utc"": ""2026-08-04T14:32:40+00:00""}",False,3,"[{""text"": ""Hyperprolactinemia"", ""raw"": ""Hyperprolactinemia"", ""qualifier"": null, ""off_label"": false, ""registry_indication"": ""Hyperprolactinaemia"", ""category"": ""Women's Health"", ""mapped"": true}, {""text"": ""Infertility"", ""raw"": ""infertility"", ""qualifier"": null, ""off_label"": false, ""registry_indication"": ""Infertility / Assisted Reproduction"", ""category"": ""Women's Health"", ""mapped"": true}, {""text"": ""Lactation suppression"", ""raw"": ""lactation suppression"", ""qualifier"": null, ""off_label"": false, ""registry_indication"": ""Hyperprolactinaemia"", ""category"": ""Women's Health"", ""mapped"": true}]",2026-08-04T15:31:12+00:00,3,0,Women's Health,Hyperprolactinemia,Hyperprolactinaemia,[],"{""molecule"": ""Cabergoline"", ""found"": false, ""approved_in_india"": null, ""first_approval_date"": null, ""india_indications"": [], ""note"": ""Not found in the CDSCO new-drug lists. The register is thin before about 2009 and several older lists are scanned images that cannot be read, so this is not evidence the molecule is unapproved in India."", ""source_name"": ""CDSCO List of Approved New Drugs"", ""retrieved_utc"": ""2026-08-05T12:13:39+00:00""}",,,,,,,,,,,
bromocriptine,Bromocriptine,2026-08-04T08:32:59.611826+00:00,Women's Health,Oral tab,oral,chronic_ongoing,1.25/2.5 mg,"Sicriptin, Proctinal","Serum Institute, generics",Low-cost generic — Jan Aushadhi,Widely available as low-cost generics; Pradhan Mantri Bhartiya Janaushadhi (PMBJP) offers 50–90% cheaper generics. Manufacturer PSP not typically needed.,workbook_reference_unverified,False,False,Hyperprolactinemia; infertility; lactation suppression,Dopamine agonist,1990s,300,10.0,tab,True,Assumes once-daily dosing of one tab (30/month).,₹5–15 / tab,True,"[{""indication"": ""Hyperprolactinemia; infertility; lactation suppression""}]",prolactin_normalisation,Prolactin Normalisation,%,,True,,,[],0.0,Standard of Care,,,,True,True,"[""Nausea"", ""Headache"", ""Fatigue""]","[""Muscle Pain"", ""Gastrointestinal discomfort""]","{""status"": ""unavailable"", ""missing_fields"": [""prolactin_normalisation""], ""issues"": [{""field"": ""prolactin_normalisation"", ""severity"": ""warning"", ""message"": ""Primary endpoint not in workbook — run analysis or enter manually.""}]}","{""addressable_population"": null, ""sources"": ""Not available — regional incidence not resolved""}","{""clinical"": ""Standard prescribing guides"", ""competitor"": ""Standard of Care baseline"", ""safety"": ""Clinical trial safety metadata"", ""drug_safety"": ""Product label"", ""clinical_tier"": ""tier_2"", ""competitor_tier"": ""tier_3"", ""safety_tier"": ""tier_2""}","{""global_approval"": {""agency"": ""FDA"", ""date"": ""1990s"", ""status"": ""approved""}, ""regional_status"": ""launched"", ""local_regulator"": ""CDSCO"", ""local_approval_date"": ""1990s"", ""availability_text"": ""Commercially Available (Audited)"", ""availability_color"": ""green"", ""notes"": """", ""is_available"": true}","{""IN"": 300, ""SG"": 5, ""AE"": 13}",True,"{""listed"": false, ""source_url"": ""https://nppa.gov.in/en/nlem2022"", ""retrieved_utc"": ""2026-08-04T14:32:40+00:00""}",False,3,"[{""text"": ""Hyperprolactinemia"", ""raw"": ""Hyperprolactinemia"", ""qualifier"": null, ""off_label"": false, ""registry_indication"": ""Hyperprolactinaemia"", ""category"": ""Women's Health"", ""mapped"": true}, {""text"": ""Infertility"", ""raw"": ""infertility"", ""qualifier"": null, ""off_label"": false, ""registry_indication"": ""Infertility / Assisted Reproduction"", ""category"": ""Women's Health"", ""mapped"": true}, {""text"": ""Lactation suppression"", ""raw"": ""lactation suppression"", ""qualifier"": null, ""off_label"": false, ""registry_indication"": ""Hyperprolactinaemia"", ""category"": ""Women's Health"", ""mapped"": true}]",2026-08-04T15:31:12+00:00,3,0,Women's Health,Hyperprolactinemia,Hyperprolactinaemia,[],"{""molecule"": ""Bromocriptine"", ""found"": false, ""approved_in_india"": null, ""first_approval_date"": null, ""india_indications"": [], ""note"": ""Not found in the CDSCO new-drug lists. The register is thin before about 2009 and several older lists are scanned images that cannot be read, so this is not evidence the molecule is unapproved in India."", ""source_name"": ""CDSCO List of Approved New Drugs"", ""retrieved_utc"": ""2026-08-05T12:13:39+00:00""}",,,,,,,,,,,
progesterone-micronized,Progesterone (micronized),2026-08-04T08:32:59.611970+00:00,Women's Health,Oral cap/vaginal/IM,oral,fixed_course,100/200/300/400 mg,"Susten, Naturogest, Dubagest","Sun, Zydus, generics",Generics + optional adherence PSP,Affordable branded generics widely available; innovator brands may offer counselling/adherence support via the prescriber. Jan Aushadhi generics available for older molecules.,workbook_reference_unverified,False,False,Luteal support (ART); threatened/recurrent miscarriage; preterm prevention; HRT,Progestogen (natural),~2000,600,20.0,cap,True,Assumes once-daily dosing of one cap (30/month).,₹10–30 / cap,True,"[{""indication"": ""Luteal support (ART); threatened/recurrent miscarriage; preterm prevention; HRT""}]",live_birth_rate,Live Birth Rate,%,,True,,,[],0.0,Standard of Care,,,,True,True,"[""Nausea"", ""Headache"", ""Fatigue""]","[""Muscle Pain"", ""Gastrointestinal discomfort""]","{""status"": ""unavailable"", ""missing_fields"": [""live_birth_rate""], ""issues"": [{""field"": ""live_birth_rate"", ""severity"": ""warning"", ""message"": ""Primary endpoint not in workbook — run analysis or enter manually.""}]}","{""addressable_population"": null, ""sources"": ""Not available — regional incidence not resolved""}","{""clinical"": ""Standard prescribing guides"", ""competitor"": ""Standard of Care baseline"", ""safety"": ""Clinical trial safety metadata"", ""drug_safety"": ""Product label"", ""clinical_tier"": ""tier_2"", ""competitor_tier"": ""tier_3"", ""safety_tier"": ""tier_2""}","{""global_approval"": {""agency"": ""FDA"", ""date"": ""~2000"", ""status"": ""approved""}, ""regional_status"": ""launched"", ""local_regulator"": ""CDSCO"", ""local_approval_date"": ""~2000"", ""availability_text"": ""Commercially Available (Audited)"", ""availability_color"": ""green"", ""notes"": """", ""is_available"": true}","{""IN"": 600, ""SG"": 10, ""AE"": 27}",True,"{""listed"": false, ""source_url"": ""https://nppa.gov.in/en/nlem2022"", ""retrieved_utc"": ""2026-08-04T14:32:40+00:00""}",False,4,"[{""text"": ""Luteal support"", ""raw"": ""Luteal support (ART)"", ""qualifier"": ""ART"", ""off_label"": false, ""registry_indication"": ""Infertility / Assisted Reproduction"", ""category"": ""Women's Health"", ""mapped"": true}, {""text"": ""Threatened/recurrent miscarriage"", ""raw"": ""threatened/recurrent miscarriage"", ""qualifier"": null, ""off_label"": false, ""registry_indication"": ""Recurrent Pregnancy Loss / Preterm Birth Prevention"", ""category"": ""Women's Health"", ""mapped"": true}, {""text"": ""Preterm prevention"", ""raw"": ""preterm prevention"", ""qualifier"": null, ""off_label"": false, ""registry_indication"": null, ""category"": null, ""mapped"": false}, {""text"": ""HRT"", ""raw"": ""HRT"", ""qualifier"": null, ""off_label"": false, ""registry_indication"": null, ""category"": null, ""mapped"": false}]",2026-08-04T15:31:12+00:00,2,0,Women's Health,Luteal support,Infertility / Assisted Reproduction,"[""Preterm prevention"", ""HRT""]","{""molecule"": ""Progesterone (micronized)"", ""found"": false, ""approved_in_india"": null, ""first_approval_date"": null, ""india_indications"": [], ""note"": ""Not found in the CDSCO new-drug lists. The register is thin before about 2009 and several older lists are scanned images that cannot be read, so this is not evidence the molecule is unapproved in India."", ""source_name"": ""CDSCO List of Approved New Drugs"", ""retrieved_utc"": ""2026-08-05T12:13:39+00:00""}",,,,,,,,,,,
dydrogesterone,Dydrogesterone,2026-08-04T08:32:59.612138+00:00,Women's Health,Oral tab,sc_injection,fixed_course,10 mg,Duphaston,Abbott,Generics + optional adherence PSP,Affordable branded generics widely available; innovator brands may offer counselling/adherence support via the prescriber. Jan Aushadhi generics available for older molecules.,workbook_reference_unverified,False,False,Threatened/habitual abortion; luteal support; DUB; endometriosis; secondary amenorrhea; HRT,Progestogen,~2000,1125,37.5,tab,True,Assumes once-daily dosing of one tab (30/month).,₹30–45 / tab,True,"[{""indication"": ""Threatened/habitual abortion; luteal support; DUB; endometriosis; secondary amenorrhea; HRT""}]",clinical_pregnancy_rate,Clinical Pregnancy Rate per Cycle,%,,True,,,[],0.0,Standard of Care,,,,True,True,"[""Nausea"", ""Headache"", ""Fatigue""]","[""Muscle Pain"", ""Gastrointestinal discomfort""]","{""status"": ""unavailable"", ""missing_fields"": [""clinical_pregnancy_rate""], ""issues"": [{""field"": ""clinical_pregnancy_rate"", ""severity"": ""warning"", ""message"": ""Primary endpoint not in workbook — run analysis or enter manually.""}]}","{""addressable_population"": null, ""sources"": ""Not available — regional incidence not resolved""}","{""clinical"": ""Standard prescribing guides"", ""competitor"": ""Standard of Care baseline"", ""safety"": ""Clinical trial safety metadata"", ""drug_safety"": ""Product label"", ""clinical_tier"": ""tier_2"", ""competitor_tier"": ""tier_3"", ""safety_tier"": ""tier_2""}","{""global_approval"": {""agency"": ""FDA"", ""date"": ""~2000"", ""status"": ""approved""}, ""regional_status"": ""launched"", ""local_regulator"": ""CDSCO"", ""local_approval_date"": ""~2000"", ""availability_text"": ""Commercially Available (Audited)"", ""availability_color"": ""green"", ""notes"": """", ""is_available"": true}","{""IN"": 1125, ""SG"": 18, ""AE"": 51}",True,"{""listed"": false, ""source_url"": ""https://nppa.gov.in/en/nlem2022"", ""retrieved_utc"": ""2026-08-04T14:32:40+00:00""}",False,6,"[{""text"": ""Threatened/habitual abortion"", ""raw"": ""Threatened/habitual abortion"", ""qualifier"": null, ""off_label"": false, ""registry_indication"": ""Medical Termination of Pregnancy"", ""category"": ""Women's Health"", ""mapped"": true}, {""text"": ""Luteal support"", ""raw"": ""luteal support"", ""qualifier"": null, ""off_label"": false, ""registry_indication"": ""Infertility / Assisted Reproduction"", ""category"": ""Women's Health"", ""mapped"": true}, {""text"": ""DUB"", ""raw"": ""DUB"", ""qualifier"": null, ""off_label"": false, ""registry_indication"": null, ""category"": null, ""mapped"": false}, {""text"": ""Endometriosis"", ""raw"": ""endometriosis"", ""qualifier"": null, ""off_label"": false, ""registry_indication"": ""Endometriosis"", ""category"": ""Women's Health"", ""mapped"": true}, {""text"": ""Secondary amenorrhea"", ""raw"": ""secondary amenorrhea"", ""qualifier"": null, ""off_label"": false, ""registry_indication"": null, ""category"": null, ""mapped"": false}, {""text"": ""HRT"", ""raw"": ""HRT"", ""qualifier"": null, ""off_label"": false, ""registry_indication"": null, ""category"": null, ""mapped"": false}]",2026-08-04T15:31:12+00:00,3,0,Women's Health,Threatened/habitual abortion,Medical Termination of Pregnancy,"[""DUB"", ""Secondary amenorrhea"", ""HRT""]","{""molecule"": ""Dydrogesterone"", ""found"": false, ""approved_in_india"": null, ""first_approval_date"": null, ""india_indications"": [], ""note"": ""Not found in the CDSCO new-drug lists. The register is thin before about 2009 and several older lists are scanned images that cannot be read, so this is not evidence the molecule is unapproved in India."", ""source_name"": ""CDSCO List of Approved New Drugs"", ""retrieved_utc"": ""2026-08-05T12:13:39+00:00""}",,,,,,,,,,,
norethisterone,Norethisterone,2026-08-04T08:32:59.612309+00:00,Women's Health,Oral tab,oral,chronic_ongoing,5 mg,"Primolut-N, Regestrone","Bayer, Zydus",Low-cost generic — Jan Aushadhi,Widely available as low-cost generics; Pradhan Mantri Bhartiya Janaushadhi (PMBJP) offers 50–90% cheaper generics. Manufacturer PSP not typically needed.,workbook_reference_unverified,False,False,Heavy/dysfunctional uterine bleeding; delay of menstruation; amenorrhea; endometriosis,Progestogen,1990s,165,5.5,tab,True,Assumes once-daily dosing of one tab (30/month).,₹3–8 / tab,True,"[{""indication"": ""Heavy/dysfunctional uterine bleeding; delay of menstruation; amenorrhea; endometriosis""}]",mbl_reduction,Menstrual Blood-Loss Reduction (alkaline-hematin),%,,True,,,[],0.0,Standard of Care,,,,True,True,"[""Nausea"", ""Headache"", ""Fatigue""]","[""Muscle Pain"", ""Gastrointestinal discomfort""]","{""status"": ""unavailable"", ""missing_fields"": [""mbl_reduction""], ""issues"": [{""field"": ""mbl_reduction"", ""severity"": ""warning"", ""message"": ""Primary endpoint not in workbook — run analysis or enter manually.""}]}","{""addressable_population"": null, ""sources"": ""Not available — regional incidence not resolved""}","{""clinical"": ""Standard prescribing guides"", ""competitor"": ""Standard of Care baseline"", ""safety"": ""Clinical trial safety metadata"", ""drug_safety"": ""Product label"", ""clinical_tier"": ""tier_2"", ""competitor_tier"": ""tier_3"", ""safety_tier"": ""tier_2""}","{""global_approval"": {""agency"": ""FDA"", ""date"": ""1990s"", ""status"": ""approved""}, ""regional_status"": ""launched"", ""local_regulator"": ""CDSCO"", ""local_approval_date"": ""1990s"", ""availability_text"": ""Commercially Available (Audited)"", ""availability_color"": ""green"", ""notes"": """", ""is_available"": true}","{""IN"": 165, ""SG"": 2, ""AE"": 7}",True,"{""listed"": true, ""section"": ""18.5.2"", ""care_levels"": [""Primary"", ""Secondary"", ""Tertiary""], ""matched_as"": ""Norethisterone"", ""source_url"": ""https://nppa.gov.in/en/nlem2022"", ""retrieved_utc"": ""2026-08-04T14:32:40+00:00""}",True,4,"[{""text"": ""Heavy/dysfunctional uterine bleeding"", ""raw"": ""Heavy/dysfunctional uterine bleeding"", ""qualifier"": null, ""off_label"": false, ""registry_indication"": ""Heavy Menstrual Bleeding (Menorrhagia)"", ""category"": ""Women's Health"", ""mapped"": true}, {""text"": ""Delay of menstruation"", ""raw"": ""delay of menstruation"", ""qualifier"": null, ""off_label"": false, ""registry_indication"": null, ""category"": null, ""mapped"": false}, {""text"": ""Amenorrhea"", ""raw"": ""amenorrhea"", ""qualifier"": null, ""off_label"": false, ""registry_indication"": null, ""category"": null, ""mapped"": false}, {""text"": ""Endometriosis"", ""raw"": ""endometriosis"", ""qualifier"": null, ""off_label"": false, ""registry_indication"": ""Endometriosis"", ""category"": ""Women's Health"", ""mapped"": true}]",2026-08-04T15:31:12+00:00,2,0,Women's Health,Heavy/dysfunctional uterine bleeding,Heavy Menstrual Bleeding (Menorrhagia),"[""Delay of menstruation"", ""Amenorrhea""]","{""molecule"": ""Norethisterone"", ""found"": false, ""approved_in_india"": null, ""first_approval_date"": null, ""india_indications"": [], ""note"": ""Not found in the CDSCO new-drug lists. The register is thin before about 2009 and several older lists are scanned images that cannot be read, so this is not evidence the molecule is unapproved in India."", ""source_name"": ""CDSCO List of Approved New Drugs"", ""retrieved_utc"": ""2026-08-05T12:13:39+00:00""}","{""us_initial_approval_year"": {""value"": 2020, ""source_name"": ""FDA prescribing information via DailyMed (ORIAHNN (ELAGOLIX AND ESTRADIOL AND NORETHISTERONE) KIT [ABBVIE INC.])"", ""source_url"": ""https://dailymed.nlm.nih.gov/dailymed/drugInfo.cfm?setid=99f6eee7-7e52-6999-7eb8-488d06dd1710"", ""retrieved"": ""2026-08-03"", ""quote"": ""Initial U.S. Approval: 2020""}, ""recommended_dosage"": {""value"": ""The recommended dosage of ORIAHNN is: ○ One elagolix 300 mg, estradiol 1 mg, and norethindrone acetate 0.5 mg capsule in the morning (AM), and ○ One elagolix 300 mg capsule in the evening (PM)."", ""source_name"": ""FDA prescribing information via DailyMed (ORIAHNN (ELAGOLIX AND ESTRADIOL AND NORETHISTERONE) KIT [ABBVIE INC.])"", ""source_url"": ""https://dailymed.nlm.nih.gov/dailymed/drugInfo.cfm?setid=99f6eee7-7e52-6999-7eb8-488d06dd1710"", ""retrieved"": ""2026-08-03"", ""quote"": ""The recommended dosage of ORIAHNN is: ○ One elagolix 300 mg, estradiol 1 mg, and norethindrone acetate 0.5 mg capsule in the morning (AM), and ○ One elagolix 300 mg capsule in the evening (PM).""}}",[],,,,,,,,,
medroxyprogesterone-acetate-oral,Medroxyprogesterone acetate (oral),2026-08-04T08:32:59.612466+00:00,Women's Health,Oral tab,oral,fixed_course,2.5/5/10 mg,"Deviry, Modus","Pfizer, generics",Low-cost generic — Jan Aushadhi,Widely available as low-cost generics; Pradhan Mantri Bhartiya Janaushadhi (PMBJP) offers 50–90% cheaper generics. Manufacturer PSP not typically needed.,workbook_reference_unverified,False,False,DUB; secondary amenorrhea; endometriosis; HRT,Progestogen,~2000,300,10.0,tab,True,Assumes once-daily dosing of one tab (30/month).,₹5–15 / tab,True,"[{""indication"": ""DUB; secondary amenorrhea; endometriosis; HRT""}]",dysmenorrhea_responder,Dysmenorrhoea Responder Rate,%,,True,,,[],0.0,Standard of Care,,,,True,True,"[""Nausea"", ""Headache"", ""Fatigue""]","[""Muscle Pain"", ""Gastrointestinal discomfort""]","{""status"": ""unavailable"", ""missing_fields"": [""dysmenorrhea_responder""], ""issues"": [{""field"": ""dysmenorrhea_responder"", ""severity"": ""warning"", ""message"": ""Primary endpoint not in workbook — run analysis or enter manually.""}]}","{""addressable_population"": null, ""sources"": ""Not available — regional incidence not resolved""}","{""clinical"": ""Standard prescribing guides"", ""competitor"": ""Standard of Care baseline"", ""safety"": ""Clinical trial safety metadata"", ""drug_safety"": ""Product label"", ""clinical_tier"": ""tier_2"", ""competitor_tier"": ""tier_3"", ""safety_tier"": ""tier_2""}","{""global_approval"": {""agency"": ""FDA"", ""date"": ""~2000"", ""status"": ""approved""}, ""regional_status"": ""launched"", ""local_regulator"": ""CDSCO"", ""local_approval_date"": ""~2000"", ""availability_text"": ""Commercially Available (Audited)"", ""availability_color"": ""green"", ""notes"": """", ""is_available"": true}","{""IN"": 300, ""SG"": 5, ""AE"": 13}",True,"{""listed"": false, ""source_url"": ""https://nppa.gov.in/en/nlem2022"", ""retrieved_utc"": ""2026-08-04T14:32:40+00:00""}",False,4,"[{""text"": ""DUB"", ""raw"": ""DUB"", ""qualifier"": null, ""off_label"": false, ""registry_indication"": null, ""category"": null, ""mapped"": false}, {""text"": ""Secondary amenorrhea"", ""raw"": ""secondary amenorrhea"", ""qualifier"": null, ""off_label"": false, ""registry_indication"": null, ""category"": null, ""mapped"": false}, {""text"": ""Endometriosis"", ""raw"": ""endometriosis"", ""qualifier"": null, ""off_label"": false, ""registry_indication"": ""Endometriosis"", ""category"": ""Women's Health"", ""mapped"": true}, {""text"": ""HRT"", ""raw"": ""HRT"", ""qualifier"": null, ""off_label"": false, ""registry_indication"": null, ""category"": null, ""mapped"": false}]",2026-08-04T15:31:12+00:00,1,0,Women's Health,Endometriosis,Endometriosis,"[""DUB"", ""Secondary amenorrhea"", ""HRT""]","{""molecule"": ""Medroxyprogesterone acetate (oral)"", ""found"": false, ""approved_in_india"": null, ""first_approval_date"": null, ""india_indications"": [], ""note"": ""Not found in the CDSCO new-drug lists. The register is thin before about 2009 and several older lists are scanned images that cannot be read, so this is not evidence the molecule is unapproved in India."", ""source_name"": ""CDSCO List of Approved New Drugs"", ""retrieved_utc"": ""2026-08-05T12:13:39+00:00""}",,,,,,,,,,,
hydroxyprogesterone-caproate,Hydroxyprogesterone caproate,2026-08-04T08:32:59.612650+00:00,Women's Health,IM injection,oral,fixed_course,250/500 mg,Proluton Depot,Bayer,Generics + optional adherence PSP,Affordable branded generics widely available; innovator brands may offer counselling/adherence support via the prescriber. Jan Aushadhi generics available for older molecules.,workbook_reference_unverified,False,False,Prevention of recurrent miscarriage & preterm birth,Progestogen (depot),~1990,,275.0,injection,True,Priced per injection but dosing frequency is not stated — monthly cost cannot be derived. Enter the frequency to complete the model.,₹150–400 / injection,False,"[{""indication"": ""Prevention of recurrent miscarriage & preterm birth""}]",live_birth_rate,Live Birth Rate,%,,True,,,[],0.0,Standard of Care,,,,True,True,"[""Nausea"", ""Headache"", ""Fatigue""]","[""Muscle Pain"", ""Gastrointestinal discomfort""]","{""status"": ""unavailable"", ""missing_fields"": [""live_birth_rate""], ""issues"": [{""field"": ""live_birth_rate"", ""severity"": ""warning"", ""message"": ""Primary endpoint not in workbook — run analysis or enter manually.""}]}","{""addressable_population"": null, ""sources"": ""Not available — regional incidence not resolved""}","{""clinical"": ""Standard prescribing guides"", ""competitor"": ""Standard of Care baseline"", ""safety"": ""Clinical trial safety metadata"", ""drug_safety"": ""Product label"", ""clinical_tier"": ""tier_2"", ""competitor_tier"": ""tier_3"", ""safety_tier"": ""tier_2""}","{""global_approval"": {""agency"": ""FDA"", ""date"": ""~1990"", ""status"": ""approved""}, ""regional_status"": ""launched"", ""local_regulator"": ""CDSCO"", ""local_approval_date"": ""~1990"", ""availability_text"": ""Commercially Available (Audited)"", ""availability_color"": ""green"", ""notes"": """", ""is_available"": true}","{""IN"": null, ""SG"": null, ""AE"": null}",True,"{""listed"": false, ""source_url"": ""https://nppa.gov.in/en/nlem2022"", ""retrieved_utc"": ""2026-08-04T14:32:40+00:00""}",False,1,"[{""text"": ""Prevention of recurrent miscarriage & preterm birth"", ""raw"": ""Prevention of recurrent miscarriage & preterm birth"", ""qualifier"": null, ""off_label"": false, ""registry_indication"": ""Recurrent Pregnancy Loss / Preterm Birth Prevention"", ""category"": ""Women's Health"", ""mapped"": true}]",2026-08-04T15:31:12+00:00,1,0,Women's Health,Prevention of recurrent miscarriage & preterm birth,Recurrent Pregnancy Loss / Preterm Birth Prevention,[],"{""molecule"": ""Hydroxyprogesterone caproate"", ""found"": false, ""approved_in_india"": null, ""first_approval_date"": null, ""india_indications"": [], ""note"": ""Not found in the CDSCO new-drug lists. The register is thin before about 2009 and several older lists are scanned images that cannot be read, so this is not evidence the molecule is unapproved in India."", ""source_name"": ""CDSCO List of Approved New Drugs"", ""retrieved_utc"": ""2026-08-05T12:13:39+00:00""}",,,,,,,,,,,
dienogest,Dienogest,2026-08-04T08:32:59.612803+00:00,Women's Health,Oral tab,oral,fixed_course,2 mg,"Normens, Dinagest",generics,Generics + optional adherence PSP,Affordable branded generics widely available; innovator brands may offer counselling/adherence support via the prescriber. Jan Aushadhi generics available for older molecules.,workbook_reference_unverified,False,False,Endometriosis; chronic pelvic pain,Progestogen,~2015,750,25.0,tab,True,Assumes once-daily dosing of one tab (30/month).,₹15–35 / tab,True,"[{""indication"": ""Endometriosis; chronic pelvic pain""}]",dysmenorrhea_responder,Dysmenorrhoea Responder Rate,%,,True,,,[],0.0,Standard of Care,,,,True,True,"[""Nausea"", ""Headache"", ""Fatigue""]","[""Muscle Pain"", ""Gastrointestinal discomfort""]","{""status"": ""unavailable"", ""missing_fields"": [""dysmenorrhea_responder""], ""issues"": [{""field"": ""dysmenorrhea_responder"", ""severity"": ""warning"", ""message"": ""Primary endpoint not in workbook — run analysis or enter manually.""}]}","{""addressable_population"": null, ""sources"": ""Not available — regional incidence not resolved""}","{""clinical"": ""Standard prescribing guides"", ""competitor"": ""Standard of Care baseline"", ""safety"": ""Clinical trial safety metadata"", ""drug_safety"": ""Product label"", ""clinical_tier"": ""tier_2"", ""competitor_tier"": ""tier_3"", ""safety_tier"": ""tier_2""}","{""global_approval"": {""agency"": ""FDA"", ""date"": ""~2015"", ""status"": ""approved""}, ""regional_status"": ""launched"", ""local_regulator"": ""CDSCO"", ""local_approval_date"": ""~2015"", ""availability_text"": ""Commercially Available (Audited)"", ""availability_color"": ""green"", ""notes"": """", ""is_available"": true}","{""IN"": 750, ""SG"": 12, ""AE"": 34}",True,"{""listed"": false, ""source_url"": ""https://nppa.gov.in/en/nlem2022"", ""retrieved_utc"": ""2026-08-04T14:32:40+00:00""}",False,2,"[{""text"": ""Endometriosis"", ""raw"": ""Endometriosis"", ""qualifier"": null, ""off_label"": false, ""registry_indication"": ""Endometriosis"", ""category"": ""Women's Health"", ""mapped"": true}, {""text"": ""Chronic pelvic pain"", ""raw"": ""chronic pelvic pain"", ""qualifier"": null, ""off_label"": false, ""registry_indication"": null, ""category"": null, ""mapped"": false}]",2026-08-04T15:31:12+00:00,1,0,Women's Health,Endometriosis,Endometriosis,"[""Chronic pelvic pain""]","{""molecule"": ""Dienogest"", ""found"": true, ""approved_in_india"": true, ""first_approval_date"": ""2017-03-09"", ""approval_day_known"": true, ""single_molecule_rows"": 0, ""combination_rows"": 1, ""only_as_combination"": true, ""india_indications"": [], ""source_name"": ""CDSCO List of Approved New Drugs"", ""source_url"": ""https://cdsco.gov.in/opencms/resources/UploadCDSCOWeb/2018/UploadApprovalNewDrugs/2_LIST%20OF%20NEW%20DRUGS%20APPROVED%20FROM%2001-01-2017.pdf"", ""source_list"": ""LIST OF NEW DRUG APPROVED FROM 01-01-2017 to TILL DATE BY NEW DRUGS DIVISION"", ""retrieved_utc"": ""2026-08-05T12:13:39+00:00""}",,,,,,,,,,,
estradiol-valerate,Estradiol valerate,2026-08-04T08:32:59.613303+00:00,Women's Health,Oral tab,sc_injection,fixed_course,1/2 mg,Progynova,Bayer,Low-cost generic — Jan Aushadhi,Widely available as low-cost generics; Pradhan Mantri Bhartiya Janaushadhi (PMBJP) offers 50–90% cheaper generics. Manufacturer PSP not typically needed.,workbook_reference_unverified,False,False,Menopausal HRT; endometrial preparation (ART); hypoestrogenism,Estrogen (HRT),~1995,315,10.5,tab,True,Assumes once-daily dosing of one tab (30/month).,₹6–15 / tab,True,"[{""indication"": ""Menopausal HRT; endometrial preparation (ART); hypoestrogenism""}]",clinical_pregnancy_rate,Clinical Pregnancy Rate per Cycle,%,,True,,,[],0.0,Standard of Care,,,,True,True,"[""Nausea"", ""Headache"", ""Fatigue""]","[""Muscle Pain"", ""Gastrointestinal discomfort""]","{""status"": ""unavailable"", ""missing_fields"": [""clinical_pregnancy_rate""], ""issues"": [{""field"": ""clinical_pregnancy_rate"", ""severity"": ""warning"", ""message"": ""Primary endpoint not in workbook — run analysis or enter manually.""}]}","{""addressable_population"": null, ""sources"": ""Not available — regional incidence not resolved""}","{""clinical"": ""Standard prescribing guides"", ""competitor"": ""Standard of Care baseline"", ""safety"": ""Clinical trial safety metadata"", ""drug_safety"": ""Product label"", ""clinical_tier"": ""tier_2"", ""competitor_tier"": ""tier_3"", ""safety_tier"": ""tier_2""}","{""global_approval"": {""agency"": ""FDA"", ""date"": ""~1995"", ""status"": ""approved""}, ""regional_status"": ""launched"", ""local_regulator"": ""CDSCO"", ""local_approval_date"": ""~1995"", ""availability_text"": ""Commercially Available (Audited)"", ""availability_color"": ""green"", ""notes"": """", ""is_available"": true}","{""IN"": 315, ""SG"": 5, ""AE"": 14}",True,"{""listed"": false, ""source_url"": ""https://nppa.gov.in/en/nlem2022"", ""retrieved_utc"": ""2026-08-04T14:32:40+00:00""}",False,3,"[{""text"": ""Menopausal HRT"", ""raw"": ""Menopausal HRT"", ""qualifier"": null, ""off_label"": false, ""registry_indication"": ""Vasomotor Symptoms"", ""category"": ""Women's Health"", ""mapped"": true}, {""text"": ""Endometrial preparation"", ""raw"": ""endometrial preparation (ART)"", ""qualifier"": ""ART"", ""off_label"": false, ""registry_indication"": ""Infertility / Assisted Reproduction"", ""category"": ""Women's Health"", ""mapped"": true}, {""text"": ""Hypoestrogenism"", ""raw"": ""hypoestrogenism"", ""qualifier"": null, ""off_label"": false, ""registry_indication"": ""Vasomotor Symptoms"", ""category"": ""Women's Health"", ""mapped"": true}]",2026-08-04T15:31:12+00:00,3,0,Women's Health,Menopausal HRT,Vasomotor Symptoms,[],"{""molecule"": ""Estradiol valerate"", ""found"": false, ""approved_in_india"": null, ""first_approval_date"": null, ""india_indications"": [], ""note"": ""Not found in the CDSCO new-drug lists. The register is thin before about 2009 and several older lists are scanned images that cannot be read, so this is not evidence the molecule is unapproved in India."", ""source_name"": ""CDSCO List of Approved New Drugs"", ""retrieved_utc"": ""2026-08-05T12:13:39+00:00""}",,,,,,,,,,,
conjugated-equine-estrogens,Conjugated equine estrogens,2026-08-04T08:32:59.613454+00:00,Women's Health,Oral tab / vaginal cream,oral,chronic_ongoing,0.625 mg,Premarin,Pfizer,Generics + optional adherence PSP,Affordable branded generics widely available; innovator brands may offer counselling/adherence support via the prescriber. Jan Aushadhi generics available for older molecules.,workbook_reference_unverified,False,False,Menopausal symptoms; atrophic vaginitis; hypoestrogenism,Estrogen (HRT),1990s,825,27.5,tab,True,Assumes once-daily dosing of one tab (30/month).,₹15–40 / tab,True,"[{""indication"": ""Menopausal symptoms; atrophic vaginitis; hypoestrogenism""}]",vms_frequency,VMS Frequency Reduction,%,,True,,,[],0.0,Standard of Care,,,,True,True,"[""Nausea"", ""Headache"", ""Fatigue""]","[""Muscle Pain"", ""Gastrointestinal discomfort""]","{""status"": ""unavailable"", ""missing_fields"": [""vms_frequency""], ""issues"": [{""field"": ""vms_frequency"", ""severity"": ""warning"", ""message"": ""Primary endpoint not in workbook — run analysis or enter manually.""}]}","{""addressable_population"": null, ""sources"": ""Not available — regional incidence not resolved""}","{""clinical"": ""Standard prescribing guides"", ""competitor"": ""Standard of Care baseline"", ""safety"": ""Clinical trial safety metadata"", ""drug_safety"": ""Product label"", ""clinical_tier"": ""tier_2"", ""competitor_tier"": ""tier_3"", ""safety_tier"": ""tier_2""}","{""global_approval"": {""agency"": ""FDA"", ""date"": ""1990s"", ""status"": ""approved""}, ""regional_status"": ""launched"", ""local_regulator"": ""CDSCO"", ""local_approval_date"": ""1990s"", ""availability_text"": ""Commercially Available (Audited)"", ""availability_color"": ""green"", ""notes"": """", ""is_available"": true}","{""IN"": 825, ""SG"": 13, ""AE"": 37}",True,"{""listed"": false, ""source_url"": ""https://nppa.gov.in/en/nlem2022"", ""retrieved_utc"": ""2026-08-04T14:32:40+00:00""}",False,3,"[{""text"": ""Menopausal symptoms"", ""raw"": ""Menopausal symptoms"", ""qualifier"": null, ""off_label"": false, ""registry_indication"": ""Vasomotor Symptoms"", ""category"": ""Women's Health"", ""mapped"": true}, {""text"": ""Atrophic vaginitis"", ""raw"": ""atrophic vaginitis"", ""qualifier"": null, ""off_label"": false, ""registry_indication"": ""Vasomotor Symptoms"", ""category"": ""Women's Health"", ""mapped"": true}, {""text"": ""Hypoestrogenism"", ""raw"": ""hypoestrogenism"", ""qualifier"": null, ""off_label"": false, ""registry_indication"": ""Vasomotor Symptoms"", ""category"": ""Women's Health"", ""mapped"": true}]",2026-08-04T15:31:12+00:00,3,0,Women's Health,Menopausal symptoms,Vasomotor Symptoms,[],"{""molecule"": ""Conjugated equine estrogens"", ""found"": false, ""approved_in_india"": null, ""first_approval_date"": null, ""india_indications"": [], ""note"": ""Not found in the CDSCO new-drug lists. The register is thin before about 2009 and several older lists are scanned images that cannot be read, so this is not evidence the molecule is unapproved in India."", ""source_name"": ""CDSCO List of Approved New Drugs"", ""retrieved_utc"": ""2026-08-05T12:13:39+00:00""}",,,,,,,,,,,
tibolone,Tibolone,2026-08-04T08:32:59.613590+00:00,Women's Health,Oral tab,oral,chronic_ongoing,2.5 mg,"Livial, Tibofem","Organon, Torrent",Generics + optional adherence PSP,Affordable branded generics widely available; innovator brands may offer counselling/adherence support via the prescriber. Jan Aushadhi generics available for older molecules.,workbook_reference_unverified,False,False,Menopausal vasomotor symptoms; osteoporosis prevention,Menopause (tissue-selective),~2005,825,27.5,tab,True,Assumes once-daily dosing of one tab (30/month).,₹15–40 / tab,True,"[{""indication"": ""Menopausal vasomotor symptoms; osteoporosis prevention""}]",vms_frequency,VMS Frequency Reduction,%,,True,,,[],0.0,Standard of Care,,,,True,True,"[""Nausea"", ""Headache"", ""Fatigue""]","[""Muscle Pain"", ""Gastrointestinal discomfort""]","{""status"": ""unavailable"", ""missing_fields"": [""vms_frequency""], ""issues"": [{""field"": ""vms_frequency"", ""severity"": ""warning"", ""message"": ""Primary endpoint not in workbook — run analysis or enter manually.""}]}","{""addressable_population"": null, ""sources"": ""Not available — regional incidence not resolved""}","{""clinical"": ""Standard prescribing guides"", ""competitor"": ""Standard of Care baseline"", ""safety"": ""Clinical trial safety metadata"", ""drug_safety"": ""Product label"", ""clinical_tier"": ""tier_2"", ""competitor_tier"": ""tier_3"", ""safety_tier"": ""tier_2""}","{""global_approval"": {""agency"": ""FDA"", ""date"": ""~2005"", ""status"": ""approved""}, ""regional_status"": ""launched"", ""local_regulator"": ""CDSCO"", ""local_approval_date"": ""~2005"", ""availability_text"": ""Commercially Available (Audited)"", ""availability_color"": ""green"", ""notes"": """", ""is_available"": true}","{""IN"": 825, ""SG"": 13, ""AE"": 37}",True,"{""listed"": false, ""source_url"": ""https://nppa.gov.in/en/nlem2022"", ""retrieved_utc"": ""2026-08-04T14:32:40+00:00""}",False,2,"[{""text"": ""Menopausal vasomotor symptoms"", ""raw"": ""Menopausal vasomotor symptoms"", ""qualifier"": null, ""off_label"": false, ""registry_indication"": ""Vasomotor Symptoms"", ""category"": ""Women's Health"", ""mapped"": true}, {""text"": ""Osteoporosis prevention"", ""raw"": ""osteoporosis prevention"", ""qualifier"": null, ""off_label"": false, ""registry_indication"": ""Osteoporosis"", ""category"": ""Women's Health"", ""mapped"": true}]",2026-08-04T15:31:12+00:00,2,0,Women's Health,Menopausal vasomotor symptoms,Vasomotor Symptoms,[],"{""molecule"": ""Tibolone"", ""found"": false, ""approved_in_india"": null, ""first_approval_date"": null, ""india_indications"": [], ""note"": ""Not found in the CDSCO new-drug lists. The register is thin before about 2009 and several older lists are scanned images that cannot be read, so this is not evidence the molecule is unapproved in India."", ""source_name"": ""CDSCO List of Approved New Drugs"", ""retrieved_utc"": ""2026-08-05T12:13:39+00:00""}",,,,,,,,,,,
estradiol-dydrogesterone,Estradiol + Dydrogesterone,2026-08-04T08:32:59.613721+00:00,Women's Health,Oral tab,oral,chronic_ongoing,1 mg + 10 mg / 2+10,Femoston,Abbott,Generics + optional adherence PSP,Affordable branded generics widely available; innovator brands may offer counselling/adherence support via the prescriber. Jan Aushadhi generics available for older molecules.,workbook_reference_unverified,False,False,Menopausal HRT (with intact uterus),HRT combination,~2005,1125,37.5,tab,True,Assumes once-daily dosing of one tab (30/month).,₹25–50 / tab,False,"[{""indication"": ""Menopausal HRT (with intact uterus)""}]",vms_frequency,VMS Frequency Reduction,%,,True,,,[],0.0,Standard of Care,,,,True,True,"[""Nausea"", ""Headache"", ""Fatigue""]","[""Muscle Pain"", ""Gastrointestinal discomfort""]","{""status"": ""unavailable"", ""missing_fields"": [""vms_frequency""], ""issues"": [{""field"": ""vms_frequency"", ""severity"": ""warning"", ""message"": ""Primary endpoint not in workbook — run analysis or enter manually.""}]}","{""addressable_population"": null, ""sources"": ""Not available — regional incidence not resolved""}","{""clinical"": ""Standard prescribing guides"", ""competitor"": ""Standard of Care baseline"", ""safety"": ""Clinical trial safety metadata"", ""drug_safety"": ""Product label"", ""clinical_tier"": ""tier_2"", ""competitor_tier"": ""tier_3"", ""safety_tier"": ""tier_2""}","{""global_approval"": {""agency"": ""FDA"", ""date"": ""~2005"", ""status"": ""approved""}, ""regional_status"": ""launched"", ""local_regulator"": ""CDSCO"", ""local_approval_date"": ""~2005"", ""availability_text"": ""Commercially Available (Audited)"", ""availability_color"": ""green"", ""notes"": """", ""is_available"": true}","{""IN"": 1125, ""SG"": 18, ""AE"": 51}",True,"{""listed"": false, ""source_url"": ""https://nppa.gov.in/en/nlem2022"", ""retrieved_utc"": ""2026-08-04T14:32:40+00:00""}",False,1,"[{""text"": ""Menopausal HRT"", ""raw"": ""Menopausal HRT (with intact uterus)"", ""qualifier"": ""with intact uterus"", ""off_label"": false, ""registry_indication"": ""Vasomotor Symptoms"", ""category"": ""Women's Health"", ""mapped"": true}]",2026-08-04T15:31:12+00:00,1,0,Women's Health,Menopausal HRT,Vasomotor Symptoms,[],"{""molecule"": ""Estradiol + Dydrogesterone"", ""found"": false, ""approved_in_india"": null, ""first_approval_date"": null, ""india_indications"": [], ""note"": ""Not found in the CDSCO new-drug lists. The register is thin before about 2009 and several older lists are scanned images that cannot be read, so this is not evidence the molecule is unapproved in India."", ""source_name"": ""CDSCO List of Approved New Drugs"", ""retrieved_utc"": ""2026-08-05T12:13:39+00:00""}",,,,,,,,,,,
estriol-vaginal,Estriol (vaginal),2026-08-04T08:32:59.613861+00:00,Women's Health,Vaginal cream/pessary,oral,chronic_ongoing,0.5–1 mg/g,"Evalon, Estriol","Zydus, generics",Generics + optional adherence PSP,Affordable branded generics widely available; innovator brands may offer counselling/adherence support via the prescriber. Jan Aushadhi generics available for older molecules.,workbook_reference_unverified,False,False,Atrophic vaginitis; genitourinary syndrome of menopause,Vaginal estrogen,~2000,,185.0,tube,True,Priced per tube but dosing frequency is not stated — monthly cost cannot be derived. Enter the frequency to complete the model.,₹120–250 / tube,True,"[{""indication"": ""Atrophic vaginitis; genitourinary syndrome of menopause""}]",vms_frequency,VMS Frequency Reduction,%,,True,,,[],0.0,Standard of Care,,,,True,True,"[""Nausea"", ""Headache"", ""Fatigue""]","[""Muscle Pain"", ""Gastrointestinal discomfort""]","{""status"": ""unavailable"", ""missing_fields"": [""vms_frequency""], ""issues"": [{""field"": ""vms_frequency"", ""severity"": ""warning"", ""message"": ""Primary endpoint not in workbook — run analysis or enter manually.""}]}","{""addressable_population"": null, ""sources"": ""Not available — regional incidence not resolved""}","{""clinical"": ""Standard prescribing guides"", ""competitor"": ""Standard of Care baseline"", ""safety"": ""Clinical trial safety metadata"", ""drug_safety"": ""Product label"", ""clinical_tier"": ""tier_2"", ""competitor_tier"": ""tier_3"", ""safety_tier"": ""tier_2""}","{""global_approval"": {""agency"": ""FDA"", ""date"": ""~2000"", ""status"": ""approved""}, ""regional_status"": ""launched"", ""local_regulator"": ""CDSCO"", ""local_approval_date"": ""~2000"", ""availability_text"": ""Commercially Available (Audited)"", ""availability_color"": ""green"", ""notes"": """", ""is_available"": true}","{""IN"": null, ""SG"": null, ""AE"": null}",True,"{""listed"": false, ""source_url"": ""https://nppa.gov.in/en/nlem2022"", ""retrieved_utc"": ""2026-08-04T14:32:40+00:00""}",False,2,"[{""text"": ""Atrophic vaginitis"", ""raw"": ""Atrophic vaginitis"", ""qualifier"": null, ""off_label"": false, ""registry_indication"": ""Vasomotor Symptoms"", ""category"": ""Women's Health"", ""mapped"": true}, {""text"": ""Genitourinary syndrome of menopause"", ""raw"": ""genitourinary syndrome of menopause"", ""qualifier"": null, ""off_label"": false, ""registry_indication"": ""Vasomotor Symptoms"", ""category"": ""Women's Health"", ""mapped"": true}]",2026-08-04T15:31:12+00:00,2,0,Women's Health,Atrophic vaginitis,Vasomotor Symptoms,[],"{""molecule"": ""Estriol (vaginal)"", ""found"": false, ""approved_in_india"": null, ""first_approval_date"": null, ""india_indications"": [], ""note"": ""Not found in the CDSCO new-drug lists. The register is thin before about 2009 and several older lists are scanned images that cannot be read, so this is not evidence the molecule is unapproved in India."", ""source_name"": ""CDSCO List of Approved New Drugs"", ""retrieved_utc"": ""2026-08-05T12:13:39+00:00""}",,,,,,,,,,,
ormeloxifene-centchroman,Ormeloxifene (Centchroman),2026-08-04T08:32:59.614035+00:00,Women's Health,Oral tab,oral,chronic_ongoing,30/60 mg,"Saheli/Chhaya, Sevista","HLL/Govt, generics",Govt family-planning program (free),Free as 'Chhaya' (weekly non-hormonal contraceptive) under the National Family Planning Programme.,workbook_reference_unverified,False,False,Weekly non-hormonal contraceptive (Saheli); DUB & mastalgia (Sevista),"SERM (Indian, non-steroidal)",1990s (India),375,12.5,tab,True,Assumes once-daily dosing of one tab (30/month).,₹5–20 / tab,True,"[{""indication"": ""Weekly non-hormonal contraceptive (Saheli); DUB & mastalgia (Sevista)""}]",pearl_index,Pearl Index,per 100 woman-years,,True,,,[],0.0,Standard of Care,,,,True,True,"[""Nausea"", ""Headache"", ""Fatigue""]","[""Muscle Pain"", ""Gastrointestinal discomfort""]","{""status"": ""unavailable"", ""missing_fields"": [""pearl_index""], ""issues"": [{""field"": ""pearl_index"", ""severity"": ""warning"", ""message"": ""Primary endpoint not in workbook — run analysis or enter manually.""}]}","{""addressable_population"": null, ""sources"": ""Not available — regional incidence not resolved""}","{""clinical"": ""Standard prescribing guides"", ""competitor"": ""Standard of Care baseline"", ""safety"": ""Clinical trial safety metadata"", ""drug_safety"": ""Product label"", ""clinical_tier"": ""tier_2"", ""competitor_tier"": ""tier_3"", ""safety_tier"": ""tier_2""}","{""global_approval"": {""agency"": ""FDA"", ""date"": ""1990s (India)"", ""status"": ""approved""}, ""regional_status"": ""launched"", ""local_regulator"": ""CDSCO"", ""local_approval_date"": ""1990s (India)"", ""availability_text"": ""Commercially Available (Audited)"", ""availability_color"": ""green"", ""notes"": """", ""is_available"": true}","{""IN"": 375, ""SG"": 6, ""AE"": 17}",False,"{""listed"": true, ""section"": ""18.2.1.3"", ""care_levels"": [""Primary"", ""Secondary"", ""Tertiary""], ""matched_as"": ""Ormeloxifene (Centchroman)"", ""source_url"": ""https://nppa.gov.in/en/nlem2022"", ""retrieved_utc"": ""2026-08-04T14:32:40+00:00""}",True,2,"[{""text"": ""Weekly non-hormonal contraceptive"", ""raw"": ""Weekly non-hormonal contraceptive (Saheli)"", ""qualifier"": ""Saheli"", ""off_label"": false, ""registry_indication"": ""Contraception"", ""category"": ""Women's Health"", ""mapped"": true}, {""text"": ""DUB & mastalgia"", ""raw"": ""DUB & mastalgia (Sevista)"", ""qualifier"": ""Sevista"", ""off_label"": false, ""registry_indication"": null, ""category"": null, ""mapped"": false}]",2026-08-04T15:31:12+00:00,1,0,Women's Health,Weekly non-hormonal contraceptive,Contraception,"[""DUB & mastalgia""]","{""molecule"": ""Ormeloxifene (Centchroman)"", ""found"": false, ""approved_in_india"": null, ""first_approval_date"": null, ""india_indications"": [], ""note"": ""Not found in the CDSCO new-drug lists. The register is thin before about 2009 and several older lists are scanned images that cannot be read, so this is not evidence the molecule is unapproved in India."", ""source_name"": ""CDSCO List of Approved New Drugs"", ""retrieved_utc"": ""2026-08-05T12:13:39+00:00""}",,,,,,,,,,,
tranexamic-acid,Tranexamic acid,2026-08-04T08:32:59.614230+00:00,Women's Health,Oral tab / IV,oral,chronic_ongoing,250/500 mg,"Pause, Trapic, Texakind","Cipla, Sun, Mankind",Low-cost generic — Jan Aushadhi,Widely available as low-cost generics; Pradhan Mantri Bhartiya Janaushadhi (PMBJP) offers 50–90% cheaper generics. Manufacturer PSP not typically needed.,workbook_reference_unverified,False,False,Heavy menstrual bleeding (menorrhagia); hemorrhage; trauma; PPH,Antifibrinolytic,~2000,165,5.5,tab,True,Assumes once-daily dosing of one tab (30/month).,₹3–8 / tab,True,"[{""indication"": ""Heavy menstrual bleeding (menorrhagia); hemorrhage; trauma; PPH""}]",mbl_reduction,Menstrual Blood-Loss Reduction (alkaline-hematin),%,,True,,,[],0.0,Standard of Care,,,,True,True,"[""Nausea"", ""Headache"", ""Fatigue""]","[""Muscle Pain"", ""Gastrointestinal discomfort""]","{""status"": ""unavailable"", ""missing_fields"": [""mbl_reduction""], ""issues"": [{""field"": ""mbl_reduction"", ""severity"": ""warning"", ""message"": ""Primary endpoint not in workbook — run analysis or enter manually.""}]}","{""addressable_population"": null, ""sources"": ""Not available — regional incidence not resolved""}","{""clinical"": ""Standard prescribing guides"", ""competitor"": ""Standard of Care baseline"", ""safety"": ""Clinical trial safety metadata"", ""drug_safety"": ""Product label"", ""clinical_tier"": ""tier_2"", ""competitor_tier"": ""tier_3"", ""safety_tier"": ""tier_2""}","{""global_approval"": {""agency"": ""FDA"", ""date"": ""~2000"", ""status"": ""approved""}, ""regional_status"": ""launched"", ""local_regulator"": ""CDSCO"", ""local_approval_date"": ""~2000"", ""availability_text"": ""Commercially Available (Audited)"", ""availability_color"": ""green"", ""notes"": """", ""is_available"": true}","{""IN"": 165, ""SG"": 2, ""AE"": 7}",True,"{""listed"": true, ""section"": ""8.2.5"", ""care_levels"": [""Primary"", ""Secondary"", ""Tertiary""], ""matched_as"": ""Tranexamic acid"", ""source_url"": ""https://nppa.gov.in/en/nlem2022"", ""retrieved_utc"": ""2026-08-04T14:32:40+00:00""}",True,4,"[{""text"": ""Heavy menstrual bleeding"", ""raw"": ""Heavy menstrual bleeding (menorrhagia)"", ""qualifier"": ""menorrhagia"", ""off_label"": false, ""registry_indication"": ""Heavy Menstrual Bleeding (Menorrhagia)"", ""category"": ""Women's Health"", ""mapped"": true}, {""text"": ""Hemorrhage"", ""raw"": ""hemorrhage"", ""qualifier"": null, ""off_label"": false, ""registry_indication"": null, ""category"": null, ""mapped"": false}, {""text"": ""Trauma"", ""raw"": ""trauma"", ""qualifier"": null, ""off_label"": false, ""registry_indication"": null, ""category"": null, ""mapped"": false}, {""text"": ""PPH"", ""raw"": ""PPH"", ""qualifier"": null, ""off_label"": false, ""registry_indication"": ""Postpartum Haemorrhage (Prevention & Treatment)"", ""category"": ""Women's Health"", ""mapped"": true}]",2026-08-04T15:31:12+00:00,2,0,Women's Health,Heavy menstrual bleeding,Heavy Menstrual Bleeding (Menorrhagia),"[""Hemorrhage"", ""Trauma""]","{""molecule"": ""Tranexamic acid"", ""found"": true, ""approved_in_india"": true, ""first_approval_date"": ""2009-02-20"", ""approval_day_known"": true, ""single_molecule_rows"": 1, ""combination_rows"": 0, ""only_as_combination"": false, ""india_indications"": [""For the treatment of menorrhagia""], ""source_name"": ""CDSCO List of Approved New Drugs"", ""source_url"": ""https://cdsco.gov.in/opencms/resources/UploadCDSCOWeb/2018/UploadApprovalNewDrugs/2009.pdf"", ""source_list"": ""LIST OF NEW DRUGS APPROVED 2009"", ""retrieved_utc"": ""2026-08-05T12:13:39+00:00""}",,,,,,,,,,,
mefenamic-acid,Mefenamic acid,2026-08-04T08:32:59.614358+00:00,Women's Health,Oral tab,oral,chronic_ongoing,250/500 mg,"Meftal, Ponstan","Blue Cross, generics",Low-cost generic — Jan Aushadhi,Widely available as low-cost generics; Pradhan Mantri Bhartiya Janaushadhi (PMBJP) offers 50–90% cheaper generics. Manufacturer PSP not typically needed.,workbook_reference_unverified,False,False,Primary dysmenorrhea; menorrhagia,NSAID (gynae),1990s,120,4.0,tab,True,Assumes once-daily dosing of one tab (30/month).,₹2–6 / tab,True,"[{""indication"": ""Primary dysmenorrhea; menorrhagia""}]",mbl_reduction,Menstrual Blood-Loss Reduction (alkaline-hematin),%,,True,,,[],0.0,Standard of Care,,,,True,True,"[""Nausea"", ""Headache"", ""Fatigue""]","[""Muscle Pain"", ""Gastrointestinal discomfort""]","{""status"": ""unavailable"", ""missing_fields"": [""mbl_reduction""], ""issues"": [{""field"": ""mbl_reduction"", ""severity"": ""warning"", ""message"": ""Primary endpoint not in workbook — run analysis or enter manually.""}]}","{""addressable_population"": null, ""sources"": ""Not available — regional incidence not resolved""}","{""clinical"": ""Standard prescribing guides"", ""competitor"": ""Standard of Care baseline"", ""safety"": ""Clinical trial safety metadata"", ""drug_safety"": ""Product label"", ""clinical_tier"": ""tier_2"", ""competitor_tier"": ""tier_3"", ""safety_tier"": ""tier_2""}","{""global_approval"": {""agency"": ""FDA"", ""date"": ""1990s"", ""status"": ""approved""}, ""regional_status"": ""launched"", ""local_regulator"": ""CDSCO"", ""local_approval_date"": ""1990s"", ""availability_text"": ""Commercially Available (Audited)"", ""availability_color"": ""green"", ""notes"": """", ""is_available"": true}","{""IN"": 120, ""SG"": 2, ""AE"": 5}",True,"{""listed"": true, ""section"": ""2.1.4"", ""care_levels"": [""Primary"", ""Secondary"", ""Tertiary""], ""matched_as"": ""Mefenamic acid"", ""source_url"": ""https://nppa.gov.in/en/nlem2022"", ""retrieved_utc"": ""2026-08-04T14:32:40+00:00""}",True,2,"[{""text"": ""Primary dysmenorrhea"", ""raw"": ""Primary dysmenorrhea"", ""qualifier"": null, ""off_label"": false, ""registry_indication"": null, ""category"": null, ""mapped"": false}, {""text"": ""Menorrhagia"", ""raw"": ""menorrhagia"", ""qualifier"": null, ""off_label"": false, ""registry_indication"": ""Heavy Menstrual Bleeding (Menorrhagia)"", ""category"": ""Women's Health"", ""mapped"": true}]",2026-08-04T15:31:12+00:00,1,0,Women's Health,Menorrhagia,Heavy Menstrual Bleeding (Menorrhagia),"[""Primary dysmenorrhea""]","{""molecule"": ""Mefenamic acid"", ""found"": false, ""approved_in_india"": null, ""first_approval_date"": null, ""india_indications"": [], ""note"": ""Not found in the CDSCO new-drug lists. The register is thin before about 2009 and several older lists are scanned images that cannot be read, so this is not evidence the molecule is unapproved in India."", ""source_name"": ""CDSCO List of Approved New Drugs"", ""retrieved_utc"": ""2026-08-05T12:13:39+00:00""}",,,,,,,,,,,
ethamsylate,Ethamsylate,2026-08-04T08:32:59.614486+00:00,Women's Health,Oral tab / IV,oral,chronic_ongoing,250/500 mg,"Sylate, Dicynene",Various,Low-cost generic — Jan Aushadhi,Widely available as low-cost generics; Pradhan Mantri Bhartiya Janaushadhi (PMBJP) offers 50–90% cheaper generics. Manufacturer PSP not typically needed.,workbook_reference_unverified,False,False,Menorrhagia; capillary bleeding,Hemostatic,~2000,165,5.5,tab,True,Assumes once-daily dosing of one tab (30/month).,₹3–8 / tab,True,"[{""indication"": ""Menorrhagia; capillary bleeding""}]",mbl_reduction,Menstrual Blood-Loss Reduction (alkaline-hematin),%,,True,,,[],0.0,Standard of Care,,,,True,True,"[""Nausea"", ""Headache"", ""Fatigue""]","[""Muscle Pain"", ""Gastrointestinal discomfort""]","{""status"": ""unavailable"", ""missing_fields"": [""mbl_reduction""], ""issues"": [{""field"": ""mbl_reduction"", ""severity"": ""warning"", ""message"": ""Primary endpoint not in workbook — run analysis or enter manually.""}]}","{""addressable_population"": null, ""sources"": ""Not available — regional incidence not resolved""}","{""clinical"": ""Standard prescribing guides"", ""competitor"": ""Standard of Care baseline"", ""safety"": ""Clinical trial safety metadata"", ""drug_safety"": ""Product label"", ""clinical_tier"": ""tier_2"", ""competitor_tier"": ""tier_3"", ""safety_tier"": ""tier_2""}","{""global_approval"": {""agency"": ""FDA"", ""date"": ""~2000"", ""status"": ""approved""}, ""regional_status"": ""launched"", ""local_regulator"": ""CDSCO"", ""local_approval_date"": ""~2000"", ""availability_text"": ""Commercially Available (Audited)"", ""availability_color"": ""green"", ""notes"": """", ""is_available"": true}","{""IN"": 165, ""SG"": 2, ""AE"": 7}",True,"{""listed"": false, ""source_url"": ""https://nppa.gov.in/en/nlem2022"", ""retrieved_utc"": ""2026-08-04T14:32:40+00:00""}",False,2,"[{""text"": ""Menorrhagia"", ""raw"": ""Menorrhagia"", ""qualifier"": null, ""off_label"": false, ""registry_indication"": ""Heavy Menstrual Bleeding (Menorrhagia)"", ""category"": ""Women's Health"", ""mapped"": true}, {""text"": ""Capillary bleeding"", ""raw"": ""capillary bleeding"", ""qualifier"": null, ""off_label"": false, ""registry_indication"": null, ""category"": null, ""mapped"": false}]",2026-08-04T15:31:12+00:00,1,0,Women's Health,Menorrhagia,Heavy Menstrual Bleeding (Menorrhagia),"[""Capillary bleeding""]","{""molecule"": ""Ethamsylate"", ""found"": false, ""approved_in_india"": null, ""first_approval_date"": null, ""india_indications"": [], ""note"": ""Not found in the CDSCO new-drug lists. The register is thin before about 2009 and several older lists are scanned images that cannot be read, so this is not evidence the molecule is unapproved in India."", ""source_name"": ""CDSCO List of Approved New Drugs"", ""retrieved_utc"": ""2026-08-05T12:13:39+00:00""}",,,,,,,,,,,
oxytocin,Oxytocin,2026-08-04T08:32:59.614628+00:00,Women's Health,IV/IM injection,iv_infusion,acute_single_dose,5/10 IU/mL,"Syntocinon, Pitocin","Novartis, generics",Low-cost generic — Jan Aushadhi,Widely available as low-cost generics; Pradhan Mantri Bhartiya Janaushadhi (PMBJP) offers 50–90% cheaper generics. Manufacturer PSP not typically needed.,workbook_reference_unverified,False,False,Induction/augmentation of labor; prevention & treatment of PPH,Uterotonic,1980s,,16.5,ampoule,True,Priced per ampoule but dosing frequency is not stated — monthly cost cannot be derived. Enter the frequency to complete the model.,₹8–25 / ampoule,True,"[{""indication"": ""Induction/augmentation of labor; prevention & treatment of PPH""}]",vaginal_delivery_24h,Vaginal Delivery within 24 h,%,,True,,,[],0.0,Standard of Care,,,,True,True,"[""Nausea"", ""Headache"", ""Fatigue""]","[""Muscle Pain"", ""Gastrointestinal discomfort""]","{""status"": ""unavailable"", ""missing_fields"": [""vaginal_delivery_24h""], ""issues"": [{""field"": ""vaginal_delivery_24h"", ""severity"": ""warning"", ""message"": ""Primary endpoint not in workbook — run analysis or enter manually.""}]}","{""addressable_population"": null, ""sources"": ""Not available — regional incidence not resolved""}","{""clinical"": ""Standard prescribing guides"", ""competitor"": ""Standard of Care baseline"", ""safety"": ""Clinical trial safety metadata"", ""drug_safety"": ""Product label"", ""clinical_tier"": ""tier_2"", ""competitor_tier"": ""tier_3"", ""safety_tier"": ""tier_2""}","{""global_approval"": {""agency"": ""FDA"", ""date"": ""1980s"", ""status"": ""approved""}, ""regional_status"": ""launched"", ""local_regulator"": ""CDSCO"", ""local_approval_date"": ""1980s"", ""availability_text"": ""Commercially Available (Audited)"", ""availability_color"": ""green"", ""notes"": """", ""is_available"": true}","{""IN"": null, ""SG"": null, ""AE"": null}",True,"{""listed"": false, ""source_url"": ""https://nppa.gov.in/en/nlem2022"", ""retrieved_utc"": ""2026-08-04T14:32:40+00:00""}",False,2,"[{""text"": ""Induction/augmentation of labor"", ""raw"": ""Induction/augmentation of labor"", ""qualifier"": null, ""off_label"": false, ""registry_indication"": ""Labour Induction & Cervical Ripening"", ""category"": ""Women's Health"", ""mapped"": true}, {""text"": ""Prevention & treatment of PPH"", ""raw"": ""prevention & treatment of PPH"", ""qualifier"": null, ""off_label"": false, ""registry_indication"": ""Postpartum Haemorrhage (Prevention & Treatment)"", ""category"": ""Women's Health"", ""mapped"": true}]",2026-08-04T15:31:12+00:00,2,0,Women's Health,Induction/augmentation of labor,Labour Induction & Cervical Ripening,[],"{""molecule"": ""Oxytocin"", ""found"": false, ""approved_in_india"": null, ""first_approval_date"": null, ""india_indications"": [], ""note"": ""Not found in the CDSCO new-drug lists. The register is thin before about 2009 and several older lists are scanned images that cannot be read, so this is not evidence the molecule is unapproved in India."", ""source_name"": ""CDSCO List of Approved New Drugs"", ""retrieved_utc"": ""2026-08-05T12:13:39+00:00""}",,,,,,,,,,,
methylergometrine,Methylergometrine,2026-08-04T08:32:59.614766+00:00,Women's Health,IM/IV/oral,iv_bolus,acute_single_dose,0.2 mg,"Methergine, Methergin","Novartis, generics",Low-cost generic — Jan Aushadhi,Widely available as low-cost generics; Pradhan Mantri Bhartiya Janaushadhi (PMBJP) offers 50–90% cheaper generics. Manufacturer PSP not typically needed.,workbook_reference_unverified,False,False,PPH; uterine atony; promotion of uterine involution,Uterotonic (ergot),1980s,,10.0,ampoule,True,Priced per ampoule but dosing frequency is not stated — monthly cost cannot be derived. Enter the frequency to complete the model.,₹5–15 / ampoule,True,"[{""indication"": ""PPH; uterine atony; promotion of uterine involution""}]",pph_reduction,PPH Incidence Reduction (blood loss ≥500 mL),%,,True,,,[],0.0,Standard of Care,,,,True,True,"[""Nausea"", ""Headache"", ""Fatigue""]","[""Muscle Pain"", ""Gastrointestinal discomfort""]","{""status"": ""unavailable"", ""missing_fields"": [""pph_reduction""], ""issues"": [{""field"": ""pph_reduction"", ""severity"": ""warning"", ""message"": ""Primary endpoint not in workbook — run analysis or enter manually.""}]}","{""addressable_population"": null, ""sources"": ""Not available — regional incidence not resolved""}","{""clinical"": ""Standard prescribing guides"", ""competitor"": ""Standard of Care baseline"", ""safety"": ""Clinical trial safety metadata"", ""drug_safety"": ""Product label"", ""clinical_tier"": ""tier_2"", ""competitor_tier"": ""tier_3"", ""safety_tier"": ""tier_2""}","{""global_approval"": {""agency"": ""FDA"", ""date"": ""1980s"", ""status"": ""approved""}, ""regional_status"": ""launched"", ""local_regulator"": ""CDSCO"", ""local_approval_date"": ""1980s"", ""availability_text"": ""Commercially Available (Audited)"", ""availability_color"": ""green"", ""notes"": """", ""is_available"": true}","{""IN"": null, ""SG"": null, ""AE"": null}",True,"{""listed"": false, ""source_url"": ""https://nppa.gov.in/en/nlem2022"", ""retrieved_utc"": ""2026-08-04T14:32:40+00:00""}",False,3,"[{""text"": ""PPH"", ""raw"": ""PPH"", ""qualifier"": null, ""off_label"": false, ""registry_indication"": ""Postpartum Haemorrhage (Prevention & Treatment)"", ""category"": ""Women's Health"", ""mapped"": true}, {""text"": ""Uterine atony"", ""raw"": ""uterine atony"", ""qualifier"": null, ""off_label"": false, ""registry_indication"": ""Postpartum Haemorrhage (Prevention & Treatment)"", ""category"": ""Women's Health"", ""mapped"": true}, {""text"": ""Promotion of uterine involution"", ""raw"": ""promotion of uterine involution"", ""qualifier"": null, ""off_label"": false, ""registry_indication"": ""Postpartum Haemorrhage (Prevention & Treatment)"", ""category"": ""Women's Health"", ""mapped"": true}]",2026-08-04T15:31:12+00:00,3,0,Women's Health,PPH,Postpartum Haemorrhage (Prevention & Treatment),[],"{""molecule"": ""Methylergometrine"", ""found"": false, ""approved_in_india"": null, ""first_approval_date"": null, ""india_indications"": [], ""note"": ""Not found in the CDSCO new-drug lists. The register is thin before about 2009 and several older lists are scanned images that cannot be read, so this is not evidence the molecule is unapproved in India."", ""source_name"": ""CDSCO List of Approved New Drugs"", ""retrieved_utc"": ""2026-08-05T12:13:39+00:00""}",,,,,,,,,,,
carboprost-15-methyl-pgf2,Carboprost (15-methyl PGF2α),2026-08-04T08:32:59.614901+00:00,Women's Health,IM injection,iv_bolus,acute_single_dose,250 mcg,"Prostodin, Carboprost","Neon, generics",Generics + optional adherence PSP,Affordable branded generics widely available; innovator brands may offer counselling/adherence support via the prescriber. Jan Aushadhi generics available for older molecules.,workbook_reference_unverified,False,False,Refractory PPH; second-trimester abortion,Uterotonic (prostaglandin),~1995,,250.0,ampoule,True,Priced per ampoule but dosing frequency is not stated — monthly cost cannot be derived. Enter the frequency to complete the model.,₹150–350 / ampoule,True,"[{""indication"": ""Refractory PPH; second-trimester abortion""}]",pph_reduction,PPH Incidence Reduction (blood loss ≥500 mL),%,,True,,,[],0.0,Standard of Care,,,,True,True,"[""Nausea"", ""Headache"", ""Fatigue""]","[""Muscle Pain"", ""Gastrointestinal discomfort""]","{""status"": ""unavailable"", ""missing_fields"": [""pph_reduction""], ""issues"": [{""field"": ""pph_reduction"", ""severity"": ""warning"", ""message"": ""Primary endpoint not in workbook — run analysis or enter manually.""}]}","{""addressable_population"": null, ""sources"": ""Not available — regional incidence not resolved""}","{""clinical"": ""Standard prescribing guides"", ""competitor"": ""Standard of Care baseline"", ""safety"": ""Clinical trial safety metadata"", ""drug_safety"": ""Product label"", ""clinical_tier"": ""tier_2"", ""competitor_tier"": ""tier_3"", ""safety_tier"": ""tier_2""}","{""global_approval"": {""agency"": ""FDA"", ""date"": ""~1995"", ""status"": ""approved""}, ""regional_status"": ""launched"", ""local_regulator"": ""CDSCO"", ""local_approval_date"": ""~1995"", ""availability_text"": ""Commercially Available (Audited)"", ""availability_color"": ""green"", ""notes"": """", ""is_available"": true}","{""IN"": null, ""SG"": null, ""AE"": null}",True,"{""listed"": false, ""source_url"": ""https://nppa.gov.in/en/nlem2022"", ""retrieved_utc"": ""2026-08-04T14:32:40+00:00""}",False,2,"[{""text"": ""Refractory PPH"", ""raw"": ""Refractory PPH"", ""qualifier"": null, ""off_label"": false, ""registry_indication"": ""Postpartum Haemorrhage (Prevention & Treatment)"", ""category"": ""Women's Health"", ""mapped"": true}, {""text"": ""Second-trimester abortion"", ""raw"": ""second-trimester abortion"", ""qualifier"": null, ""off_label"": false, ""registry_indication"": ""Medical Termination of Pregnancy"", ""category"": ""Women's Health"", ""mapped"": true}]",2026-08-04T15:31:12+00:00,2,0,Women's Health,Refractory PPH,Postpartum Haemorrhage (Prevention & Treatment),[],"{""molecule"": ""Carboprost (15-methyl PGF2α)"", ""found"": false, ""approved_in_india"": null, ""first_approval_date"": null, ""india_indications"": [], ""note"": ""Not found in the CDSCO new-drug lists. The register is thin before about 2009 and several older lists are scanned images that cannot be read, so this is not evidence the molecule is unapproved in India."", ""source_name"": ""CDSCO List of Approved New Drugs"", ""retrieved_utc"": ""2026-08-05T12:13:39+00:00""}",,,,,,,,,,,
misoprostol,Misoprostol,2026-08-04T08:32:59.615050+00:00,Women's Health,Oral/vaginal/sublingual tab,iv_infusion,acute_single_dose,100/200 mcg,"Misoprost, Cytolog, MTP Kit","Cipla, generics",Generics + optional adherence PSP,Affordable branded generics widely available; innovator brands may offer counselling/adherence support via the prescriber. Jan Aushadhi generics available for older molecules.,workbook_reference_unverified,False,False,Medical abortion (with mifepristone); PPH; cervical ripening; induction; incomplete abortion,Prostaglandin E1,~2000,600,20.0,tab,True,Assumes once-daily dosing of one tab (30/month).,₹10–30 / tab,True,"[{""indication"": ""Medical abortion (with mifepristone); PPH; cervical ripening; induction; incomplete abortion""}]",vaginal_delivery_24h,Vaginal Delivery within 24 h,%,,True,,,[],0.0,Standard of Care,,,,True,True,"[""Nausea"", ""Headache"", ""Fatigue""]","[""Muscle Pain"", ""Gastrointestinal discomfort""]","{""status"": ""unavailable"", ""missing_fields"": [""vaginal_delivery_24h""], ""issues"": [{""field"": ""vaginal_delivery_24h"", ""severity"": ""warning"", ""message"": ""Primary endpoint not in workbook — run analysis or enter manually.""}]}","{""addressable_population"": null, ""sources"": ""Not available — regional incidence not resolved""}","{""clinical"": ""Standard prescribing guides"", ""competitor"": ""Standard of Care baseline"", ""safety"": ""Clinical trial safety metadata"", ""drug_safety"": ""Product label"", ""clinical_tier"": ""tier_2"", ""competitor_tier"": ""tier_3"", ""safety_tier"": ""tier_2""}","{""global_approval"": {""agency"": ""FDA"", ""date"": ""~2000"", ""status"": ""approved""}, ""regional_status"": ""launched"", ""local_regulator"": ""CDSCO"", ""local_approval_date"": ""~2000"", ""availability_text"": ""Commercially Available (Audited)"", ""availability_color"": ""green"", ""notes"": """", ""is_available"": true}","{""IN"": 600, ""SG"": 10, ""AE"": 27}",True,"{""listed"": false, ""source_url"": ""https://nppa.gov.in/en/nlem2022"", ""retrieved_utc"": ""2026-08-04T14:32:40+00:00""}",False,5,"[{""text"": ""Medical abortion"", ""raw"": ""Medical abortion (with mifepristone)"", ""qualifier"": ""with mifepristone"", ""off_label"": false, ""registry_indication"": ""Medical Termination of Pregnancy"", ""category"": ""Women's Health"", ""mapped"": true}, {""text"": ""PPH"", ""raw"": ""PPH"", ""qualifier"": null, ""off_label"": false, ""registry_indication"": ""Postpartum Haemorrhage (Prevention & Treatment)"", ""category"": ""Women's Health"", ""mapped"": true}, {""text"": ""Cervical ripening"", ""raw"": ""cervical ripening"", ""qualifier"": null, ""off_label"": false, ""registry_indication"": ""Labour Induction & Cervical Ripening"", ""category"": ""Women's Health"", ""mapped"": true}, {""text"": ""Induction"", ""raw"": ""induction"", ""qualifier"": null, ""off_label"": false, ""registry_indication"": null, ""category"": null, ""mapped"": false}, {""text"": ""Incomplete abortion"", ""raw"": ""incomplete abortion"", ""qualifier"": null, ""off_label"": false, ""registry_indication"": ""Medical Termination of Pregnancy"", ""category"": ""Women's Health"", ""mapped"": true}]",2026-08-04T15:31:12+00:00,4,0,Women's Health,Medical abortion,Medical Termination of Pregnancy,"[""Induction""]","{""molecule"": ""Misoprostol"", ""found"": true, ""approved_in_india"": true, ""first_approval_date"": ""2009-01-09"", ""approval_day_known"": true, ""single_molecule_rows"": 1, ""combination_rows"": 0, ""only_as_combination"": false, ""india_indications"": [], ""source_name"": ""CDSCO List of Approved New Drugs"", ""source_url"": ""https://cdsco.gov.in/opencms/resources/UploadCDSCOWeb/2018/UploadApprovalNewDrugs/2009.pdf"", ""source_list"": ""LIST OF NEW DRUGS APPROVED 2009"", ""retrieved_utc"": ""2026-08-05T12:13:39+00:00""}",,,,,,,,,,,
mifepristone,Mifepristone,2026-08-04T08:32:59.615194+00:00,Women's Health,Oral tab,oral,acute_single_dose,200 mg,"Mifegest, MT-Pill; MTP Kit (with misoprostol)","Zydus, Mankind",Generics + optional adherence PSP,Affordable branded generics widely available; innovator brands may offer counselling/adherence support via the prescriber. Jan Aushadhi generics available for older molecules.,workbook_reference_unverified,False,False,Medical termination of pregnancy (≤9 wk); cervical priming,Antiprogestin,~2002,8250,275.0,tab,True,Assumes once-daily dosing of one tab (30/month).,₹150–400 / tab,True,"[{""indication"": ""Medical termination of pregnancy (≤9 wk); cervical priming""}]",complete_abortion,Complete Abortion Rate,%,,True,,,[],0.0,Standard of Care,,,,True,True,"[""Nausea"", ""Headache"", ""Fatigue""]","[""Muscle Pain"", ""Gastrointestinal discomfort""]","{""status"": ""unavailable"", ""missing_fields"": [""complete_abortion""], ""issues"": [{""field"": ""complete_abortion"", ""severity"": ""warning"", ""message"": ""Primary endpoint not in workbook — run analysis or enter manually.""}]}","{""addressable_population"": null, ""sources"": ""Not available — regional incidence not resolved""}","{""clinical"": ""Standard prescribing guides"", ""competitor"": ""Standard of Care baseline"", ""safety"": ""Clinical trial safety metadata"", ""drug_safety"": ""Product label"", ""clinical_tier"": ""tier_2"", ""competitor_tier"": ""tier_3"", ""safety_tier"": ""tier_2""}","{""global_approval"": {""agency"": ""FDA"", ""date"": ""~2002"", ""status"": ""approved""}, ""regional_status"": ""launched"", ""local_regulator"": ""CDSCO"", ""local_approval_date"": ""~2002"", ""availability_text"": ""Commercially Available (Audited)"", ""availability_color"": ""green"", ""notes"": """", ""is_available"": true}","{""IN"": 8250, ""SG"": 137, ""AE"": 375}",True,"{""listed"": true, ""section"": ""22.1.3"", ""care_levels"": [""Primary"", ""Secondary"", ""Tertiary""], ""matched_as"": ""Mifepristone"", ""source_url"": ""https://nppa.gov.in/en/nlem2022"", ""retrieved_utc"": ""2026-08-04T14:32:40+00:00""}",True,2,"[{""text"": ""Medical termination of pregnancy"", ""raw"": ""Medical termination of pregnancy (≤9 wk)"", ""qualifier"": ""≤9 wk"", ""off_label"": false, ""registry_indication"": ""Medical Termination of Pregnancy"", ""category"": ""Women's Health"", ""mapped"": true}, {""text"": ""Cervical priming"", ""raw"": ""cervical priming"", ""qualifier"": null, ""off_label"": false, ""registry_indication"": ""Labour Induction & Cervical Ripening"", ""category"": ""Women's Health"", ""mapped"": true}]",2026-08-04T15:31:12+00:00,2,0,Women's Health,Medical termination of pregnancy,Medical Termination of Pregnancy,[],"{""molecule"": ""Mifepristone"", ""found"": false, ""approved_in_india"": null, ""first_approval_date"": null, ""india_indications"": [], ""note"": ""Not found in the CDSCO new-drug lists. The register is thin before about 2009 and several older lists are scanned images that cannot be read, so this is not evidence the molecule is unapproved in India."", ""source_name"": ""CDSCO List of Approved New Drugs"", ""retrieved_utc"": ""2026-08-05T12:13:39+00:00""}",,,,,,,,,,,
dinoprostone,Dinoprostone,2026-08-04T08:32:59.615329+00:00,Women's Health,Vaginal gel/insert,iv_infusion,acute_single_dose,0.5 mg gel,"Cerviprime, Prepidil",Astellas/generics,Manufacturer education/adherence PSP (if enrolled),"Innovator may offer counselling/adherence support via the prescriber; specialty-pharmacy financing (MrMed, Tata 1mg) can assist. Confirm current program.",workbook_reference_unverified,False,False,Cervical ripening & induction of labor,Prostaglandin E2,~2000,,450.0,gel,True,Priced per gel but dosing frequency is not stated — monthly cost cannot be derived. Enter the frequency to complete the model.,₹300–600 / gel,False,"[{""indication"": ""Cervical ripening & induction of labor""}]",vaginal_delivery_24h,Vaginal Delivery within 24 h,%,,True,,,[],0.0,Standard of Care,,,,True,True,"[""Nausea"", ""Headache"", ""Fatigue""]","[""Muscle Pain"", ""Gastrointestinal discomfort""]","{""status"": ""unavailable"", ""missing_fields"": [""vaginal_delivery_24h""], ""issues"": [{""field"": ""vaginal_delivery_24h"", ""severity"": ""warning"", ""message"": ""Primary endpoint not in workbook — run analysis or enter manually.""}]}","{""addressable_population"": null, ""sources"": ""Not available — regional incidence not resolved""}","{""clinical"": ""Standard prescribing guides"", ""competitor"": ""Standard of Care baseline"", ""safety"": ""Clinical trial safety metadata"", ""drug_safety"": ""Product label"", ""clinical_tier"": ""tier_2"", ""competitor_tier"": ""tier_3"", ""safety_tier"": ""tier_2""}","{""global_approval"": {""agency"": ""FDA"", ""date"": ""~2000"", ""status"": ""approved""}, ""regional_status"": ""launched"", ""local_regulator"": ""CDSCO"", ""local_approval_date"": ""~2000"", ""availability_text"": ""Commercially Available (Audited)"", ""availability_color"": ""green"", ""notes"": """", ""is_available"": true}","{""IN"": null, ""SG"": null, ""AE"": null}",True,"{""listed"": false, ""source_url"": ""https://nppa.gov.in/en/nlem2022"", ""retrieved_utc"": ""2026-08-04T14:32:40+00:00""}",False,1,"[{""text"": ""Cervical ripening & induction of labor"", ""raw"": ""Cervical ripening & induction of labor"", ""qualifier"": null, ""off_label"": false, ""registry_indication"": ""Labour Induction & Cervical Ripening"", ""category"": ""Women's Health"", ""mapped"": true}]",2026-08-04T15:31:12+00:00,1,0,Women's Health,Cervical ripening & induction of labor,Labour Induction & Cervical Ripening,[],"{""molecule"": ""Dinoprostone"", ""found"": false, ""approved_in_india"": null, ""first_approval_date"": null, ""india_indications"": [], ""note"": ""Not found in the CDSCO new-drug lists. The register is thin before about 2009 and several older lists are scanned images that cannot be read, so this is not evidence the molecule is unapproved in India."", ""source_name"": ""CDSCO List of Approved New Drugs"", ""retrieved_utc"": ""2026-08-05T12:13:39+00:00""}",,,,,,,,,,,
isoxsuprine,Isoxsuprine,2026-08-04T08:32:59.615459+00:00,Women's Health,Oral/IM,iv_infusion,fixed_course,10/40 mg,Duvadilan,Abbott,Low-cost generic — Jan Aushadhi,Widely available as low-cost generics; Pradhan Mantri Bhartiya Janaushadhi (PMBJP) offers 50–90% cheaper generics. Manufacturer PSP not typically needed.,workbook_reference_unverified,False,False,Threatened preterm labor (beta-agonist),Tocolytic,1990s,300,10.0,tab,True,Assumes once-daily dosing of one tab (30/month).,₹5–15 / tab,False,"[{""indication"": ""Threatened preterm labor (beta-agonist)""}]",delay_48h,Birth Delayed ≥48 h,%,,True,,,[],0.0,Standard of Care,,,,True,True,"[""Nausea"", ""Headache"", ""Fatigue""]","[""Muscle Pain"", ""Gastrointestinal discomfort""]","{""status"": ""unavailable"", ""missing_fields"": [""delay_48h""], ""issues"": [{""field"": ""delay_48h"", ""severity"": ""warning"", ""message"": ""Primary endpoint not in workbook — run analysis or enter manually.""}]}","{""addressable_population"": null, ""sources"": ""Not available — regional incidence not resolved""}","{""clinical"": ""Standard prescribing guides"", ""competitor"": ""Standard of Care baseline"", ""safety"": ""Clinical trial safety metadata"", ""drug_safety"": ""Product label"", ""clinical_tier"": ""tier_2"", ""competitor_tier"": ""tier_3"", ""safety_tier"": ""tier_2""}","{""global_approval"": {""agency"": ""FDA"", ""date"": ""1990s"", ""status"": ""approved""}, ""regional_status"": ""launched"", ""local_regulator"": ""CDSCO"", ""local_approval_date"": ""1990s"", ""availability_text"": ""Commercially Available (Audited)"", ""availability_color"": ""green"", ""notes"": """", ""is_available"": true}","{""IN"": 300, ""SG"": 5, ""AE"": 13}",True,"{""listed"": false, ""source_url"": ""https://nppa.gov.in/en/nlem2022"", ""retrieved_utc"": ""2026-08-04T14:32:40+00:00""}",False,1,"[{""text"": ""Threatened preterm labor"", ""raw"": ""Threatened preterm labor (beta-agonist)"", ""qualifier"": ""beta-agonist"", ""off_label"": false, ""registry_indication"": ""Preterm Labour (Tocolysis)"", ""category"": ""Women's Health"", ""mapped"": true}]",2026-08-04T15:31:12+00:00,1,0,Women's Health,Threatened preterm labor,Preterm Labour (Tocolysis),[],"{""molecule"": ""Isoxsuprine"", ""found"": false, ""approved_in_india"": null, ""first_approval_date"": null, ""india_indications"": [], ""note"": ""Not found in the CDSCO new-drug lists. The register is thin before about 2009 and several older lists are scanned images that cannot be read, so this is not evidence the molecule is unapproved in India."", ""source_name"": ""CDSCO List of Approved New Drugs"", ""retrieved_utc"": ""2026-08-05T12:13:39+00:00""}",,,,,,,,,,,
atosiban,Atosiban,2026-08-04T08:32:59.615578+00:00,Women's Health,IV infusion,iv_infusion,fixed_course,6.75 mg bolus + infusion,Tractocile,Ferring,Hospital procurement,High-cost tocolytic used in-hospital; no routine outpatient PSP.,workbook_reference_unverified,False,False,Suppression of preterm labor,Tocolytic (oxytocin antagonist),~2010,11500,11500.0,course,True,Assumes once-daily dosing of one course (30/month).,"₹8,000–15,000 / course",False,"[{""indication"": ""Suppression of preterm labor""}]",delay_48h,Birth Delayed ≥48 h,%,,True,,,[],0.0,Standard of Care,,,,True,True,"[""Nausea"", ""Headache"", ""Fatigue""]","[""Muscle Pain"", ""Gastrointestinal discomfort""]","{""status"": ""unavailable"", ""missing_fields"": [""delay_48h""], ""issues"": [{""field"": ""delay_48h"", ""severity"": ""warning"", ""message"": ""Primary endpoint not in workbook — run analysis or enter manually.""}]}","{""addressable_population"": null, ""sources"": ""Not available — regional incidence not resolved""}","{""clinical"": ""Standard prescribing guides"", ""competitor"": ""Standard of Care baseline"", ""safety"": ""Clinical trial safety metadata"", ""drug_safety"": ""Product label"", ""clinical_tier"": ""tier_2"", ""competitor_tier"": ""tier_3"", ""safety_tier"": ""tier_2""}","{""global_approval"": {""agency"": ""FDA"", ""date"": ""~2010"", ""status"": ""approved""}, ""regional_status"": ""launched"", ""local_regulator"": ""CDSCO"", ""local_approval_date"": ""~2010"", ""availability_text"": ""Commercially Available (Audited)"", ""availability_color"": ""green"", ""notes"": """", ""is_available"": true}","{""IN"": 11500, ""SG"": 191, ""AE"": 522}",False,"{""listed"": false, ""source_url"": ""https://nppa.gov.in/en/nlem2022"", ""retrieved_utc"": ""2026-08-04T14:32:40+00:00""}",False,1,"[{""text"": ""Suppression of preterm labor"", ""raw"": ""Suppression of preterm labor"", ""qualifier"": null, ""off_label"": false, ""registry_indication"": ""Preterm Labour (Tocolysis)"", ""category"": ""Women's Health"", ""mapped"": true}]",2026-08-04T15:31:12+00:00,1,0,Women's Health,Suppression of preterm labor,Preterm Labour (Tocolysis),[],"{""molecule"": ""Atosiban"", ""found"": true, ""approved_in_india"": true, ""first_approval_date"": ""2015-09-16"", ""approval_day_known"": true, ""single_molecule_rows"": 0, ""combination_rows"": 1, ""only_as_combination"": true, ""india_indications"": [], ""source_name"": ""CDSCO List of Approved New Drugs"", ""source_url"": ""https://cdsco.gov.in/opencms/resources/UploadCDSCOWeb/2018/UploadApprovalNewDrugs/4_LIST%20OF%20APPROVED%20DRUG%20FROM%2001-01-2015.pdf"", ""source_list"": ""LIST OF APPROVED DRUG FROM 01-01-2015 to 31-01-2015"", ""retrieved_utc"": ""2026-08-05T12:13:39+00:00""}",,,,,,,,,,,
magnesium-sulfate,Magnesium sulfate,2026-08-04T08:32:59.615710+00:00,Women's Health,IV/IM,iv_infusion,acute_single_dose,50% (0.5 g/mL),MgSO4,Various,Generics + optional adherence PSP,Affordable branded generics widely available; innovator brands may offer counselling/adherence support via the prescriber. Jan Aushadhi generics available for older molecules.,workbook_reference_unverified,False,False,Eclampsia/severe pre-eclampsia seizure prophylaxis; fetal neuroprotection; tocolysis,Tocolytic / anticonvulsant,—,,40.0,ampoule,True,Priced per ampoule but dosing frequency is not stated — monthly cost cannot be derived. Enter the frequency to complete the model.,₹20–60 / ampoule,True,"[{""indication"": ""Eclampsia/severe pre-eclampsia seizure prophylaxis; fetal neuroprotection; tocolysis""}]",eclampsia_hr,Eclamptic Seizure Risk Reduction,HR,,True,,,[],0.0,Standard of Care,,,,True,True,"[""Nausea"", ""Headache"", ""Fatigue""]","[""Muscle Pain"", ""Gastrointestinal discomfort""]","{""status"": ""unavailable"", ""missing_fields"": [""eclampsia_hr""], ""issues"": [{""field"": ""eclampsia_hr"", ""severity"": ""warning"", ""message"": ""Primary endpoint not in workbook — run analysis or enter manually.""}]}","{""addressable_population"": null, ""sources"": ""Not available — regional incidence not resolved""}","{""clinical"": ""Standard prescribing guides"", ""competitor"": ""Standard of Care baseline"", ""safety"": ""Clinical trial safety metadata"", ""drug_safety"": ""Product label"", ""clinical_tier"": ""tier_2"", ""competitor_tier"": ""tier_3"", ""safety_tier"": ""tier_2""}","{""global_approval"": {""agency"": ""FDA"", ""date"": ""—"", ""status"": ""approved""}, ""regional_status"": ""launched"", ""local_regulator"": ""CDSCO"", ""local_approval_date"": ""—"", ""availability_text"": ""Commercially Available (Audited)"", ""availability_color"": ""green"", ""notes"": """", ""is_available"": true}","{""IN"": null, ""SG"": null, ""AE"": null}",True,"{""listed"": true, ""section"": ""5.1.6"", ""care_levels"": [""Secondary"", ""Tertiary""], ""matched_as"": ""Magnesium sulphate"", ""source_url"": ""https://nppa.gov.in/en/nlem2022"", ""retrieved_utc"": ""2026-08-04T14:32:40+00:00""}",True,3,"[{""text"": ""Eclampsia/severe pre-eclampsia seizure prophylaxis"", ""raw"": ""Eclampsia/severe pre-eclampsia seizure prophylaxis"", ""qualifier"": null, ""off_label"": false, ""registry_indication"": ""Pre-eclampsia / Eclampsia"", ""category"": ""Women's Health"", ""mapped"": true}, {""text"": ""Fetal neuroprotection"", ""raw"": ""fetal neuroprotection"", ""qualifier"": null, ""off_label"": false, ""registry_indication"": null, ""category"": null, ""mapped"": false}, {""text"": ""Tocolysis"", ""raw"": ""tocolysis"", ""qualifier"": null, ""off_label"": false, ""registry_indication"": ""Preterm Labour (Tocolysis)"", ""category"": ""Women's Health"", ""mapped"": true}]",2026-08-04T15:31:12+00:00,2,0,Women's Health,Eclampsia/severe pre-eclampsia seizure prophylaxis,Pre-eclampsia / Eclampsia,"[""Fetal neuroprotection""]","{""molecule"": ""Magnesium sulfate"", ""found"": true, ""approved_in_india"": true, ""first_approval_date"": ""2009-06-04"", ""approval_day_known"": true, ""single_molecule_rows"": 1, ""combination_rows"": 3, ""only_as_combination"": false, ""india_indications"": [""For the treatment of generelized or partial seizures as monothreapy or adjunctive threapy. 2) For prophylaxis of migraine headache in adults. 3) For the treatment of manic episodes associated with bi polar disorders""], ""source_name"": ""CDSCO List of Approved New Drugs"", ""source_url"": ""https://cdsco.gov.in/opencms/resources/UploadCDSCOWeb/2018/UploadApprovalNewDrugs/2009.pdf"", ""source_list"": ""LIST OF NEW DRUGS APPROVED 2009"", ""retrieved_utc"": ""2026-08-05T12:13:39+00:00""}",,,,,,,,,,,
nifedipine,Nifedipine,2026-08-04T08:32:59.615852+00:00,Women's Health,Oral tab,iv_infusion,fixed_course,10/20 mg,"Nicardia, Depin","JB, Zydus",Low-cost generic — Jan Aushadhi,Widely available as low-cost generics; Pradhan Mantri Bhartiya Janaushadhi (PMBJP) offers 50–90% cheaper generics. Manufacturer PSP not typically needed.,workbook_reference_unverified,False,False,"Tocolysis (off-label, commonly used)","Tocolytic (CCB, off-label)",—,120,4.0,tab,True,Assumes once-daily dosing of one tab (30/month).,₹2–6 / tab,False,"[{""indication"": ""Tocolysis (off-label, commonly used)""}]",delay_48h,Birth Delayed ≥48 h,%,,True,,,[],0.0,Standard of Care,,,,True,True,"[""Nausea"", ""Headache"", ""Fatigue""]","[""Muscle Pain"", ""Gastrointestinal discomfort""]","{""status"": ""unavailable"", ""missing_fields"": [""delay_48h""], ""issues"": [{""field"": ""delay_48h"", ""severity"": ""warning"", ""message"": ""Primary endpoint not in workbook — run analysis or enter manually.""}]}","{""addressable_population"": null, ""sources"": ""Not available — regional incidence not resolved""}","{""clinical"": ""Standard prescribing guides"", ""competitor"": ""Standard of Care baseline"", ""safety"": ""Clinical trial safety metadata"", ""drug_safety"": ""Product label"", ""clinical_tier"": ""tier_2"", ""competitor_tier"": ""tier_3"", ""safety_tier"": ""tier_2""}","{""global_approval"": {""agency"": ""FDA"", ""date"": ""—"", ""status"": ""approved""}, ""regional_status"": ""launched"", ""local_regulator"": ""CDSCO"", ""local_approval_date"": ""—"", ""availability_text"": ""Commercially Available (Audited)"", ""availability_color"": ""green"", ""notes"": ""See cardiovascular sheet"", ""is_available"": true}","{""IN"": 120, ""SG"": 2, ""AE"": 5}",True,"{""listed"": true, ""section"": ""22.2.2"", ""care_levels"": [""Secondary"", ""Tertiary""], ""matched_as"": ""Nifedipine"", ""source_url"": ""https://nppa.gov.in/en/nlem2022"", ""retrieved_utc"": ""2026-08-04T14:32:40+00:00""}",True,1,"[{""text"": ""Tocolysis"", ""raw"": ""Tocolysis (off-label, commonly used)"", ""qualifier"": ""off-label, commonly used"", ""off_label"": true, ""registry_indication"": ""Preterm Labour (Tocolysis)"", ""category"": ""Women's Health"", ""mapped"": true}]",2026-08-04T15:31:12+00:00,1,1,Women's Health,Tocolysis,Preterm Labour (Tocolysis),[],"{""molecule"": ""Nifedipine"", ""found"": true, ""approved_in_india"": true, ""first_approval_date"": ""2009-02-26"", ""approval_day_known"": true, ""single_molecule_rows"": 0, ""combination_rows"": 1, ""only_as_combination"": true, ""india_indications"": [""For the treatment of anal fissures""], ""source_name"": ""CDSCO List of Approved New Drugs"", ""source_url"": ""https://cdsco.gov.in/opencms/resources/UploadCDSCOWeb/2018/UploadApprovalNewDrugs/2009.pdf"", ""source_list"": ""LIST OF NEW DRUGS APPROVED 2009"", ""retrieved_utc"": ""2026-08-05T12:13:39+00:00""}",,,,,,,,,,,
ferrous-salts-iron-oral,Ferrous salts / Iron (oral),2026-08-04T08:32:59.615982+00:00,Women's Health,Oral tab/syrup,oral,fixed_course,ferrous sulfate/ascorbate,"Livogen, Fefol, Autrin","Merck, GSK, generics",Low-cost generic — Jan Aushadhi,Widely available as low-cost generics; Pradhan Mantri Bhartiya Janaushadhi (PMBJP) offers 50–90% cheaper generics. Manufacturer PSP not typically needed.,workbook_reference_unverified,False,False,Iron-deficiency anemia in pregnancy,Antianemic,—,150,5.0,tab,True,Assumes once-daily dosing of one tab (30/month).,₹2–8 / tab,False,"[{""indication"": ""Iron-deficiency anemia in pregnancy""}]",hb_increase,Haemoglobin Increase,g/dL,,True,,,[],0.0,Standard of Care,,,,True,True,"[""Nausea"", ""Headache"", ""Fatigue""]","[""Muscle Pain"", ""Gastrointestinal discomfort""]","{""status"": ""unavailable"", ""missing_fields"": [""hb_increase""], ""issues"": [{""field"": ""hb_increase"", ""severity"": ""warning"", ""message"": ""Primary endpoint not in workbook — run analysis or enter manually.""}]}","{""addressable_population"": null, ""sources"": ""Not available — regional incidence not resolved""}","{""clinical"": ""Standard prescribing guides"", ""competitor"": ""Standard of Care baseline"", ""safety"": ""Clinical trial safety metadata"", ""drug_safety"": ""Product label"", ""clinical_tier"": ""tier_2"", ""competitor_tier"": ""tier_3"", ""safety_tier"": ""tier_2""}","{""global_approval"": {""agency"": ""FDA"", ""date"": ""—"", ""status"": ""approved""}, ""regional_status"": ""launched"", ""local_regulator"": ""CDSCO"", ""local_approval_date"": ""—"", ""availability_text"": ""Commercially Available (Audited)"", ""availability_color"": ""green"", ""notes"": """", ""is_available"": true}","{""IN"": 150, ""SG"": 2, ""AE"": 6}",True,"{""listed"": false, ""source_url"": ""https://nppa.gov.in/en/nlem2022"", ""retrieved_utc"": ""2026-08-04T14:32:40+00:00""}",False,1,"[{""text"": ""Iron-deficiency anemia in pregnancy"", ""raw"": ""Iron-deficiency anemia in pregnancy"", ""qualifier"": null, ""off_label"": false, ""registry_indication"": ""Iron-Deficiency Anaemia (Pregnancy & Postpartum)"", ""category"": ""Women's Health"", ""mapped"": true}]",2026-08-04T15:31:12+00:00,1,0,Women's Health,Iron-deficiency anemia in pregnancy,Iron-Deficiency Anaemia (Pregnancy & Postpartum),[],"{""molecule"": ""Ferrous salts / Iron (oral)"", ""found"": false, ""approved_in_india"": null, ""first_approval_date"": null, ""india_indications"": [], ""note"": ""Not found in the CDSCO new-drug lists. The register is thin before about 2009 and several older lists are scanned images that cannot be read, so this is not evidence the molecule is unapproved in India."", ""source_name"": ""CDSCO List of Approved New Drugs"", ""retrieved_utc"": ""2026-08-05T12:13:39+00:00""}",,,,,,,,,,,
ferric-carboxymaltose-fcm,Ferric carboxymaltose (FCM),2026-08-04T08:32:59.616181+00:00,Women's Health,IV infusion,oral,fixed_course,500/1000 mg,"Ferinject, Encicarb, Orofer-FCM","Emcure, Zydus",Day-care administration / awareness,Given in clinic/day-care; manufacturer awareness programs for anaemia in pregnancy (Anaemia Mukt Bharat govt drive for oral iron/IV).,workbook_reference_unverified,False,False,Moderate–severe iron-deficiency anemia (pregnancy/postpartum),Antianemic (parenteral),~2012,,2750.0,dose,True,Priced per dose but dosing frequency is not stated — monthly cost cannot be derived. Enter the frequency to complete the model.,"₹1,500–4,000 / dose",False,"[{""indication"": ""Moderate–severe iron-deficiency anemia (pregnancy/postpartum)""}]",hb_increase,Haemoglobin Increase,g/dL,,True,,,[],0.0,Standard of Care,,,,True,True,"[""Nausea"", ""Headache"", ""Fatigue""]","[""Muscle Pain"", ""Gastrointestinal discomfort""]","{""status"": ""unavailable"", ""missing_fields"": [""hb_increase""], ""issues"": [{""field"": ""hb_increase"", ""severity"": ""warning"", ""message"": ""Primary endpoint not in workbook — run analysis or enter manually.""}]}","{""addressable_population"": null, ""sources"": ""Not available — regional incidence not resolved""}","{""clinical"": ""Standard prescribing guides"", ""competitor"": ""Standard of Care baseline"", ""safety"": ""Clinical trial safety metadata"", ""drug_safety"": ""Product label"", ""clinical_tier"": ""tier_2"", ""competitor_tier"": ""tier_3"", ""safety_tier"": ""tier_2""}","{""global_approval"": {""agency"": ""FDA"", ""date"": ""~2012"", ""status"": ""approved""}, ""regional_status"": ""launched"", ""local_regulator"": ""CDSCO"", ""local_approval_date"": ""~2012"", ""availability_text"": ""Commercially Available (Audited)"", ""availability_color"": ""green"", ""notes"": """", ""is_available"": true}","{""IN"": null, ""SG"": null, ""AE"": null}",False,"{""listed"": false, ""source_url"": ""https://nppa.gov.in/en/nlem2022"", ""retrieved_utc"": ""2026-08-04T14:32:40+00:00""}",False,1,"[{""text"": ""Moderate–severe iron-deficiency anemia"", ""raw"": ""Moderate–severe iron-deficiency anemia (pregnancy/postpartum)"", ""qualifier"": ""pregnancy/postpartum"", ""off_label"": false, ""registry_indication"": ""Iron-Deficiency Anaemia (Pregnancy & Postpartum)"", ""category"": ""Women's Health"", ""mapped"": true}]",2026-08-04T15:31:12+00:00,1,0,Women's Health,Moderate–severe iron-deficiency anemia,Iron-Deficiency Anaemia (Pregnancy & Postpartum),[],"{""molecule"": ""Ferric carboxymaltose (FCM)"", ""found"": false, ""approved_in_india"": null, ""first_approval_date"": null, ""india_indications"": [], ""note"": ""Not found in the CDSCO new-drug lists. The register is thin before about 2009 and several older lists are scanned images that cannot be read, so this is not evidence the molecule is unapproved in India."", ""source_name"": ""CDSCO List of Approved New Drugs"", ""retrieved_utc"": ""2026-08-05T12:13:39+00:00""}",,,,,,,,,,,
iron-sucrose,Iron sucrose,2026-08-04T08:32:59.616313+00:00,Women's Health,IV infusion,oral,fixed_course,100 mg/5 mL,"Orofer-S, Ferisys","Emcure, generics",Day-care administration / govt program,Administered in clinic; supplied under Anaemia Mukt Bharat / RMNCH+A govt programs.,workbook_reference_unverified,False,False,Iron-deficiency anemia when oral not tolerated,Antianemic (parenteral),~2005,,275.0,ampoule,True,Priced per ampoule but dosing frequency is not stated — monthly cost cannot be derived. Enter the frequency to complete the model.,₹150–400 / ampoule,False,"[{""indication"": ""Iron-deficiency anemia when oral not tolerated""}]",hb_increase,Haemoglobin Increase,g/dL,,True,,,[],0.0,Standard of Care,,,,True,True,"[""Nausea"", ""Headache"", ""Fatigue""]","[""Muscle Pain"", ""Gastrointestinal discomfort""]","{""status"": ""unavailable"", ""missing_fields"": [""hb_increase""], ""issues"": [{""field"": ""hb_increase"", ""severity"": ""warning"", ""message"": ""Primary endpoint not in workbook — run analysis or enter manually.""}]}","{""addressable_population"": null, ""sources"": ""Not available — regional incidence not resolved""}","{""clinical"": ""Standard prescribing guides"", ""competitor"": ""Standard of Care baseline"", ""safety"": ""Clinical trial safety metadata"", ""drug_safety"": ""Product label"", ""clinical_tier"": ""tier_2"", ""competitor_tier"": ""tier_3"", ""safety_tier"": ""tier_2""}","{""global_approval"": {""agency"": ""FDA"", ""date"": ""~2005"", ""status"": ""approved""}, ""regional_status"": ""launched"", ""local_regulator"": ""CDSCO"", ""local_approval_date"": ""~2005"", ""availability_text"": ""Commercially Available (Audited)"", ""availability_color"": ""green"", ""notes"": """", ""is_available"": true}","{""IN"": null, ""SG"": null, ""AE"": null}",False,"{""listed"": true, ""section"": ""8.1.7"", ""care_levels"": [""Secondary"", ""Tertiary""], ""matched_as"": ""Iron sucrose"", ""source_url"": ""https://nppa.gov.in/en/nlem2022"", ""retrieved_utc"": ""2026-08-04T14:32:40+00:00""}",True,1,"[{""text"": ""Iron-deficiency anemia when oral not tolerated"", ""raw"": ""Iron-deficiency anemia when oral not tolerated"", ""qualifier"": null, ""off_label"": false, ""registry_indication"": ""Iron-Deficiency Anaemia (Pregnancy & Postpartum)"", ""category"": ""Women's Health"", ""mapped"": true}]",2026-08-04T15:31:12+00:00,1,0,Women's Health,Iron-deficiency anemia when oral not tolerated,Iron-Deficiency Anaemia (Pregnancy & Postpartum),[],"{""molecule"": ""Iron sucrose"", ""found"": false, ""approved_in_india"": null, ""first_approval_date"": null, ""india_indications"": [], ""note"": ""Not found in the CDSCO new-drug lists. The register is thin before about 2009 and several older lists are scanned images that cannot be read, so this is not evidence the molecule is unapproved in India."", ""source_name"": ""CDSCO List of Approved New Drugs"", ""retrieved_utc"": ""2026-08-05T12:13:39+00:00""}",,,,,,,,,,,
folic-acid,Folic acid,2026-08-04T08:32:59.616436+00:00,Women's Health,Oral tab,oral,fixed_course,0.4/5 mg,Folvite,"Pfizer, generics",Low-cost generic — Jan Aushadhi,Widely available as low-cost generics; Pradhan Mantri Bhartiya Janaushadhi (PMBJP) offers 50–90% cheaper generics. Manufacturer PSP not typically needed.,workbook_reference_unverified,False,False,Neural-tube-defect prevention; megaloblastic anemia,Vitamin (pregnancy),—,75,2.5,tab,True,Assumes once-daily dosing of one tab (30/month).,₹1–4 / tab,True,"[{""indication"": ""Neural-tube-defect prevention; megaloblastic anemia""}]",hb_increase,Haemoglobin Increase,g/dL,,True,,,[],0.0,Standard of Care,,,,True,True,"[""Nausea"", ""Headache"", ""Fatigue""]","[""Muscle Pain"", ""Gastrointestinal discomfort""]","{""status"": ""unavailable"", ""missing_fields"": [""hb_increase""], ""issues"": [{""field"": ""hb_increase"", ""severity"": ""warning"", ""message"": ""Primary endpoint not in workbook — run analysis or enter manually.""}]}","{""addressable_population"": null, ""sources"": ""Not available — regional incidence not resolved""}","{""clinical"": ""Standard prescribing guides"", ""competitor"": ""Standard of Care baseline"", ""safety"": ""Clinical trial safety metadata"", ""drug_safety"": ""Product label"", ""clinical_tier"": ""tier_2"", ""competitor_tier"": ""tier_3"", ""safety_tier"": ""tier_2""}","{""global_approval"": {""agency"": ""FDA"", ""date"": ""—"", ""status"": ""approved""}, ""regional_status"": ""launched"", ""local_regulator"": ""CDSCO"", ""local_approval_date"": ""—"", ""availability_text"": ""Commercially Available (Audited)"", ""availability_color"": ""green"", ""notes"": """", ""is_available"": true}","{""IN"": 75, ""SG"": 1, ""AE"": 3}",True,"{""listed"": true, ""section"": ""8.1.4"", ""care_levels"": [""Primary"", ""Secondary"", ""Tertiary""], ""matched_as"": ""Folic Acid"", ""source_url"": ""https://nppa.gov.in/en/nlem2022"", ""retrieved_utc"": ""2026-08-04T14:32:40+00:00""}",True,2,"[{""text"": ""Neural-tube-defect prevention"", ""raw"": ""Neural-tube-defect prevention"", ""qualifier"": null, ""off_label"": false, ""registry_indication"": ""Iron-Deficiency Anaemia (Pregnancy & Postpartum)"", ""category"": ""Women's Health"", ""mapped"": true}, {""text"": ""Megaloblastic anemia"", ""raw"": ""megaloblastic anemia"", ""qualifier"": null, ""off_label"": false, ""registry_indication"": ""Iron-Deficiency Anaemia (Pregnancy & Postpartum)"", ""category"": ""Women's Health"", ""mapped"": true}]",2026-08-04T15:31:12+00:00,2,0,Women's Health,Neural-tube-defect prevention,Iron-Deficiency Anaemia (Pregnancy & Postpartum),[],"{""molecule"": ""Folic acid"", ""found"": true, ""approved_in_india"": true, ""first_approval_date"": ""2009-01-14"", ""approval_day_known"": true, ""single_molecule_rows"": 0, ""combination_rows"": 5, ""only_as_combination"": true, ""india_indications"": [""For the treatment of diabetic neuropathy"", ""For the treatment of iron deficiency anaemia"", ""For the treatment of iron deficiency anaemia in adults only"", ""For the treatment of vitamin deficiency states in adults""], ""source_name"": ""CDSCO List of Approved New Drugs"", ""source_url"": ""https://cdsco.gov.in/opencms/resources/UploadCDSCOWeb/2018/UploadApprovalNewDrugs/2009.pdf"", ""source_list"": ""LIST OF NEW DRUGS APPROVED 2009"", ""retrieved_utc"": ""2026-08-05T12:13:39+00:00""}",,,,,,,,,,,
anti-d-rho-immunoglobulin,Anti-D (Rho) immunoglobulin,2026-08-04T08:32:59.616576+00:00,Women's Health,IM/IV injection,sc_injection,acute_single_dose,300 mcg,"Rhoclone, WinRho","Bharat Serums, generics",Govt/hospital provision,Provided under maternal-health programs in public hospitals; NGO support in some states.,workbook_reference_unverified,False,False,Prevention of Rh(D) alloimmunization in Rh-negative mothers,Rh prophylaxis,~2000,,2750.0,dose,True,Priced per dose but dosing frequency is not stated — monthly cost cannot be derived. Enter the frequency to complete the model.,"₹1,500–4,000 / dose",False,"[{""indication"": ""Prevention of Rh(D) alloimmunization in Rh-negative mothers""}]",sensitisation_prevented,Sensitisation Prevention Rate,%,,True,,,[],0.0,Standard of Care,,,,True,True,"[""Nausea"", ""Headache"", ""Fatigue""]","[""Muscle Pain"", ""Gastrointestinal discomfort""]","{""status"": ""unavailable"", ""missing_fields"": [""sensitisation_prevented""], ""issues"": [{""field"": ""sensitisation_prevented"", ""severity"": ""warning"", ""message"": ""Primary endpoint not in workbook — run analysis or enter manually.""}]}","{""addressable_population"": null, ""sources"": ""Not available — regional incidence not resolved""}","{""clinical"": ""Standard prescribing guides"", ""competitor"": ""Standard of Care baseline"", ""safety"": ""Clinical trial safety metadata"", ""drug_safety"": ""Product label"", ""clinical_tier"": ""tier_2"", ""competitor_tier"": ""tier_3"", ""safety_tier"": ""tier_2""}","{""global_approval"": {""agency"": ""FDA"", ""date"": ""~2000"", ""status"": ""approved""}, ""regional_status"": ""launched"", ""local_regulator"": ""CDSCO"", ""local_approval_date"": ""~2000"", ""availability_text"": ""Commercially Available (Audited)"", ""availability_color"": ""green"", ""notes"": """", ""is_available"": true}","{""IN"": null, ""SG"": null, ""AE"": null}",False,"{""listed"": false, ""source_url"": ""https://nppa.gov.in/en/nlem2022"", ""retrieved_utc"": ""2026-08-04T14:32:40+00:00""}",False,1,"[{""text"": ""Prevention of Rh alloimmunization in Rh-negative mothers"", ""raw"": ""Prevention of Rh(D) alloimmunization in Rh-negative mothers"", ""qualifier"": ""D"", ""off_label"": false, ""registry_indication"": ""Rh(D) Alloimmunisation Prophylaxis"", ""category"": ""Women's Health"", ""mapped"": true}]",2026-08-04T15:31:12+00:00,1,0,Women's Health,Prevention of Rh alloimmunization in Rh-negative mothers,Rh(D) Alloimmunisation Prophylaxis,[],"{""molecule"": ""Anti-D (Rho) immunoglobulin"", ""found"": false, ""approved_in_india"": null, ""first_approval_date"": null, ""india_indications"": [], ""note"": ""Not found in the CDSCO new-drug lists. The register is thin before about 2009 and several older lists are scanned images that cannot be read, so this is not evidence the molecule is unapproved in India."", ""source_name"": ""CDSCO List of Approved New Drugs"", ""retrieved_utc"": ""2026-08-05T12:13:39+00:00""}",,,,,,,,,,,
betamethasone,Betamethasone,2026-08-04T08:32:59.616706+00:00,Women's Health,IM injection,sc_injection,acute_single_dose,4 mg/mL,"Betnesol, Betnelan","GSK, generics",Generics + optional adherence PSP,Affordable branded generics widely available; innovator brands may offer counselling/adherence support via the prescriber. Jan Aushadhi generics available for older molecules.,workbook_reference_unverified,False,False,Fetal lung maturation in threatened preterm birth,Antenatal corticosteroid,—,,27.5,ampoule,True,Priced per ampoule but dosing frequency is not stated — monthly cost cannot be derived. Enter the frequency to complete the model.,₹15–40 / ampoule,False,"[{""indication"": ""Fetal lung maturation in threatened preterm birth""}]",rds_hr,Neonatal RDS Risk Reduction,HR,,True,,,[],0.0,Standard of Care,,,,True,True,"[""Nausea"", ""Headache"", ""Fatigue""]","[""Muscle Pain"", ""Gastrointestinal discomfort""]","{""status"": ""unavailable"", ""missing_fields"": [""rds_hr""], ""issues"": [{""field"": ""rds_hr"", ""severity"": ""warning"", ""message"": ""Primary endpoint not in workbook — run analysis or enter manually.""}]}","{""addressable_population"": null, ""sources"": ""Not available — regional incidence not resolved""}","{""clinical"": ""Standard prescribing guides"", ""competitor"": ""Standard of Care baseline"", ""safety"": ""Clinical trial safety metadata"", ""drug_safety"": ""Product label"", ""clinical_tier"": ""tier_2"", ""competitor_tier"": ""tier_3"", ""safety_tier"": ""tier_2""}","{""global_approval"": {""agency"": ""FDA"", ""date"": ""—"", ""status"": ""approved""}, ""regional_status"": ""launched"", ""local_regulator"": ""CDSCO"", ""local_approval_date"": ""—"", ""availability_text"": ""Commercially Available (Audited)"", ""availability_color"": ""green"", ""notes"": """", ""is_available"": true}","{""IN"": null, ""SG"": null, ""AE"": null}",True,"{""listed"": true, ""section"": ""22.2.1"", ""care_levels"": [""Primary"", ""Secondary"", ""Tertiary""], ""matched_as"": ""Betamethasone"", ""source_url"": ""https://nppa.gov.in/en/nlem2022"", ""retrieved_utc"": ""2026-08-04T14:32:40+00:00""}",True,1,"[{""text"": ""Fetal lung maturation in threatened preterm birth"", ""raw"": ""Fetal lung maturation in threatened preterm birth"", ""qualifier"": null, ""off_label"": false, ""registry_indication"": ""Fetal Lung Maturation (Antenatal Corticosteroid)"", ""category"": ""Women's Health"", ""mapped"": true}]",2026-08-04T15:31:12+00:00,1,0,Women's Health,Fetal lung maturation in threatened preterm birth,Fetal Lung Maturation (Antenatal Corticosteroid),[],"{""molecule"": ""Betamethasone"", ""found"": false, ""approved_in_india"": null, ""first_approval_date"": null, ""india_indications"": [], ""note"": ""Not found in the CDSCO new-drug lists. The register is thin before about 2009 and several older lists are scanned images that cannot be read, so this is not evidence the molecule is unapproved in India."", ""source_name"": ""CDSCO List of Approved New Drugs"", ""retrieved_utc"": ""2026-08-05T12:13:39+00:00""}",,,,,,,,,,,
danazol,Danazol,2026-08-04T08:32:59.616850+00:00,Women's Health,Oral cap,oral,fixed_course,50/100/200 mg,"Danogen, Ladogal","Win-Medicare, generics",Generics + optional adherence PSP,Affordable branded generics widely available; innovator brands may offer counselling/adherence support via the prescriber. Jan Aushadhi generics available for older molecules.,workbook_reference_unverified,False,False,Endometriosis; fibrocystic breast disease; hereditary angioedema,Endometriosis/fibroid,1990s,750,25.0,cap,True,Assumes once-daily dosing of one cap (30/month).,₹15–35 / cap,True,"[{""indication"": ""Endometriosis; fibrocystic breast disease; hereditary angioedema""}]",dysmenorrhea_responder,Dysmenorrhoea Responder Rate,%,,True,,,[],0.0,Standard of Care,,,,True,True,"[""Nausea"", ""Headache"", ""Fatigue""]","[""Muscle Pain"", ""Gastrointestinal discomfort""]","{""status"": ""unavailable"", ""missing_fields"": [""dysmenorrhea_responder""], ""issues"": [{""field"": ""dysmenorrhea_responder"", ""severity"": ""warning"", ""message"": ""Primary endpoint not in workbook — run analysis or enter manually.""}]}","{""addressable_population"": null, ""sources"": ""Not available — regional incidence not resolved""}","{""clinical"": ""Standard prescribing guides"", ""competitor"": ""Standard of Care baseline"", ""safety"": ""Clinical trial safety metadata"", ""drug_safety"": ""Product label"", ""clinical_tier"": ""tier_2"", ""competitor_tier"": ""tier_3"", ""safety_tier"": ""tier_2""}","{""global_approval"": {""agency"": ""FDA"", ""date"": ""1990s"", ""status"": ""approved""}, ""regional_status"": ""launched"", ""local_regulator"": ""CDSCO"", ""local_approval_date"": ""1990s"", ""availability_text"": ""Commercially Available (Audited)"", ""availability_color"": ""green"", ""notes"": """", ""is_available"": true}","{""IN"": 750, ""SG"": 12, ""AE"": 34}",True,"{""listed"": false, ""source_url"": ""https://nppa.gov.in/en/nlem2022"", ""retrieved_utc"": ""2026-08-04T14:32:40+00:00""}",False,3,"[{""text"": ""Endometriosis"", ""raw"": ""Endometriosis"", ""qualifier"": null, ""off_label"": false, ""registry_indication"": ""Endometriosis"", ""category"": ""Women's Health"", ""mapped"": true}, {""text"": ""Fibrocystic breast disease"", ""raw"": ""fibrocystic breast disease"", ""qualifier"": null, ""off_label"": false, ""registry_indication"": null, ""category"": null, ""mapped"": false}, {""text"": ""Hereditary angioedema"", ""raw"": ""hereditary angioedema"", ""qualifier"": null, ""off_label"": false, ""registry_indication"": null, ""category"": null, ""mapped"": false}]",2026-08-04T15:31:12+00:00,1,0,Women's Health,Endometriosis,Endometriosis,"[""Fibrocystic breast disease"", ""Hereditary angioedema""]","{""molecule"": ""Danazol"", ""found"": false, ""approved_in_india"": null, ""first_approval_date"": null, ""india_indications"": [], ""note"": ""Not found in the CDSCO new-drug lists. The register is thin before about 2009 and several older lists are scanned images that cannot be read, so this is not evidence the molecule is unapproved in India."", ""source_name"": ""CDSCO List of Approved New Drugs"", ""retrieved_utc"": ""2026-08-05T12:13:39+00:00""}",,,,,,,,,,,
ulipristal-acetate-5-mg,Ulipristal acetate (5 mg),2026-08-04T08:32:59.617002+00:00,Women's Health,Oral tab,oral,fixed_course,5 mg,Esmya (limited),Gedeon Richter,Manufacturer specialty PSP (confirm),"High-cost specialty therapy — innovator patient-access / adherence support and specialty-pharmacy financing (e.g. MrMed, Tata 1mg) may apply. Confirm with manufacturer/physician.",workbook_reference_unverified,False,False,Uterine fibroid symptoms (pre-operative),Fibroid (SPRM),—,,,,True,No numeric price in source (Specialist) — enter manually.,Specialist,False,"[{""indication"": ""Uterine fibroid symptoms (pre-operative)""}]",mbl_responder,Menstrual Blood-Loss Responder (<80 mL & ≥50% ↓),%,,True,,,[],0.0,Standard of Care,,,,True,True,"[""Nausea"", ""Headache"", ""Fatigue""]","[""Muscle Pain"", ""Gastrointestinal discomfort""]","{""status"": ""unavailable"", ""missing_fields"": [""mbl_responder""], ""issues"": [{""field"": ""mbl_responder"", ""severity"": ""warning"", ""message"": ""Primary endpoint not in workbook — run analysis or enter manually.""}]}","{""addressable_population"": null, ""sources"": ""Not available — regional incidence not resolved""}","{""clinical"": ""Standard prescribing guides"", ""competitor"": ""Standard of Care baseline"", ""safety"": ""Clinical trial safety metadata"", ""drug_safety"": ""Product label"", ""clinical_tier"": ""tier_2"", ""competitor_tier"": ""tier_3"", ""safety_tier"": ""tier_2""}","{""global_approval"": {""agency"": ""FDA"", ""date"": ""—"", ""status"": ""approved""}, ""regional_status"": ""launched"", ""local_regulator"": ""CDSCO"", ""local_approval_date"": ""—"", ""availability_text"": ""Commercially Available (Audited)"", ""availability_color"": ""green"", ""notes"": ""Use restricted due to hepatic safety monitoring"", ""is_available"": true}","{""IN"": null, ""SG"": null, ""AE"": null}",False,"{""listed"": false, ""source_url"": ""https://nppa.gov.in/en/nlem2022"", ""retrieved_utc"": ""2026-08-04T14:32:40+00:00""}",False,1,"[{""text"": ""Uterine fibroid symptoms"", ""raw"": ""Uterine fibroid symptoms (pre-operative)"", ""qualifier"": ""pre-operative"", ""off_label"": false, ""registry_indication"": ""Uterine Fibroids"", ""category"": ""Women's Health"", ""mapped"": true}]",2026-08-04T15:31:12+00:00,1,0,Women's Health,Uterine fibroid symptoms,Uterine Fibroids,[],"{""molecule"": ""Ulipristal acetate (5 mg)"", ""found"": true, ""approved_in_india"": true, ""first_approval_date"": ""2018-04-02"", ""approval_day_known"": true, ""single_molecule_rows"": 1, ""combination_rows"": 1, ""only_as_combination"": false, ""india_indications"": [""For the treatment of persistent/ recurrent chronic Thromoembolic pulmonary Hypertension (CTEPH) WHO Group 4) After surgical treatment or imoperable CTEPH to improve exercise capacity and WHO function 12 Baricitinib 2mg/4mg film coated Tablets For the treatment of moderate to severe active rheumatoid arthritis in adult patients who have responded inadequately to, or who are intolerant to one or mor""], ""source_name"": ""CDSCO List of Approved New Drugs"", ""source_url"": ""https://cdsco.gov.in/opencms/resources/UploadCDSCOWeb/2018/UploadApprovalNewDrugs/rnew%20drugs%20approval%202018.pdf"", ""source_list"": ""LIST OF NEW DRUGS APPROVED FROM 01-01-2018 to 31.12.2018"", ""retrieved_utc"": ""2026-08-05T12:13:39+00:00""}","{""us_initial_approval_year"": {""value"": 2010, ""source_name"": ""FDA prescribing information via DailyMed (ELLA (ULIPRISTAL ACETATE) TABLET [PMI BRANDED PHARMACEUTICALS, INC.])"", ""source_url"": ""https://dailymed.nlm.nih.gov/dailymed/drugInfo.cfm?setid=2bf93d23-cddd-4613-9066-5b5fa090404b"", ""retrieved"": ""2026-08-03"", ""quote"": ""Initial U.S. Approval: 2010""}}",[],,,,,,,,,
spironolactone,Spironolactone,2026-08-04T08:32:59.617161+00:00,Women's Health,Oral tab,oral,chronic_ongoing,25/50 mg,Aldactone,RPG/Pfizer,Low-cost generic — Jan Aushadhi,Widely available as low-cost generics; Pradhan Mantri Bhartiya Janaushadhi (PMBJP) offers 50–90% cheaper generics. Manufacturer PSP not typically needed.,workbook_reference_unverified,False,False,Hirsutism/acne in PCOS (off-label),Anti-androgen (women),—,165,5.5,tab,True,Assumes once-daily dosing of one tab (30/month).,₹3–8 / tab,False,"[{""indication"": ""Hirsutism/acne in PCOS (off-label)""}]",ovulation_rate,Ovulation / Menstrual Regularity Rate,%,,True,,,[],0.0,Standard of Care,,,,True,True,"[""Nausea"", ""Headache"", ""Fatigue""]","[""Muscle Pain"", ""Gastrointestinal discomfort""]","{""status"": ""unavailable"", ""missing_fields"": [""ovulation_rate""], ""issues"": [{""field"": ""ovulation_rate"", ""severity"": ""warning"", ""message"": ""Primary endpoint not in workbook — run analysis or enter manually.""}]}","{""addressable_population"": null, ""sources"": ""Not available — regional incidence not resolved""}","{""clinical"": ""Standard prescribing guides"", ""competitor"": ""Standard of Care baseline"", ""safety"": ""Clinical trial safety metadata"", ""drug_safety"": ""Product label"", ""clinical_tier"": ""tier_2"", ""competitor_tier"": ""tier_3"", ""safety_tier"": ""tier_2""}","{""global_approval"": {""agency"": ""FDA"", ""date"": ""—"", ""status"": ""approved""}, ""regional_status"": ""launched"", ""local_regulator"": ""CDSCO"", ""local_approval_date"": ""—"", ""availability_text"": ""Commercially Available (Audited)"", ""availability_color"": ""green"", ""notes"": ""See cardiovascular sheet"", ""is_available"": true}","{""IN"": 165, ""SG"": 2, ""AE"": 7}",True,"{""listed"": true, ""section"": ""10.4.5"", ""care_levels"": [""Primary"", ""Secondary"", ""Tertiary""], ""matched_as"": ""Spironolactone"", ""source_url"": ""https://nppa.gov.in/en/nlem2022"", ""retrieved_utc"": ""2026-08-04T14:32:40+00:00""}",True,1,"[{""text"": ""Hirsutism/acne in PCOS"", ""raw"": ""Hirsutism/acne in PCOS (off-label)"", ""qualifier"": ""off-label"", ""off_label"": true, ""registry_indication"": ""Polycystic Ovary Syndrome (PCOS)"", ""category"": ""Women's Health"", ""mapped"": true}]",2026-08-04T15:31:12+00:00,1,1,Women's Health,Hirsutism/acne in PCOS,Polycystic Ovary Syndrome (PCOS),[],"{""molecule"": ""Spironolactone"", ""found"": true, ""approved_in_india"": true, ""first_approval_date"": ""2011-01-05"", ""approval_day_known"": true, ""single_molecule_rows"": 0, ""combination_rows"": 1, ""only_as_combination"": true, ""india_indications"": [], ""source_name"": ""CDSCO List of Approved New Drugs"", ""source_url"": ""https://cdsco.gov.in/opencms/resources/UploadCDSCOWeb/2018/UploadApprovalNewDrugs/approvalsnd211.pdf"", ""source_list"": ""LIST OF NEW DRUGS APPROVED 2011"", ""retrieved_utc"": ""2026-08-05T12:13:39+00:00""}","{""us_initial_approval_year"": {""value"": 1960, ""source_name"": ""FDA prescribing information via DailyMed (SPIRONOLACTONE TABLET, COATED [PD-RX PHARMACEUTICALS, INC.])"", ""source_url"": ""https://dailymed.nlm.nih.gov/dailymed/drugInfo.cfm?setid=73564b3d-8ede-4008-b75c-1277153b5bb6"", ""retrieved"": ""2026-08-03"", ""quote"": ""Initial U.S. Approval: 1960""}}",[],,,,,,,,,
myo-inositol-d-chiro,Myo-inositol (± D-chiro),2026-08-04T08:32:59.617320+00:00,Women's Health,Oral sachet/tab,oral,chronic_ongoing,550–2000 mg,"Various (Ferty, Gynoveda, etc.)",Various,Generics + optional adherence PSP,Affordable branded generics widely available; innovator brands may offer counselling/adherence support via the prescriber. Jan Aushadhi generics available for older molecules.,workbook_reference_unverified,False,False,PCOS – insulin sensitivity & ovulation support (nutraceutical),PCOS adjunct,—,,27.5,sachet,True,Priced per sachet but dosing frequency is not stated — monthly cost cannot be derived. Enter the frequency to complete the model.,₹15–40 / sachet,False,"[{""indication"": ""PCOS – insulin sensitivity & ovulation support (nutraceutical)""}]",hba1c_reduction,HbA1c Reduction,%,,True,,,[],0.0,Standard of Care,,,,True,True,"[""Nausea"", ""Headache"", ""Fatigue""]","[""Muscle Pain"", ""Gastrointestinal discomfort""]","{""status"": ""unavailable"", ""missing_fields"": [""hba1c_reduction""], ""issues"": [{""field"": ""hba1c_reduction"", ""severity"": ""warning"", ""message"": ""Primary endpoint not in workbook — run analysis or enter manually.""}]}","{""addressable_population"": null, ""sources"": ""Not available — regional incidence not resolved""}","{""clinical"": ""Standard prescribing guides"", ""competitor"": ""Standard of Care baseline"", ""safety"": ""Clinical trial safety metadata"", ""drug_safety"": ""Product label"", ""clinical_tier"": ""tier_2"", ""competitor_tier"": ""tier_3"", ""safety_tier"": ""tier_2""}","{""global_approval"": {""agency"": ""FDA"", ""date"": ""—"", ""status"": ""approved""}, ""regional_status"": ""launched"", ""local_regulator"": ""CDSCO"", ""local_approval_date"": ""—"", ""availability_text"": ""Commercially Available (Audited)"", ""availability_color"": ""green"", ""notes"": """", ""is_available"": true}","{""IN"": null, ""SG"": null, ""AE"": null}",True,"{""listed"": false, ""source_url"": ""https://nppa.gov.in/en/nlem2022"", ""retrieved_utc"": ""2026-08-04T14:32:40+00:00""}",False,1,"[{""text"": ""PCOS – insulin sensitivity & ovulation support"", ""raw"": ""PCOS – insulin sensitivity & ovulation support (nutraceutical)"", ""qualifier"": ""nutraceutical"", ""off_label"": false, ""registry_indication"": ""Type 2 Diabetes"", ""category"": ""Metabolic"", ""mapped"": true}]",2026-08-04T15:31:12+00:00,1,0,Metabolic,PCOS – insulin sensitivity & ovulation support,Type 2 Diabetes,[],"{""molecule"": ""Myo-inositol (± D-chiro)"", ""found"": false, ""approved_in_india"": null, ""first_approval_date"": null, ""india_indications"": [], ""note"": ""Not found in the CDSCO new-drug lists. The register is thin before about 2009 and several older lists are scanned images that cannot be read, so this is not evidence the molecule is unapproved in India."", ""source_name"": ""CDSCO List of Approved New Drugs"", ""retrieved_utc"": ""2026-08-05T12:13:39+00:00""}",,,,,,,,,,,
domperidone,Domperidone,2026-08-04T08:32:59.617458+00:00,Women's Health,Oral tab,oral,chronic_ongoing,10 mg,"Domstal, Motilium","Torrent, Janssen",Low-cost generic — Jan Aushadhi,Widely available as low-cost generics; Pradhan Mantri Bhartiya Janaushadhi (PMBJP) offers 50–90% cheaper generics. Manufacturer PSP not typically needed.,workbook_reference_unverified,False,False,Stimulation of lactation (off-label); also anti-emetic,Galactagogue (off-label),—,120,4.0,tab,True,Assumes once-daily dosing of one tab (30/month).,₹2–6 / tab,True,"[{""indication"": ""Stimulation of lactation (off-label); also anti-emetic""}]",prolactin_normalisation,Prolactin Normalisation,%,,True,,,[],0.0,Standard of Care,,,,True,True,"[""Nausea"", ""Headache"", ""Fatigue""]","[""Muscle Pain"", ""Gastrointestinal discomfort""]","{""status"": ""unavailable"", ""missing_fields"": [""prolactin_normalisation""], ""issues"": [{""field"": ""prolactin_normalisation"", ""severity"": ""warning"", ""message"": ""Primary endpoint not in workbook — run analysis or enter manually.""}]}","{""addressable_population"": null, ""sources"": ""Not available — regional incidence not resolved""}","{""clinical"": ""Standard prescribing guides"", ""competitor"": ""Standard of Care baseline"", ""safety"": ""Clinical trial safety metadata"", ""drug_safety"": ""Product label"", ""clinical_tier"": ""tier_2"", ""competitor_tier"": ""tier_3"", ""safety_tier"": ""tier_2""}","{""global_approval"": {""agency"": ""FDA"", ""date"": ""—"", ""status"": ""approved""}, ""regional_status"": ""launched"", ""local_regulator"": ""CDSCO"", ""local_approval_date"": ""—"", ""availability_text"": ""Commercially Available (Audited)"", ""availability_color"": ""green"", ""notes"": """", ""is_available"": true}","{""IN"": 120, ""SG"": 2, ""AE"": 5}",True,"{""listed"": true, ""section"": ""17.2.1"", ""care_levels"": [""Primary"", ""Secondary"", ""Tertiary""], ""matched_as"": ""Domperidone"", ""source_url"": ""https://nppa.gov.in/en/nlem2022"", ""retrieved_utc"": ""2026-08-04T14:32:40+00:00""}",True,2,"[{""text"": ""Stimulation of lactation"", ""raw"": ""Stimulation of lactation (off-label)"", ""qualifier"": ""off-label"", ""off_label"": true, ""registry_indication"": ""Hyperprolactinaemia"", ""category"": ""Women's Health"", ""mapped"": true}, {""text"": ""Also anti-emetic"", ""raw"": ""also anti-emetic"", ""qualifier"": null, ""off_label"": false, ""registry_indication"": null, ""category"": null, ""mapped"": false}]",2026-08-04T15:31:12+00:00,1,1,Women's Health,Stimulation of lactation,Hyperprolactinaemia,"[""Also anti-emetic""]","{""molecule"": ""Domperidone"", ""found"": false, ""approved_in_india"": null, ""first_approval_date"": null, ""india_indications"": [], ""note"": ""Not found in the CDSCO new-drug lists. The register is thin before about 2009 and several older lists are scanned images that cannot be read, so this is not evidence the molecule is unapproved in India."", ""source_name"": ""CDSCO List of Approved New Drugs"", ""retrieved_utc"": ""2026-08-05T12:13:39+00:00""}",,,,,,,,,,,
clotrimazole-vaginal,Clotrimazole (vaginal),2026-08-04T08:32:59.617574+00:00,Women's Health,Vaginal tab/cream,oral,fixed_course,100/200/500 mg,"Candid-V, Canesten","Glenmark, Bayer",Generics + optional adherence PSP,Affordable branded generics widely available; innovator brands may offer counselling/adherence support via the prescriber. Jan Aushadhi generics available for older molecules.,workbook_reference_unverified,False,False,Vulvovaginal candidiasis,Vulvovaginal antifungal,1990s,80,80.0,pack,True,Assumes once-daily dosing of one pack (30/month).,₹40–120 / pack,False,"[{""indication"": ""Vulvovaginal candidiasis""}]",mycological_cure,Mycological Cure Rate,%,,True,,,[],0.0,Standard of Care,,,,True,True,"[""Nausea"", ""Headache"", ""Fatigue""]","[""Muscle Pain"", ""Gastrointestinal discomfort""]","{""status"": ""unavailable"", ""missing_fields"": [""mycological_cure""], ""issues"": [{""field"": ""mycological_cure"", ""severity"": ""warning"", ""message"": ""Primary endpoint not in workbook — run analysis or enter manually.""}]}","{""addressable_population"": null, ""sources"": ""Not available — regional incidence not resolved""}","{""clinical"": ""Standard prescribing guides"", ""competitor"": ""Standard of Care baseline"", ""safety"": ""Clinical trial safety metadata"", ""drug_safety"": ""Product label"", ""clinical_tier"": ""tier_2"", ""competitor_tier"": ""tier_3"", ""safety_tier"": ""tier_2""}","{""global_approval"": {""agency"": ""FDA"", ""date"": ""1990s"", ""status"": ""approved""}, ""regional_status"": ""launched"", ""local_regulator"": ""CDSCO"", ""local_approval_date"": ""1990s"", ""availability_text"": ""Commercially Available (Audited)"", ""availability_color"": ""green"", ""notes"": """", ""is_available"": true}","{""IN"": 80, ""SG"": 1, ""AE"": 3}",True,"{""listed"": true, ""section"": ""6.5.2"", ""care_levels"": [""Primary"", ""Secondary"", ""Tertiary""], ""matched_as"": ""Clotrimazole"", ""source_url"": ""https://nppa.gov.in/en/nlem2022"", ""retrieved_utc"": ""2026-08-04T14:32:40+00:00""}",True,1,"[{""text"": ""Vulvovaginal candidiasis"", ""raw"": ""Vulvovaginal candidiasis"", ""qualifier"": null, ""off_label"": false, ""registry_indication"": ""Vulvovaginal Candidiasis"", ""category"": ""Women's Health"", ""mapped"": true}]",2026-08-04T15:31:12+00:00,1,0,Women's Health,Vulvovaginal candidiasis,Vulvovaginal Candidiasis,[],"{""molecule"": ""Clotrimazole (vaginal)"", ""found"": false, ""approved_in_india"": null, ""first_approval_date"": null, ""india_indications"": [], ""note"": ""Not found in the CDSCO new-drug lists. The register is thin before about 2009 and several older lists are scanned images that cannot be read, so this is not evidence the molecule is unapproved in India."", ""source_name"": ""CDSCO List of Approved New Drugs"", ""retrieved_utc"": ""2026-08-05T12:13:39+00:00""}","{""us_initial_approval_year"": {""value"": 1984, ""source_name"": ""FDA prescribing information via DailyMed (CLOTRIMAZOLE AND BETAMETHASONE DIPROPIONATE CREAM [E. FOUGERA & CO. A DIVISION OF FOUGERA PHARMACEUTICALS, LLC])"", ""source_url"": ""https://dailymed.nlm.nih.gov/dailymed/drugInfo.cfm?setid=55db730a-df6d-4950-9c26-91b06bdcef36"", ""retrieved"": ""2026-08-03"", ""quote"": ""Initial U.S. Approval: 1984""}}",[],,,,,,,,,
fluconazole,Fluconazole,2026-08-04T08:32:59.617704+00:00,Women's Health,Oral tab,oral,fixed_course,150 mg,"Forcan, Zocon","Cipla, FDC",Generics + optional adherence PSP,Affordable branded generics widely available; innovator brands may offer counselling/adherence support via the prescriber. Jan Aushadhi generics available for older molecules.,workbook_reference_unverified,False,False,Vulvovaginal candidiasis,Vulvovaginal antifungal,~2000,825,27.5,tab,True,Assumes once-daily dosing of one tab (30/month).,₹15–40 / tab,False,"[{""indication"": ""Vulvovaginal candidiasis""}]",mycological_cure,Mycological Cure Rate,%,,True,,,[],0.0,Standard of Care,,,,True,True,"[""Nausea"", ""Headache"", ""Fatigue""]","[""Muscle Pain"", ""Gastrointestinal discomfort""]","{""status"": ""unavailable"", ""missing_fields"": [""mycological_cure""], ""issues"": [{""field"": ""mycological_cure"", ""severity"": ""warning"", ""message"": ""Primary endpoint not in workbook — run analysis or enter manually.""}]}","{""addressable_population"": null, ""sources"": ""Not available — regional incidence not resolved""}","{""clinical"": ""Standard prescribing guides"", ""competitor"": ""Standard of Care baseline"", ""safety"": ""Clinical trial safety metadata"", ""drug_safety"": ""Product label"", ""clinical_tier"": ""tier_2"", ""competitor_tier"": ""tier_3"", ""safety_tier"": ""tier_2""}","{""global_approval"": {""agency"": ""FDA"", ""date"": ""~2000"", ""status"": ""approved""}, ""regional_status"": ""launched"", ""local_regulator"": ""CDSCO"", ""local_approval_date"": ""~2000"", ""availability_text"": ""Commercially Available (Audited)"", ""availability_color"": ""green"", ""notes"": """", ""is_available"": true}","{""IN"": 825, ""SG"": 13, ""AE"": 37}",True,"{""listed"": false, ""source_url"": ""https://nppa.gov.in/en/nlem2022"", ""retrieved_utc"": ""2026-08-04T14:32:40+00:00""}",False,1,"[{""text"": ""Vulvovaginal candidiasis"", ""raw"": ""Vulvovaginal candidiasis"", ""qualifier"": null, ""off_label"": false, ""registry_indication"": ""Vulvovaginal Candidiasis"", ""category"": ""Women's Health"", ""mapped"": true}]",2026-08-04T15:31:12+00:00,1,0,Women's Health,Vulvovaginal candidiasis,Vulvovaginal Candidiasis,[],"{""molecule"": ""Fluconazole"", ""found"": false, ""approved_in_india"": null, ""first_approval_date"": null, ""india_indications"": [], ""note"": ""Not found in the CDSCO new-drug lists. The register is thin before about 2009 and several older lists are scanned images that cannot be read, so this is not evidence the molecule is unapproved in India."", ""source_name"": ""CDSCO List of Approved New Drugs"", ""retrieved_utc"": ""2026-08-05T12:13:39+00:00""}",,,,,,,,,,,
