drug_code,generic_name,molecule,unit_size,units_per_pack,mrp_inr,priced,mrp_per_unit_inr,group_name,source_name,source_url,provenance_note,out_of_scope,out_of_scope_reason,retrieved_utc
1,Aceclofenac 100mg and Paracetamol 325mg Tablets,Aceclofenac,10's,10,10.32,True,1.032,Analgesic/Antipyretic/Anti-Inflammatory,Jan Aushadhi (PMBJP) product and MRP list,https://janaushadhi.gov.in/product-portfolio/product-mrp-list,Exported from the site's own Download Files button. Direct API calls to port 8443 return 500 from outside the browser.,False,,2026-08-06T05:37:19+00:00
2,Aceclofenac Tablets IP 100 mg,Aceclofenac,10's,10,8.25,True,0.825,Analgesic/Antipyretic/Anti-Inflammatory,Jan Aushadhi (PMBJP) product and MRP list,https://janaushadhi.gov.in/product-portfolio/product-mrp-list,Exported from the site's own Download Files button. Direct API calls to port 8443 return 500 from outside the browser.,False,,2026-08-06T05:37:19+00:00
3,Pregabalin Capsules IP 75 mg,Pregabalin,10's,10,22.69,True,2.269,Central Nervous System (CNS),Jan Aushadhi (PMBJP) product and MRP list,https://janaushadhi.gov.in/product-portfolio/product-mrp-list,Exported from the site's own Download Files button. Direct API calls to port 8443 return 500 from outside the browser.,False,,2026-08-06T05:37:19+00:00
5,Aspirin Gastro-resistant Tablets IP 150 mg,Aspirin Gastro resistant,14's,14,5.16,True,0.3686,Analgesic/Antipyretic/Anti-Inflammatory,Jan Aushadhi (PMBJP) product and MRP list,https://janaushadhi.gov.in/product-portfolio/product-mrp-list,Exported from the site's own Download Files button. Direct API calls to port 8443 return 500 from outside the browser.,False,,2026-08-06T05:37:19+00:00
6,"Chlorzoxazone 500mg, Diclofenac 50mg and Paracetamol 325mg Tablets",Chlorzoxazone,10's,10,25.78,True,2.578,Analgesic/Antipyretic/Anti-Inflammatory,Jan Aushadhi (PMBJP) product and MRP list,https://janaushadhi.gov.in/product-portfolio/product-mrp-list,Exported from the site's own Download Files button. Direct API calls to port 8443 return 500 from outside the browser.,False,,2026-08-06T05:37:19+00:00
7,Diclofenac Gel IP 1.16%w/w (Diclofenac Diethylamine),Diclofenac,15 g,15,12.38,True,0.8253,Dermatology/Topical/External,Jan Aushadhi (PMBJP) product and MRP list,https://janaushadhi.gov.in/product-portfolio/product-mrp-list,Exported from the site's own Download Files button. Direct API calls to port 8443 return 500 from outside the browser.,False,,2026-08-06T05:37:19+00:00
8,Serratiopeptidase 10mg and Diclofenac Sodium 50mg Tablets,Serratiopeptidase,10's,10,15.88,True,1.588,Analgesic/Antipyretic/Anti-Inflammatory,Jan Aushadhi (PMBJP) product and MRP list,https://janaushadhi.gov.in/product-portfolio/product-mrp-list,Exported from the site's own Download Files button. Direct API calls to port 8443 return 500 from outside the browser.,False,,2026-08-06T05:37:19+00:00
9,Diclofenac Sodium Prolonged Release Tablets IP 100 mg,Diclofenac Sodium Prolonged Release,10's,10,12.47,True,1.247,Analgesic/Antipyretic/Anti-Inflammatory,Jan Aushadhi (PMBJP) product and MRP list,https://janaushadhi.gov.in/product-portfolio/product-mrp-list,Exported from the site's own Download Files button. Direct API calls to port 8443 return 500 from outside the browser.,False,,2026-08-06T05:37:19+00:00
10,Diclofenac Sodium Injection IP 25mg per ml,Diclofenac Sodium,3 ml,3,3.75,True,1.25,Analgesic/Antipyretic/Anti-Inflammatory,Jan Aushadhi (PMBJP) product and MRP list,https://janaushadhi.gov.in/product-portfolio/product-mrp-list,Exported from the site's own Download Files button. Direct API calls to port 8443 return 500 from outside the browser.,False,,2026-08-06T05:37:19+00:00
11,Diclofenac Gastro-Resistant Tablets IP 50 mg,Diclofenac Gastro Resistant,10's,10,5.68,True,0.568,Analgesic/Antipyretic/Anti-Inflammatory,Jan Aushadhi (PMBJP) product and MRP list,https://janaushadhi.gov.in/product-portfolio/product-mrp-list,Exported from the site's own Download Files button. Direct API calls to port 8443 return 500 from outside the browser.,False,,2026-08-06T05:37:19+00:00
12,Etoricoxib Tablets IP 120 mg,Etoricoxib,10's,10,35.63,True,3.563,Analgesic/Antipyretic/Anti-Inflammatory,Jan Aushadhi (PMBJP) product and MRP list,https://janaushadhi.gov.in/product-portfolio/product-mrp-list,Exported from the site's own Download Files button. Direct API calls to port 8443 return 500 from outside the browser.,False,,2026-08-06T05:37:19+00:00
13,Etoricoxib Tablets IP 90 mg,Etoricoxib,10's,10,31.97,True,3.197,Analgesic/Antipyretic/Anti-Inflammatory,Jan Aushadhi (PMBJP) product and MRP list,https://janaushadhi.gov.in/product-portfolio/product-mrp-list,Exported from the site's own Download Files button. Direct API calls to port 8443 return 500 from outside the browser.,False,,2026-08-06T05:37:19+00:00
14,Ibuprofen 400mg and Paracetamol 325mg Tablets IP,Ibuprofen,10's,10,8.25,True,0.825,Analgesic/Antipyretic/Anti-Inflammatory,Jan Aushadhi (PMBJP) product and MRP list,https://janaushadhi.gov.in/product-portfolio/product-mrp-list,Exported from the site's own Download Files button. Direct API calls to port 8443 return 500 from outside the browser.,False,,2026-08-06T05:37:19+00:00
15,Ibuprofen Tablets IP 200 mg,Ibuprofen,10's,10,2.81,True,0.281,Analgesic/Antipyretic/Anti-Inflammatory,Jan Aushadhi (PMBJP) product and MRP list,https://janaushadhi.gov.in/product-portfolio/product-mrp-list,Exported from the site's own Download Files button. Direct API calls to port 8443 return 500 from outside the browser.,False,,2026-08-06T05:37:19+00:00
16,Ibuprofen Tablets IP 400 mg,Ibuprofen,15's,15,9.08,True,0.6053,Analgesic/Antipyretic/Anti-Inflammatory,Jan Aushadhi (PMBJP) product and MRP list,https://janaushadhi.gov.in/product-portfolio/product-mrp-list,Exported from the site's own Download Files button. Direct API calls to port 8443 return 500 from outside the browser.,False,,2026-08-06T05:37:19+00:00
17,Indomethacin Capsules IP 25 mg,Indomethacin,10's,10,12.19,True,1.219,Analgesic/Antipyretic/Anti-Inflammatory,Jan Aushadhi (PMBJP) product and MRP list,https://janaushadhi.gov.in/product-portfolio/product-mrp-list,Exported from the site's own Download Files button. Direct API calls to port 8443 return 500 from outside the browser.,False,,2026-08-06T05:37:19+00:00
18,Azithromycin Tablets IP 250 mg,Azithromycin,6's,6,42.19,True,7.0317,Antibiotics,Jan Aushadhi (PMBJP) product and MRP list,https://janaushadhi.gov.in/product-portfolio/product-mrp-list,Exported from the site's own Download Files button. Direct API calls to port 8443 return 500 from outside the browser.,False,,2026-08-06T05:37:19+00:00
19,Nimesulide 100mg and Paracetamol 325mg Tablets,Nimesulide,10's,10,11.34,True,1.134,Analgesic/Antipyretic/Anti-Inflammatory,Jan Aushadhi (PMBJP) product and MRP list,https://janaushadhi.gov.in/product-portfolio/product-mrp-list,Exported from the site's own Download Files button. Direct API calls to port 8443 return 500 from outside the browser.,False,,2026-08-06T05:37:19+00:00
20,Nimesulide Tablets 100 mg,Nimesulide,10's,10,6.81,True,0.681,Analgesic/Antipyretic/Anti-Inflammatory,Jan Aushadhi (PMBJP) product and MRP list,https://janaushadhi.gov.in/product-portfolio/product-mrp-list,Exported from the site's own Download Files button. Direct API calls to port 8443 return 500 from outside the browser.,False,,2026-08-06T05:37:19+00:00
21,Diclofenac Sodium 50mg and Paracetamol 325mg Tablets IP,Diclofenac Sodium,10's,10,10.21,True,1.021,Analgesic/Antipyretic/Anti-Inflammatory,Jan Aushadhi (PMBJP) product and MRP list,https://janaushadhi.gov.in/product-portfolio/product-mrp-list,Exported from the site's own Download Files button. Direct API calls to port 8443 return 500 from outside the browser.,False,,2026-08-06T05:37:19+00:00
22,Paracetamol Paediatric Oral Suspension IP 125 mg per 5 ml,Paracetamol Paediatric Oral,60 ml,60,11.34,True,0.189,Analgesic/Antipyretic/Anti-Inflammatory,Jan Aushadhi (PMBJP) product and MRP list,https://janaushadhi.gov.in/product-portfolio/product-mrp-list,Exported from the site's own Download Files button. Direct API calls to port 8443 return 500 from outside the browser.,False,,2026-08-06T05:37:19+00:00
23,Paracetamol Tablets IP 500 mg,Paracetamol,10's,10,6.56,True,0.656,Analgesic/Antipyretic/Anti-Inflammatory,Jan Aushadhi (PMBJP) product and MRP list,https://janaushadhi.gov.in/product-portfolio/product-mrp-list,Exported from the site's own Download Files button. Direct API calls to port 8443 return 500 from outside the browser.,False,,2026-08-06T05:37:19+00:00
24,Pentazocine Injection IP 30 mg per ml,Pentazocine,1 ml,1,14.06,True,14.06,Analgesic/Antipyretic/Anti-Inflammatory,Jan Aushadhi (PMBJP) product and MRP list,https://janaushadhi.gov.in/product-portfolio/product-mrp-list,Exported from the site's own Download Files button. Direct API calls to port 8443 return 500 from outside the browser.,False,,2026-08-06T05:37:19+00:00
25,Serratiopeptidase Tablets IP 10 mg,Serratiopeptidase,10's,10,12.47,True,1.247,Analgesic/Antipyretic/Anti-Inflammatory,Jan Aushadhi (PMBJP) product and MRP list,https://janaushadhi.gov.in/product-portfolio/product-mrp-list,Exported from the site's own Download Files button. Direct API calls to port 8443 return 500 from outside the browser.,False,,2026-08-06T05:37:19+00:00
26,Tramadol Hydrochloride Injection 100 mg per 2 ml,Tramadol Hydrochloride,2 ml,2,7.5,True,3.75,Analgesic/Antipyretic/Anti-Inflammatory,Jan Aushadhi (PMBJP) product and MRP list,https://janaushadhi.gov.in/product-portfolio/product-mrp-list,Exported from the site's own Download Files button. Direct API calls to port 8443 return 500 from outside the browser.,False,,2026-08-06T05:37:19+00:00
27,Tramadol HCl Injection 50mg 1 ml,Tramadol HCl,1 ml,1,4.69,True,4.69,Analgesic/Antipyretic/Anti-Inflammatory,Jan Aushadhi (PMBJP) product and MRP list,https://janaushadhi.gov.in/product-portfolio/product-mrp-list,Exported from the site's own Download Files button. Direct API calls to port 8443 return 500 from outside the browser.,False,,2026-08-06T05:37:19+00:00
28,Tramadol Tablets 50mg,Tramadol,10's,10,8.25,True,0.825,Analgesic/Antipyretic/Anti-Inflammatory,Jan Aushadhi (PMBJP) product and MRP list,https://janaushadhi.gov.in/product-portfolio/product-mrp-list,Exported from the site's own Download Files button. Direct API calls to port 8443 return 500 from outside the browser.,False,,2026-08-06T05:37:19+00:00
29,Aciclovir Tablets IP 400 mg,Aciclovir,10's,10,41.25,True,4.125,Anti-Viral,Jan Aushadhi (PMBJP) product and MRP list,https://janaushadhi.gov.in/product-portfolio/product-mrp-list,Exported from the site's own Download Files button. Direct API calls to port 8443 return 500 from outside the browser.,False,,2026-08-06T05:37:19+00:00
30,Amikacin Injection IP 100 mg per 2 ml,Amikacin,2 ml Vial,2,12.0,True,6.0,Antibiotics,Jan Aushadhi (PMBJP) product and MRP list,https://janaushadhi.gov.in/product-portfolio/product-mrp-list,Exported from the site's own Download Files button. Direct API calls to port 8443 return 500 from outside the browser.,False,,2026-08-06T05:37:19+00:00
31,Amikacin Injection IP 250 mg per 2 ml,Amikacin,2 ml Vial,2,20.0,True,10.0,Antibiotics,Jan Aushadhi (PMBJP) product and MRP list,https://janaushadhi.gov.in/product-portfolio/product-mrp-list,Exported from the site's own Download Files button. Direct API calls to port 8443 return 500 from outside the browser.,False,,2026-08-06T05:37:19+00:00
32,Amikacin Injection IP 500 mg per 2 ml,Amikacin,2 ml Vial,2,27.19,True,13.595,Antibiotics,Jan Aushadhi (PMBJP) product and MRP list,https://janaushadhi.gov.in/product-portfolio/product-mrp-list,Exported from the site's own Download Files button. Direct API calls to port 8443 return 500 from outside the browser.,False,,2026-08-06T05:37:19+00:00
34,Metformin Hydrochloride Prolonged-release 500mg and Glimepiride 2mg Tablets IP,Metformin Hydrochloride Prolonged release,15's,15,27.23,True,1.8153,Anti-Diabetic,Jan Aushadhi (PMBJP) product and MRP list,https://janaushadhi.gov.in/product-portfolio/product-mrp-list,Exported from the site's own Download Files button. Direct API calls to port 8443 return 500 from outside the browser.,False,,2026-08-06T05:37:19+00:00
35,Amoxycillin 1g and Potassium Clavulanate 200mg Injection IP,Amoxycillin,Vial & Wfi,,54.38,True,,Antibiotics,Jan Aushadhi (PMBJP) product and MRP list,https://janaushadhi.gov.in/product-portfolio/product-mrp-list,Exported from the site's own Download Files button. Direct API calls to port 8443 return 500 from outside the browser.,False,,2026-08-06T05:37:19+00:00
36,Amoxycillin 200mg and Potassium Clavulanate 28.5mg Oral Suspension IP per 5ml,Amoxycillin,30 ml,30,25.31,True,0.8437,Antibiotics,Jan Aushadhi (PMBJP) product and MRP list,https://janaushadhi.gov.in/product-portfolio/product-mrp-list,Exported from the site's own Download Files button. Direct API calls to port 8443 return 500 from outside the browser.,False,,2026-08-06T05:37:19+00:00
37,Amoxycillin 250mg and Potassium Clavulanate 50mg Injection IP,Amoxycillin,Vial & Wfi,,26.25,True,,Antibiotics,Jan Aushadhi (PMBJP) product and MRP list,https://janaushadhi.gov.in/product-portfolio/product-mrp-list,Exported from the site's own Download Files button. Direct API calls to port 8443 return 500 from outside the browser.,False,,2026-08-06T05:37:19+00:00
38,Amoxycillin 500mg and Potassium Clavulanate 100mg Injection IP,Amoxycillin,Vial & Wfi,,37.5,True,,Antibiotics,Jan Aushadhi (PMBJP) product and MRP list,https://janaushadhi.gov.in/product-portfolio/product-mrp-list,Exported from the site's own Download Files button. Direct API calls to port 8443 return 500 from outside the browser.,False,,2026-08-06T05:37:19+00:00
39,Amoxycillin 500mg and Potassium Clavulanate 125mg Tablets IP,Amoxycillin,6's,6,57.85,True,9.6417,Antibiotics,Jan Aushadhi (PMBJP) product and MRP list,https://janaushadhi.gov.in/product-portfolio/product-mrp-list,Exported from the site's own Download Files button. Direct API calls to port 8443 return 500 from outside the browser.,False,,2026-08-06T05:37:19+00:00
40,Amoxycillin 250mg and Cloxacillin 250mg Capsules,Amoxycillin,10's,10,29.91,True,2.991,Antibiotics,Jan Aushadhi (PMBJP) product and MRP list,https://janaushadhi.gov.in/product-portfolio/product-mrp-list,Exported from the site's own Download Files button. Direct API calls to port 8443 return 500 from outside the browser.,False,,2026-08-06T05:37:19+00:00
42,Amoxycillin Trihydrate Dispersible Tablets IP 125 mg,Amoxycillin Trihydrate Dispersible,10's,10,11.25,True,1.125,Antibiotics,Jan Aushadhi (PMBJP) product and MRP list,https://janaushadhi.gov.in/product-portfolio/product-mrp-list,Exported from the site's own Download Files button. Direct API calls to port 8443 return 500 from outside the browser.,False,,2026-08-06T05:37:19+00:00
43,Amoxycillin Oral Suspension IP 125mg per 5ml,Amoxycillin Oral,60 ml,60,17.81,True,0.2968,Antibiotics,Jan Aushadhi (PMBJP) product and MRP list,https://janaushadhi.gov.in/product-portfolio/product-mrp-list,Exported from the site's own Download Files button. Direct API calls to port 8443 return 500 from outside the browser.,False,,2026-08-06T05:37:19+00:00
44,Amoxycillin Capsules IP 250mg,Amoxycillin,10's,10,13.13,True,1.313,Antibiotics,Jan Aushadhi (PMBJP) product and MRP list,https://janaushadhi.gov.in/product-portfolio/product-mrp-list,Exported from the site's own Download Files button. Direct API calls to port 8443 return 500 from outside the browser.,False,,2026-08-06T05:37:19+00:00
45,Amoxycillin Capsules IP 500mg,Amoxycillin,10's,10,36.09,True,3.609,Antibiotics,Jan Aushadhi (PMBJP) product and MRP list,https://janaushadhi.gov.in/product-portfolio/product-mrp-list,Exported from the site's own Download Files button. Direct API calls to port 8443 return 500 from outside the browser.,False,,2026-08-06T05:37:19+00:00
46,Ampicillin Injection IP 500 mg,Ampicillin,Vial,,7.22,True,,Antibiotics,Jan Aushadhi (PMBJP) product and MRP list,https://janaushadhi.gov.in/product-portfolio/product-mrp-list,Exported from the site's own Download Files button. Direct API calls to port 8443 return 500 from outside the browser.,False,,2026-08-06T05:37:19+00:00
47,Azithromycin Oral Suspension IP 100mg per 5ml,Azithromycin Oral,15 ml,15,14.06,True,0.9373,Antibiotics,Jan Aushadhi (PMBJP) product and MRP list,https://janaushadhi.gov.in/product-portfolio/product-mrp-list,Exported from the site's own Download Files button. Direct API calls to port 8443 return 500 from outside the browser.,False,,2026-08-06T05:37:19+00:00
48,Azithromycin Dispersible Tablets 100mg,Azithromycin Dispersible,10's,10,25.31,True,2.531,Antibiotics,Jan Aushadhi (PMBJP) product and MRP list,https://janaushadhi.gov.in/product-portfolio/product-mrp-list,Exported from the site's own Download Files button. Direct API calls to port 8443 return 500 from outside the browser.,False,,2026-08-06T05:37:19+00:00
51,Cefadroxil Dispersible Tablets 250mg,Cefadroxil Dispersible,10's,10,17.53,True,1.753,Antibiotics,Jan Aushadhi (PMBJP) product and MRP list,https://janaushadhi.gov.in/product-portfolio/product-mrp-list,Exported from the site's own Download Files button. Direct API calls to port 8443 return 500 from outside the browser.,False,,2026-08-06T05:37:19+00:00
52,Cefadroxil Tablets IP 500 mg,Cefadroxil,10's,10,22.69,True,2.269,Antibiotics,Jan Aushadhi (PMBJP) product and MRP list,https://janaushadhi.gov.in/product-portfolio/product-mrp-list,Exported from the site's own Download Files button. Direct API calls to port 8443 return 500 from outside the browser.,False,,2026-08-06T05:37:19+00:00
53,Cefixime Oral Suspension IP 50mg per 5ml,Cefixime Oral,30 ml,30,18.75,True,0.625,Antibiotics,Jan Aushadhi (PMBJP) product and MRP list,https://janaushadhi.gov.in/product-portfolio/product-mrp-list,Exported from the site's own Download Files button. Direct API calls to port 8443 return 500 from outside the browser.,False,,2026-08-06T05:37:19+00:00
54,Cefixime Tablets IP 100 mg,Cefixime,10's,10,28.88,True,2.888,Antibiotics,Jan Aushadhi (PMBJP) product and MRP list,https://janaushadhi.gov.in/product-portfolio/product-mrp-list,Exported from the site's own Download Files button. Direct API calls to port 8443 return 500 from outside the browser.,False,,2026-08-06T05:37:19+00:00
55,Cefixime Tablets IP 200 mg,Cefixime,10's,10,52.55,True,5.255,Antibiotics,Jan Aushadhi (PMBJP) product and MRP list,https://janaushadhi.gov.in/product-portfolio/product-mrp-list,Exported from the site's own Download Files button. Direct API calls to port 8443 return 500 from outside the browser.,False,,2026-08-06T05:37:19+00:00
56,Cefoperazone 1g and Sulbactam 1g Injection,Cefoperazone,Vial & Wfi,,82.5,True,,Antibiotics,Jan Aushadhi (PMBJP) product and MRP list,https://janaushadhi.gov.in/product-portfolio/product-mrp-list,Exported from the site's own Download Files button. Direct API calls to port 8443 return 500 from outside the browser.,False,,2026-08-06T05:37:19+00:00
57,Cefoperazone 500mg and Sulbactam 500mg Injection,Cefoperazone,Vial & Wfi,,46.88,True,,Antibiotics,Jan Aushadhi (PMBJP) product and MRP list,https://janaushadhi.gov.in/product-portfolio/product-mrp-list,Exported from the site's own Download Files button. Direct API calls to port 8443 return 500 from outside the browser.,False,,2026-08-06T05:37:19+00:00
58,Cefoperazone Injection IP 1 g,Cefoperazone,Vial & Wfi,,43.13,True,,Antibiotics,Jan Aushadhi (PMBJP) product and MRP list,https://janaushadhi.gov.in/product-portfolio/product-mrp-list,Exported from the site's own Download Files button. Direct API calls to port 8443 return 500 from outside the browser.,False,,2026-08-06T05:37:19+00:00
59,Cefotaxime Sodium 1g and Sulbactam Sodium 500mg Injection,Cefotaxime Sodium,Vial & Wfi,,26.25,True,,Antibiotics,Jan Aushadhi (PMBJP) product and MRP list,https://janaushadhi.gov.in/product-portfolio/product-mrp-list,Exported from the site's own Download Files button. Direct API calls to port 8443 return 500 from outside the browser.,False,,2026-08-06T05:37:19+00:00
60,Cefotaxime Sodium 250mg and Sulbactam Sodium 125mg Injection,Cefotaxime Sodium,Vial & Wfi,,11.34,True,,Antibiotics,Jan Aushadhi (PMBJP) product and MRP list,https://janaushadhi.gov.in/product-portfolio/product-mrp-list,Exported from the site's own Download Files button. Direct API calls to port 8443 return 500 from outside the browser.,False,,2026-08-06T05:37:19+00:00
61,Cefotaxime Sodium 500mg and Sulbactam Sodium 250mg Injection,Cefotaxime Sodium,Vial & Wfi,,17.81,True,,Antibiotics,Jan Aushadhi (PMBJP) product and MRP list,https://janaushadhi.gov.in/product-portfolio/product-mrp-list,Exported from the site's own Download Files button. Direct API calls to port 8443 return 500 from outside the browser.,False,,2026-08-06T05:37:19+00:00
62,Cefotaxime Sodium Injection IP 1g,Cefotaxime Sodium,Vial & Wfi,,17.81,True,,Antibiotics,Jan Aushadhi (PMBJP) product and MRP list,https://janaushadhi.gov.in/product-portfolio/product-mrp-list,Exported from the site's own Download Files button. Direct API calls to port 8443 return 500 from outside the browser.,False,,2026-08-06T05:37:19+00:00
63,Cefotaxime Sodium Injection IP 250 mg,Cefotaxime Sodium,Vial & Wfi,,9.38,True,,Antibiotics,Jan Aushadhi (PMBJP) product and MRP list,https://janaushadhi.gov.in/product-portfolio/product-mrp-list,Exported from the site's own Download Files button. Direct API calls to port 8443 return 500 from outside the browser.,False,,2026-08-06T05:37:19+00:00
64,Cefotaxime Sodium Injection IP 500 mg,Cefotaxime Sodium,Vial & Wfi,,11.25,True,,Antibiotics,Jan Aushadhi (PMBJP) product and MRP list,https://janaushadhi.gov.in/product-portfolio/product-mrp-list,Exported from the site's own Download Files button. Direct API calls to port 8443 return 500 from outside the browser.,False,,2026-08-06T05:37:19+00:00
65,Cefpodoxime Proxetil Dispersible Tablets 100 mg,Cefpodoxime Proxetil Dispersible,10's,10,37.5,True,3.75,Antibiotics,Jan Aushadhi (PMBJP) product and MRP list,https://janaushadhi.gov.in/product-portfolio/product-mrp-list,Exported from the site's own Download Files button. Direct API calls to port 8443 return 500 from outside the browser.,False,,2026-08-06T05:37:19+00:00
66,Cefpodoxime Tablets IP 200 mg,Cefpodoxime,10's,10,72.19,True,7.219,Antibiotics,Jan Aushadhi (PMBJP) product and MRP list,https://janaushadhi.gov.in/product-portfolio/product-mrp-list,Exported from the site's own Download Files button. Direct API calls to port 8443 return 500 from outside the browser.,False,,2026-08-06T05:37:19+00:00
67,Ceftazidime Injection IP 1g,Ceftazidime,Vial & Wfi,,75.0,True,,Antibiotics,Jan Aushadhi (PMBJP) product and MRP list,https://janaushadhi.gov.in/product-portfolio/product-mrp-list,Exported from the site's own Download Files button. Direct API calls to port 8443 return 500 from outside the browser.,False,,2026-08-06T05:37:19+00:00
68,Ceftazidime Injection IP 250mg,Ceftazidime,Vial & Wfi,,28.13,True,,Antibiotics,Jan Aushadhi (PMBJP) product and MRP list,https://janaushadhi.gov.in/product-portfolio/product-mrp-list,Exported from the site's own Download Files button. Direct API calls to port 8443 return 500 from outside the browser.,False,,2026-08-06T05:37:19+00:00
69,Ceftazidime Injection IP 500mg,Ceftazidime,Vial & Wfi,,46.88,True,,Antibiotics,Jan Aushadhi (PMBJP) product and MRP list,https://janaushadhi.gov.in/product-portfolio/product-mrp-list,Exported from the site's own Download Files button. Direct API calls to port 8443 return 500 from outside the browser.,False,,2026-08-06T05:37:19+00:00
70,Ceftriaxone 1g and Sulbactam 500mg Injection,Ceftriaxone,Vial & Wfi,,45.0,True,,Antibiotics,Jan Aushadhi (PMBJP) product and MRP list,https://janaushadhi.gov.in/product-portfolio/product-mrp-list,Exported from the site's own Download Files button. Direct API calls to port 8443 return 500 from outside the browser.,False,,2026-08-06T05:37:19+00:00
71,Ceftriaxone 1g and Tazobactam 125mg Injection,Ceftriaxone,Vial & Wfi,,45.0,True,,Antibiotics,Jan Aushadhi (PMBJP) product and MRP list,https://janaushadhi.gov.in/product-portfolio/product-mrp-list,Exported from the site's own Download Files button. Direct API calls to port 8443 return 500 from outside the browser.,False,,2026-08-06T05:37:19+00:00
72,Azithromycin Tablets IP 500 mg,Azithromycin,3's,3,39.38,True,13.1267,Antibiotics,Jan Aushadhi (PMBJP) product and MRP list,https://janaushadhi.gov.in/product-portfolio/product-mrp-list,Exported from the site's own Download Files button. Direct API calls to port 8443 return 500 from outside the browser.,False,,2026-08-06T05:37:19+00:00
73,Ceftriaxone 250 mg and Sulbactam 125 mg Injection,Ceftriaxone,Vial & Wfi,,15.94,True,,Antibiotics,Jan Aushadhi (PMBJP) product and MRP list,https://janaushadhi.gov.in/product-portfolio/product-mrp-list,Exported from the site's own Download Files button. Direct API calls to port 8443 return 500 from outside the browser.,False,,2026-08-06T05:37:19+00:00
74,Ceftriaxone 500mg and Sulbactam 250mg Injection,Ceftriaxone,Vial & Wfi,,32.81,True,,Antibiotics,Jan Aushadhi (PMBJP) product and MRP list,https://janaushadhi.gov.in/product-portfolio/product-mrp-list,Exported from the site's own Download Files button. Direct API calls to port 8443 return 500 from outside the browser.,False,,2026-08-06T05:37:19+00:00
75,Ceftriaxone Injection IP  1 g,Ceftriaxone,Vial & Wfi,,28.88,True,,Antibiotics,Jan Aushadhi (PMBJP) product and MRP list,https://janaushadhi.gov.in/product-portfolio/product-mrp-list,Exported from the site's own Download Files button. Direct API calls to port 8443 return 500 from outside the browser.,False,,2026-08-06T05:37:19+00:00
76,Ceftriaxone Injection IP 250 mg,Ceftriaxone,Vial & Wfi,,12.19,True,,Antibiotics,Jan Aushadhi (PMBJP) product and MRP list,https://janaushadhi.gov.in/product-portfolio/product-mrp-list,Exported from the site's own Download Files button. Direct API calls to port 8443 return 500 from outside the browser.,False,,2026-08-06T05:37:19+00:00
77,Ceftriaxone injection IP 500 mg,Ceftriaxone,Vial & Wfi,,22.5,True,,Antibiotics,Jan Aushadhi (PMBJP) product and MRP list,https://janaushadhi.gov.in/product-portfolio/product-mrp-list,Exported from the site's own Download Files button. Direct API calls to port 8443 return 500 from outside the browser.,False,,2026-08-06T05:37:19+00:00
78,Cefuroxime Axetil Tablets IP 250 mg,Cefuroxime Axetil,10's,10,70.31,True,7.031,Antibiotics,Jan Aushadhi (PMBJP) product and MRP list,https://janaushadhi.gov.in/product-portfolio/product-mrp-list,Exported from the site's own Download Files button. Direct API calls to port 8443 return 500 from outside the browser.,False,,2026-08-06T05:37:19+00:00
79,Cefuroxime Axetil Tablets IP 500 mg,Cefuroxime Axetil,10's,10,146.44,True,14.644,Antibiotics,Jan Aushadhi (PMBJP) product and MRP list,https://janaushadhi.gov.in/product-portfolio/product-mrp-list,Exported from the site's own Download Files button. Direct API calls to port 8443 return 500 from outside the browser.,False,,2026-08-06T05:37:19+00:00
80,Cephalexin Tablets IP 125mg (Dispersible),Cephalexin,10's,10,19.69,True,1.969,Antibiotics,Jan Aushadhi (PMBJP) product and MRP list,https://janaushadhi.gov.in/product-portfolio/product-mrp-list,Exported from the site's own Download Files button. Direct API calls to port 8443 return 500 from outside the browser.,False,,2026-08-06T05:37:19+00:00
81,Cephalexin  Capsules IP 250mg,Cephalexin,10's,10,30.94,True,3.094,Antibiotics,Jan Aushadhi (PMBJP) product and MRP list,https://janaushadhi.gov.in/product-portfolio/product-mrp-list,Exported from the site's own Download Files button. Direct API calls to port 8443 return 500 from outside the browser.,False,,2026-08-06T05:37:19+00:00
82,Cephalexin Capsules IP 500mg,Cephalexin,10's,10,46.88,True,4.688,Antibiotics,Jan Aushadhi (PMBJP) product and MRP list,https://janaushadhi.gov.in/product-portfolio/product-mrp-list,Exported from the site's own Download Files button. Direct API calls to port 8443 return 500 from outside the browser.,False,,2026-08-06T05:37:19+00:00
83,Ciprofloxacin 250mg and Tinidazole 300mg Tablets,Ciprofloxacin,10's,10,26.25,True,2.625,Antibiotics,Jan Aushadhi (PMBJP) product and MRP list,https://janaushadhi.gov.in/product-portfolio/product-mrp-list,Exported from the site's own Download Files button. Direct API calls to port 8443 return 500 from outside the browser.,False,,2026-08-06T05:37:19+00:00
84,Ciprofloxacin 500mg and Tinidazole 600mg Tablets,Ciprofloxacin,10's,10,36.56,True,3.656,Antibiotics,Jan Aushadhi (PMBJP) product and MRP list,https://janaushadhi.gov.in/product-portfolio/product-mrp-list,Exported from the site's own Download Files button. Direct API calls to port 8443 return 500 from outside the browser.,False,,2026-08-06T05:37:19+00:00
85,Ciprofloxacin Hydrochloride Tablets IP 250 mg,Ciprofloxacin Hydrochloride,10's,10,10.31,True,1.031,Antibiotics,Jan Aushadhi (PMBJP) product and MRP list,https://janaushadhi.gov.in/product-portfolio/product-mrp-list,Exported from the site's own Download Files button. Direct API calls to port 8443 return 500 from outside the browser.,False,,2026-08-06T05:37:19+00:00
86,Ciprofloxacin Hydrochloride Tablets IP 500 mg,Ciprofloxacin Hydrochloride,10's,10,20.63,True,2.063,Antibiotics,Jan Aushadhi (PMBJP) product and MRP list,https://janaushadhi.gov.in/product-portfolio/product-mrp-list,Exported from the site's own Download Files button. Direct API calls to port 8443 return 500 from outside the browser.,False,,2026-08-06T05:37:19+00:00
87,Clotrimazole Cream IP 1% w/w,Clotrimazole w w,15 g tubes,15,15.88,True,1.0587,Dermatology/Topical/External,Jan Aushadhi (PMBJP) product and MRP list,https://janaushadhi.gov.in/product-portfolio/product-mrp-list,Exported from the site's own Download Files button. Direct API calls to port 8443 return 500 from outside the browser.,False,,2026-08-06T05:37:19+00:00
88,Co-trimoxazole (Sulphamethoxazole 200mg and Trimethoprim 40mg per 5ml) Oral Suspension IP,Co trimoxazole Sulphamethoxazole,50 ml,50,14.06,True,0.2812,Antibiotics,Jan Aushadhi (PMBJP) product and MRP list,https://janaushadhi.gov.in/product-portfolio/product-mrp-list,Exported from the site's own Download Files button. Direct API calls to port 8443 return 500 from outside the browser.,False,,2026-08-06T05:37:19+00:00
89,Co-trimoxazole (Sulphamethoxazole 800mg and Trimethoprim 160mg) Tablets IP,Co trimoxazole Sulphamethoxazole,10's,10,11.34,True,1.134,Antibiotics,Jan Aushadhi (PMBJP) product and MRP list,https://janaushadhi.gov.in/product-portfolio/product-mrp-list,Exported from the site's own Download Files button. Direct API calls to port 8443 return 500 from outside the browser.,False,,2026-08-06T05:37:19+00:00
90,Co-trimoxazole (Sulphamethoxazole 100mg and Trimethoprim 20mg) Tablets IP,Co trimoxazole Sulphamethoxazole,10's,10,2.06,True,0.206,Antibiotics,Jan Aushadhi (PMBJP) product and MRP list,https://janaushadhi.gov.in/product-portfolio/product-mrp-list,Exported from the site's own Download Files button. Direct API calls to port 8443 return 500 from outside the browser.,False,,2026-08-06T05:37:19+00:00
92,Doxycycline Capsules IP 100mg,Doxycycline,10's,10,15.88,True,1.588,Antibiotics,Jan Aushadhi (PMBJP) product and MRP list,https://janaushadhi.gov.in/product-portfolio/product-mrp-list,Exported from the site's own Download Files button. Direct API calls to port 8443 return 500 from outside the browser.,False,,2026-08-06T05:37:19+00:00
93,Erythromycin Stearate Tablets IP  250mg,Erythromycin Stearate,10's,10,19.59,True,1.959,Antibiotics,Jan Aushadhi (PMBJP) product and MRP list,https://janaushadhi.gov.in/product-portfolio/product-mrp-list,Exported from the site's own Download Files button. Direct API calls to port 8443 return 500 from outside the browser.,False,,2026-08-06T05:37:19+00:00
94,Gentamicin Sulphate Injection IP 80 mg per 2ml,Gentamicin Sulphate,2 ml,2,5.09,True,2.545,Antibiotics,Jan Aushadhi (PMBJP) product and MRP list,https://janaushadhi.gov.in/product-portfolio/product-mrp-list,Exported from the site's own Download Files button. Direct API calls to port 8443 return 500 from outside the browser.,False,,2026-08-06T05:37:19+00:00
95,Levofloxacin Tablets IP 250mg,Levofloxacin,10's,10,16.88,True,1.688,Antibiotics,Jan Aushadhi (PMBJP) product and MRP list,https://janaushadhi.gov.in/product-portfolio/product-mrp-list,Exported from the site's own Download Files button. Direct API calls to port 8443 return 500 from outside the browser.,False,,2026-08-06T05:37:19+00:00
96,Levofloxacin Tablets IP 500mg,Levofloxacin,10's,10,34.03,True,3.403,Antibiotics,Jan Aushadhi (PMBJP) product and MRP list,https://janaushadhi.gov.in/product-portfolio/product-mrp-list,Exported from the site's own Download Files button. Direct API calls to port 8443 return 500 from outside the browser.,False,,2026-08-06T05:37:19+00:00
97,Meropenem Injection IP 1 g,Meropenem,Vial & Wfi,,221.25,True,,Antibiotics,Jan Aushadhi (PMBJP) product and MRP list,https://janaushadhi.gov.in/product-portfolio/product-mrp-list,Exported from the site's own Download Files button. Direct API calls to port 8443 return 500 from outside the browser.,False,,2026-08-06T05:37:19+00:00
98,Norfloxacin 400mg and Tinidazole 600mg Tablets,Norfloxacin,10's,10,37.5,True,3.75,Gastrointestinal (GIT),Jan Aushadhi (PMBJP) product and MRP list,https://janaushadhi.gov.in/product-portfolio/product-mrp-list,Exported from the site's own Download Files button. Direct API calls to port 8443 return 500 from outside the browser.,False,,2026-08-06T05:37:19+00:00
99,Norfloxacin Tablets IP 400 mg,Norfloxacin,10's,10,19.69,True,1.969,Antibiotics,Jan Aushadhi (PMBJP) product and MRP list,https://janaushadhi.gov.in/product-portfolio/product-mrp-list,Exported from the site's own Download Files button. Direct API calls to port 8443 return 500 from outside the browser.,False,,2026-08-06T05:37:19+00:00
100,Ofloxacin 200mg and Ornidazole 500mg Tablets IP,Ofloxacin,10's,10,28.36,True,2.836,Antibiotics,Jan Aushadhi (PMBJP) product and MRP list,https://janaushadhi.gov.in/product-portfolio/product-mrp-list,Exported from the site's own Download Files button. Direct API calls to port 8443 return 500 from outside the browser.,False,,2026-08-06T05:37:19+00:00
101,Ofloxacin Tablets IP 200mg,Ofloxacin,10's,10,14.44,True,1.444,Antibiotics,Jan Aushadhi (PMBJP) product and MRP list,https://janaushadhi.gov.in/product-portfolio/product-mrp-list,Exported from the site's own Download Files button. Direct API calls to port 8443 return 500 from outside the browser.,False,,2026-08-06T05:37:19+00:00
102,Ofloxacin Tablets IP 400mg,Ofloxacin,10's,10,32.81,True,3.281,Antibiotics,Jan Aushadhi (PMBJP) product and MRP list,https://janaushadhi.gov.in/product-portfolio/product-mrp-list,Exported from the site's own Download Files button. Direct API calls to port 8443 return 500 from outside the browser.,False,,2026-08-06T05:37:19+00:00
103,Piperacillin 4000mg and Tazobactum 500mg Injection IP,Piperacillin,Vial & Wfi,,114.38,True,,Antibiotics,Jan Aushadhi (PMBJP) product and MRP list,https://janaushadhi.gov.in/product-portfolio/product-mrp-list,Exported from the site's own Download Files button. Direct API calls to port 8443 return 500 from outside the browser.,False,,2026-08-06T05:37:19+00:00
105,Roxithromycin Tablets IP 150 mg,Roxithromycin,10's,10,26.25,True,2.625,Antibiotics,Jan Aushadhi (PMBJP) product and MRP list,https://janaushadhi.gov.in/product-portfolio/product-mrp-list,Exported from the site's own Download Files button. Direct API calls to port 8443 return 500 from outside the browser.,False,,2026-08-06T05:37:19+00:00
106,Roxithromycin Tablets IP 300 mg,Roxithromycin,10's,10,46.88,True,4.688,Antibiotics,Jan Aushadhi (PMBJP) product and MRP list,https://janaushadhi.gov.in/product-portfolio/product-mrp-list,Exported from the site's own Download Files button. Direct API calls to port 8443 return 500 from outside the browser.,False,,2026-08-06T05:37:19+00:00
107,Tinidazole Tablets IP 300 mg,Tinidazole,10's,10,12.19,True,1.219,Antibiotics,Jan Aushadhi (PMBJP) product and MRP list,https://janaushadhi.gov.in/product-portfolio/product-mrp-list,Exported from the site's own Download Files button. Direct API calls to port 8443 return 500 from outside the browser.,False,,2026-08-06T05:37:19+00:00
108,Tinidazole Tablets IP 500 mg,Tinidazole,10's,10,15.0,True,1.5,Antibiotics,Jan Aushadhi (PMBJP) product and MRP list,https://janaushadhi.gov.in/product-portfolio/product-mrp-list,Exported from the site's own Download Files button. Direct API calls to port 8443 return 500 from outside the browser.,False,,2026-08-06T05:37:19+00:00
109,Vancomycin Hydrochloride for Intravenous Infusion IP 500 mg,Vancomycin Hydrochloride for Intravenous Infusion,Vial & Wfi,,135.0,True,,Antibiotics,Jan Aushadhi (PMBJP) product and MRP list,https://janaushadhi.gov.in/product-portfolio/product-mrp-list,Exported from the site's own Download Files button. Direct API calls to port 8443 return 500 from outside the browser.,False,,2026-08-06T05:37:19+00:00
110,Adapalene Gel 0.1%w/w,Adapalene,15 gm tubes,15,27.19,True,1.8127,Derma Care,Jan Aushadhi (PMBJP) product and MRP list,https://janaushadhi.gov.in/product-portfolio/product-mrp-list,Exported from the site's own Download Files button. Direct API calls to port 8443 return 500 from outside the browser.,False,,2026-08-06T05:37:19+00:00
112,"Beclomethasone Dipropionate 0.025%w/w, Clotrimazole 1%w/w and Gentamicin Sulphate 0.1%w/w Cream",Beclomethasone Dipropionate,15 g tubes,15,20.63,True,1.3753,Dermatology/Topical/External,Jan Aushadhi (PMBJP) product and MRP list,https://janaushadhi.gov.in/product-portfolio/product-mrp-list,Exported from the site's own Download Files button. Direct API calls to port 8443 return 500 from outside the browser.,False,,2026-08-06T05:37:19+00:00
113,Beclomethasone 0.025%w/w and Neomycin 0.5%w/w Cream,Beclomethasone,15g tube,,10.31,True,,Dermatology/Topical/External,Jan Aushadhi (PMBJP) product and MRP list,https://janaushadhi.gov.in/product-portfolio/product-mrp-list,Exported from the site's own Download Files button. Direct API calls to port 8443 return 500 from outside the browser.,False,,2026-08-06T05:37:19+00:00
115,Calamine Lotion IP,Calamine Lotion,100 ml,100,26.25,True,0.2625,Derma Care,Jan Aushadhi (PMBJP) product and MRP list,https://janaushadhi.gov.in/product-portfolio/product-mrp-list,Exported from the site's own Download Files button. Direct API calls to port 8443 return 500 from outside the browser.,False,,2026-08-06T05:37:19+00:00
117,Chlorhexidine Mouthwash IP 0.2 % w/v,Chlorhexidine Mouthwash w v,100 ml,100,23.72,True,0.2372,Stomatologicals,Jan Aushadhi (PMBJP) product and MRP list,https://janaushadhi.gov.in/product-portfolio/product-mrp-list,Exported from the site's own Download Files button. Direct API calls to port 8443 return 500 from outside the browser.,False,,2026-08-06T05:37:19+00:00
118,Clobetasol Propionate Cream IP 0.05 % w/w,Clobetasol Propionate w w,15 gm Tube,15,15.47,True,1.0313,Dermatology/Topical/External,Jan Aushadhi (PMBJP) product and MRP list,https://janaushadhi.gov.in/product-portfolio/product-mrp-list,Exported from the site's own Download Files button. Direct API calls to port 8443 return 500 from outside the browser.,False,,2026-08-06T05:37:19+00:00
120,Fusidic Acid Cream IP 2% w/w,Fusidic Acid w w,5 gm Tube,5,23.44,True,4.688,Dermatology/Topical/External,Jan Aushadhi (PMBJP) product and MRP list,https://janaushadhi.gov.in/product-portfolio/product-mrp-list,Exported from the site's own Download Files button. Direct API calls to port 8443 return 500 from outside the browser.,False,,2026-08-06T05:37:19+00:00
122,Ketoconazole Lotion 2% w/v,Ketoconazole Lotion w v,100 ml Bottle,100,51.56,True,0.5156,Dermatology/Topical/External,Jan Aushadhi (PMBJP) product and MRP list,https://janaushadhi.gov.in/product-portfolio/product-mrp-list,Exported from the site's own Download Files button. Direct API calls to port 8443 return 500 from outside the browser.,False,,2026-08-06T05:37:19+00:00
124,Povidone Iodine Ointment 5% w/w,Povidone Iodine w w,250 gm tubes/Jar,250,107.81,True,0.4312,Antiseptic/Disinfectants,Jan Aushadhi (PMBJP) product and MRP list,https://janaushadhi.gov.in/product-portfolio/product-mrp-list,Exported from the site's own Download Files button. Direct API calls to port 8443 return 500 from outside the browser.,False,,2026-08-06T05:37:19+00:00
125,Povidone Iodine Ointment 5% w/w,Povidone Iodine w w,15 gm tubes,15,15.88,True,1.0587,Antiseptic/Disinfectants,Jan Aushadhi (PMBJP) product and MRP list,https://janaushadhi.gov.in/product-portfolio/product-mrp-list,Exported from the site's own Download Files button. Direct API calls to port 8443 return 500 from outside the browser.,False,,2026-08-06T05:37:19+00:00
126,Povidone-Iodine Solution IP 10 % w/v,Povidone Iodine w v,500 ml,500,135.94,True,0.2719,Antiseptic/Disinfectants,Jan Aushadhi (PMBJP) product and MRP list,https://janaushadhi.gov.in/product-portfolio/product-mrp-list,Exported from the site's own Download Files button. Direct API calls to port 8443 return 500 from outside the browser.,False,,2026-08-06T05:37:19+00:00
127,Povidone-Iodine Solution IP 5 % w/v,Povidone Iodine w v,100 ml,100,21.66,True,0.2166,Antiseptic/Disinfectants,Jan Aushadhi (PMBJP) product and MRP list,https://janaushadhi.gov.in/product-portfolio/product-mrp-list,Exported from the site's own Download Files button. Direct API calls to port 8443 return 500 from outside the browser.,False,,2026-08-06T05:37:19+00:00
129,Povidone Iodine Solution 7.5% w/v,Povidone Iodine w v,500 ml,500,113.44,True,0.2269,Antiseptic/Disinfectants,Jan Aushadhi (PMBJP) product and MRP list,https://janaushadhi.gov.in/product-portfolio/product-mrp-list,Exported from the site's own Download Files button. Direct API calls to port 8443 return 500 from outside the browser.,False,,2026-08-06T05:37:19+00:00
131,"Silver Sulphadiazine 1% w/w, Chlorhexidine Gluconate 0.2% w/w, Allantoin 0.1% w/w, Aloe vera 15% w/w Cream",Silver Sulphadiazine w w Chlorhexidine Gluconate w w Allantoin w w Aloe vera w w,20 gm,20,28.13,True,1.4065,Burn Relief,Jan Aushadhi (PMBJP) product and MRP list,https://janaushadhi.gov.in/product-portfolio/product-mrp-list,Exported from the site's own Download Files button. Direct API calls to port 8443 return 500 from outside the browser.,False,,2026-08-06T05:37:19+00:00
132,"Silver Sulphadiazine 1% w/w, Chlorhexidine Gluconate 0.2% w/w, Allantoin 0.1% w/w, Aloe vera 15% w/w Cream",Silver Sulphadiazine w w Chlorhexidine Gluconate w w Allantoin w w Aloe vera w w,500 gm,500,468.75,True,0.9375,Burn Relief,Jan Aushadhi (PMBJP) product and MRP list,https://janaushadhi.gov.in/product-portfolio/product-mrp-list,Exported from the site's own Download Files button. Direct API calls to port 8443 return 500 from outside the browser.,False,,2026-08-06T05:37:19+00:00
133,Glibenclamide Tablets IP 2.5 mg,Glibenclamide,10's,10,2.81,True,0.281,Anti-Diabetic,Jan Aushadhi (PMBJP) product and MRP list,https://janaushadhi.gov.in/product-portfolio/product-mrp-list,Exported from the site's own Download Files button. Direct API calls to port 8443 return 500 from outside the browser.,False,,2026-08-06T05:37:19+00:00
134,Glibenclamide Tablets IP 5 mg,Glibenclamide,10's,10,5.68,True,0.568,Anti-Diabetic,Jan Aushadhi (PMBJP) product and MRP list,https://janaushadhi.gov.in/product-portfolio/product-mrp-list,Exported from the site's own Download Files button. Direct API calls to port 8443 return 500 from outside the browser.,False,,2026-08-06T05:37:19+00:00
135,Gliclazide Tablets IP 40 mg,Gliclazide,10's,10,15.88,True,1.588,Anti-Diabetic,Jan Aushadhi (PMBJP) product and MRP list,https://janaushadhi.gov.in/product-portfolio/product-mrp-list,Exported from the site's own Download Files button. Direct API calls to port 8443 return 500 from outside the browser.,False,,2026-08-06T05:37:19+00:00
136,Gliclazide Tablets IP 80 mg,Gliclazide,10's,10,24.75,True,2.475,Anti-Diabetic,Jan Aushadhi (PMBJP) product and MRP list,https://janaushadhi.gov.in/product-portfolio/product-mrp-list,Exported from the site's own Download Files button. Direct API calls to port 8443 return 500 from outside the browser.,False,,2026-08-06T05:37:19+00:00
137,Glimepiride Tablets IP 1mg,Glimepiride,10's,10,4.54,True,0.454,Anti-Diabetic,Jan Aushadhi (PMBJP) product and MRP list,https://janaushadhi.gov.in/product-portfolio/product-mrp-list,Exported from the site's own Download Files button. Direct API calls to port 8443 return 500 from outside the browser.,False,,2026-08-06T05:37:19+00:00
138,Glimepiride Tablets IP 2mg,Glimepiride,10's,10,5.68,True,0.568,Anti-Diabetic,Jan Aushadhi (PMBJP) product and MRP list,https://janaushadhi.gov.in/product-portfolio/product-mrp-list,Exported from the site's own Download Files button. Direct API calls to port 8443 return 500 from outside the browser.,False,,2026-08-06T05:37:19+00:00
141,Glipizide Tablet IP 5 mg,Glipizide,10's,10,4.74,True,0.474,Anti-Diabetic,Jan Aushadhi (PMBJP) product and MRP list,https://janaushadhi.gov.in/product-portfolio/product-mrp-list,Exported from the site's own Download Files button. Direct API calls to port 8443 return 500 from outside the browser.,False,,2026-08-06T05:37:19+00:00
142,Soluble Insulin Injection IP 40 IU per ml (R-DNA Origin),Soluble Insulin,10 ml Vial,10,85.91,True,8.591,Anti-Diabetic,Jan Aushadhi (PMBJP) product and MRP list,https://janaushadhi.gov.in/product-portfolio/product-mrp-list,Exported from the site's own Download Files button. Direct API calls to port 8443 return 500 from outside the browser.,False,,2026-08-06T05:37:19+00:00
143,Insulin Injection IP 40 IU per ml (Insulin Human Soluble 30% and Isophane 70%),Insulin,10 ml Vial,10,91.35,True,9.135,Anti-Diabetic,Jan Aushadhi (PMBJP) product and MRP list,https://janaushadhi.gov.in/product-portfolio/product-mrp-list,Exported from the site's own Download Files button. Direct API calls to port 8443 return 500 from outside the browser.,False,,2026-08-06T05:37:19+00:00
144,Metformin Hydrochloride Sustained Release Tablets IP 1000 mg,Metformin Hydrochloride Sustained Release,10's,10,13.62,True,1.362,Anti-Diabetic,Jan Aushadhi (PMBJP) product and MRP list,https://janaushadhi.gov.in/product-portfolio/product-mrp-list,Exported from the site's own Download Files button. Direct API calls to port 8443 return 500 from outside the browser.,False,,2026-08-06T05:37:19+00:00
145,Metformin Hydrochloride Tablets IP 500mg,Metformin Hydrochloride,10's,10,6.81,True,0.681,Anti-Diabetic,Jan Aushadhi (PMBJP) product and MRP list,https://janaushadhi.gov.in/product-portfolio/product-mrp-list,Exported from the site's own Download Files button. Direct API calls to port 8443 return 500 from outside the browser.,False,,2026-08-06T05:37:19+00:00
147,Pioglitazone Tablets IP 30mg,Pioglitazone,10's,10,13.62,True,1.362,Anti-Diabetic,Jan Aushadhi (PMBJP) product and MRP list,https://janaushadhi.gov.in/product-portfolio/product-mrp-list,Exported from the site's own Download Files button. Direct API calls to port 8443 return 500 from outside the browser.,False,,2026-08-06T05:37:19+00:00
150,Pioglitazone 15mg and Metformin 500mg Sustained Release Tablets,Pioglitazone,10's,10,27.84,True,2.784,Anti-Diabetic,Jan Aushadhi (PMBJP) product and MRP list,https://janaushadhi.gov.in/product-portfolio/product-mrp-list,Exported from the site's own Download Files button. Direct API calls to port 8443 return 500 from outside the browser.,False,,2026-08-06T05:37:19+00:00
152,Bleomycin Injection IP 15Â IU,Bleomycin IU,Vial,,300.0,True,,Oncology,Jan Aushadhi (PMBJP) product and MRP list,https://janaushadhi.gov.in/product-portfolio/product-mrp-list,Exported from the site's own Download Files button. Direct API calls to port 8443 return 500 from outside the browser.,True,indication names oncology,2026-08-06T05:37:19+00:00
153,Cisplatin Injection IP 10 mg per10ml,Cisplatin,Vial,,32.81,True,,Oncology,Jan Aushadhi (PMBJP) product and MRP list,https://janaushadhi.gov.in/product-portfolio/product-mrp-list,Exported from the site's own Download Files button. Direct API calls to port 8443 return 500 from outside the browser.,True,indication names oncology,2026-08-06T05:37:19+00:00
154,Cisplatin Injection 50mg per 50ml,Cisplatin,Vial,,160.88,True,,Oncology,Jan Aushadhi (PMBJP) product and MRP list,https://janaushadhi.gov.in/product-portfolio/product-mrp-list,Exported from the site's own Download Files button. Direct API calls to port 8443 return 500 from outside the browser.,True,indication names oncology,2026-08-06T05:37:19+00:00
156,Doxorubicin Injection IP 50mg (2mg per ml),Doxorubicin,Vial,,281.25,True,,Oncology,Jan Aushadhi (PMBJP) product and MRP list,https://janaushadhi.gov.in/product-portfolio/product-mrp-list,Exported from the site's own Download Files button. Direct API calls to port 8443 return 500 from outside the browser.,True,indication names oncology,2026-08-06T05:37:19+00:00
158,Etoposide Injection IP 100 mg per 5 ml,Etoposide,Vial,,92.81,True,,Oncology,Jan Aushadhi (PMBJP) product and MRP list,https://janaushadhi.gov.in/product-portfolio/product-mrp-list,Exported from the site's own Download Files button. Direct API calls to port 8443 return 500 from outside the browser.,True,indication names oncology,2026-08-06T05:37:19+00:00
159,Gemcitabine Injection IP 1000mg,Gemcitabine,Vial,,783.75,True,,Oncology,Jan Aushadhi (PMBJP) product and MRP list,https://janaushadhi.gov.in/product-portfolio/product-mrp-list,Exported from the site's own Download Files button. Direct API calls to port 8443 return 500 from outside the browser.,True,indication names oncology,2026-08-06T05:37:19+00:00
160,Gemcitabine Injection IP 200mg,Gemcitabine,Vial,,225.0,True,,Oncology,Jan Aushadhi (PMBJP) product and MRP list,https://janaushadhi.gov.in/product-portfolio/product-mrp-list,Exported from the site's own Download Files button. Direct API calls to port 8443 return 500 from outside the browser.,True,indication names oncology,2026-08-06T05:37:19+00:00
163,Tamoxifen Citrate Tablets IP 10 mg,Tamoxifen Citrate,10's,10,10.31,True,1.031,Oncology,Jan Aushadhi (PMBJP) product and MRP list,https://janaushadhi.gov.in/product-portfolio/product-mrp-list,Exported from the site's own Download Files button. Direct API calls to port 8443 return 500 from outside the browser.,True,tamoxifen is an oncology molecule,2026-08-06T05:37:19+00:00
164,Tamoxifen Citrate Tablets IP 20 mg,Tamoxifen Citrate,10's,10,15.0,True,1.5,Oncology,Jan Aushadhi (PMBJP) product and MRP list,https://janaushadhi.gov.in/product-portfolio/product-mrp-list,Exported from the site's own Download Files button. Direct API calls to port 8443 return 500 from outside the browser.,True,tamoxifen is an oncology molecule,2026-08-06T05:37:19+00:00
165,Ciprofloxacin Injection IP 200mg,Ciprofloxacin,100 ml,100,11.25,True,0.1125,Antibiotics,Jan Aushadhi (PMBJP) product and MRP list,https://janaushadhi.gov.in/product-portfolio/product-mrp-list,Exported from the site's own Download Files button. Direct API calls to port 8443 return 500 from outside the browser.,False,,2026-08-06T05:37:19+00:00
170,Mannitol Injection IP 20% w/v,Mannitol w v,100 ml,100,26.25,True,0.2625,Electrolytes,Jan Aushadhi (PMBJP) product and MRP list,https://janaushadhi.gov.in/product-portfolio/product-mrp-list,Exported from the site's own Download Files button. Direct API calls to port 8443 return 500 from outside the browser.,False,,2026-08-06T05:37:19+00:00
171,Mannitol Intravenous Infusion IP 20% w/v,Mannitol Intravenous Infusion w v,350 ml,350,46.88,True,0.1339,Electrolytes,Jan Aushadhi (PMBJP) product and MRP list,https://janaushadhi.gov.in/product-portfolio/product-mrp-list,Exported from the site's own Download Files button. Direct API calls to port 8443 return 500 from outside the browser.,False,,2026-08-06T05:37:19+00:00
172,Metronidazole  Infusion IP 500 mg,Metronidazole Infusion,100 ml,100,8.25,True,0.0825,Antibiotics,Jan Aushadhi (PMBJP) product and MRP list,https://janaushadhi.gov.in/product-portfolio/product-mrp-list,Exported from the site's own Download Files button. Direct API calls to port 8443 return 500 from outside the browser.,False,,2026-08-06T05:37:19+00:00
177,Albendazole Oral Suspension IP 200 mg per 5ml,Albendazole Oral,10 ml,10,7.5,True,0.75,Anthelmintic,Jan Aushadhi (PMBJP) product and MRP list,https://janaushadhi.gov.in/product-portfolio/product-mrp-list,Exported from the site's own Download Files button. Direct API calls to port 8443 return 500 from outside the browser.,False,,2026-08-06T05:37:19+00:00
178,Albendazole 400mg and Ivermectin 6mg Tablets,Albendazole,1's,1,6.81,True,6.81,Anthelmintic,Jan Aushadhi (PMBJP) product and MRP list,https://janaushadhi.gov.in/product-portfolio/product-mrp-list,Exported from the site's own Download Files button. Direct API calls to port 8443 return 500 from outside the browser.,False,,2026-08-06T05:37:19+00:00
180,Bisacodyl Tablets IP 5mg,Bisacodyl,10's,10,6.19,True,0.619,Gastrointestinal (GIT),Jan Aushadhi (PMBJP) product and MRP list,https://janaushadhi.gov.in/product-portfolio/product-mrp-list,Exported from the site's own Download Files button. Direct API calls to port 8443 return 500 from outside the browser.,False,,2026-08-06T05:37:19+00:00
181,Tricholine Citrate 275mg and Cyproheptadine Hydrochloride 2mg Syrup per 5ml,Tricholine Citrate,200 ml,200,35.63,True,0.1782,Gastrointestinal (GIT),Jan Aushadhi (PMBJP) product and MRP list,https://janaushadhi.gov.in/product-portfolio/product-mrp-list,Exported from the site's own Download Files button. Direct API calls to port 8443 return 500 from outside the browser.,False,,2026-08-06T05:37:19+00:00
183,Dicyclomine Tablets IP 10mg,Dicyclomine,10's,10,0.94,True,0.094,Gastrointestinal (GIT),Jan Aushadhi (PMBJP) product and MRP list,https://janaushadhi.gov.in/product-portfolio/product-mrp-list,Exported from the site's own Download Files button. Direct API calls to port 8443 return 500 from outside the browser.,False,,2026-08-06T05:37:19+00:00
184,Paracetamol 325mg and Dicyclomine Hydrochloride 20mg Tablets,Paracetamol,10's,10,7.5,True,0.75,Gastrointestinal (GIT),Jan Aushadhi (PMBJP) product and MRP list,https://janaushadhi.gov.in/product-portfolio/product-mrp-list,Exported from the site's own Download Files button. Direct API calls to port 8443 return 500 from outside the browser.,False,,2026-08-06T05:37:19+00:00
186,Domperidone Tablets IP 10 mg,Domperidone,10's,10,4.54,True,0.454,Anti-Emetic,Jan Aushadhi (PMBJP) product and MRP list,https://janaushadhi.gov.in/product-portfolio/product-mrp-list,Exported from the site's own Download Files button. Direct API calls to port 8443 return 500 from outside the browser.,False,,2026-08-06T05:37:19+00:00
187,Domperidone Suspension IP 5mg per 5ml,Domperidone,30 ml,30,12.19,True,0.4063,Anti-Emetic,Jan Aushadhi (PMBJP) product and MRP list,https://janaushadhi.gov.in/product-portfolio/product-mrp-list,Exported from the site's own Download Files button. Direct API calls to port 8443 return 500 from outside the browser.,False,,2026-08-06T05:37:19+00:00
188,"Dried Aluminium Hydroxide 250mg, Magnesium Hydroxide 250mg and Activated Dimethicone 50mg Tablets",Dried Aluminium Hydroxide,10's,10,6.19,True,0.619,Gastrointestinal (GIT),Jan Aushadhi (PMBJP) product and MRP list,https://janaushadhi.gov.in/product-portfolio/product-mrp-list,Exported from the site's own Download Files button. Direct API calls to port 8443 return 500 from outside the browser.,False,,2026-08-06T05:37:19+00:00
191,Famotidine Tablets IP 20 mg,Famotidine,14's,14,2.81,True,0.2007,Gastrointestinal (GIT),Jan Aushadhi (PMBJP) product and MRP list,https://janaushadhi.gov.in/product-portfolio/product-mrp-list,Exported from the site's own Download Files button. Direct API calls to port 8443 return 500 from outside the browser.,False,,2026-08-06T05:37:19+00:00
192,Famotidine Tablets IP 40 mg,Famotidine,14's,14,4.99,True,0.3564,Gastrointestinal (GIT),Jan Aushadhi (PMBJP) product and MRP list,https://janaushadhi.gov.in/product-portfolio/product-mrp-list,Exported from the site's own Download Files button. Direct API calls to port 8443 return 500 from outside the browser.,False,,2026-08-06T05:37:19+00:00
193,Furazolidone Tablets IP 100 mg,Furazolidone,10's,10,0.94,True,0.094,Gastrointestinal (GIT),Jan Aushadhi (PMBJP) product and MRP list,https://janaushadhi.gov.in/product-portfolio/product-mrp-list,Exported from the site's own Download Files button. Direct API calls to port 8443 return 500 from outside the browser.,False,,2026-08-06T05:37:19+00:00
194,Hyoscine Butylbromide Tablets IP 10 mg,Hyoscine Butylbromide,10's,10,16.5,True,1.65,Gastrointestinal (GIT),Jan Aushadhi (PMBJP) product and MRP list,https://janaushadhi.gov.in/product-portfolio/product-mrp-list,Exported from the site's own Download Files button. Direct API calls to port 8443 return 500 from outside the browser.,False,,2026-08-06T05:37:19+00:00
196,Lactic Acid Bacillus Tablets 60 Million spores,Lactic Acid Bacillus Million spores,10's,10,7.94,True,0.794,Gastrointestinal (GIT),Jan Aushadhi (PMBJP) product and MRP list,https://janaushadhi.gov.in/product-portfolio/product-mrp-list,Exported from the site's own Download Files button. Direct API calls to port 8443 return 500 from outside the browser.,False,,2026-08-06T05:37:19+00:00
197,Lactulose Solution IP 10g per 15ml,Lactulose,100 ml,100,57.0,True,0.57,Gastrointestinal (GIT),Jan Aushadhi (PMBJP) product and MRP list,https://janaushadhi.gov.in/product-portfolio/product-mrp-list,Exported from the site's own Download Files button. Direct API calls to port 8443 return 500 from outside the browser.,False,,2026-08-06T05:37:19+00:00
198,"Dried Aluminium Hydroxide 250mg, Magnesium Hydroxide 250mg and Activated Dimethicone 50mg per 5ml Suspension",Dried Aluminium Hydroxide,170 ml,170,33.0,True,0.1941,Gastrointestinal (GIT),Jan Aushadhi (PMBJP) product and MRP list,https://janaushadhi.gov.in/product-portfolio/product-mrp-list,Exported from the site's own Download Files button. Direct API calls to port 8443 return 500 from outside the browser.,False,,2026-08-06T05:37:19+00:00
199,Metoclopramide Tablets IP 10 mg,Metoclopramide,10's,10,7.5,True,0.75,Gastrointestinal (GIT),Jan Aushadhi (PMBJP) product and MRP list,https://janaushadhi.gov.in/product-portfolio/product-mrp-list,Exported from the site's own Download Files button. Direct API calls to port 8443 return 500 from outside the browser.,False,,2026-08-06T05:37:19+00:00
200,Metoclopramide Injection IP 5mg per ml,Metoclopramide,2ml Ampoule,,2.81,True,,Gastrointestinal (GIT),Jan Aushadhi (PMBJP) product and MRP list,https://janaushadhi.gov.in/product-portfolio/product-mrp-list,Exported from the site's own Download Files button. Direct API calls to port 8443 return 500 from outside the browser.,False,,2026-08-06T05:37:19+00:00
201,Metronidazole  Tablets IP 200mg,Metronidazole,10's,10,4.41,True,0.441,Antibiotics,Jan Aushadhi (PMBJP) product and MRP list,https://janaushadhi.gov.in/product-portfolio/product-mrp-list,Exported from the site's own Download Files button. Direct API calls to port 8443 return 500 from outside the browser.,False,,2026-08-06T05:37:19+00:00
202,Metronidazole  Tablets IP 400mg,Metronidazole,10's,10,7.22,True,0.722,Antibiotics,Jan Aushadhi (PMBJP) product and MRP list,https://janaushadhi.gov.in/product-portfolio/product-mrp-list,Exported from the site's own Download Files button. Direct API calls to port 8443 return 500 from outside the browser.,False,,2026-08-06T05:37:19+00:00
203,Misoprostol Tablets IP 200 mcg,Misoprostol,4's,4,18.75,True,4.6875,Gynaecology,Jan Aushadhi (PMBJP) product and MRP list,https://janaushadhi.gov.in/product-portfolio/product-mrp-list,Exported from the site's own Download Files button. Direct API calls to port 8443 return 500 from outside the browser.,False,,2026-08-06T05:37:19+00:00
206,Omeprazole 20mg and Domperidone 10mg Capsules IP,Omeprazole,10's,10,11.34,True,1.134,Gastrointestinal (GIT),Jan Aushadhi (PMBJP) product and MRP list,https://janaushadhi.gov.in/product-portfolio/product-mrp-list,Exported from the site's own Download Files button. Direct API calls to port 8443 return 500 from outside the browser.,False,,2026-08-06T05:37:19+00:00
207,Omeprazole Gastro-resistant Capsules IP 20 mg,Omeprazole Gastro resistant,10's,10,10.21,True,1.021,Gastrointestinal (GIT),Jan Aushadhi (PMBJP) product and MRP list,https://janaushadhi.gov.in/product-portfolio/product-mrp-list,Exported from the site's own Download Files button. Direct API calls to port 8443 return 500 from outside the browser.,False,,2026-08-06T05:37:19+00:00
208,Ondansetron Injection IP 2mg per ml,Ondansetron,2 ml,2,4.54,True,2.27,Anti-Emetic,Jan Aushadhi (PMBJP) product and MRP list,https://janaushadhi.gov.in/product-portfolio/product-mrp-list,Exported from the site's own Download Files button. Direct API calls to port 8443 return 500 from outside the browser.,False,,2026-08-06T05:37:19+00:00
209,Ondansetron Tablets IP 4 mg,Ondansetron,10's,10,6.81,True,0.681,Anti-Emetic,Jan Aushadhi (PMBJP) product and MRP list,https://janaushadhi.gov.in/product-portfolio/product-mrp-list,Exported from the site's own Download Files button. Direct API calls to port 8443 return 500 from outside the browser.,False,,2026-08-06T05:37:19+00:00
210,Ornidazole Tablets IP 500mg,Ornidazole,10's,10,23.44,True,2.344,Antibiotics,Jan Aushadhi (PMBJP) product and MRP list,https://janaushadhi.gov.in/product-portfolio/product-mrp-list,Exported from the site's own Download Files button. Direct API calls to port 8443 return 500 from outside the browser.,False,,2026-08-06T05:37:19+00:00
212,Pantoprazole Gastro Resistant Tablets IP 40 mg,Pantoprazole Gastro Resistant,10's,10,12.47,True,1.247,Gastrointestinal (GIT),Jan Aushadhi (PMBJP) product and MRP list,https://janaushadhi.gov.in/product-portfolio/product-mrp-list,Exported from the site's own Download Files button. Direct API calls to port 8443 return 500 from outside the browser.,False,,2026-08-06T05:37:19+00:00
213,Pantoprazole Injection 40mg,Pantoprazole,Vial,,23.83,True,,Gastrointestinal (GIT),Jan Aushadhi (PMBJP) product and MRP list,https://janaushadhi.gov.in/product-portfolio/product-mrp-list,Exported from the site's own Download Files button. Direct API calls to port 8443 return 500 from outside the browser.,False,,2026-08-06T05:37:19+00:00
214,Rabeprazole 20mg (Enteric Coated) and Domperidone 30mg (Sustained Release) Capsules,Rabeprazole,10's,10,18.57,True,1.857,Gastrointestinal (GIT),Jan Aushadhi (PMBJP) product and MRP list,https://janaushadhi.gov.in/product-portfolio/product-mrp-list,Exported from the site's own Download Files button. Direct API calls to port 8443 return 500 from outside the browser.,False,,2026-08-06T05:37:19+00:00
215,Rabeprazole Gastro Resistant Tablets IP 20 mg,Rabeprazole Gastro Resistant,10's,10,9.08,True,0.908,Gastrointestinal (GIT),Jan Aushadhi (PMBJP) product and MRP list,https://janaushadhi.gov.in/product-portfolio/product-mrp-list,Exported from the site's own Download Files button. Direct API calls to port 8443 return 500 from outside the browser.,False,,2026-08-06T05:37:19+00:00
216,Ranitidine Injection IP 25 mg per ml,Ranitidine,2 ml,2,3.75,True,1.875,Gastrointestinal (GIT),Jan Aushadhi (PMBJP) product and MRP list,https://janaushadhi.gov.in/product-portfolio/product-mrp-list,Exported from the site's own Download Files button. Direct API calls to port 8443 return 500 from outside the browser.,False,,2026-08-06T05:37:19+00:00
217,Ranitidine Tablets IP 150 mg,Ranitidine,10's,10,6.19,True,0.619,Gastrointestinal (GIT),Jan Aushadhi (PMBJP) product and MRP list,https://janaushadhi.gov.in/product-portfolio/product-mrp-list,Exported from the site's own Download Files button. Direct API calls to port 8443 return 500 from outside the browser.,False,,2026-08-06T05:37:19+00:00
218,Ranitidine Tablets IP 300 mg,Ranitidine,10's,10,13.41,True,1.341,Gastrointestinal (GIT),Jan Aushadhi (PMBJP) product and MRP list,https://janaushadhi.gov.in/product-portfolio/product-mrp-list,Exported from the site's own Download Files button. Direct API calls to port 8443 return 500 from outside the browser.,False,,2026-08-06T05:37:19+00:00
220,Calcium 500mg and Vitamin D3 250IU Tablets IP,Calcium,10's,10,7.94,True,0.794,Supplement/Vitamin/Mineral,Jan Aushadhi (PMBJP) product and MRP list,https://janaushadhi.gov.in/product-portfolio/product-mrp-list,Exported from the site's own Download Files button. Direct API calls to port 8443 return 500 from outside the browser.,False,,2026-08-06T05:37:19+00:00
223,"Pyridoxine Hydrochloride 10mg, Doxylamine 10mg and Folic Acid 2.5mg Tablets",Pyridoxine Hydrochloride,30's,30,32.81,True,1.0937,Supplement/Vitamin/Mineral,Jan Aushadhi (PMBJP) product and MRP list,https://janaushadhi.gov.in/product-portfolio/product-mrp-list,Exported from the site's own Download Files button. Direct API calls to port 8443 return 500 from outside the browser.,False,,2026-08-06T05:37:19+00:00
224,Folic Acid Tablets IP 5 mg,Folic Acid,15's,15,4.54,True,0.3027,Supplement/Vitamin/Mineral,Jan Aushadhi (PMBJP) product and MRP list,https://janaushadhi.gov.in/product-portfolio/product-mrp-list,Exported from the site's own Download Files button. Direct API calls to port 8443 return 500 from outside the browser.,False,,2026-08-06T05:37:19+00:00
225,Syrup of Iron and Folic Acid in a flavoured Base,of Iron and Folic Acid in a flavoured Base,200 ml,200,33.0,True,0.165,Supplement/Vitamin/Mineral,Jan Aushadhi (PMBJP) product and MRP list,https://janaushadhi.gov.in/product-portfolio/product-mrp-list,Exported from the site's own Download Files button. Direct API calls to port 8443 return 500 from outside the browser.,False,,2026-08-06T05:37:19+00:00
227,Polyvitamin Tablets NFI (Prophylactic),Polyvitamin NFI Prophylactic,10's,10,7.22,True,0.722,Supplement/Vitamin/Mineral,Jan Aushadhi (PMBJP) product and MRP list,https://janaushadhi.gov.in/product-portfolio/product-mrp-list,Exported from the site's own Download Files button. Direct API calls to port 8443 return 500 from outside the browser.,False,,2026-08-06T05:37:19+00:00
230,Vitamin B-Complex fort Zinc Capsule,Vitamin B Complex fort Zinc,10's,10,10.21,True,1.021,Supplement/Vitamin/Mineral,Jan Aushadhi (PMBJP) product and MRP list,https://janaushadhi.gov.in/product-portfolio/product-mrp-list,Exported from the site's own Download Files button. Direct API calls to port 8443 return 500 from outside the browser.,False,,2026-08-06T05:37:19+00:00
231,"Vitamin B-Complex Tablets (B1 10mg, B2 10mg, B3 45mg, B5 50mg, B6 3mg, B12 15mcg)",Vitamin B Complex B,10's,10,16.5,True,1.65,Supplement/Vitamin/Mineral,Jan Aushadhi (PMBJP) product and MRP list,https://janaushadhi.gov.in/product-portfolio/product-mrp-list,Exported from the site's own Download Files button. Direct API calls to port 8443 return 500 from outside the browser.,False,,2026-08-06T05:37:19+00:00
232,Vitamin B-Complex Syrup,Vitamin B Complex,200 ml,200,39.38,True,0.1969,Supplement/Vitamin/Mineral,Jan Aushadhi (PMBJP) product and MRP list,https://janaushadhi.gov.in/product-portfolio/product-mrp-list,Exported from the site's own Download Files button. Direct API calls to port 8443 return 500 from outside the browser.,False,,2026-08-06T05:37:19+00:00
235,Budesonide Nebuliser Suspension 1mg per 2ml,Budesonide Nebuliser,2 ml,2,12.8,True,6.4,Respiratory,Jan Aushadhi (PMBJP) product and MRP list,https://janaushadhi.gov.in/product-portfolio/product-mrp-list,Exported from the site's own Download Files button. Direct API calls to port 8443 return 500 from outside the browser.,False,,2026-08-06T05:37:19+00:00
236,Budesonide Inhalation IP 100mcg,Budesonide Inhalation,200 MDI,200,115.31,True,0.5766,Respiratory,Jan Aushadhi (PMBJP) product and MRP list,https://janaushadhi.gov.in/product-portfolio/product-mrp-list,Exported from the site's own Download Files button. Direct API calls to port 8443 return 500 from outside the browser.,False,,2026-08-06T05:37:19+00:00
238,Budesonide Inhalation IP 200mcg,Budesonide Inhalation,200 md,200,150.0,True,0.75,Respiratory,Jan Aushadhi (PMBJP) product and MRP list,https://janaushadhi.gov.in/product-portfolio/product-mrp-list,Exported from the site's own Download Files button. Direct API calls to port 8443 return 500 from outside the browser.,False,,2026-08-06T05:37:19+00:00
239,Cetirizine Syrup IP 5 mg per 5 ml,Cetirizine,60 ml,60,13.41,True,0.2235,Anti-Histaminic,Jan Aushadhi (PMBJP) product and MRP list,https://janaushadhi.gov.in/product-portfolio/product-mrp-list,Exported from the site's own Download Files button. Direct API calls to port 8443 return 500 from outside the browser.,False,,2026-08-06T05:37:19+00:00
240,Cetrizine Hydrochloride Tablets IP 10mg,Cetrizine Hydrochloride,10's,10,5.68,True,0.568,Anti-Histaminic,Jan Aushadhi (PMBJP) product and MRP list,https://janaushadhi.gov.in/product-portfolio/product-mrp-list,Exported from the site's own Download Files button. Direct API calls to port 8443 return 500 from outside the browser.,False,,2026-08-06T05:37:19+00:00
245,Etophyllin 77mg and Theophylline 23mg Tablets,Etophyllin,10's,10,5.16,True,0.516,Respiratory,Jan Aushadhi (PMBJP) product and MRP list,https://janaushadhi.gov.in/product-portfolio/product-mrp-list,Exported from the site's own Download Files button. Direct API calls to port 8443 return 500 from outside the browser.,False,,2026-08-06T05:37:19+00:00
246,FexofenadineÂ HydrochlorideÂ Tablets IP 120mg,Fexofenadine Hydrochloride,10's,10,24.75,True,2.475,Anti-Histaminic,Jan Aushadhi (PMBJP) product and MRP list,https://janaushadhi.gov.in/product-portfolio/product-mrp-list,Exported from the site's own Download Files button. Direct API calls to port 8443 return 500 from outside the browser.,False,,2026-08-06T05:37:19+00:00
247,Fexofenadine Tablets IP 180 mg,Fexofenadine,10's,10,35.06,True,3.506,Anti-Histaminic,Jan Aushadhi (PMBJP) product and MRP list,https://janaushadhi.gov.in/product-portfolio/product-mrp-list,Exported from the site's own Download Files button. Direct API calls to port 8443 return 500 from outside the browser.,False,,2026-08-06T05:37:19+00:00
248,Levocetrizine Tablets IP 5 mg,Levocetrizine,10's,10,7.94,True,0.794,Anti-Histaminic,Jan Aushadhi (PMBJP) product and MRP list,https://janaushadhi.gov.in/product-portfolio/product-mrp-list,Exported from the site's own Download Files button. Direct API calls to port 8443 return 500 from outside the browser.,False,,2026-08-06T05:37:19+00:00
250,Montelukast Sodium Tablets IP 5mg,Montelukast Sodium,10's,10,14.06,True,1.406,Respiratory,Jan Aushadhi (PMBJP) product and MRP list,https://janaushadhi.gov.in/product-portfolio/product-mrp-list,Exported from the site's own Download Files button. Direct API calls to port 8443 return 500 from outside the browser.,False,,2026-08-06T05:37:19+00:00
251,Montelukast Sodium Tablets IP 10mg,Montelukast Sodium,10's,10,20.42,True,2.042,Respiratory,Jan Aushadhi (PMBJP) product and MRP list,https://janaushadhi.gov.in/product-portfolio/product-mrp-list,Exported from the site's own Download Files button. Direct API calls to port 8443 return 500 from outside the browser.,False,,2026-08-06T05:37:19+00:00
252,Montelukast Sodium 10mg and Levocetirizine 5mg Tablets IP,Montelukast Sodium,10's,10,20.63,True,2.063,Respiratory,Jan Aushadhi (PMBJP) product and MRP list,https://janaushadhi.gov.in/product-portfolio/product-mrp-list,Exported from the site's own Download Files button. Direct API calls to port 8443 return 500 from outside the browser.,False,,2026-08-06T05:37:19+00:00
253,Pheniramine Maleate Tablets IP 25 mg,Pheniramine Maleate,15's,15,4.69,True,0.3127,Anti-Histaminic,Jan Aushadhi (PMBJP) product and MRP list,https://janaushadhi.gov.in/product-portfolio/product-mrp-list,Exported from the site's own Download Files button. Direct API calls to port 8443 return 500 from outside the browser.,False,,2026-08-06T05:37:19+00:00
254,Promethazine Syrup IP 5mg per 5ml,Promethazine,100 ml,100,13.13,True,0.1313,Anti-Emetic,Jan Aushadhi (PMBJP) product and MRP list,https://janaushadhi.gov.in/product-portfolio/product-mrp-list,Exported from the site's own Download Files button. Direct API calls to port 8443 return 500 from outside the browser.,False,,2026-08-06T05:37:19+00:00
255,Salbutamol Inhalation IP 100mcg,Salbutamol Inhalation,200 md,200,52.5,True,0.2625,Respiratory,Jan Aushadhi (PMBJP) product and MRP list,https://janaushadhi.gov.in/product-portfolio/product-mrp-list,Exported from the site's own Download Files button. Direct API calls to port 8443 return 500 from outside the browser.,False,,2026-08-06T05:37:19+00:00
256,Salbutamol Tablets IP 2mg,Salbutamol,10's,10,0.94,True,0.094,Respiratory,Jan Aushadhi (PMBJP) product and MRP list,https://janaushadhi.gov.in/product-portfolio/product-mrp-list,Exported from the site's own Download Files button. Direct API calls to port 8443 return 500 from outside the browser.,False,,2026-08-06T05:37:19+00:00
259,Salbutamol Syrup IP 2mg per 5ml,Salbutamol,100 ml,100,10.31,True,0.1031,Respiratory,Jan Aushadhi (PMBJP) product and MRP list,https://janaushadhi.gov.in/product-portfolio/product-mrp-list,Exported from the site's own Download Files button. Direct API calls to port 8443 return 500 from outside the browser.,False,,2026-08-06T05:37:19+00:00
260,Salbutamol Tablets IP 4 mg,Salbutamol,10's,10,1.88,True,0.188,Respiratory,Jan Aushadhi (PMBJP) product and MRP list,https://janaushadhi.gov.in/product-portfolio/product-mrp-list,Exported from the site's own Download Files button. Direct API calls to port 8443 return 500 from outside the browser.,False,,2026-08-06T05:37:19+00:00
261,Adenosine Injection IP 6 mg per 2ml,Adenosine,2 ml,2,98.44,True,49.22,Cardiovascular System (CVS),Jan Aushadhi (PMBJP) product and MRP list,https://janaushadhi.gov.in/product-portfolio/product-mrp-list,Exported from the site's own Download Files button. Direct API calls to port 8443 return 500 from outside the browser.,False,,2026-08-06T05:37:19+00:00
263,Amlodipine 5mg and Atenolol 50mg Tablets IP,Amlodipine,10's,10,7.22,True,0.722,Cardiovascular System (CVS),Jan Aushadhi (PMBJP) product and MRP list,https://janaushadhi.gov.in/product-portfolio/product-mrp-list,Exported from the site's own Download Files button. Direct API calls to port 8443 return 500 from outside the browser.,False,,2026-08-06T05:37:19+00:00
264,Amlodipine Tablets IP 5mg,Amlodipine,10's,10,5.68,True,0.568,Cardiovascular System (CVS),Jan Aushadhi (PMBJP) product and MRP list,https://janaushadhi.gov.in/product-portfolio/product-mrp-list,Exported from the site's own Download Files button. Direct API calls to port 8443 return 500 from outside the browser.,False,,2026-08-06T05:37:19+00:00
265,Atenolol Tablets IP 50 mg,Atenolol,14's,14,6.81,True,0.4864,Cardiovascular System (CVS),Jan Aushadhi (PMBJP) product and MRP list,https://janaushadhi.gov.in/product-portfolio/product-mrp-list,Exported from the site's own Download Files button. Direct API calls to port 8443 return 500 from outside the browser.,False,,2026-08-06T05:37:19+00:00
266,Atorvastatin Tablets IP 10mg,Atorvastatin,10's,10,9.08,True,0.908,Cardiovascular System (CVS),Jan Aushadhi (PMBJP) product and MRP list,https://janaushadhi.gov.in/product-portfolio/product-mrp-list,Exported from the site's own Download Files button. Direct API calls to port 8443 return 500 from outside the browser.,False,,2026-08-06T05:37:19+00:00
267,Atorvastatin Tablets IP 20mg,Atorvastatin,10's,10,12.47,True,1.247,Cardiovascular System (CVS),Jan Aushadhi (PMBJP) product and MRP list,https://janaushadhi.gov.in/product-portfolio/product-mrp-list,Exported from the site's own Download Files button. Direct API calls to port 8443 return 500 from outside the browser.,False,,2026-08-06T05:37:19+00:00
268,Clonidine Tablets IP 100 mcg,Clonidine,10's,10,10.5,True,1.05,Cardiovascular System (CVS),Jan Aushadhi (PMBJP) product and MRP list,https://janaushadhi.gov.in/product-portfolio/product-mrp-list,Exported from the site's own Download Files button. Direct API calls to port 8443 return 500 from outside the browser.,False,,2026-08-06T05:37:19+00:00
269,Clopidogrel Tablets IP 75mg,Clopidogrel,10's,10,19.28,True,1.928,Cardiovascular System (CVS),Jan Aushadhi (PMBJP) product and MRP list,https://janaushadhi.gov.in/product-portfolio/product-mrp-list,Exported from the site's own Download Files button. Direct API calls to port 8443 return 500 from outside the browser.,False,,2026-08-06T05:37:19+00:00
270,Clopidogrel 75mg and Aspirin 75mg Tablets IP,Clopidogrel,10's,10,21.66,True,2.166,Cardiovascular System (CVS),Jan Aushadhi (PMBJP) product and MRP list,https://janaushadhi.gov.in/product-portfolio/product-mrp-list,Exported from the site's own Download Files button. Direct API calls to port 8443 return 500 from outside the browser.,False,,2026-08-06T05:37:19+00:00
271,Diltiazem Tablets IP 30 mg,Diltiazem,10's,10,11.34,True,1.134,Cardiovascular System (CVS),Jan Aushadhi (PMBJP) product and MRP list,https://janaushadhi.gov.in/product-portfolio/product-mrp-list,Exported from the site's own Download Files button. Direct API calls to port 8443 return 500 from outside the browser.,False,,2026-08-06T05:37:19+00:00
272,Diltiazem Tablets IP 60 mg,Diltiazem,10's,10,15.94,True,1.594,Cardiovascular System (CVS),Jan Aushadhi (PMBJP) product and MRP list,https://janaushadhi.gov.in/product-portfolio/product-mrp-list,Exported from the site's own Download Files button. Direct API calls to port 8443 return 500 from outside the browser.,False,,2026-08-06T05:37:19+00:00
273,Dobutamine Injection IP 250mg per 20ml (for Intravenous Infusion),Dobutamine,Vial,,35.63,True,,Cardiovascular System (CVS),Jan Aushadhi (PMBJP) product and MRP list,https://janaushadhi.gov.in/product-portfolio/product-mrp-list,Exported from the site's own Download Files button. Direct API calls to port 8443 return 500 from outside the browser.,False,,2026-08-06T05:37:19+00:00
274,Dopamine Hydrochloride Injection IP 200 mg per 5ml,Dopamine Hydrochloride,5 ml,5,15.0,True,3.0,Cardiovascular System (CVS),Jan Aushadhi (PMBJP) product and MRP list,https://janaushadhi.gov.in/product-portfolio/product-mrp-list,Exported from the site's own Download Files button. Direct API calls to port 8443 return 500 from outside the browser.,False,,2026-08-06T05:37:19+00:00
275,Enalapril Tablets IP 5 mg,Enalapril,10's,10,5.68,True,0.568,Cardiovascular System (CVS),Jan Aushadhi (PMBJP) product and MRP list,https://janaushadhi.gov.in/product-portfolio/product-mrp-list,Exported from the site's own Download Files button. Direct API calls to port 8443 return 500 from outside the browser.,False,,2026-08-06T05:37:19+00:00
276,Enoxaparin Injection IP 40 mg per 0.4 ml,Enoxaparin,0.4 ml,,187.0,True,,Cardiovascular System (CVS),Jan Aushadhi (PMBJP) product and MRP list,https://janaushadhi.gov.in/product-portfolio/product-mrp-list,Exported from the site's own Download Files button. Direct API calls to port 8443 return 500 from outside the browser.,False,,2026-08-06T05:37:19+00:00
277,Enoxaparin Injection IP 60 mg per 0.6 ml,Enoxaparin,0.6 ml,,217.8,True,,Cardiovascular System (CVS),Jan Aushadhi (PMBJP) product and MRP list,https://janaushadhi.gov.in/product-portfolio/product-mrp-list,Exported from the site's own Download Files button. Direct API calls to port 8443 return 500 from outside the browser.,False,,2026-08-06T05:37:19+00:00
278,Frusemide Injection IP 10 mg per ml,Frusemide,2 ml,2,2.81,True,1.405,Diuretic,Jan Aushadhi (PMBJP) product and MRP list,https://janaushadhi.gov.in/product-portfolio/product-mrp-list,Exported from the site's own Download Files button. Direct API calls to port 8443 return 500 from outside the browser.,False,,2026-08-06T05:37:19+00:00
279,Frusemide Tablets IP 40 mg,Frusemide,10's,10,4.94,True,0.494,Diuretic,Jan Aushadhi (PMBJP) product and MRP list,https://janaushadhi.gov.in/product-portfolio/product-mrp-list,Exported from the site's own Download Files button. Direct API calls to port 8443 return 500 from outside the browser.,False,,2026-08-06T05:37:19+00:00
280,Heparin Sodium Injection IP 5000 IU,Heparin Sodium,5 ml,5,40.22,True,8.044,Anticoagulant,Jan Aushadhi (PMBJP) product and MRP list,https://janaushadhi.gov.in/product-portfolio/product-mrp-list,Exported from the site's own Download Files button. Direct API calls to port 8443 return 500 from outside the browser.,False,,2026-08-06T05:37:19+00:00
281,Heparin Sodium Injection IP 25000 IU,Heparin Sodium,5 ml,5,187.5,True,37.5,Anticoagulant,Jan Aushadhi (PMBJP) product and MRP list,https://janaushadhi.gov.in/product-portfolio/product-mrp-list,Exported from the site's own Download Files button. Direct API calls to port 8443 return 500 from outside the browser.,False,,2026-08-06T05:37:19+00:00
283,Isosorbide Dinitrate Tablets IP 10mg,Isosorbide Dinitrate,50's,50,19.69,True,0.3938,Cardiovascular System (CVS),Jan Aushadhi (PMBJP) product and MRP list,https://janaushadhi.gov.in/product-portfolio/product-mrp-list,Exported from the site's own Download Files button. Direct API calls to port 8443 return 500 from outside the browser.,False,,2026-08-06T05:37:19+00:00
285,Amlodipine 5mg and Lisinopril 5mg Tablets IP,Amlodipine,15's,15,15.0,True,1.0,Cardiovascular System (CVS),Jan Aushadhi (PMBJP) product and MRP list,https://janaushadhi.gov.in/product-portfolio/product-mrp-list,Exported from the site's own Download Files button. Direct API calls to port 8443 return 500 from outside the browser.,False,,2026-08-06T05:37:19+00:00
286,Lisinopril Tablets IP 5mg,Lisinopril,10's,10,9.38,True,0.938,Cardiovascular System (CVS),Jan Aushadhi (PMBJP) product and MRP list,https://janaushadhi.gov.in/product-portfolio/product-mrp-list,Exported from the site's own Download Files button. Direct API calls to port 8443 return 500 from outside the browser.,False,,2026-08-06T05:37:19+00:00
287,Losartan Potassium 50mg and Hydrochlorothiazide 12.5mg Tabelts IP,Losartan Potassium,10's,10,13.62,True,1.362,Cardiovascular System (CVS),Jan Aushadhi (PMBJP) product and MRP list,https://janaushadhi.gov.in/product-portfolio/product-mrp-list,Exported from the site's own Download Files button. Direct API calls to port 8443 return 500 from outside the browser.,False,,2026-08-06T05:37:19+00:00
288,Losartan Tablets IP 25mg,Losartan,10's,10,7.94,True,0.794,Cardiovascular System (CVS),Jan Aushadhi (PMBJP) product and MRP list,https://janaushadhi.gov.in/product-portfolio/product-mrp-list,Exported from the site's own Download Files button. Direct API calls to port 8443 return 500 from outside the browser.,False,,2026-08-06T05:37:19+00:00
289,Losartan Tablets IP 50mg,Losartan,10's,10,12.47,True,1.247,Cardiovascular System (CVS),Jan Aushadhi (PMBJP) product and MRP list,https://janaushadhi.gov.in/product-portfolio/product-mrp-list,Exported from the site's own Download Files button. Direct API calls to port 8443 return 500 from outside the browser.,False,,2026-08-06T05:37:19+00:00
290,Metoprolol Tablets IP 25 mg,Metoprolol,10's,10,6.81,True,0.681,Cardiovascular System (CVS),Jan Aushadhi (PMBJP) product and MRP list,https://janaushadhi.gov.in/product-portfolio/product-mrp-list,Exported from the site's own Download Files button. Direct API calls to port 8443 return 500 from outside the browser.,False,,2026-08-06T05:37:19+00:00
291,Metoprolol Extended release Tablets IP 50mg,Metoprolol Extended release,10's,10,10.21,True,1.021,Cardiovascular System (CVS),Jan Aushadhi (PMBJP) product and MRP list,https://janaushadhi.gov.in/product-portfolio/product-mrp-list,Exported from the site's own Download Files button. Direct API calls to port 8443 return 500 from outside the browser.,False,,2026-08-06T05:37:19+00:00
293,Ramipril Tablets IP 2.5 mg,Ramipril,10's,10,7.94,True,0.794,Cardiovascular System (CVS),Jan Aushadhi (PMBJP) product and MRP list,https://janaushadhi.gov.in/product-portfolio/product-mrp-list,Exported from the site's own Download Files button. Direct API calls to port 8443 return 500 from outside the browser.,False,,2026-08-06T05:37:19+00:00
294,Ramipril Tablets IP 5 mg,Ramipril,10's,10,10.32,True,1.032,Cardiovascular System (CVS),Jan Aushadhi (PMBJP) product and MRP list,https://janaushadhi.gov.in/product-portfolio/product-mrp-list,Exported from the site's own Download Files button. Direct API calls to port 8443 return 500 from outside the browser.,False,,2026-08-06T05:37:19+00:00
295,Simvastatin Tablets IP 10mg,Simvastatin,10's,10,10.31,True,1.031,Cardiovascular System (CVS),Jan Aushadhi (PMBJP) product and MRP list,https://janaushadhi.gov.in/product-portfolio/product-mrp-list,Exported from the site's own Download Files button. Direct API calls to port 8443 return 500 from outside the browser.,False,,2026-08-06T05:37:19+00:00
296,Simvastatin Tablets IP 20mg,Simvastatin,10's,10,15.0,True,1.5,Cardiovascular System (CVS),Jan Aushadhi (PMBJP) product and MRP list,https://janaushadhi.gov.in/product-portfolio/product-mrp-list,Exported from the site's own Download Files button. Direct API calls to port 8443 return 500 from outside the browser.,False,,2026-08-06T05:37:19+00:00
298,Telmisartan 40mg and Hydrochlorothiazide 12.5mg Tablets IP,Telmisartan,10's,10,17.53,True,1.753,Cardiovascular System (CVS),Jan Aushadhi (PMBJP) product and MRP list,https://janaushadhi.gov.in/product-portfolio/product-mrp-list,Exported from the site's own Download Files button. Direct API calls to port 8443 return 500 from outside the browser.,False,,2026-08-06T05:37:19+00:00
299,Telmisartan Tablets IP 20mg,Telmisartan,10's,10,11.34,True,1.134,Cardiovascular System (CVS),Jan Aushadhi (PMBJP) product and MRP list,https://janaushadhi.gov.in/product-portfolio/product-mrp-list,Exported from the site's own Download Files button. Direct API calls to port 8443 return 500 from outside the browser.,False,,2026-08-06T05:37:19+00:00
300,Telmisartan Tablets IP 40mg,Telmisartan,10's,10,12.38,True,1.238,Cardiovascular System (CVS),Jan Aushadhi (PMBJP) product and MRP list,https://janaushadhi.gov.in/product-portfolio/product-mrp-list,Exported from the site's own Download Files button. Direct API calls to port 8443 return 500 from outside the browser.,False,,2026-08-06T05:37:19+00:00
301,Tranexamic Acid Tablets IP  500 mg,Tranexamic Acid,10's,10,74.0,True,7.4,Coagulants,Jan Aushadhi (PMBJP) product and MRP list,https://janaushadhi.gov.in/product-portfolio/product-mrp-list,Exported from the site's own Download Files button. Direct API calls to port 8443 return 500 from outside the browser.,False,,2026-08-06T05:37:19+00:00
302,Tranexamic Acid Injection IP 500 mg (100mg per ml),Tranexamic Acid,5 ml Amp.,5,24.0,True,4.8,Coagulants,Jan Aushadhi (PMBJP) product and MRP list,https://janaushadhi.gov.in/product-portfolio/product-mrp-list,Exported from the site's own Download Files button. Direct API calls to port 8443 return 500 from outside the browser.,False,,2026-08-06T05:37:19+00:00
304,Î±-Î² Arteether Injection 150 mg,Arteether,2 ml Ampoule,2,17.81,True,8.905,Anti-Malarial,Jan Aushadhi (PMBJP) product and MRP list,https://janaushadhi.gov.in/product-portfolio/product-mrp-list,Exported from the site's own Download Files button. Direct API calls to port 8443 return 500 from outside the browser.,False,,2026-08-06T05:37:19+00:00
305,Chloroquine Phosphate Tablets IP 250 mg,Chloroquine Phosphate,10's,10,5.0,True,0.5,Anti-Malarial,Jan Aushadhi (PMBJP) product and MRP list,https://janaushadhi.gov.in/product-portfolio/product-mrp-list,Exported from the site's own Download Files button. Direct API calls to port 8443 return 500 from outside the browser.,False,,2026-08-06T05:37:19+00:00
311,Disodium Hydrogen Citrate Syrup (Alkalyser) 1.4 gm per 5 ml,Disodium Hydrogen Citrate Alkalyser gm per,100 ml,100,22.69,True,0.2269,Urology,Jan Aushadhi (PMBJP) product and MRP list,https://janaushadhi.gov.in/product-portfolio/product-mrp-list,Exported from the site's own Download Files button. Direct API calls to port 8443 return 500 from outside the browser.,False,,2026-08-06T05:37:19+00:00
312,Oral Rehydration Salts IP 20.5g Sachet (WHO Formula),Oral Rehydration Salts,1's,1,10.98,True,10.98,Electrolytes,Jan Aushadhi (PMBJP) product and MRP list,https://janaushadhi.gov.in/product-portfolio/product-mrp-list,Exported from the site's own Download Files button. Direct API calls to port 8443 return 500 from outside the browser.,False,,2026-08-06T05:37:19+00:00
313,Alprazolam Tablets IP 0.25 mg,Alprazolam,10's,10,4.54,True,0.454,Central Nervous System (CNS),Jan Aushadhi (PMBJP) product and MRP list,https://janaushadhi.gov.in/product-portfolio/product-mrp-list,Exported from the site's own Download Files button. Direct API calls to port 8443 return 500 from outside the browser.,False,,2026-08-06T05:37:19+00:00
314,Alprazolam Tablets IP 0.5 mg,Alprazolam,10's,10,7.94,True,0.794,Central Nervous System (CNS),Jan Aushadhi (PMBJP) product and MRP list,https://janaushadhi.gov.in/product-portfolio/product-mrp-list,Exported from the site's own Download Files button. Direct API calls to port 8443 return 500 from outside the browser.,False,,2026-08-06T05:37:19+00:00
316,Betahistine Tablets IP 8 mg,Betahistine,10's,10,9.08,True,0.908,Central Nervous System (CNS),Jan Aushadhi (PMBJP) product and MRP list,https://janaushadhi.gov.in/product-portfolio/product-mrp-list,Exported from the site's own Download Files button. Direct API calls to port 8443 return 500 from outside the browser.,False,,2026-08-06T05:37:19+00:00
317,Carbamazepine Tablets IP 100 mg,Carbamazepine,10's,10,7.5,True,0.75,Central Nervous System (CNS),Jan Aushadhi (PMBJP) product and MRP list,https://janaushadhi.gov.in/product-portfolio/product-mrp-list,Exported from the site's own Download Files button. Direct API calls to port 8443 return 500 from outside the browser.,False,,2026-08-06T05:37:19+00:00
319,Clonazepam Tablets IP 0.5 mg,Clonazepam,10's,10,5.68,True,0.568,Central Nervous System (CNS),Jan Aushadhi (PMBJP) product and MRP list,https://janaushadhi.gov.in/product-portfolio/product-mrp-list,Exported from the site's own Download Files button. Direct API calls to port 8443 return 500 from outside the browser.,False,,2026-08-06T05:37:19+00:00
320,Diazepam Tablets IP 5 mg,Diazepam,10's,10,5.63,True,0.563,Central Nervous System (CNS),Jan Aushadhi (PMBJP) product and MRP list,https://janaushadhi.gov.in/product-portfolio/product-mrp-list,Exported from the site's own Download Files button. Direct API calls to port 8443 return 500 from outside the browser.,False,,2026-08-06T05:37:19+00:00
321,Escitalopram Tablets IP 10 mg,Escitalopram,10's,10,10.32,True,1.032,Central Nervous System (CNS),Jan Aushadhi (PMBJP) product and MRP list,https://janaushadhi.gov.in/product-portfolio/product-mrp-list,Exported from the site's own Download Files button. Direct API calls to port 8443 return 500 from outside the browser.,False,,2026-08-06T05:37:19+00:00
322,Escitalopram Tablets IP 20 mg,Escitalopram,10's,10,18.75,True,1.875,Central Nervous System (CNS),Jan Aushadhi (PMBJP) product and MRP list,https://janaushadhi.gov.in/product-portfolio/product-mrp-list,Exported from the site's own Download Files button. Direct API calls to port 8443 return 500 from outside the browser.,False,,2026-08-06T05:37:19+00:00
323,Flunarizine Tablets IP 10 mg,Flunarizine,10's,10,7.5,True,0.75,Central Nervous System (CNS),Jan Aushadhi (PMBJP) product and MRP list,https://janaushadhi.gov.in/product-portfolio/product-mrp-list,Exported from the site's own Download Files button. Direct API calls to port 8443 return 500 from outside the browser.,False,,2026-08-06T05:37:19+00:00
324,Flunarizine Tablets IP 5 mg,Flunarizine,10's,10,6.56,True,0.656,Central Nervous System (CNS),Jan Aushadhi (PMBJP) product and MRP list,https://janaushadhi.gov.in/product-portfolio/product-mrp-list,Exported from the site's own Download Files button. Direct API calls to port 8443 return 500 from outside the browser.,False,,2026-08-06T05:37:19+00:00
325,Fluoxetine Hydrochloride Capsules IP 20mg,Fluoxetine Hydrochloride,10's,10,9.08,True,0.908,Central Nervous System (CNS),Jan Aushadhi (PMBJP) product and MRP list,https://janaushadhi.gov.in/product-portfolio/product-mrp-list,Exported from the site's own Download Files button. Direct API calls to port 8443 return 500 from outside the browser.,False,,2026-08-06T05:37:19+00:00
326,Methyl Ergometrine Tablets IP 0.125 mg,Methyl Ergometrine,10's,10,10.31,True,1.031,Central Nervous System (CNS),Jan Aushadhi (PMBJP) product and MRP list,https://janaushadhi.gov.in/product-portfolio/product-mrp-list,Exported from the site's own Download Files button. Direct API calls to port 8443 return 500 from outside the browser.,False,,2026-08-06T05:37:19+00:00
327,Phenytoin Tablets IP 100 mg,Phenytoin,100's in Bottle,100,56.72,True,0.5672,Central Nervous System (CNS),Jan Aushadhi (PMBJP) product and MRP list,https://janaushadhi.gov.in/product-portfolio/product-mrp-list,Exported from the site's own Download Files button. Direct API calls to port 8443 return 500 from outside the browser.,False,,2026-08-06T05:37:19+00:00
328,Prochlorperazine Tablets IP 5 mg,Prochlorperazine,10's,10,5.63,True,0.563,Central Nervous System (CNS),Jan Aushadhi (PMBJP) product and MRP list,https://janaushadhi.gov.in/product-portfolio/product-mrp-list,Exported from the site's own Download Files button. Direct API calls to port 8443 return 500 from outside the browser.,False,,2026-08-06T05:37:19+00:00
329,Prednisolone Tablets IP 5 mg,Prednisolone,15's,15,7.5,True,0.5,Steroids & Hormones,Jan Aushadhi (PMBJP) product and MRP list,https://janaushadhi.gov.in/product-portfolio/product-mrp-list,Exported from the site's own Download Files button. Direct API calls to port 8443 return 500 from outside the browser.,False,,2026-08-06T05:37:19+00:00
330,Prednisolone Tablets IP 10 mg,Prednisolone,10's,10,8.44,True,0.844,Steroids & Hormones,Jan Aushadhi (PMBJP) product and MRP list,https://janaushadhi.gov.in/product-portfolio/product-mrp-list,Exported from the site's own Download Files button. Direct API calls to port 8443 return 500 from outside the browser.,False,,2026-08-06T05:37:19+00:00
332,Thyroxine Sodium Tablets IP 100 mcg,Thyroxine Sodium,100's,100,70.33,True,0.7033,Anti-Thyroid,Jan Aushadhi (PMBJP) product and MRP list,https://janaushadhi.gov.in/product-portfolio/product-mrp-list,Exported from the site's own Download Files button. Direct API calls to port 8443 return 500 from outside the browser.,False,,2026-08-06T05:37:19+00:00
333,Dexamethasone Tablets IP 0.5 mg,Dexamethasone,10's,10,1.88,True,0.188,Steroids & Hormones,Jan Aushadhi (PMBJP) product and MRP list,https://janaushadhi.gov.in/product-portfolio/product-mrp-list,Exported from the site's own Download Files button. Direct API calls to port 8443 return 500 from outside the browser.,False,,2026-08-06T05:37:19+00:00
334,Dexamethasone Injection IP 4mg per ml,Dexamethasone,2 ml,2,5.63,True,2.815,Steroids & Hormones,Jan Aushadhi (PMBJP) product and MRP list,https://janaushadhi.gov.in/product-portfolio/product-mrp-list,Exported from the site's own Download Files button. Direct API calls to port 8443 return 500 from outside the browser.,False,,2026-08-06T05:37:19+00:00
336,Allopurinol Tablets IP 100 mg,Allopurinol,10's,10,10.31,True,1.031,Ortho,Jan Aushadhi (PMBJP) product and MRP list,https://janaushadhi.gov.in/product-portfolio/product-mrp-list,Exported from the site's own Download Files button. Direct API calls to port 8443 return 500 from outside the browser.,False,,2026-08-06T05:37:19+00:00
337,Clomiphene Citrate Tablets IP 50mg,Clomiphene Citrate,10's,10,20.63,True,2.063,Gynaecology,Jan Aushadhi (PMBJP) product and MRP list,https://janaushadhi.gov.in/product-portfolio/product-mrp-list,Exported from the site's own Download Files button. Direct API calls to port 8443 return 500 from outside the browser.,False,,2026-08-06T05:37:19+00:00
338,Atropine Sulphate Injection IP 0.6mg per ml,Atropine Sulphate,1 ml,1,2.0,True,2.0,Cardiovascular System (CVS),Jan Aushadhi (PMBJP) product and MRP list,https://janaushadhi.gov.in/product-portfolio/product-mrp-list,Exported from the site's own Download Files button. Direct API calls to port 8443 return 500 from outside the browser.,False,,2026-08-06T05:37:19+00:00
341,Carboxymethylcellulose Sodium Eye Drops IP 0.5% w/v,Carboxymethylcellulose Sodium Eye w v,10 ml,10,27.23,True,2.723,Opthalmic/Otic,Jan Aushadhi (PMBJP) product and MRP list,https://janaushadhi.gov.in/product-portfolio/product-mrp-list,Exported from the site's own Download Files button. Direct API calls to port 8443 return 500 from outside the browser.,False,,2026-08-06T05:37:19+00:00
344,Ciprofloxacin Eye Drops IP 0.3% w/v,Ciprofloxacin Eye w v,5 ml,5,6.56,True,1.312,Opthalmic/Otic,Jan Aushadhi (PMBJP) product and MRP list,https://janaushadhi.gov.in/product-portfolio/product-mrp-list,Exported from the site's own Download Files button. Direct API calls to port 8443 return 500 from outside the browser.,False,,2026-08-06T05:37:19+00:00
345,Gentamicin Eye Drops IP 0.3% w/v,Gentamicin Eye w v,10 ml,10,5.63,True,0.563,Opthalmic/Otic,Jan Aushadhi (PMBJP) product and MRP list,https://janaushadhi.gov.in/product-portfolio/product-mrp-list,Exported from the site's own Download Files button. Direct API calls to port 8443 return 500 from outside the browser.,False,,2026-08-06T05:37:19+00:00
351,Xylometazoline Nasal Drops IP 0.1%w/v,Xylometazoline Nasal,10 ml,10,13.62,True,1.362,Respiratory,Jan Aushadhi (PMBJP) product and MRP list,https://janaushadhi.gov.in/product-portfolio/product-mrp-list,Exported from the site's own Download Files button. Direct API calls to port 8443 return 500 from outside the browser.,False,,2026-08-06T05:37:19+00:00
352,Bupivacaine Hydrochloride Injection IP 5 mg per ml,Bupivacaine Hydrochloride,20 ml,20,36.56,True,1.828,Anaesthetics,Jan Aushadhi (PMBJP) product and MRP list,https://janaushadhi.gov.in/product-portfolio/product-mrp-list,Exported from the site's own Download Files button. Direct API calls to port 8443 return 500 from outside the browser.,False,,2026-08-06T05:37:19+00:00
356,Lignocaine Injection IP 2% w/v,Lignocaine w v,30 ml Vial,30,15.94,True,0.5313,Anaesthetics,Jan Aushadhi (PMBJP) product and MRP list,https://janaushadhi.gov.in/product-portfolio/product-mrp-list,Exported from the site's own Download Files button. Direct API calls to port 8443 return 500 from outside the browser.,False,,2026-08-06T05:37:19+00:00
357,Lignocaine and Adrenaline Injection IP (2%w/v and 1:80000),Lignocaine and Adrenaline,30 ml Vial,30,20.63,True,0.6877,Anaesthetics,Jan Aushadhi (PMBJP) product and MRP list,https://janaushadhi.gov.in/product-portfolio/product-mrp-list,Exported from the site's own Download Files button. Direct API calls to port 8443 return 500 from outside the browser.,False,,2026-08-06T05:37:19+00:00
358,Propofol Injection IP 10 mg per ml,Propofol,10 ml Vial,10,36.56,True,3.656,Anaesthetics,Jan Aushadhi (PMBJP) product and MRP list,https://janaushadhi.gov.in/product-portfolio/product-mrp-list,Exported from the site's own Download Files button. Direct API calls to port 8443 return 500 from outside the browser.,False,,2026-08-06T05:37:19+00:00
359,Tetanus Vaccine IP,Tetanus Vaccine,0.5 ml Ampoule,,6.5,True,,Vaccines,Jan Aushadhi (PMBJP) product and MRP list,https://janaushadhi.gov.in/product-portfolio/product-mrp-list,Exported from the site's own Download Files button. Direct API calls to port 8443 return 500 from outside the browser.,False,,2026-08-06T05:37:19+00:00
360,Mifepristone Tablets IP 200 mg,Mifepristone,1's,1,62.81,True,62.81,Gynaecology,Jan Aushadhi (PMBJP) product and MRP list,https://janaushadhi.gov.in/product-portfolio/product-mrp-list,Exported from the site's own Download Files button. Direct API calls to port 8443 return 500 from outside the browser.,False,,2026-08-06T05:37:19+00:00
362,Biphasic Isophane Insulin Injection IP (50:50) 40 IU per ml,Biphasic Isophane Insulin,10 ML VIAL,10,96.8,True,9.68,Anti-Diabetic,Jan Aushadhi (PMBJP) product and MRP list,https://janaushadhi.gov.in/product-portfolio/product-mrp-list,Exported from the site's own Download Files button. Direct API calls to port 8443 return 500 from outside the browser.,False,,2026-08-06T05:37:19+00:00
363,Insulin Glargine Injection IP 100 IU per ml,Insulin Glargine,Cartridge 3 ml,,340.0,True,,Anti-Diabetic,Jan Aushadhi (PMBJP) product and MRP list,https://janaushadhi.gov.in/product-portfolio/product-mrp-list,Exported from the site's own Download Files button. Direct API calls to port 8443 return 500 from outside the browser.,False,,2026-08-06T05:37:19+00:00
366,Glipizide 5mg and Metformin Hydrochloride 500mg Tablets,Glipizide,10's,10,9.28,True,0.928,Anti-Diabetic,Jan Aushadhi (PMBJP) product and MRP list,https://janaushadhi.gov.in/product-portfolio/product-mrp-list,Exported from the site's own Download Files button. Direct API calls to port 8443 return 500 from outside the browser.,False,,2026-08-06T05:37:19+00:00
367,Voglibose Tablets IP 0.3 mg,Voglibose,10's,10,15.88,True,1.588,Anti-Diabetic,Jan Aushadhi (PMBJP) product and MRP list,https://janaushadhi.gov.in/product-portfolio/product-mrp-list,Exported from the site's own Download Files button. Direct API calls to port 8443 return 500 from outside the browser.,False,,2026-08-06T05:37:19+00:00
368,Gliclazide Extended release Tablets 60 mg,Gliclazide Extended release,10's,10,45.38,True,4.538,Anti-Diabetic,Jan Aushadhi (PMBJP) product and MRP list,https://janaushadhi.gov.in/product-portfolio/product-mrp-list,Exported from the site's own Download Files button. Direct API calls to port 8443 return 500 from outside the browser.,False,,2026-08-06T05:37:19+00:00
369,Acarbose Tablets IP 50 mg,Acarbose,10's,10,63.94,True,6.394,Anti-Diabetic,Jan Aushadhi (PMBJP) product and MRP list,https://janaushadhi.gov.in/product-portfolio/product-mrp-list,Exported from the site's own Download Files button. Direct API calls to port 8443 return 500 from outside the browser.,False,,2026-08-06T05:37:19+00:00
371,Voglibose Tablets IP 0.2 mg,Voglibose,10's,10,12.47,True,1.247,Anti-Diabetic,Jan Aushadhi (PMBJP) product and MRP list,https://janaushadhi.gov.in/product-portfolio/product-mrp-list,Exported from the site's own Download Files button. Direct API calls to port 8443 return 500 from outside the browser.,False,,2026-08-06T05:37:19+00:00
372,Metformin Hydrochloride Prolonged release Tablets IP 500 mg,Metformin Hydrochloride Prolonged release,10's,10,10.79,True,1.079,Anti-Diabetic,Jan Aushadhi (PMBJP) product and MRP list,https://janaushadhi.gov.in/product-portfolio/product-mrp-list,Exported from the site's own Download Files button. Direct API calls to port 8443 return 500 from outside the browser.,False,,2026-08-06T05:37:19+00:00
373,Artesunate Injection IP 60 mg,Artesunate,1 vial,1,21.56,True,21.56,Anti-Malarial,Jan Aushadhi (PMBJP) product and MRP list,https://janaushadhi.gov.in/product-portfolio/product-mrp-list,Exported from the site's own Download Files button. Direct API calls to port 8443 return 500 from outside the browser.,False,,2026-08-06T05:37:19+00:00
375,Quinine Sulphate Tablets IP 300 mg,Quinine Sulphate,10's,10,31.0,True,3.1,Anti-Malarial,Jan Aushadhi (PMBJP) product and MRP list,https://janaushadhi.gov.in/product-portfolio/product-mrp-list,Exported from the site's own Download Files button. Direct API calls to port 8443 return 500 from outside the browser.,False,,2026-08-06T05:37:19+00:00
376,Imipenem 500mg and Cilastatin 500mg Injection IP,Imipenem,Vial & Wfi,,309.38,True,,Antibiotics,Jan Aushadhi (PMBJP) product and MRP list,https://janaushadhi.gov.in/product-portfolio/product-mrp-list,Exported from the site's own Download Files button. Direct API calls to port 8443 return 500 from outside the browser.,False,,2026-08-06T05:37:19+00:00
377,Clindamycin Capsules IP 300 mg,Clindamycin,10's,10,84.38,True,8.438,Antibiotics,Jan Aushadhi (PMBJP) product and MRP list,https://janaushadhi.gov.in/product-portfolio/product-mrp-list,Exported from the site's own Download Files button. Direct API calls to port 8443 return 500 from outside the browser.,False,,2026-08-06T05:37:19+00:00
380,Clarithromycin Tablets IP 500 mg,Clarithromycin,4's,4,67.5,True,16.875,Antibiotics,Jan Aushadhi (PMBJP) product and MRP list,https://janaushadhi.gov.in/product-portfolio/product-mrp-list,Exported from the site's own Download Files button. Direct API calls to port 8443 return 500 from outside the browser.,False,,2026-08-06T05:37:19+00:00
381,Cefixime 200mg and Ofloxacin 200mg Tablets,Cefixime,10's,10,52.18,True,5.218,Antibiotics,Jan Aushadhi (PMBJP) product and MRP list,https://janaushadhi.gov.in/product-portfolio/product-mrp-list,Exported from the site's own Download Files button. Direct API calls to port 8443 return 500 from outside the browser.,False,,2026-08-06T05:37:19+00:00
382,Linezolid Tablets IP 600 mg,Linezolid,10's,10,154.69,True,15.469,Antibiotics,Jan Aushadhi (PMBJP) product and MRP list,https://janaushadhi.gov.in/product-portfolio/product-mrp-list,Exported from the site's own Download Files button. Direct API calls to port 8443 return 500 from outside the browser.,False,,2026-08-06T05:37:19+00:00
383,Cefpodoxime 200mg and Potassium Clavulanate 125mg Tablets,Cefpodoxime,6's,6,74.25,True,12.375,Antibiotics,Jan Aushadhi (PMBJP) product and MRP list,https://janaushadhi.gov.in/product-portfolio/product-mrp-list,Exported from the site's own Download Files button. Direct API calls to port 8443 return 500 from outside the browser.,False,,2026-08-06T05:37:19+00:00
384,Itraconazole Capsules 100 mg,Itraconazole,4's,4,24.96,True,6.24,Anti-Fungal,Jan Aushadhi (PMBJP) product and MRP list,https://janaushadhi.gov.in/product-portfolio/product-mrp-list,Exported from the site's own Download Files button. Direct API calls to port 8443 return 500 from outside the browser.,False,,2026-08-06T05:37:19+00:00
385,Cefixime 200mg and Potassium Clavulanate 125mg Tablets,Cefixime,10's,10,120.0,True,12.0,Antibiotics,Jan Aushadhi (PMBJP) product and MRP list,https://janaushadhi.gov.in/product-portfolio/product-mrp-list,Exported from the site's own Download Files button. Direct API calls to port 8443 return 500 from outside the browser.,False,,2026-08-06T05:37:19+00:00
386,Diethylcarbamazine Tablets IP 50 mg,Diethylcarbamazine,30's,30,9.0,True,0.3,Anthelmintic,Jan Aushadhi (PMBJP) product and MRP list,https://janaushadhi.gov.in/product-portfolio/product-mrp-list,Exported from the site's own Download Files button. Direct API calls to port 8443 return 500 from outside the browser.,False,,2026-08-06T05:37:19+00:00
387,Terbinafine Tablets IP 250mg,Terbinafine,7's,7,42.28,True,6.04,Anti-Fungal,Jan Aushadhi (PMBJP) product and MRP list,https://janaushadhi.gov.in/product-portfolio/product-mrp-list,Exported from the site's own Download Files button. Direct API calls to port 8443 return 500 from outside the browser.,False,,2026-08-06T05:37:19+00:00
391,Moxifloxacin Tablets 400 mg,Moxifloxacin,5's,5,61.88,True,12.376,Antibiotics,Jan Aushadhi (PMBJP) product and MRP list,https://janaushadhi.gov.in/product-portfolio/product-mrp-list,Exported from the site's own Download Files button. Direct API calls to port 8443 return 500 from outside the browser.,False,,2026-08-06T05:37:19+00:00
392,Griseofulvin Tablets IP 250 mg,Griseofulvin,10's,10,15.0,True,1.5,Anti-Fungal,Jan Aushadhi (PMBJP) product and MRP list,https://janaushadhi.gov.in/product-portfolio/product-mrp-list,Exported from the site's own Download Files button. Direct API calls to port 8443 return 500 from outside the browser.,False,,2026-08-06T05:37:19+00:00
393,Aciclovir Dispersible Tablets IP 800 mg,Aciclovir Dispersible,5's,5,41.25,True,8.25,Anti-Viral,Jan Aushadhi (PMBJP) product and MRP list,https://janaushadhi.gov.in/product-portfolio/product-mrp-list,Exported from the site's own Download Files button. Direct API calls to port 8443 return 500 from outside the browser.,False,,2026-08-06T05:37:19+00:00
395,Cefuroxime Axetil 500mg and Potassium Clavulanate 125mg Tablets IP,Cefuroxime Axetil,6's,6,102.19,True,17.0317,Antibiotics,Jan Aushadhi (PMBJP) product and MRP list,https://janaushadhi.gov.in/product-portfolio/product-mrp-list,Exported from the site's own Download Files button. Direct API calls to port 8443 return 500 from outside the browser.,False,,2026-08-06T05:37:19+00:00
396,Liposomal Amphotericin B Injection 50 mg per Vial,Liposomal Amphotericin B,20 ml,20,2700.0,True,135.0,Anti-Fungal,Jan Aushadhi (PMBJP) product and MRP list,https://janaushadhi.gov.in/product-portfolio/product-mrp-list,Exported from the site's own Download Files button. Direct API calls to port 8443 return 500 from outside the browser.,False,,2026-08-06T05:37:19+00:00
400,Ketoconazole Tablets IP 200 mg,Ketoconazole,10's,10,26.25,True,2.625,Anti-Fungal,Jan Aushadhi (PMBJP) product and MRP list,https://janaushadhi.gov.in/product-portfolio/product-mrp-list,Exported from the site's own Download Files button. Direct API calls to port 8443 return 500 from outside the browser.,False,,2026-08-06T05:37:19+00:00
401,Amoxycillin 250mg and Potassium Clavulanate 125mg Tablets IP,Amoxycillin,6's,6,45.39,True,7.565,Antibiotics,Jan Aushadhi (PMBJP) product and MRP list,https://janaushadhi.gov.in/product-portfolio/product-mrp-list,Exported from the site's own Download Files button. Direct API calls to port 8443 return 500 from outside the browser.,False,,2026-08-06T05:37:19+00:00
402,Amoxycillin 875mg and Potassium Clavulanate 125mg Tablets IP,Amoxycillin,6's,6,72.19,True,12.0317,Antibiotics,Jan Aushadhi (PMBJP) product and MRP list,https://janaushadhi.gov.in/product-portfolio/product-mrp-list,Exported from the site's own Download Files button. Direct API calls to port 8443 return 500 from outside the browser.,False,,2026-08-06T05:37:19+00:00
403,Clindamycin Injection IP 300mg per 2ml,Clindamycin,2 ML,2,55.0,True,27.5,Antibiotics,Jan Aushadhi (PMBJP) product and MRP list,https://janaushadhi.gov.in/product-portfolio/product-mrp-list,Exported from the site's own Download Files button. Direct API calls to port 8443 return 500 from outside the browser.,False,,2026-08-06T05:37:19+00:00
404,Linezolid Infusion 600mg per 300ml,Linezolid Infusion,300 ml,300,113.44,True,0.3781,Antibiotics,Jan Aushadhi (PMBJP) product and MRP list,https://janaushadhi.gov.in/product-portfolio/product-mrp-list,Exported from the site's own Download Files button. Direct API calls to port 8443 return 500 from outside the browser.,False,,2026-08-06T05:37:19+00:00
405,Ofloxacin Infusion IP 200 mg per 100 ml,Ofloxacin Infusion,100 ml,100,30.94,True,0.3094,Antibiotics,Jan Aushadhi (PMBJP) product and MRP list,https://janaushadhi.gov.in/product-portfolio/product-mrp-list,Exported from the site's own Download Files button. Direct API calls to port 8443 return 500 from outside the browser.,False,,2026-08-06T05:37:19+00:00
407,Ivermectin Dispersible Tablets 12 mg,Ivermectin Dispersible,10's,10,21.66,True,2.166,Anthelmintic,Jan Aushadhi (PMBJP) product and MRP list,https://janaushadhi.gov.in/product-portfolio/product-mrp-list,Exported from the site's own Download Files button. Direct API calls to port 8443 return 500 from outside the browser.,False,,2026-08-06T05:37:19+00:00
410,Trastuzumab Injection 440 mg With Wfi,Trastuzumab,1's,1,14062.5,True,14062.5,Oncology,Jan Aushadhi (PMBJP) product and MRP list,https://janaushadhi.gov.in/product-portfolio/product-mrp-list,Exported from the site's own Download Files button. Direct API calls to port 8443 return 500 from outside the browser.,True,trastuzumab is an oncology molecule,2026-08-06T05:37:19+00:00
412,Azathioprine Tablets IP 50 mg,Azathioprine,10's,10,45.0,True,4.5,Immunosuppressant,Jan Aushadhi (PMBJP) product and MRP list,https://janaushadhi.gov.in/product-portfolio/product-mrp-list,Exported from the site's own Download Files button. Direct API calls to port 8443 return 500 from outside the browser.,False,,2026-08-06T05:37:19+00:00
413,Methotrexate Tablets IP 7.5 mg,Methotrexate,10's,10,25.0,True,2.5,Oncology,Jan Aushadhi (PMBJP) product and MRP list,https://janaushadhi.gov.in/product-portfolio/product-mrp-list,Exported from the site's own Download Files button. Direct API calls to port 8443 return 500 from outside the browser.,True,indication names oncology,2026-08-06T05:37:19+00:00
414,Tranexamic Acid 500mg and Mefenamic Acid 250mg Tablets,Tranexamic Acid,10's,10,76.88,True,7.688,Coagulants,Jan Aushadhi (PMBJP) product and MRP list,https://janaushadhi.gov.in/product-portfolio/product-mrp-list,Exported from the site's own Download Files button. Direct API calls to port 8443 return 500 from outside the browser.,False,,2026-08-06T05:37:19+00:00
416,Prazosin Tablets IP 5 mg,Prazosin,15's,15,31.77,True,2.118,Cardiovascular System (CVS),Jan Aushadhi (PMBJP) product and MRP list,https://janaushadhi.gov.in/product-portfolio/product-mrp-list,Exported from the site's own Download Files button. Direct API calls to port 8443 return 500 from outside the browser.,False,,2026-08-06T05:37:19+00:00
417,Telmisartan 40mg and Amlodipine 5mg Tablets IP,Telmisartan,15's,15,24.96,True,1.664,Cardiovascular System (CVS),Jan Aushadhi (PMBJP) product and MRP list,https://janaushadhi.gov.in/product-portfolio/product-mrp-list,Exported from the site's own Download Files button. Direct API calls to port 8443 return 500 from outside the browser.,False,,2026-08-06T05:37:19+00:00
418,Rosuvastatin Tablets IP 20 mg,Rosuvastatin,10's,10,29.49,True,2.949,Cardiovascular System (CVS),Jan Aushadhi (PMBJP) product and MRP list,https://janaushadhi.gov.in/product-portfolio/product-mrp-list,Exported from the site's own Download Files button. Direct API calls to port 8443 return 500 from outside the browser.,False,,2026-08-06T05:37:19+00:00
419,Heparin Sodium 50IU and Benzyl Nicotinate 2mg Ointment,Heparin Sodium,20 gm,20,37.5,True,1.875,Anticoagulant,Jan Aushadhi (PMBJP) product and MRP list,https://janaushadhi.gov.in/product-portfolio/product-mrp-list,Exported from the site's own Download Files button. Direct API calls to port 8443 return 500 from outside the browser.,False,,2026-08-06T05:37:19+00:00
420,Atorvastatin 10mg and Clopidogrel 75mg Capsules,Atorvastatin,10's,10,39.7,True,3.97,Cardiovascular System (CVS),Jan Aushadhi (PMBJP) product and MRP list,https://janaushadhi.gov.in/product-portfolio/product-mrp-list,Exported from the site's own Download Files button. Direct API calls to port 8443 return 500 from outside the browser.,False,,2026-08-06T05:37:19+00:00
421,Nebivolol Tablets IP 5 mg,Nebivolol,10's,10,25.78,True,2.578,Cardiovascular System (CVS),Jan Aushadhi (PMBJP) product and MRP list,https://janaushadhi.gov.in/product-portfolio/product-mrp-list,Exported from the site's own Download Files button. Direct API calls to port 8443 return 500 from outside the browser.,False,,2026-08-06T05:37:19+00:00
422,Torasemide Tablets IP 10mg,Torasemide,15's,15,17.53,True,1.1687,Diuretic,Jan Aushadhi (PMBJP) product and MRP list,https://janaushadhi.gov.in/product-portfolio/product-mrp-list,Exported from the site's own Download Files button. Direct API calls to port 8443 return 500 from outside the browser.,False,,2026-08-06T05:37:19+00:00
423,Bisoprolol Tablets 5 mg,Bisoprolol,10's,10,15.47,True,1.547,Cardiovascular System (CVS),Jan Aushadhi (PMBJP) product and MRP list,https://janaushadhi.gov.in/product-portfolio/product-mrp-list,Exported from the site's own Download Files button. Direct API calls to port 8443 return 500 from outside the browser.,False,,2026-08-06T05:37:19+00:00
424,Carvedilol Tablets IP 3.125 mg,Carvedilol,10's,10,7.94,True,0.794,Cardiovascular System (CVS),Jan Aushadhi (PMBJP) product and MRP list,https://janaushadhi.gov.in/product-portfolio/product-mrp-list,Exported from the site's own Download Files button. Direct API calls to port 8443 return 500 from outside the browser.,False,,2026-08-06T05:37:19+00:00
425,Diltiazem Sustained Release Tablets 90 mg,Diltiazem Sustained Release,10's,10,37.43,True,3.743,Cardiovascular System (CVS),Jan Aushadhi (PMBJP) product and MRP list,https://janaushadhi.gov.in/product-portfolio/product-mrp-list,Exported from the site's own Download Files button. Direct API calls to port 8443 return 500 from outside the browser.,False,,2026-08-06T05:37:19+00:00
426,Acenocoumarol Tablets IP 2 mg,Acenocoumarol,30's,30,33.75,True,1.125,Cardiovascular System (CVS),Jan Aushadhi (PMBJP) product and MRP list,https://janaushadhi.gov.in/product-portfolio/product-mrp-list,Exported from the site's own Download Files button. Direct API calls to port 8443 return 500 from outside the browser.,False,,2026-08-06T05:37:19+00:00
427,S(-)Amlodipine Tablets IP 2.5 mg,S Amlodipine,10's,10,12.47,True,1.247,Cardiovascular System (CVS),Jan Aushadhi (PMBJP) product and MRP list,https://janaushadhi.gov.in/product-portfolio/product-mrp-list,Exported from the site's own Download Files button. Direct API calls to port 8443 return 500 from outside the browser.,False,,2026-08-06T05:37:19+00:00
428,Digoxin Tablets IP 0.25 mg,Digoxin,10's,10,8.44,True,0.844,Cardiovascular System (CVS),Jan Aushadhi (PMBJP) product and MRP list,https://janaushadhi.gov.in/product-portfolio/product-mrp-list,Exported from the site's own Download Files button. Direct API calls to port 8443 return 500 from outside the browser.,False,,2026-08-06T05:37:19+00:00
429,Atorvastatin 10mg and Fenofibrate 160mg Tablets IP,Atorvastatin,15's,15,30.94,True,2.0627,Cardiovascular System (CVS),Jan Aushadhi (PMBJP) product and MRP list,https://janaushadhi.gov.in/product-portfolio/product-mrp-list,Exported from the site's own Download Files button. Direct API calls to port 8443 return 500 from outside the browser.,False,,2026-08-06T05:37:19+00:00
430,Amiodarone Tablets IP 200 mg,Amiodarone,10's,10,55.31,True,5.531,Cardiovascular System (CVS),Jan Aushadhi (PMBJP) product and MRP list,https://janaushadhi.gov.in/product-portfolio/product-mrp-list,Exported from the site's own Download Files button. Direct API calls to port 8443 return 500 from outside the browser.,False,,2026-08-06T05:37:19+00:00
431,Ramipril 5mg and Hydrochlorothiazide 12.5mg Tablets IP,Ramipril,10's,10,13.13,True,1.313,Cardiovascular System (CVS),Jan Aushadhi (PMBJP) product and MRP list,https://janaushadhi.gov.in/product-portfolio/product-mrp-list,Exported from the site's own Download Files button. Direct API calls to port 8443 return 500 from outside the browser.,False,,2026-08-06T05:37:19+00:00
432,Olmesartan Medoxomil Tablets IP 40 mg,Olmesartan Medoxomil,10's,10,37.43,True,3.743,Cardiovascular System (CVS),Jan Aushadhi (PMBJP) product and MRP list,https://janaushadhi.gov.in/product-portfolio/product-mrp-list,Exported from the site's own Download Files button. Direct API calls to port 8443 return 500 from outside the browser.,False,,2026-08-06T05:37:19+00:00
433,Isosorbide Mononitrate Sustained Release Tablets 30 mg,Isosorbide Mononitrate Sustained Release,30's,30,65.63,True,2.1877,Cardiovascular System (CVS),Jan Aushadhi (PMBJP) product and MRP list,https://janaushadhi.gov.in/product-portfolio/product-mrp-list,Exported from the site's own Download Files button. Direct API calls to port 8443 return 500 from outside the browser.,False,,2026-08-06T05:37:19+00:00
434,Propranolol Tablets IP 40 mg,Propranolol,10's,10,6.81,True,0.681,Cardiovascular System (CVS),Jan Aushadhi (PMBJP) product and MRP list,https://janaushadhi.gov.in/product-portfolio/product-mrp-list,Exported from the site's own Download Files button. Direct API calls to port 8443 return 500 from outside the browser.,False,,2026-08-06T05:37:19+00:00
435,Rosuvastatin 10mg and Fenofibrate 160mg Tablets IP,Rosuvastatin,10's,10,35.17,True,3.517,Cardiovascular System (CVS),Jan Aushadhi (PMBJP) product and MRP list,https://janaushadhi.gov.in/product-portfolio/product-mrp-list,Exported from the site's own Download Files button. Direct API calls to port 8443 return 500 from outside the browser.,False,,2026-08-06T05:37:19+00:00
436,Telmisartan 40mg and Chlorthalidone 12.5mg Tablets,Telmisartan,10's,10,22.69,True,2.269,Cardiovascular System (CVS),Jan Aushadhi (PMBJP) product and MRP list,https://janaushadhi.gov.in/product-portfolio/product-mrp-list,Exported from the site's own Download Files button. Direct API calls to port 8443 return 500 from outside the browser.,False,,2026-08-06T05:37:19+00:00
437,Nifedipine Prolonged release Tablets IP 20mg,Nifedipine Prolonged release,10's,10,9.28,True,0.928,Cardiovascular System (CVS),Jan Aushadhi (PMBJP) product and MRP list,https://janaushadhi.gov.in/product-portfolio/product-mrp-list,Exported from the site's own Download Files button. Direct API calls to port 8443 return 500 from outside the browser.,False,,2026-08-06T05:37:19+00:00
438,Indapamide Tablets IP 1.5 mg,Indapamide,10's,10,24.38,True,2.438,Cardiovascular System (CVS),Jan Aushadhi (PMBJP) product and MRP list,https://janaushadhi.gov.in/product-portfolio/product-mrp-list,Exported from the site's own Download Files button. Direct API calls to port 8443 return 500 from outside the browser.,False,,2026-08-06T05:37:19+00:00
439,Olmesartan Medoxomil 40mg and Hydrochlorothiazide 12.5mg Tablets IP,Olmesartan Medoxomil,10's,10,30.94,True,3.094,Cardiovascular System (CVS),Jan Aushadhi (PMBJP) product and MRP list,https://janaushadhi.gov.in/product-portfolio/product-mrp-list,Exported from the site's own Download Files button. Direct API calls to port 8443 return 500 from outside the browser.,False,,2026-08-06T05:37:19+00:00
440,Metoprolol 50mg (Prolonged release) and Amlodipine Besilate 5mg Tablets IP,Metoprolol,7's,7,11.34,True,1.62,Cardiovascular System (CVS),Jan Aushadhi (PMBJP) product and MRP list,https://janaushadhi.gov.in/product-portfolio/product-mrp-list,Exported from the site's own Download Files button. Direct API calls to port 8443 return 500 from outside the browser.,False,,2026-08-06T05:37:19+00:00
441,Losartan 50mg and Amlodipine 5mg Tablets IP,Losartan,10's,10,22.69,True,2.269,Cardiovascular System (CVS),Jan Aushadhi (PMBJP) product and MRP list,https://janaushadhi.gov.in/product-portfolio/product-mrp-list,Exported from the site's own Download Files button. Direct API calls to port 8443 return 500 from outside the browser.,False,,2026-08-06T05:37:19+00:00
442,Fenofibrate Tablets  IP 160 mg,Fenofibrate,10's,10,27.84,True,2.784,Cardiovascular System (CVS),Jan Aushadhi (PMBJP) product and MRP list,https://janaushadhi.gov.in/product-portfolio/product-mrp-list,Exported from the site's own Download Files button. Direct API calls to port 8443 return 500 from outside the browser.,False,,2026-08-06T05:37:19+00:00
443,Isosorbide Dinitrate Tablets IP 5 mg,Isosorbide Dinitrate,50's,50,18.75,True,0.375,Cardiovascular System (CVS),Jan Aushadhi (PMBJP) product and MRP list,https://janaushadhi.gov.in/product-portfolio/product-mrp-list,Exported from the site's own Download Files button. Direct API calls to port 8443 return 500 from outside the browser.,False,,2026-08-06T05:37:19+00:00
444,Enalapril 10mg and Hydrochlorothiazide 25mg Tablets IP,Enalapril,30's,30,56.25,True,1.875,Cardiovascular System (CVS),Jan Aushadhi (PMBJP) product and MRP list,https://janaushadhi.gov.in/product-portfolio/product-mrp-list,Exported from the site's own Download Files button. Direct API calls to port 8443 return 500 from outside the browser.,False,,2026-08-06T05:37:19+00:00
445,Olmesartan 20mg and Amlodipine 5mg Tablets,Olmesartan,10's,10,25.78,True,2.578,Cardiovascular System (CVS),Jan Aushadhi (PMBJP) product and MRP list,https://janaushadhi.gov.in/product-portfolio/product-mrp-list,Exported from the site's own Download Files button. Direct API calls to port 8443 return 500 from outside the browser.,False,,2026-08-06T05:37:19+00:00
446,Amlodipine 5mg and Hydrochlorothiazide 12.5mg Tablets,Amlodipine,10's,10,17.02,True,1.702,Cardiovascular System (CVS),Jan Aushadhi (PMBJP) product and MRP list,https://janaushadhi.gov.in/product-portfolio/product-mrp-list,Exported from the site's own Download Files button. Direct API calls to port 8443 return 500 from outside the browser.,False,,2026-08-06T05:37:19+00:00
447,Moxonidine Tablets 0.3 mg,Moxonidine,10's,10,48.47,True,4.847,Cardiovascular System (CVS),Jan Aushadhi (PMBJP) product and MRP list,https://janaushadhi.gov.in/product-portfolio/product-mrp-list,Exported from the site's own Download Files button. Direct API calls to port 8443 return 500 from outside the browser.,False,,2026-08-06T05:37:19+00:00
448,Ramipril 5mg and Amlodipine 5mg Tablets,Ramipril,10's,10,23.44,True,2.344,Cardiovascular System (CVS),Jan Aushadhi (PMBJP) product and MRP list,https://janaushadhi.gov.in/product-portfolio/product-mrp-list,Exported from the site's own Download Files button. Direct API calls to port 8443 return 500 from outside the browser.,False,,2026-08-06T05:37:19+00:00
449,Spironolactone Tablets IP 25 mg,Spironolactone,15's,15,20.63,True,1.3753,Diuretic,Jan Aushadhi (PMBJP) product and MRP list,https://janaushadhi.gov.in/product-portfolio/product-mrp-list,Exported from the site's own Download Files button. Direct API calls to port 8443 return 500 from outside the browser.,False,,2026-08-06T05:37:19+00:00
450,LabetalolÂ HydrochlorideÂ Tablets IP 100mg,Labetalol Hydrochloride,10's,10,42.19,True,4.219,Cardiovascular System (CVS),Jan Aushadhi (PMBJP) product and MRP list,https://janaushadhi.gov.in/product-portfolio/product-mrp-list,Exported from the site's own Download Files button. Direct API calls to port 8443 return 500 from outside the browser.,False,,2026-08-06T05:37:19+00:00
451,"Streptokinase Injection IP 15,00,000 IU",Streptokinase,10 ml & wfi,10,932.81,True,93.281,Cardiovascular System (CVS),Jan Aushadhi (PMBJP) product and MRP list,https://janaushadhi.gov.in/product-portfolio/product-mrp-list,Exported from the site's own Download Files button. Direct API calls to port 8443 return 500 from outside the browser.,False,,2026-08-06T05:37:19+00:00
452,Warfarin Tablets IP 5 mg,Warfarin,10's,10,16.88,True,1.688,Cardiovascular System (CVS),Jan Aushadhi (PMBJP) product and MRP list,https://janaushadhi.gov.in/product-portfolio/product-mrp-list,Exported from the site's own Download Files button. Direct API calls to port 8443 return 500 from outside the browser.,False,,2026-08-06T05:37:19+00:00
453,Bisoprolol 5mg and Hydrochlorothiazide 6.25mg Tablets IP,Bisoprolol,10's,10,15.47,True,1.547,Cardiovascular System (CVS),Jan Aushadhi (PMBJP) product and MRP list,https://janaushadhi.gov.in/product-portfolio/product-mrp-list,Exported from the site's own Download Files button. Direct API calls to port 8443 return 500 from outside the browser.,False,,2026-08-06T05:37:19+00:00
454,Valsartan Tablets IP 80 mg,Valsartan,10's,10,34.03,True,3.403,Cardiovascular System (CVS),Jan Aushadhi (PMBJP) product and MRP list,https://janaushadhi.gov.in/product-portfolio/product-mrp-list,Exported from the site's own Download Files button. Direct API calls to port 8443 return 500 from outside the browser.,False,,2026-08-06T05:37:19+00:00
455,Verapamil Tablets IP 80 mg,Verapamil,10's,10,13.13,True,1.313,Cardiovascular System (CVS),Jan Aushadhi (PMBJP) product and MRP list,https://janaushadhi.gov.in/product-portfolio/product-mrp-list,Exported from the site's own Download Files button. Direct API calls to port 8443 return 500 from outside the browser.,False,,2026-08-06T05:37:19+00:00
456,Atorvastatin Tablets IP 40 mg,Atorvastatin,10's,10,22.69,True,2.269,Cardiovascular System (CVS),Jan Aushadhi (PMBJP) product and MRP list,https://janaushadhi.gov.in/product-portfolio/product-mrp-list,Exported from the site's own Download Files button. Direct API calls to port 8443 return 500 from outside the browser.,False,,2026-08-06T05:37:19+00:00
457,Torsemide Tablets IP 20 mg,Torsemide,10's,10,20.42,True,2.042,Diuretic,Jan Aushadhi (PMBJP) product and MRP list,https://janaushadhi.gov.in/product-portfolio/product-mrp-list,Exported from the site's own Download Files button. Direct API calls to port 8443 return 500 from outside the browser.,False,,2026-08-06T05:37:19+00:00
458,Labetalol Injection IP 5 mg per ml,Labetalol,4 ml Ampoule,4,55.31,True,13.8275,Cardiovascular System (CVS),Jan Aushadhi (PMBJP) product and MRP list,https://janaushadhi.gov.in/product-portfolio/product-mrp-list,Exported from the site's own Download Files button. Direct API calls to port 8443 return 500 from outside the browser.,False,,2026-08-06T05:37:19+00:00
459,"Hydroquinone 2%w/w, Mometasone 0.1%w/w and Tretinoin 0.025%w/w Cream",Hydroquinone,20 gm,20,27.23,True,1.3615,Dermatology/Topical/External,Jan Aushadhi (PMBJP) product and MRP list,https://janaushadhi.gov.in/product-portfolio/product-mrp-list,Exported from the site's own Download Files button. Direct API calls to port 8443 return 500 from outside the browser.,False,,2026-08-06T05:37:19+00:00
461,Betamethasone Valerate 0.1%w/w and Neomycin Sulfate 0.5%w/w Cream,Betamethasone Valerate,20 gm,20,16.5,True,0.825,Dermatology/Topical/External,Jan Aushadhi (PMBJP) product and MRP list,https://janaushadhi.gov.in/product-portfolio/product-mrp-list,Exported from the site's own Download Files button. Direct API calls to port 8443 return 500 from outside the browser.,False,,2026-08-06T05:37:19+00:00
462,Betamethasone Valerate 0.12%w/w and Clioquinol 3%w/w Cream,Betamethasone Valerate,30 GM,30,32.81,True,1.0937,Dermatology/Topical/External,Jan Aushadhi (PMBJP) product and MRP list,https://janaushadhi.gov.in/product-portfolio/product-mrp-list,Exported from the site's own Download Files button. Direct API calls to port 8443 return 500 from outside the browser.,False,,2026-08-06T05:37:19+00:00
463,Mupirocin Ointment IP 2 % w/w,Mupirocin w w,5 gm,5,51.57,True,10.314,Dermatology/Topical/External,Jan Aushadhi (PMBJP) product and MRP list,https://janaushadhi.gov.in/product-portfolio/product-mrp-list,Exported from the site's own Download Files button. Direct API calls to port 8443 return 500 from outside the browser.,False,,2026-08-06T05:37:19+00:00
465,Pantoprazole 40mg (Gastro-resistant) and Domperidone 30mg (Prolonged Release) Capsules IP,Pantoprazole,10's,10,22.69,True,2.269,Gastrointestinal (GIT),Jan Aushadhi (PMBJP) product and MRP list,https://janaushadhi.gov.in/product-portfolio/product-mrp-list,Exported from the site's own Download Files button. Direct API calls to port 8443 return 500 from outside the browser.,False,,2026-08-06T05:37:19+00:00
466,Ursodeoxycholic Acid Tablets IP 300 mg,Ursodeoxycholic Acid,10's,10,176.66,True,17.666,Hepato-Protective,Jan Aushadhi (PMBJP) product and MRP list,https://janaushadhi.gov.in/product-portfolio/product-mrp-list,Exported from the site's own Download Files button. Direct API calls to port 8443 return 500 from outside the browser.,False,,2026-08-06T05:37:19+00:00
467,Dicyclomine Hydrochloride 10mg and Mefenamic Acid 250mg Tablets IP,Dicyclomine Hydrochloride,10's,10,13.62,True,1.362,Analgesic/Antipyretic/Anti-Inflammatory,Jan Aushadhi (PMBJP) product and MRP list,https://janaushadhi.gov.in/product-portfolio/product-mrp-list,Exported from the site's own Download Files button. Direct API calls to port 8443 return 500 from outside the browser.,False,,2026-08-06T05:37:19+00:00
468,Bacillus Clausii Spores Suspension 2 Billion per 5ml,Bacillus Clausii Spores Billion per,5 ML,5,14.06,True,2.812,Gastrointestinal (GIT),Jan Aushadhi (PMBJP) product and MRP list,https://janaushadhi.gov.in/product-portfolio/product-mrp-list,Exported from the site's own Download Files button. Direct API calls to port 8443 return 500 from outside the browser.,False,,2026-08-06T05:37:19+00:00
471,"Oxetacaine, Aluminium Hydroxide and Magnesium Hydroxide Suspension",Oxetacaine Aluminium Hydroxide and Magnesium Hydroxide,200 ML,200,47.44,True,0.2372,Gastrointestinal (GIT),Jan Aushadhi (PMBJP) product and MRP list,https://janaushadhi.gov.in/product-portfolio/product-mrp-list,Exported from the site's own Download Files button. Direct API calls to port 8443 return 500 from outside the browser.,False,,2026-08-06T05:37:19+00:00
472,Esomeprazole 40mg (Enteric-Coated) and Domperidone 30mg (Sustained Release) Capsules,Esomeprazole,10's,10,22.69,True,2.269,Gastrointestinal (GIT),Jan Aushadhi (PMBJP) product and MRP list,https://janaushadhi.gov.in/product-portfolio/product-mrp-list,Exported from the site's own Download Files button. Direct API calls to port 8443 return 500 from outside the browser.,False,,2026-08-06T05:37:19+00:00
473,Pantoprazole 40mg (Enteric Coated) and Levosulpiride 75mg (Sustained Release) Capsules,Pantoprazole,10's,10,56.72,True,5.672,Gastrointestinal (GIT),Jan Aushadhi (PMBJP) product and MRP list,https://janaushadhi.gov.in/product-portfolio/product-mrp-list,Exported from the site's own Download Files button. Direct API calls to port 8443 return 500 from outside the browser.,False,,2026-08-06T05:37:19+00:00
474,Doxylamine Succinate 10mg and Pyridoxine Hydrochloride 10mg Tablets,Doxylamine Succinate,30's,30,21.56,True,0.7187,Gynaecology,Jan Aushadhi (PMBJP) product and MRP list,https://janaushadhi.gov.in/product-portfolio/product-mrp-list,Exported from the site's own Download Files button. Direct API calls to port 8443 return 500 from outside the browser.,False,,2026-08-06T05:37:19+00:00
475,Sucralfate Suspension 500mg per 5ml,Sucralfate,200 ml,200,72.19,True,0.3609,Gastrointestinal (GIT),Jan Aushadhi (PMBJP) product and MRP list,https://janaushadhi.gov.in/product-portfolio/product-mrp-list,Exported from the site's own Download Files button. Direct API calls to port 8443 return 500 from outside the browser.,False,,2026-08-06T05:37:19+00:00
476,"Liquid Paraffin 1.25ml, Milk of Magnesia 3.75ml and Sodium Picosulphate 3.33mg Suspension per 5ml",Liquid Paraffin,170 ml Bottle,170,58.78,True,0.3458,Gastrointestinal (GIT),Jan Aushadhi (PMBJP) product and MRP list,https://janaushadhi.gov.in/product-portfolio/product-mrp-list,Exported from the site's own Download Files button. Direct API calls to port 8443 return 500 from outside the browser.,False,,2026-08-06T05:37:19+00:00
477,Chlordiazepoxide 5mg and Clidinium Bromide 2.5mg Tablets,Chlordiazepoxide,10's,10,8.44,True,0.844,Gastrointestinal (GIT),Jan Aushadhi (PMBJP) product and MRP list,https://janaushadhi.gov.in/product-portfolio/product-mrp-list,Exported from the site's own Download Files button. Direct API calls to port 8443 return 500 from outside the browser.,False,,2026-08-06T05:37:19+00:00
478,Sodium Picosulphate Tablets 10 mg,Sodium Picosulphate,10's,10,10.31,True,1.031,Gastrointestinal (GIT),Jan Aushadhi (PMBJP) product and MRP list,https://janaushadhi.gov.in/product-portfolio/product-mrp-list,Exported from the site's own Download Files button. Direct API calls to port 8443 return 500 from outside the browser.,False,,2026-08-06T05:37:19+00:00
479,Sorbitol 7.15g and Tricholine Citrate 550mg per 10ml Solution,Sorbitol,200 ML,200,37.5,True,0.1875,Gastrointestinal (GIT),Jan Aushadhi (PMBJP) product and MRP list,https://janaushadhi.gov.in/product-portfolio/product-mrp-list,Exported from the site's own Download Files button. Direct API calls to port 8443 return 500 from outside the browser.,False,,2026-08-06T05:37:19+00:00
480,Esomeprazole 40mg (Enteric-coated) and Levosulpiride 75mg (Sustained release) Capsules,Esomeprazole,10's,10,68.07,True,6.807,Gastrointestinal (GIT),Jan Aushadhi (PMBJP) product and MRP list,https://janaushadhi.gov.in/product-portfolio/product-mrp-list,Exported from the site's own Download Files button. Direct API calls to port 8443 return 500 from outside the browser.,False,,2026-08-06T05:37:19+00:00
481,Rifaximin Tablets 400 mg,Rifaximin,10's,10,121.88,True,12.188,Antibiotics,Jan Aushadhi (PMBJP) product and MRP list,https://janaushadhi.gov.in/product-portfolio/product-mrp-list,Exported from the site's own Download Files button. Direct API calls to port 8443 return 500 from outside the browser.,False,,2026-08-06T05:37:19+00:00
482,Rabeprazole 20mg (Enteric Coated) and Levosulpiride 75mg (Sustained Release) Capsules,Rabeprazole,10's,10,37.13,True,3.713,Gastrointestinal (GIT),Jan Aushadhi (PMBJP) product and MRP list,https://janaushadhi.gov.in/product-portfolio/product-mrp-list,Exported from the site's own Download Files button. Direct API calls to port 8443 return 500 from outside the browser.,False,,2026-08-06T05:37:19+00:00
483,Loperamide Capsules IP 2 mg,Loperamide,10's,10,7.22,True,0.722,Gastrointestinal (GIT),Jan Aushadhi (PMBJP) product and MRP list,https://janaushadhi.gov.in/product-portfolio/product-mrp-list,Exported from the site's own Download Files button. Direct API calls to port 8443 return 500 from outside the browser.,False,,2026-08-06T05:37:19+00:00
484,Esomeprazole Tablets IP 40 mg,Esomeprazole,10's,10,21.55,True,2.155,Gastrointestinal (GIT),Jan Aushadhi (PMBJP) product and MRP list,https://janaushadhi.gov.in/product-portfolio/product-mrp-list,Exported from the site's own Download Files button. Direct API calls to port 8443 return 500 from outside the browser.,False,,2026-08-06T05:37:19+00:00
485,Promethazine Tablets IP 25 mg,Promethazine,10's,10,6.56,True,0.656,Anti-Emetic,Jan Aushadhi (PMBJP) product and MRP list,https://janaushadhi.gov.in/product-portfolio/product-mrp-list,Exported from the site's own Download Files button. Direct API calls to port 8443 return 500 from outside the browser.,False,,2026-08-06T05:37:19+00:00
486,Pancreatin 170mg and Activated Dimethicone 80mg Tablets,Pancreatin,10's,10,51.56,True,5.156,Gastrointestinal (GIT),Jan Aushadhi (PMBJP) product and MRP list,https://janaushadhi.gov.in/product-portfolio/product-mrp-list,Exported from the site's own Download Files button. Direct API calls to port 8443 return 500 from outside the browser.,False,,2026-08-06T05:37:19+00:00
487,Dicyclomine Hydrochloride 10mg and Activated Dimethicone 40mg per 5 ml Suspension,Dicyclomine Hydrochloride,30 ML,30,15.94,True,0.5313,Gastrointestinal (GIT),Jan Aushadhi (PMBJP) product and MRP list,https://janaushadhi.gov.in/product-portfolio/product-mrp-list,Exported from the site's own Download Files button. Direct API calls to port 8443 return 500 from outside the browser.,False,,2026-08-06T05:37:19+00:00
488,Lansoprazole Capsules IP 15 mg,Lansoprazole,10's,10,18.75,True,1.875,Gastrointestinal (GIT),Jan Aushadhi (PMBJP) product and MRP list,https://janaushadhi.gov.in/product-portfolio/product-mrp-list,Exported from the site's own Download Files button. Direct API calls to port 8443 return 500 from outside the browser.,False,,2026-08-06T05:37:19+00:00
489,Sulfasalazine Gastro-resistant Tablets 1000mg,Sulfasalazine Gastro resistant,10's,10,72.19,True,7.219,Gastrointestinal (GIT),Jan Aushadhi (PMBJP) product and MRP list,https://janaushadhi.gov.in/product-portfolio/product-mrp-list,Exported from the site's own Download Files button. Direct API calls to port 8443 return 500 from outside the browser.,False,,2026-08-06T05:37:19+00:00
491,Itopride Tablets IP 50 mg,Itopride,10's,10,33.75,True,3.375,Gastrointestinal (GIT),Jan Aushadhi (PMBJP) product and MRP list,https://janaushadhi.gov.in/product-portfolio/product-mrp-list,Exported from the site's own Download Files button. Direct API calls to port 8443 return 500 from outside the browser.,False,,2026-08-06T05:37:19+00:00
492,Sulfasalazine Delayed Release Tablets 500mg,Sulfasalazine Delayed Release,10's,10,25.36,True,2.536,Gastrointestinal (GIT),Jan Aushadhi (PMBJP) product and MRP list,https://janaushadhi.gov.in/product-portfolio/product-mrp-list,Exported from the site's own Download Files button. Direct API calls to port 8443 return 500 from outside the browser.,False,,2026-08-06T05:37:19+00:00
496,Dydrogesterone Tablets IP 10 mg,Dydrogesterone,10's,10,328.13,True,32.813,Gynaecology,Jan Aushadhi (PMBJP) product and MRP list,https://janaushadhi.gov.in/product-portfolio/product-mrp-list,Exported from the site's own Download Files button. Direct API calls to port 8443 return 500 from outside the browser.,False,,2026-08-06T05:37:19+00:00
497,Combipack of Mifepristone Tablets IP 200mgÂ  (1 Tablet) & Misoprostol Tablets IP 200mcg (4 Tablets),Combipack of Mifepristone mg Misoprostol,1's,1,69.38,True,69.38,Gynaecology,Jan Aushadhi (PMBJP) product and MRP list,https://janaushadhi.gov.in/product-portfolio/product-mrp-list,Exported from the site's own Download Files button. Direct API calls to port 8443 return 500 from outside the browser.,False,,2026-08-06T05:37:19+00:00
498,Ferrous Ascorbate 100mg and Folic Acid 1.5mg Tablets,Ferrous Ascorbate,10's,10,23.83,True,2.383,Supplement/Vitamin/Mineral,Jan Aushadhi (PMBJP) product and MRP list,https://janaushadhi.gov.in/product-portfolio/product-mrp-list,Exported from the site's own Download Files button. Direct API calls to port 8443 return 500 from outside the browser.,False,,2026-08-06T05:37:19+00:00
499,Norethisterone Tablets IP 5 mg,Norethisterone,10's,10,13.13,True,1.313,Gynaecology,Jan Aushadhi (PMBJP) product and MRP list,https://janaushadhi.gov.in/product-portfolio/product-mrp-list,Exported from the site's own Download Files button. Direct API calls to port 8443 return 500 from outside the browser.,False,,2026-08-06T05:37:19+00:00
500,Levo-Thyroxine Sodium Tablets IP 100 mcg,Levo Thyroxine Sodium,100's,100,60.0,True,0.6,Anti-Thyroid,Jan Aushadhi (PMBJP) product and MRP list,https://janaushadhi.gov.in/product-portfolio/product-mrp-list,Exported from the site's own Download Files button. Direct API calls to port 8443 return 500 from outside the browser.,False,,2026-08-06T05:37:19+00:00
501,Betamethasone Sodium Phosphate Tablets IP 0.5 mg,Betamethasone Sodium Phosphate,20's,20,8.25,True,0.4125,Steroids & Hormones,Jan Aushadhi (PMBJP) product and MRP list,https://janaushadhi.gov.in/product-portfolio/product-mrp-list,Exported from the site's own Download Files button. Direct API calls to port 8443 return 500 from outside the browser.,False,,2026-08-06T05:37:19+00:00
502,Deflazacort Tablets 6 mg,Deflazacort,6's,6,14.75,True,2.4583,Anti-Histaminic,Jan Aushadhi (PMBJP) product and MRP list,https://janaushadhi.gov.in/product-portfolio/product-mrp-list,Exported from the site's own Download Files button. Direct API calls to port 8443 return 500 from outside the browser.,False,,2026-08-06T05:37:19+00:00
503,Methylprednisolone Sodium Succinate Injection 1000mg,Methylprednisolone Sodium Succinate,Vial & Wfi,,297.19,True,,Steroids & Hormones,Jan Aushadhi (PMBJP) product and MRP list,https://janaushadhi.gov.in/product-portfolio/product-mrp-list,Exported from the site's own Download Files button. Direct API calls to port 8443 return 500 from outside the browser.,False,,2026-08-06T05:37:19+00:00
504,Nandrolone Decanoate Injection IP 25 mg per ml,Nandrolone Decanoate,1 ML,1,18.75,True,18.75,Steroids & Hormones,Jan Aushadhi (PMBJP) product and MRP list,https://janaushadhi.gov.in/product-portfolio/product-mrp-list,Exported from the site's own Download Files button. Direct API calls to port 8443 return 500 from outside the browser.,False,,2026-08-06T05:37:19+00:00
505,Carbimazole Tablets IP 10 mg,Carbimazole,100's,100,72.19,True,0.7219,Anti-Thyroid,Jan Aushadhi (PMBJP) product and MRP list,https://janaushadhi.gov.in/product-portfolio/product-mrp-list,Exported from the site's own Download Files button. Direct API calls to port 8443 return 500 from outside the browser.,False,,2026-08-06T05:37:19+00:00
507,Carbimazole Tablets IP 5 mg,Carbimazole,10's,10,10.31,True,1.031,Anti-Thyroid,Jan Aushadhi (PMBJP) product and MRP list,https://janaushadhi.gov.in/product-portfolio/product-mrp-list,Exported from the site's own Download Files button. Direct API calls to port 8443 return 500 from outside the browser.,False,,2026-08-06T05:37:19+00:00
508,Levetiracetam Tablets IP 500 mg,Levetiracetam,10's,10,69.83,True,6.983,Central Nervous System (CNS),Jan Aushadhi (PMBJP) product and MRP list,https://janaushadhi.gov.in/product-portfolio/product-mrp-list,Exported from the site's own Download Files button. Direct API calls to port 8443 return 500 from outside the browser.,False,,2026-08-06T05:37:19+00:00
509,Hydroxychloroquine Tablets IP 200 mg,Hydroxychloroquine,10's,10,34.18,True,3.418,Anti-Malarial,Jan Aushadhi (PMBJP) product and MRP list,https://janaushadhi.gov.in/product-portfolio/product-mrp-list,Exported from the site's own Download Files button. Direct API calls to port 8443 return 500 from outside the browser.,False,,2026-08-06T05:37:19+00:00
510,Paracetamol 325mg and Tramadol 37.5mg Tablets,Paracetamol,10's,10,13.62,True,1.362,Analgesic/Antipyretic/Anti-Inflammatory,Jan Aushadhi (PMBJP) product and MRP list,https://janaushadhi.gov.in/product-portfolio/product-mrp-list,Exported from the site's own Download Files button. Direct API calls to port 8443 return 500 from outside the browser.,False,,2026-08-06T05:37:19+00:00
511,Paracetamol Tablets IP 650 mg,Paracetamol,15's,15,15.47,True,1.0313,Analgesic/Antipyretic/Anti-Inflammatory,Jan Aushadhi (PMBJP) product and MRP list,https://janaushadhi.gov.in/product-portfolio/product-mrp-list,Exported from the site's own Download Files button. Direct API calls to port 8443 return 500 from outside the browser.,False,,2026-08-06T05:37:19+00:00
512,"Aceclofenac 100mg, Paracetamol 325mg and Serratiopeptidase 15mg Tablets",Aceclofenac,10's,10,19.59,True,1.959,Analgesic/Antipyretic/Anti-Inflammatory,Jan Aushadhi (PMBJP) product and MRP list,https://janaushadhi.gov.in/product-portfolio/product-mrp-list,Exported from the site's own Download Files button. Direct API calls to port 8443 return 500 from outside the browser.,False,,2026-08-06T05:37:19+00:00
513,Piroxicam Capsules IP 20 mg,Piroxicam,10's,10,8.44,True,0.844,Analgesic/Antipyretic/Anti-Inflammatory,Jan Aushadhi (PMBJP) product and MRP list,https://janaushadhi.gov.in/product-portfolio/product-mrp-list,Exported from the site's own Download Files button. Direct API calls to port 8443 return 500 from outside the browser.,False,,2026-08-06T05:37:19+00:00
514,Chymotrypsin and Trypsin (1:6 ) Tablets 100K AU,Chymotrypsin and Trypsin K AU,20's,20,51.57,True,2.5785,Enzyme Preparation,Jan Aushadhi (PMBJP) product and MRP list,https://janaushadhi.gov.in/product-portfolio/product-mrp-list,Exported from the site's own Download Files button. Direct API calls to port 8443 return 500 from outside the browser.,False,,2026-08-06T05:37:19+00:00
515,Mefenamic Acid Suspension 100mg per 5ml,Mefenamic Acid,60 ml,60,16.88,True,0.2813,Analgesic/Antipyretic/Anti-Inflammatory,Jan Aushadhi (PMBJP) product and MRP list,https://janaushadhi.gov.in/product-portfolio/product-mrp-list,Exported from the site's own Download Files button. Direct API calls to port 8443 return 500 from outside the browser.,False,,2026-08-06T05:37:19+00:00
516,Aceclofenac Sustained Release Tablets 200mg,Aceclofenac Sustained Release,10's,10,18.75,True,1.875,Analgesic/Antipyretic/Anti-Inflammatory,Jan Aushadhi (PMBJP) product and MRP list,https://janaushadhi.gov.in/product-portfolio/product-mrp-list,Exported from the site's own Download Files button. Direct API calls to port 8443 return 500 from outside the browser.,False,,2026-08-06T05:37:19+00:00
517,Thiocolchicoside 4mg and Aceclofenac 100mg Tablets,Thiocolchicoside,10's,10,51.57,True,5.157,Analgesic/Antipyretic/Anti-Inflammatory,Jan Aushadhi (PMBJP) product and MRP list,https://janaushadhi.gov.in/product-portfolio/product-mrp-list,Exported from the site's own Download Files button. Direct API calls to port 8443 return 500 from outside the browser.,False,,2026-08-06T05:37:19+00:00
518,Baclofen Tablets IP 10 mg,Baclofen,10's,10,12.1,True,1.21,Analgesic/Antipyretic/Anti-Inflammatory,Jan Aushadhi (PMBJP) product and MRP list,https://janaushadhi.gov.in/product-portfolio/product-mrp-list,Exported from the site's own Download Files button. Direct API calls to port 8443 return 500 from outside the browser.,False,,2026-08-06T05:37:19+00:00
519,Ketorolac Tromethamine Tablets IP 10mg,Ketorolac Tromethamine,10's,10,9.38,True,0.938,Analgesic/Antipyretic/Anti-Inflammatory,Jan Aushadhi (PMBJP) product and MRP list,https://janaushadhi.gov.in/product-portfolio/product-mrp-list,Exported from the site's own Download Files button. Direct API calls to port 8443 return 500 from outside the browser.,False,,2026-08-06T05:37:19+00:00
521,Tramadol Prolonged Release Tablets IP 100 mg,Tramadol Prolonged Release,10's,10,32.81,True,3.281,Analgesic/Antipyretic/Anti-Inflammatory,Jan Aushadhi (PMBJP) product and MRP list,https://janaushadhi.gov.in/product-portfolio/product-mrp-list,Exported from the site's own Download Files button. Direct API calls to port 8443 return 500 from outside the browser.,False,,2026-08-06T05:37:19+00:00
522,Alfacalcidol Soft Gelatin Capsules 0.25 mcg,Alfacalcidol Soft Gelatin,10's,10,20.63,True,2.063,Ortho,Jan Aushadhi (PMBJP) product and MRP list,https://janaushadhi.gov.in/product-portfolio/product-mrp-list,Exported from the site's own Download Files button. Direct API calls to port 8443 return 500 from outside the browser.,False,,2026-08-06T05:37:19+00:00
523,Naproxen Tablets IP 500 mg,Naproxen,15's,15,45.0,True,3.0,Analgesic/Antipyretic/Anti-Inflammatory,Jan Aushadhi (PMBJP) product and MRP list,https://janaushadhi.gov.in/product-portfolio/product-mrp-list,Exported from the site's own Download Files button. Direct API calls to port 8443 return 500 from outside the browser.,False,,2026-08-06T05:37:19+00:00
525,"Diclofenac 1.16%w/w, Linceed Oil 3%w/w, Methyl Salicylate 10%w/w and Menthol 5%w/w Gel",Diclofenac,30 GM,30,24.75,True,0.825,Dermatology/Topical/External,Jan Aushadhi (PMBJP) product and MRP list,https://janaushadhi.gov.in/product-portfolio/product-mrp-list,Exported from the site's own Download Files button. Direct API calls to port 8443 return 500 from outside the browser.,False,,2026-08-06T05:37:19+00:00
528,"Paracetamol 325mg, Phenylephrine 10mg and Chlorpheniramine 2mg Tablets",Paracetamol,10's,10,22.69,True,2.269,Analgesic/Antipyretic/Anti-Inflammatory,Jan Aushadhi (PMBJP) product and MRP list,https://janaushadhi.gov.in/product-portfolio/product-mrp-list,Exported from the site's own Download Files button. Direct API calls to port 8443 return 500 from outside the browser.,False,,2026-08-06T05:37:19+00:00
529,Levosalbutamol 1.25mg and Ipratropium 500mcg Respules,Levosalbutamol,3 ml,3,9.28,True,3.0933,Respiratory,Jan Aushadhi (PMBJP) product and MRP list,https://janaushadhi.gov.in/product-portfolio/product-mrp-list,Exported from the site's own Download Files button. Direct API calls to port 8443 return 500 from outside the browser.,False,,2026-08-06T05:37:19+00:00
530,Formoterol 6mcg and Budesonide 200mcg Rotacaps,Formoterol,30's,30,79.69,True,2.6563,Respiratory,Jan Aushadhi (PMBJP) product and MRP list,https://janaushadhi.gov.in/product-portfolio/product-mrp-list,Exported from the site's own Download Files button. Direct API calls to port 8443 return 500 from outside the browser.,False,,2026-08-06T05:37:19+00:00
532,Salmeterol 50mcg and Fluticasone 250mcg Rotacaps,Salmeterol,30's,30,112.5,True,3.75,Respiratory,Jan Aushadhi (PMBJP) product and MRP list,https://janaushadhi.gov.in/product-portfolio/product-mrp-list,Exported from the site's own Download Files button. Direct API calls to port 8443 return 500 from outside the browser.,False,,2026-08-06T05:37:19+00:00
537,"Ambroxol Hydrochloride 15 mg, Guaifenesin 50 mg and Levosalbutamol Sulphate 1 mg Syrup",Ambroxol Hydrochloride,100 ml Bottle,100,21.56,True,0.2156,Respiratory,Jan Aushadhi (PMBJP) product and MRP list,https://janaushadhi.gov.in/product-portfolio/product-mrp-list,Exported from the site's own Download Files button. Direct API calls to port 8443 return 500 from outside the browser.,False,,2026-08-06T05:37:19+00:00
539,Acetylcysteine Tablets 600 mg,Acetylcysteine,10's,10,30.0,True,3.0,Respiratory,Jan Aushadhi (PMBJP) product and MRP list,https://janaushadhi.gov.in/product-portfolio/product-mrp-list,Exported from the site's own Download Files button. Direct API calls to port 8443 return 500 from outside the browser.,False,,2026-08-06T05:37:19+00:00
540,Levosalbutamol 1.25mg and Budesonide 1mg Respules,Levosalbutamol,2 ML,2,25.78,True,12.89,Respiratory,Jan Aushadhi (PMBJP) product and MRP list,https://janaushadhi.gov.in/product-portfolio/product-mrp-list,Exported from the site's own Download Files button. Direct API calls to port 8443 return 500 from outside the browser.,False,,2026-08-06T05:37:19+00:00
541,Acebrophylline Capsules 100 mg,Acebrophylline,10's,10,22.69,True,2.269,Respiratory,Jan Aushadhi (PMBJP) product and MRP list,https://janaushadhi.gov.in/product-portfolio/product-mrp-list,Exported from the site's own Download Files button. Direct API calls to port 8443 return 500 from outside the browser.,False,,2026-08-06T05:37:19+00:00
542,Saline Nasal Drops (Sodium Chloride 0.65% w/v),Saline Nasal Sodium Chloride w v,20 ml,20,11.25,True,0.5625,Respiratory,Jan Aushadhi (PMBJP) product and MRP list,https://janaushadhi.gov.in/product-portfolio/product-mrp-list,Exported from the site's own Download Files button. Direct API calls to port 8443 return 500 from outside the browser.,False,,2026-08-06T05:37:19+00:00
543,Menthol (55 mg Â± 5.) Cinnamon (12.5 mg Â± 2) and Pine Oil (112.5 mg Â± 1) Soft Capsules,Menthol,10's,10,23.44,True,2.344,Respiratory,Jan Aushadhi (PMBJP) product and MRP list,https://janaushadhi.gov.in/product-portfolio/product-mrp-list,Exported from the site's own Download Files button. Direct API calls to port 8443 return 500 from outside the browser.,False,,2026-08-06T05:37:19+00:00
544,Fluticasone Propionate Respules 0.5mg per 2ml,Fluticasone Propionate Respules,2 ML,2,15.94,True,7.97,Respiratory,Jan Aushadhi (PMBJP) product and MRP list,https://janaushadhi.gov.in/product-portfolio/product-mrp-list,Exported from the site's own Download Files button. Direct API calls to port 8443 return 500 from outside the browser.,False,,2026-08-06T05:37:19+00:00
555,Doxofylline Tablets IP 400 mg,Doxofylline,10's,10,17.53,True,1.753,Respiratory,Jan Aushadhi (PMBJP) product and MRP list,https://janaushadhi.gov.in/product-portfolio/product-mrp-list,Exported from the site's own Download Files button. Direct API calls to port 8443 return 500 from outside the browser.,False,,2026-08-06T05:37:19+00:00
556,MontelukastÂ Sodium 10mgÂ Â and Fexofenadine Hydrochloride 120 mg Tablets,Montelukast Sodium mg and Fexofenadine Hydrochloride,10's,10,45.38,True,4.538,Respiratory,Jan Aushadhi (PMBJP) product and MRP list,https://janaushadhi.gov.in/product-portfolio/product-mrp-list,Exported from the site's own Download Files button. Direct API calls to port 8443 return 500 from outside the browser.,False,,2026-08-06T05:37:19+00:00
558,Azelastine Hydrochloride 140mcg and Fluticasone Propionate 50mcg Nasal Spray,Azelastine Hydrochloride,70 MD,70,178.13,True,2.5447,Respiratory,Jan Aushadhi (PMBJP) product and MRP list,https://janaushadhi.gov.in/product-portfolio/product-mrp-list,Exported from the site's own Download Files button. Direct API calls to port 8443 return 500 from outside the browser.,False,,2026-08-06T05:37:19+00:00
560,Fluticasone Propionate Nasal Spray IP 50 mcg,Fluticasone Propionate Nasal Spray,100 MD,100,75.0,True,0.75,Respiratory,Jan Aushadhi (PMBJP) product and MRP list,https://janaushadhi.gov.in/product-portfolio/product-mrp-list,Exported from the site's own Download Files button. Direct API calls to port 8443 return 500 from outside the browser.,False,,2026-08-06T05:37:19+00:00
561,Levosalbutamol Syrup 1mg per 5ml,Levosalbutamol,100 ML,100,12.38,True,0.1238,Respiratory,Jan Aushadhi (PMBJP) product and MRP list,https://janaushadhi.gov.in/product-portfolio/product-mrp-list,Exported from the site's own Download Files button. Direct API calls to port 8443 return 500 from outside the browser.,False,,2026-08-06T05:37:19+00:00
562,Loratadine Tablets IP 10mg,Loratadine,10's,10,9.38,True,0.938,Anti-Histaminic,Jan Aushadhi (PMBJP) product and MRP list,https://janaushadhi.gov.in/product-portfolio/product-mrp-list,Exported from the site's own Download Files button. Direct API calls to port 8443 return 500 from outside the browser.,False,,2026-08-06T05:37:19+00:00
563,Oxymetazoline Hydrochloride Nasal Drops IP 0.5 mg per ml,Oxymetazoline Hydrochloride Nasal,10 ML,10,15.88,True,1.588,Respiratory,Jan Aushadhi (PMBJP) product and MRP list,https://janaushadhi.gov.in/product-portfolio/product-mrp-list,Exported from the site's own Download Files button. Direct API calls to port 8443 return 500 from outside the browser.,False,,2026-08-06T05:37:19+00:00
564,Tiotropium Bromide 18mcg and Formoterol Fumarate Dihydrate 12mcg Rotacaps,Tiotropium Bromide,15's,15,70.31,True,4.6873,Respiratory,Jan Aushadhi (PMBJP) product and MRP list,https://janaushadhi.gov.in/product-portfolio/product-mrp-list,Exported from the site's own Download Files button. Direct API calls to port 8443 return 500 from outside the browser.,False,,2026-08-06T05:37:19+00:00
565,"Tiotropium Bromide 18mcg, Formoterol Fumarate Dihydrate 12mcg and Ciclesonide 400mcg Rotacaps",Tiotropium Bromide,15's,15,140.63,True,9.3753,Respiratory,Jan Aushadhi (PMBJP) product and MRP list,https://janaushadhi.gov.in/product-portfolio/product-mrp-list,Exported from the site's own Download Files button. Direct API calls to port 8443 return 500 from outside the browser.,False,,2026-08-06T05:37:19+00:00
566,Ipratropium Bromide Respirator Solution 250mcg,Ipratropium Bromide Respirator,15 ML,15,26.25,True,1.75,Respiratory,Jan Aushadhi (PMBJP) product and MRP list,https://janaushadhi.gov.in/product-portfolio/product-mrp-list,Exported from the site's own Download Files button. Direct API calls to port 8443 return 500 from outside the browser.,False,,2026-08-06T05:37:19+00:00
567,Salbutamol 100mcg and Ipratropium 20mcg Inhaler,Salbutamol,200 MDI,200,103.13,True,0.5156,Respiratory,Jan Aushadhi (PMBJP) product and MRP list,https://janaushadhi.gov.in/product-portfolio/product-mrp-list,Exported from the site's own Download Files button. Direct API calls to port 8443 return 500 from outside the browser.,False,,2026-08-06T05:37:19+00:00
568,Salmeterol 25mcg and Fluticasone Propionate 250mcg Inhaler IP,Salmeterol,100 MD,100,234.38,True,2.3438,Respiratory,Jan Aushadhi (PMBJP) product and MRP list,https://janaushadhi.gov.in/product-portfolio/product-mrp-list,Exported from the site's own Download Files button. Direct API calls to port 8443 return 500 from outside the browser.,False,,2026-08-06T05:37:19+00:00
569,Sildenafil Tablets IP 50 mg,Sildenafil,4's,4,10.21,True,2.5525,Urology,Jan Aushadhi (PMBJP) product and MRP list,https://janaushadhi.gov.in/product-portfolio/product-mrp-list,Exported from the site's own Download Files button. Direct API calls to port 8443 return 500 from outside the browser.,False,,2026-08-06T05:37:19+00:00
570,Tadalafil Tablets IP 20 mg,Tadalafil,4's,4,17.02,True,4.255,Urology,Jan Aushadhi (PMBJP) product and MRP list,https://janaushadhi.gov.in/product-portfolio/product-mrp-list,Exported from the site's own Download Files button. Direct API calls to port 8443 return 500 from outside the browser.,False,,2026-08-06T05:37:19+00:00
571,Tamsulosin Hydrochloride (Modified Release) 0.4mg and Dutasteride 0.5mg Tablets,Tamsulosin Hydrochloride Modified Release,15's,15,27.23,True,1.8153,Urology,Jan Aushadhi (PMBJP) product and MRP list,https://janaushadhi.gov.in/product-portfolio/product-mrp-list,Exported from the site's own Download Files button. Direct API calls to port 8443 return 500 from outside the browser.,False,,2026-08-06T05:37:19+00:00
574,"Rabies Vaccine, Human IP",Rabies Vaccine Human,1 ml vial with diluent in Mono pack,1,295.0,True,295.0,Anti-Rabies,Jan Aushadhi (PMBJP) product and MRP list,https://janaushadhi.gov.in/product-portfolio/product-mrp-list,Exported from the site's own Download Files button. Direct API calls to port 8443 return 500 from outside the browser.,False,,2026-08-06T05:37:19+00:00
580,"Ginseng, Multivitamins and multiminerals Capsules",Ginseng Multivitamins and multiminerals,10's,10,34.03,True,3.403,Supplement/Vitamin/Mineral,Jan Aushadhi (PMBJP) product and MRP list,https://janaushadhi.gov.in/product-portfolio/product-mrp-list,Exported from the site's own Download Files button. Direct API calls to port 8443 return 500 from outside the browser.,False,,2026-08-06T05:37:19+00:00
581,"CalciumÂ Carbonate 500mg, Calcitriol 0.25mcg and Zinc 7.5mg Capsules",Calcium Carbonate,10's,10,20.42,True,2.042,Supplement/Vitamin/Mineral,Jan Aushadhi (PMBJP) product and MRP list,https://janaushadhi.gov.in/product-portfolio/product-mrp-list,Exported from the site's own Download Files button. Direct API calls to port 8443 return 500 from outside the browser.,False,,2026-08-06T05:37:19+00:00
582,"Vitamins A,C,D,E,And B Complex and Minerals Syrup",Vitamins A C D E And B Complex and Minerals,200 ML,200,44.06,True,0.2203,Supplement/Vitamin/Mineral,Jan Aushadhi (PMBJP) product and MRP list,https://janaushadhi.gov.in/product-portfolio/product-mrp-list,Exported from the site's own Download Files button. Direct API calls to port 8443 return 500 from outside the browser.,False,,2026-08-06T05:37:19+00:00
583,Cyproheptadine Tablets IP 4 mg,Cyproheptadine,10's,10,3.75,True,0.375,Gastrointestinal (GIT),Jan Aushadhi (PMBJP) product and MRP list,https://janaushadhi.gov.in/product-portfolio/product-mrp-list,Exported from the site's own Download Files button. Direct API calls to port 8443 return 500 from outside the browser.,False,,2026-08-06T05:37:19+00:00
585,Cholecalciferol Granules 60000 IU per gm,Cholecalciferol Granules,1 Sachet,1,10.21,True,10.21,Supplement/Vitamin/Mineral,Jan Aushadhi (PMBJP) product and MRP list,https://janaushadhi.gov.in/product-portfolio/product-mrp-list,Exported from the site's own Download Files button. Direct API calls to port 8443 return 500 from outside the browser.,False,,2026-08-06T05:37:19+00:00
586,"Methylcobalamin 1500mcg, L- Carnitine L- Tartrate 500mg and Folic Acid 1.5mg Tablets",Methylcobalamin,10's,10,103.13,True,10.313,Supplement/Vitamin/Mineral,Jan Aushadhi (PMBJP) product and MRP list,https://janaushadhi.gov.in/product-portfolio/product-mrp-list,Exported from the site's own Download Files button. Direct API calls to port 8443 return 500 from outside the browser.,False,,2026-08-06T05:37:19+00:00
588,Vitamin E Softgel Capsules 400 mg,Vitamin E Softgel,10's,10,22.69,True,2.269,Supplement/Vitamin/Mineral,Jan Aushadhi (PMBJP) product and MRP list,https://janaushadhi.gov.in/product-portfolio/product-mrp-list,Exported from the site's own Download Files button. Direct API calls to port 8443 return 500 from outside the browser.,False,,2026-08-06T05:37:19+00:00
589,Calcium 500mg and Calcitriol 0.25mcg Tablets,Calcium,15's,15,16.88,True,1.1253,Supplement/Vitamin/Mineral,Jan Aushadhi (PMBJP) product and MRP list,https://janaushadhi.gov.in/product-portfolio/product-mrp-list,Exported from the site's own Download Files button. Direct API calls to port 8443 return 500 from outside the browser.,False,,2026-08-06T05:37:19+00:00
591,Methylcobalamin Injection 500 mcg,Methylcobalamin,1 ML,1,6.56,True,6.56,Supplement/Vitamin/Mineral,Jan Aushadhi (PMBJP) product and MRP list,https://janaushadhi.gov.in/product-portfolio/product-mrp-list,Exported from the site's own Download Files button. Direct API calls to port 8443 return 500 from outside the browser.,False,,2026-08-06T05:37:19+00:00
592,"L-Lysine + Multivitamins (Vit-B1,B2,B3,B5,B6 ) Syrup",L Lysine Multivitamins Vit B B B B B,200 ML,200,48.75,True,0.2437,Supplement/Vitamin/Mineral,Jan Aushadhi (PMBJP) product and MRP list,https://janaushadhi.gov.in/product-portfolio/product-mrp-list,Exported from the site's own Download Files button. Direct API calls to port 8443 return 500 from outside the browser.,False,,2026-08-06T05:37:19+00:00
593,"Folic Acid 15mg, Cyanocobalamine 500mcg and Nicotinamide 200mg Injection",Folic Acid,10 ML,10,37.5,True,3.75,Supplement/Vitamin/Mineral,Jan Aushadhi (PMBJP) product and MRP list,https://janaushadhi.gov.in/product-portfolio/product-mrp-list,Exported from the site's own Download Files button. Direct API calls to port 8443 return 500 from outside the browser.,False,,2026-08-06T05:37:19+00:00
594,Dextrose Monohydrate IP Powder,Dextrose Monohydrate,75 gm,75,21.56,True,0.2875,Electrolytes,Jan Aushadhi (PMBJP) product and MRP list,https://janaushadhi.gov.in/product-portfolio/product-mrp-list,Exported from the site's own Download Files button. Direct API calls to port 8443 return 500 from outside the browser.,False,,2026-08-06T05:37:19+00:00
595,"Thiamine 100mg, Pyridoxine Hydrochloride 100mg and Cyanocobalamin 1000mcg per 3 ml Injection",Thiamine,3 ml,3,7.5,True,2.5,Supplement/Vitamin/Mineral,Jan Aushadhi (PMBJP) product and MRP list,https://janaushadhi.gov.in/product-portfolio/product-mrp-list,Exported from the site's own Download Files button. Direct API calls to port 8443 return 500 from outside the browser.,False,,2026-08-06T05:37:19+00:00
597,Pyridoxine Tablets IP 50 mg,Pyridoxine,10's,10,8.44,True,0.844,Supplement/Vitamin/Mineral,Jan Aushadhi (PMBJP) product and MRP list,https://janaushadhi.gov.in/product-portfolio/product-mrp-list,Exported from the site's own Download Files button. Direct API calls to port 8443 return 500 from outside the browser.,False,,2026-08-06T05:37:19+00:00
598,Pregabalin 75mg and Methylcobalamin 750mcg Tablets,Pregabalin,10's,10,39.19,True,3.919,Central Nervous System (CNS),Jan Aushadhi (PMBJP) product and MRP list,https://janaushadhi.gov.in/product-portfolio/product-mrp-list,Exported from the site's own Download Files button. Direct API calls to port 8443 return 500 from outside the browser.,False,,2026-08-06T05:37:19+00:00
599,Pregabalin Tablets 75 mg,Pregabalin,10's,10,24.96,True,2.496,Central Nervous System (CNS),Jan Aushadhi (PMBJP) product and MRP list,https://janaushadhi.gov.in/product-portfolio/product-mrp-list,Exported from the site's own Download Files button. Direct API calls to port 8443 return 500 from outside the browser.,False,,2026-08-06T05:37:19+00:00
601,Disulfiram Tablets IP 500 mg,Disulfiram,4's,4,6.56,True,1.64,Anti-Alcoholism,Jan Aushadhi (PMBJP) product and MRP list,https://janaushadhi.gov.in/product-portfolio/product-mrp-list,Exported from the site's own Download Files button. Direct API calls to port 8443 return 500 from outside the browser.,False,,2026-08-06T05:37:19+00:00
603,"Cetirizine Dihydrochloride 5mg, Phenylephrine Hydrochloride 10mg and Paracetamol 325mg Tablets",Cetirizine Dihydrochloride,10's,10,17.54,True,1.754,Analgesic/Antipyretic/Anti-Inflammatory,Jan Aushadhi (PMBJP) product and MRP list,https://janaushadhi.gov.in/product-portfolio/product-mrp-list,Exported from the site's own Download Files button. Direct API calls to port 8443 return 500 from outside the browser.,False,,2026-08-06T05:37:19+00:00
608,Betamethasone Dipropionate 0.05% w/w and Salicylic Acid 3% w/w Ointment,Betamethasone Dipropionate w w and Salicylic Acid w w,20 gm,20,15.94,True,0.797,Dermatology/Topical/External,Jan Aushadhi (PMBJP) product and MRP list,https://janaushadhi.gov.in/product-portfolio/product-mrp-list,Exported from the site's own Download Files button. Direct API calls to port 8443 return 500 from outside the browser.,False,,2026-08-06T05:37:19+00:00
609,Silver Nitrate 0.20% w/w and Chlorhexidine Gluconate 0.20% w/w Cream,Silver Nitrate w w and Chlorhexidine Gluconate w w,15 Gms Tube,15,23.44,True,1.5627,Burn Relief,Jan Aushadhi (PMBJP) product and MRP list,https://janaushadhi.gov.in/product-portfolio/product-mrp-list,Exported from the site's own Download Files button. Direct API calls to port 8443 return 500 from outside the browser.,False,,2026-08-06T05:37:19+00:00
610,"Paracetamol 125mg, Phenylephrine Hydrochloride 5mg and Cetirizine Dihydrochloride 2mg Suspension",Paracetamol,60 ML,60,14.07,True,0.2345,Respiratory,Jan Aushadhi (PMBJP) product and MRP list,https://janaushadhi.gov.in/product-portfolio/product-mrp-list,Exported from the site's own Download Files button. Direct API calls to port 8443 return 500 from outside the browser.,False,,2026-08-06T05:37:19+00:00
611,Cyproheptadine Hydrochloride Syrup IP 2mg,Cyproheptadine Hydrochloride,200 ml,200,28.13,True,0.1406,Gastrointestinal (GIT),Jan Aushadhi (PMBJP) product and MRP list,https://janaushadhi.gov.in/product-portfolio/product-mrp-list,Exported from the site's own Download Files button. Direct API calls to port 8443 return 500 from outside the browser.,False,,2026-08-06T05:37:19+00:00
612,Povidone-Iodine Powder 5% W/W,Povidone Iodine W W,10 gm Container,10,17.81,True,1.781,Antiseptic/Disinfectants,Jan Aushadhi (PMBJP) product and MRP list,https://janaushadhi.gov.in/product-portfolio/product-mrp-list,Exported from the site's own Download Files button. Direct API calls to port 8443 return 500 from outside the browser.,False,,2026-08-06T05:37:19+00:00
613,"Diclofenac Potassium 50mg, Paracetamol 325mg and Serratiopeptidase 10mg Tablets",Diclofenac Potassium,10's,10,20.42,True,2.042,Analgesic/Antipyretic/Anti-Inflammatory,Jan Aushadhi (PMBJP) product and MRP list,https://janaushadhi.gov.in/product-portfolio/product-mrp-list,Exported from the site's own Download Files button. Direct API calls to port 8443 return 500 from outside the browser.,False,,2026-08-06T05:37:19+00:00
614,"Paradichlorobenzene 2%w/v, Benzocaine 2.7%w/v, Chlorbutol 5%w/v and Turpentine Oil 15%w/v Ear Drops",Paradichlorobenzene,10 ml,10,13.41,True,1.341,Dermatology/Topical/External,Jan Aushadhi (PMBJP) product and MRP list,https://janaushadhi.gov.in/product-portfolio/product-mrp-list,Exported from the site's own Download Files button. Direct API calls to port 8443 return 500 from outside the browser.,False,,2026-08-06T05:37:19+00:00
625,Bromhexine Hydrochloride 8mg and Phenylephrine Hydrochloride 5mg Tablets,Bromhexine Hydrochloride,15's,15,11.25,True,0.75,Respiratory,Jan Aushadhi (PMBJP) product and MRP list,https://janaushadhi.gov.in/product-portfolio/product-mrp-list,Exported from the site's own Download Files button. Direct API calls to port 8443 return 500 from outside the browser.,False,,2026-08-06T05:37:19+00:00
626,Ketoconazole Shampoo 2% W/V,Ketoconazole Shampoo W V,100 ml Bottle,100,63.94,True,0.6394,Derma Care,Jan Aushadhi (PMBJP) product and MRP list,https://janaushadhi.gov.in/product-portfolio/product-mrp-list,Exported from the site's own Download Files button. Direct API calls to port 8443 return 500 from outside the browser.,False,,2026-08-06T05:37:19+00:00
627,Etophylline 115mg and Theophylline 35mg Prolonged Release Tablets IP,Etophylline,10's,10,7.5,True,0.75,Respiratory,Jan Aushadhi (PMBJP) product and MRP list,https://janaushadhi.gov.in/product-portfolio/product-mrp-list,Exported from the site's own Download Files button. Direct API calls to port 8443 return 500 from outside the browser.,False,,2026-08-06T05:37:19+00:00
628,Etophylline 231mg and Theophylline 69mg Prolonged Release Tablets IP,Etophylline,10's,10,14.75,True,1.475,Respiratory,Jan Aushadhi (PMBJP) product and MRP list,https://janaushadhi.gov.in/product-portfolio/product-mrp-list,Exported from the site's own Download Files button. Direct API calls to port 8443 return 500 from outside the browser.,False,,2026-08-06T05:37:19+00:00
629,"Inhalent Softgel Capsules (Camphor 25mg, Chlorothymol 5mg, Eucalyptol 130mg, Menthol 55mg, Turpineol 110mg)",Inhalent Softgel Camphor,10's,10,26.25,True,2.625,Respiratory,Jan Aushadhi (PMBJP) product and MRP list,https://janaushadhi.gov.in/product-portfolio/product-mrp-list,Exported from the site's own Download Files button. Direct API calls to port 8443 return 500 from outside the browser.,False,,2026-08-06T05:37:19+00:00
630,Liquid Paraffin 3.75ml and Milk of Magnesia 11.25ml per 15ml Suspension,Liquid Paraffin,170 ml Bottle,170,34.69,True,0.2041,Gastrointestinal (GIT),Jan Aushadhi (PMBJP) product and MRP list,https://janaushadhi.gov.in/product-portfolio/product-mrp-list,Exported from the site's own Download Files button. Direct API calls to port 8443 return 500 from outside the browser.,False,,2026-08-06T05:37:19+00:00
631,Etamsylate Tablets 500 mg,Etamsylate,10's,10,12.19,True,1.219,Coagulants,Jan Aushadhi (PMBJP) product and MRP list,https://janaushadhi.gov.in/product-portfolio/product-mrp-list,Exported from the site's own Download Files button. Direct API calls to port 8443 return 500 from outside the browser.,False,,2026-08-06T05:37:19+00:00
632,Etamsylate Tablets 250 mg,Etamsylate,10's,10,8.44,True,0.844,Coagulants,Jan Aushadhi (PMBJP) product and MRP list,https://janaushadhi.gov.in/product-portfolio/product-mrp-list,Exported from the site's own Download Files button. Direct API calls to port 8443 return 500 from outside the browser.,False,,2026-08-06T05:37:19+00:00
633,Adapalene 0.1%w/w and Clindamycin Phosphate 1%w/w Gel,Adapalene,15 gm tubes,15,30.0,True,2.0,Dermatology/Topical/External,Jan Aushadhi (PMBJP) product and MRP list,https://janaushadhi.gov.in/product-portfolio/product-mrp-list,Exported from the site's own Download Files button. Direct API calls to port 8443 return 500 from outside the browser.,False,,2026-08-06T05:37:19+00:00
634,"Clobetasol Propionate 0.05%w/w, Neomycin 0.50%w/w, Miconazole 2%w/w and Chlorocresol 0.10%w/w Cream",Clobetasol Propionate,20 gms.,20,29.49,True,1.4745,Dermatology/Topical/External,Jan Aushadhi (PMBJP) product and MRP list,https://janaushadhi.gov.in/product-portfolio/product-mrp-list,Exported from the site's own Download Files button. Direct API calls to port 8443 return 500 from outside the browser.,False,,2026-08-06T05:37:19+00:00
637,"Aceclofenac 100mg, Paracetamol 325mg and Chlorzoxazone 250mg Tablets",Aceclofenac,10's,10,16.5,True,1.65,Analgesic/Antipyretic/Anti-Inflammatory,Jan Aushadhi (PMBJP) product and MRP list,https://janaushadhi.gov.in/product-portfolio/product-mrp-list,Exported from the site's own Download Files button. Direct API calls to port 8443 return 500 from outside the browser.,False,,2026-08-06T05:37:19+00:00
639,"Terbutaline Sulphate 1.25mg, Bromhexine 4mg, Guaiphenesin 50mg and Menthol 2.5mg Syrup per 5ml",Terbutaline Sulphate,100 ML,100,24.96,True,0.2496,Respiratory,Jan Aushadhi (PMBJP) product and MRP list,https://janaushadhi.gov.in/product-portfolio/product-mrp-list,Exported from the site's own Download Files button. Direct API calls to port 8443 return 500 from outside the browser.,False,,2026-08-06T05:37:19+00:00
640,Nimesulide Gel 1% W/W,Nimesulide W W,20 gm Tube,20,15.0,True,0.75,Dermatology/Topical/External,Jan Aushadhi (PMBJP) product and MRP list,https://janaushadhi.gov.in/product-portfolio/product-mrp-list,Exported from the site's own Download Files button. Direct API calls to port 8443 return 500 from outside the browser.,False,,2026-08-06T05:37:19+00:00
643,"Paracetamol 125mg, Chlorpheniramine 1mg and Sodium Citrate 60mg Syrup in Flavour base",Paracetamol,60 ml Bottle,60,16.88,True,0.2813,Respiratory,Jan Aushadhi (PMBJP) product and MRP list,https://janaushadhi.gov.in/product-portfolio/product-mrp-list,Exported from the site's own Download Files button. Direct API calls to port 8443 return 500 from outside the browser.,False,,2026-08-06T05:37:19+00:00
644,Phenylephrine Hydrochloride 5mg and Chlorpheniramine Maleate 2mg Drops,Phenylephrine Hydrochloride,15 ml Bottle,15,18.75,True,1.25,Respiratory,Jan Aushadhi (PMBJP) product and MRP list,https://janaushadhi.gov.in/product-portfolio/product-mrp-list,Exported from the site's own Download Files button. Direct API calls to port 8443 return 500 from outside the browser.,False,,2026-08-06T05:37:19+00:00
645,"Nimesulid 100mg, Paracetamol 325mg and Chlorzoxazone 375mg Tablets",Nimesulid,10's,10,18.75,True,1.875,Analgesic/Antipyretic/Anti-Inflammatory,Jan Aushadhi (PMBJP) product and MRP list,https://janaushadhi.gov.in/product-portfolio/product-mrp-list,Exported from the site's own Download Files button. Direct API calls to port 8443 return 500 from outside the browser.,False,,2026-08-06T05:37:19+00:00
648,"Diclofenac Dithylamine 1.16%w/w, Linseed Oil 3%w/w, Methyl Salicylate 10%w/w and Menthol 5%w/w Spray",Diclofenac Dithylamine,35 gm,35,56.72,True,1.6206,Dermatology/Topical/External,Jan Aushadhi (PMBJP) product and MRP list,https://janaushadhi.gov.in/product-portfolio/product-mrp-list,Exported from the site's own Download Files button. Direct API calls to port 8443 return 500 from outside the browser.,False,,2026-08-06T05:37:19+00:00
649,Dicyclomine Hydrochloride 10mg and Simethicone 40mg Oral Drops,Dicyclomine Hydrochloride,10 ml Bottle,10,10.31,True,1.031,Gastrointestinal (GIT),Jan Aushadhi (PMBJP) product and MRP list,https://janaushadhi.gov.in/product-portfolio/product-mrp-list,Exported from the site's own Download Files button. Direct API calls to port 8443 return 500 from outside the browser.,False,,2026-08-06T05:37:19+00:00
650,Mefenamic Acid 500mg and Paracetamol 325mg Tablets,Mefenamic Acid,10's,10,15.94,True,1.594,Analgesic/Antipyretic/Anti-Inflammatory,Jan Aushadhi (PMBJP) product and MRP list,https://janaushadhi.gov.in/product-portfolio/product-mrp-list,Exported from the site's own Download Files button. Direct API calls to port 8443 return 500 from outside the browser.,False,,2026-08-06T05:37:19+00:00
655,Pepsin 7.5mg and Fungal Diastase Enyme 12.5mg Syrup per 5ml (Mix Fruit Flavour),Pepsin,200 ml,200,45.0,True,0.225,Enzyme Preparation,Jan Aushadhi (PMBJP) product and MRP list,https://janaushadhi.gov.in/product-portfolio/product-mrp-list,Exported from the site's own Download Files button. Direct API calls to port 8443 return 500 from outside the browser.,False,,2026-08-06T05:37:19+00:00
656,Diastase and Pepsin Enzyme Drops,Diastase and Pepsin Enzyme,15 ml,15,16.88,True,1.1253,Enzyme Preparation,Jan Aushadhi (PMBJP) product and MRP list,https://janaushadhi.gov.in/product-portfolio/product-mrp-list,Exported from the site's own Download Files button. Direct API calls to port 8443 return 500 from outside the browser.,False,,2026-08-06T05:37:19+00:00
658,Chlorhexidine Gluconate 0.3%v/v and Cetrimide 0.6%w/v Antiseptic Liquid,Chlorhexidine Gluconate,100 ML,100,12.38,True,0.1238,Antiseptic/Disinfectants,Jan Aushadhi (PMBJP) product and MRP list,https://janaushadhi.gov.in/product-portfolio/product-mrp-list,Exported from the site's own Download Files button. Direct API calls to port 8443 return 500 from outside the browser.,False,,2026-08-06T05:37:19+00:00
661,Gama Benzene Hexachloride 1%w/v and Cetrimide 0.1%w/v lotion,Gama Benzene Hexachloride,100 ml,100,51.56,True,0.5156,Dermatology/Topical/External,Jan Aushadhi (PMBJP) product and MRP list,https://janaushadhi.gov.in/product-portfolio/product-mrp-list,Exported from the site's own Download Files button. Direct API calls to port 8443 return 500 from outside the browser.,False,,2026-08-06T05:37:19+00:00
664,"Mouth Ulcer Gel (Choline Salicylate Sodium 9% W/V, Benzalkonium Chloride 0.01% W/W)",Mouth Ulcer Choline Salicylate Sodium W V Benzalkonium Chloride W W,10 gm,10,15.47,True,1.547,Stomatologicals,Jan Aushadhi (PMBJP) product and MRP list,https://janaushadhi.gov.in/product-portfolio/product-mrp-list,Exported from the site's own Download Files button. Direct API calls to port 8443 return 500 from outside the browser.,False,,2026-08-06T05:37:19+00:00
665,Vitamin B Complex and Ascorbic Acid Capsules,Vitamin B Complex and Ascorbic Acid,10's,10,17.53,True,1.753,Supplement/Vitamin/Mineral,Jan Aushadhi (PMBJP) product and MRP list,https://janaushadhi.gov.in/product-portfolio/product-mrp-list,Exported from the site's own Download Files button. Direct API calls to port 8443 return 500 from outside the browser.,False,,2026-08-06T05:37:19+00:00
666,Pheniramine Maleate Injection IP 22.75 mg,Pheniramine Maleate,2 ML,2,3.75,True,1.875,Anti-Histaminic,Jan Aushadhi (PMBJP) product and MRP list,https://janaushadhi.gov.in/product-portfolio/product-mrp-list,Exported from the site's own Download Files button. Direct API calls to port 8443 return 500 from outside the browser.,False,,2026-08-06T05:37:19+00:00
668,Multivitamin Drops,Multivitamin,15 ml,15,16.88,True,1.1253,Supplement/Vitamin/Mineral,Jan Aushadhi (PMBJP) product and MRP list,https://janaushadhi.gov.in/product-portfolio/product-mrp-list,Exported from the site's own Download Files button. Direct API calls to port 8443 return 500 from outside the browser.,False,,2026-08-06T05:37:19+00:00
669,Cefuroxime Axetil Oral Suspension 125mg per 5ml,Cefuroxime Axetil Oral,30 ML,30,61.88,True,2.0627,Antibiotics,Jan Aushadhi (PMBJP) product and MRP list,https://janaushadhi.gov.in/product-portfolio/product-mrp-list,Exported from the site's own Download Files button. Direct API calls to port 8443 return 500 from outside the browser.,False,,2026-08-06T05:37:19+00:00
670,"Glucosamine 750mg , Diacerein 50mg and Methylsulfonylmethane 250mg Tablets",Glucosamine,10's,10,51.05,True,5.105,Ortho,Jan Aushadhi (PMBJP) product and MRP list,https://janaushadhi.gov.in/product-portfolio/product-mrp-list,Exported from the site's own Download Files button. Direct API calls to port 8443 return 500 from outside the browser.,False,,2026-08-06T05:37:19+00:00
671,Glucosamine 500mg and Diacerein 50mg Tablets,Glucosamine,10's,10,51.56,True,5.156,Ortho,Jan Aushadhi (PMBJP) product and MRP list,https://janaushadhi.gov.in/product-portfolio/product-mrp-list,Exported from the site's own Download Files button. Direct API calls to port 8443 return 500 from outside the browser.,False,,2026-08-06T05:37:19+00:00
672,Mometasone Furoate Cream IP 0.1%w/w,Mometasone Furoate,15 gm,15,16.88,True,1.1253,Dermatology/Topical/External,Jan Aushadhi (PMBJP) product and MRP list,https://janaushadhi.gov.in/product-portfolio/product-mrp-list,Exported from the site's own Download Files button. Direct API calls to port 8443 return 500 from outside the browser.,False,,2026-08-06T05:37:19+00:00
673,Biotin Tablets 10mg,Biotin,10's,10,31.88,True,3.188,Supplement/Vitamin/Mineral,Jan Aushadhi (PMBJP) product and MRP list,https://janaushadhi.gov.in/product-portfolio/product-mrp-list,Exported from the site's own Download Files button. Direct API calls to port 8443 return 500 from outside the browser.,False,,2026-08-06T05:37:19+00:00
676,Triamcinolone Acetonide Mouth Ulcer Gel 0.1% w/w,Triamcinolone Acetonide Mouth Ulcer w w,10 gm,10,45.94,True,4.594,Stomatologicals,Jan Aushadhi (PMBJP) product and MRP list,https://janaushadhi.gov.in/product-portfolio/product-mrp-list,Exported from the site's own Download Files button. Direct API calls to port 8443 return 500 from outside the browser.,False,,2026-08-06T05:37:19+00:00
677,Flupentixol Tablets 0.5 mg,Flupentixol,10's,10,10.31,True,1.031,Central Nervous System (CNS),Jan Aushadhi (PMBJP) product and MRP list,https://janaushadhi.gov.in/product-portfolio/product-mrp-list,Exported from the site's own Download Files button. Direct API calls to port 8443 return 500 from outside the browser.,False,,2026-08-06T05:37:19+00:00
679,Nalidixic Acid Tablets IP 500 mg,Nalidixic Acid,10's,10,15.94,True,1.594,Urology,Jan Aushadhi (PMBJP) product and MRP list,https://janaushadhi.gov.in/product-portfolio/product-mrp-list,Exported from the site's own Download Files button. Direct API calls to port 8443 return 500 from outside the browser.,False,,2026-08-06T05:37:19+00:00
680,Finasteride Tablets IP 5mg,Finasteride,10's,10,41.25,True,4.125,Urology,Jan Aushadhi (PMBJP) product and MRP list,https://janaushadhi.gov.in/product-portfolio/product-mrp-list,Exported from the site's own Download Files button. Direct API calls to port 8443 return 500 from outside the browser.,False,,2026-08-06T05:37:19+00:00
682,Rabeprazole 20mg and Domperidone 10mg Capsules,Rabeprazole,10's,10,20.63,True,2.063,Gastrointestinal (GIT),Jan Aushadhi (PMBJP) product and MRP list,https://janaushadhi.gov.in/product-portfolio/product-mrp-list,Exported from the site's own Download Files button. Direct API calls to port 8443 return 500 from outside the browser.,False,,2026-08-06T05:37:19+00:00
683,Rabeprazole Sodium (Gastro-resistant) 20mg and Itopride Hydrochloride Prolonged release 150mg Capsules IP,Rabeprazole Sodium Gastro resistant,10's,10,37.5,True,3.75,Gastrointestinal (GIT),Jan Aushadhi (PMBJP) product and MRP list,https://janaushadhi.gov.in/product-portfolio/product-mrp-list,Exported from the site's own Download Files button. Direct API calls to port 8443 return 500 from outside the browser.,False,,2026-08-06T05:37:19+00:00
685,Pantoprazole Sodium 40 mg (Enteric Coated) and Itopride Hydrochloride 150 mg (Sustained Release) Capsules,Pantoprazole Sodium,10's,10,46.88,True,4.688,Gastrointestinal (GIT),Jan Aushadhi (PMBJP) product and MRP list,https://janaushadhi.gov.in/product-portfolio/product-mrp-list,Exported from the site's own Download Files button. Direct API calls to port 8443 return 500 from outside the browser.,False,,2026-08-06T05:37:19+00:00
686,Magaldrate 400mg and Simethicone 20mg Oral Suspension IP per 5ml,Magaldrate,170 ml,170,39.38,True,0.2316,Gastrointestinal (GIT),Jan Aushadhi (PMBJP) product and MRP list,https://janaushadhi.gov.in/product-portfolio/product-mrp-list,Exported from the site's own Download Files button. Direct API calls to port 8443 return 500 from outside the browser.,False,,2026-08-06T05:37:19+00:00
687,Lactulose Solution IP 10g per 15ml,Lactulose,200 ml,200,132.0,True,0.66,Gastrointestinal (GIT),Jan Aushadhi (PMBJP) product and MRP list,https://janaushadhi.gov.in/product-portfolio/product-mrp-list,Exported from the site's own Download Files button. Direct API calls to port 8443 return 500 from outside the browser.,False,,2026-08-06T05:37:19+00:00
689,Clotrimazole Vaginal Tablets IP 100mg,Clotrimazole Vaginal,10's,10,14.06,True,1.406,Antibiotics,Jan Aushadhi (PMBJP) product and MRP list,https://janaushadhi.gov.in/product-portfolio/product-mrp-list,Exported from the site's own Download Files button. Direct API calls to port 8443 return 500 from outside the browser.,False,,2026-08-06T05:37:19+00:00
690,Timolol Maleate Eye Drops IP 0.5 %,Timolol Maleate Eye,5 ml Vial,5,19.69,True,3.938,Opthalmic/Otic,Jan Aushadhi (PMBJP) product and MRP list,https://janaushadhi.gov.in/product-portfolio/product-mrp-list,Exported from the site's own Download Files button. Direct API calls to port 8443 return 500 from outside the browser.,False,,2026-08-06T05:37:19+00:00
691,Ofloxacin Eye Drops IP 0.3% w/v,Ofloxacin Eye w v,10 ml,10,10.31,True,1.031,Opthalmic/Otic,Jan Aushadhi (PMBJP) product and MRP list,https://janaushadhi.gov.in/product-portfolio/product-mrp-list,Exported from the site's own Download Files button. Direct API calls to port 8443 return 500 from outside the browser.,False,,2026-08-06T05:37:19+00:00
692,Olopatadine Hydrochloride Ophthalmic Solution IP 0.1% w/v,Olopatadine Hydrochloride Ophthalmic w v,10 ml Vial,10,42.19,True,4.219,Opthalmic/Otic,Jan Aushadhi (PMBJP) product and MRP list,https://janaushadhi.gov.in/product-portfolio/product-mrp-list,Exported from the site's own Download Files button. Direct API calls to port 8443 return 500 from outside the browser.,False,,2026-08-06T05:37:19+00:00
693,Tropicamide Eye Drops IP 1% W/V,Tropicamide Eye W V,5 ml Vial,5,28.13,True,5.626,Opthalmic/Otic,Jan Aushadhi (PMBJP) product and MRP list,https://janaushadhi.gov.in/product-portfolio/product-mrp-list,Exported from the site's own Download Files button. Direct API calls to port 8443 return 500 from outside the browser.,False,,2026-08-06T05:37:19+00:00
696,"Polymyxin B Sulphate 5000IU, Chloramphenicol 4mg and Dexamethasone 1mg Eye/Ear Drops",Polymyxin B Sulphate,5 ml,5,39.38,True,7.876,Opthalmic/Otic,Jan Aushadhi (PMBJP) product and MRP list,https://janaushadhi.gov.in/product-portfolio/product-mrp-list,Exported from the site's own Download Files button. Direct API calls to port 8443 return 500 from outside the browser.,False,,2026-08-06T05:37:19+00:00
697,Sulphacetamide Eye Drop IP 10 % w/v,Sulphacetamide Eye w v,10 ml,10,11.25,True,1.125,Opthalmic/Otic,Jan Aushadhi (PMBJP) product and MRP list,https://janaushadhi.gov.in/product-portfolio/product-mrp-list,Exported from the site's own Download Files button. Direct API calls to port 8443 return 500 from outside the browser.,False,,2026-08-06T05:37:19+00:00
699,Acyclovir Eye Ointment IP 3% W/W,Acyclovir Eye W W,5 gm,5,23.44,True,4.688,Opthalmic/Otic,Jan Aushadhi (PMBJP) product and MRP list,https://janaushadhi.gov.in/product-portfolio/product-mrp-list,Exported from the site's own Download Files button. Direct API calls to port 8443 return 500 from outside the browser.,False,,2026-08-06T05:37:19+00:00
701,Pilocarpine Eye Drops IP 2% W/V,Pilocarpine Eye W V,10 ml Vial,10,0.0,False,,Opthalmic/Otic,Jan Aushadhi (PMBJP) product and MRP list,https://janaushadhi.gov.in/product-portfolio/product-mrp-list,Exported from the site's own Download Files button. Direct API calls to port 8443 return 500 from outside the browser.,False,,2026-08-06T05:37:19+00:00
704,Cephalexin Dry Syrup 125mg per 5ml,Cephalexin Dry,30 ml,30,17.81,True,0.5937,Antibiotics,Jan Aushadhi (PMBJP) product and MRP list,https://janaushadhi.gov.in/product-portfolio/product-mrp-list,Exported from the site's own Download Files button. Direct API calls to port 8443 return 500 from outside the browser.,False,,2026-08-06T05:37:19+00:00
705,Levofloxacin Infusion IP 500 mg per 100 ml,Levofloxacin Infusion,100 ML,100,33.75,True,0.3375,Antibiotics,Jan Aushadhi (PMBJP) product and MRP list,https://janaushadhi.gov.in/product-portfolio/product-mrp-list,Exported from the site's own Download Files button. Direct API calls to port 8443 return 500 from outside the browser.,False,,2026-08-06T05:37:19+00:00
707,Piroxicam Dispersible Tablets 10 mg,Piroxicam Dispersible,10's,10,9.38,True,0.938,Analgesic/Antipyretic/Anti-Inflammatory,Jan Aushadhi (PMBJP) product and MRP list,https://janaushadhi.gov.in/product-portfolio/product-mrp-list,Exported from the site's own Download Files button. Direct API calls to port 8443 return 500 from outside the browser.,False,,2026-08-06T05:37:19+00:00
708,Piroxicam Dispersible Tablets 20 mg,Piroxicam Dispersible,10's,10,19.69,True,1.969,Analgesic/Antipyretic/Anti-Inflammatory,Jan Aushadhi (PMBJP) product and MRP list,https://janaushadhi.gov.in/product-portfolio/product-mrp-list,Exported from the site's own Download Files button. Direct API calls to port 8443 return 500 from outside the browser.,False,,2026-08-06T05:37:19+00:00
709,Piroxicam with bezyl alcohol Injection 20 mg,Piroxicam with bezyl alcohol,1 ml,1,5.63,True,5.63,Analgesic/Antipyretic/Anti-Inflammatory,Jan Aushadhi (PMBJP) product and MRP list,https://janaushadhi.gov.in/product-portfolio/product-mrp-list,Exported from the site's own Download Files button. Direct API calls to port 8443 return 500 from outside the browser.,False,,2026-08-06T05:37:19+00:00
710,Piroxicam with bezyl alcohol Injection 40 mg,Piroxicam with bezyl alcohol,2 ml,2,11.25,True,5.625,Analgesic/Antipyretic/Anti-Inflammatory,Jan Aushadhi (PMBJP) product and MRP list,https://janaushadhi.gov.in/product-portfolio/product-mrp-list,Exported from the site's own Download Files button. Direct API calls to port 8443 return 500 from outside the browser.,False,,2026-08-06T05:37:19+00:00
712,Paracetamol Oral Suspension IP 250mg per 5ml,Paracetamol Oral,60 ml,60,19.69,True,0.3282,Analgesic/Antipyretic/Anti-Inflammatory,Jan Aushadhi (PMBJP) product and MRP list,https://janaushadhi.gov.in/product-portfolio/product-mrp-list,Exported from the site's own Download Files button. Direct API calls to port 8443 return 500 from outside the browser.,False,,2026-08-06T05:37:19+00:00
713,Glibenclamide 5mg and Metformin Hydrochloride 500mg Tablets IP,Glibenclamide,10's,10,12.38,True,1.238,Anti-Diabetic,Jan Aushadhi (PMBJP) product and MRP list,https://janaushadhi.gov.in/product-portfolio/product-mrp-list,Exported from the site's own Download Files button. Direct API calls to port 8443 return 500 from outside the browser.,False,,2026-08-06T05:37:19+00:00
715,Glycerin IP 98%W/W,Glycerin,50 GM,50,22.69,True,0.4538,Dermatology/Topical/External,Jan Aushadhi (PMBJP) product and MRP list,https://janaushadhi.gov.in/product-portfolio/product-mrp-list,Exported from the site's own Download Files button. Direct API calls to port 8443 return 500 from outside the browser.,False,,2026-08-06T05:37:19+00:00
717,Etodolac Tablets IP 300mg,Etodolac,10's,10,35.06,True,3.506,Analgesic/Antipyretic/Anti-Inflammatory,Jan Aushadhi (PMBJP) product and MRP list,https://janaushadhi.gov.in/product-portfolio/product-mrp-list,Exported from the site's own Download Files button. Direct API calls to port 8443 return 500 from outside the browser.,False,,2026-08-06T05:37:19+00:00
718,Escitalopram Oxelate 10mg and Clonazepam 0.5mg Tablets IP,Escitalopram Oxelate,10's,10,15.47,True,1.547,Central Nervous System (CNS),Jan Aushadhi (PMBJP) product and MRP list,https://janaushadhi.gov.in/product-portfolio/product-mrp-list,Exported from the site's own Download Files button. Direct API calls to port 8443 return 500 from outside the browser.,False,,2026-08-06T05:37:19+00:00
720,Ringer Lactate Infusion,Ringer Lactate Infusion,500 ml in FFS Bottle,500,24.75,True,0.0495,Electrolytes,Jan Aushadhi (PMBJP) product and MRP list,https://janaushadhi.gov.in/product-portfolio/product-mrp-list,Exported from the site's own Download Files button. Direct API calls to port 8443 return 500 from outside the browser.,False,,2026-08-06T05:37:19+00:00
722,Water for Injection amp polypack 5 ml,Water for amp polypack,5 ml,5,1.41,True,0.282,Irrigation Fluid,Jan Aushadhi (PMBJP) product and MRP list,https://janaushadhi.gov.in/product-portfolio/product-mrp-list,Exported from the site's own Download Files button. Direct API calls to port 8443 return 500 from outside the browser.,False,,2026-08-06T05:37:19+00:00
723,Water for Injection amp polypack 10ml,Water for amp polypack,10 ml,10,1.88,True,0.188,Irrigation Fluid,Jan Aushadhi (PMBJP) product and MRP list,https://janaushadhi.gov.in/product-portfolio/product-mrp-list,Exported from the site's own Download Files button. Direct API calls to port 8443 return 500 from outside the browser.,False,,2026-08-06T05:37:19+00:00
725,Dextrose Intravenouse Infusion IP 5% w/v,Dextrose Intravenouse Infusion w v,500 ml,500,18.75,True,0.0375,Electrolytes,Jan Aushadhi (PMBJP) product and MRP list,https://janaushadhi.gov.in/product-portfolio/product-mrp-list,Exported from the site's own Download Files button. Direct API calls to port 8443 return 500 from outside the browser.,False,,2026-08-06T05:37:19+00:00
726,Dextrose Injection IP 10% w/v,Dextrose w v,500 ml,500,15.47,True,0.0309,Electrolytes,Jan Aushadhi (PMBJP) product and MRP list,https://janaushadhi.gov.in/product-portfolio/product-mrp-list,Exported from the site's own Download Files button. Direct API calls to port 8443 return 500 from outside the browser.,False,,2026-08-06T05:37:19+00:00
728,Dextrose 5%w/v and Sodium Chloride 0.9%w/v Injection IP,Dextrose,500 ml,500,18.75,True,0.0375,Electrolytes,Jan Aushadhi (PMBJP) product and MRP list,https://janaushadhi.gov.in/product-portfolio/product-mrp-list,Exported from the site's own Download Files button. Direct API calls to port 8443 return 500 from outside the browser.,False,,2026-08-06T05:37:19+00:00
732,Sodium Chloride Injection IP 0.9%W/V,Sodium Chloride,100 ml IV Fluid Plastic Container,100,14.06,True,0.1406,Electrolytes,Jan Aushadhi (PMBJP) product and MRP list,https://janaushadhi.gov.in/product-portfolio/product-mrp-list,Exported from the site's own Download Files button. Direct API calls to port 8443 return 500 from outside the browser.,False,,2026-08-06T05:37:19+00:00
733,Progesterone Sustained Release Tablets 200 mg,Progesterone Sustained Release,10's,10,152.81,True,15.281,Gynaecology,Jan Aushadhi (PMBJP) product and MRP list,https://janaushadhi.gov.in/product-portfolio/product-mrp-list,Exported from the site's own Download Files button. Direct API calls to port 8443 return 500 from outside the browser.,False,,2026-08-06T05:37:19+00:00
734,Dehydroepiandrosterone (Micronized) 25 mg Capsule,Dehydroepiandrosterone Micronized,10's,10,65.63,True,6.563,Gynaecology,Jan Aushadhi (PMBJP) product and MRP list,https://janaushadhi.gov.in/product-portfolio/product-mrp-list,Exported from the site's own Download Files button. Direct API calls to port 8443 return 500 from outside the browser.,False,,2026-08-06T05:37:19+00:00
736,Megestrol Acetate Tablets IP 40mg,Megestrol Acetate,10's,10,131.25,True,13.125,Oncology,Jan Aushadhi (PMBJP) product and MRP list,https://janaushadhi.gov.in/product-portfolio/product-mrp-list,Exported from the site's own Download Files button. Direct API calls to port 8443 return 500 from outside the browser.,True,megestrol is an oncology molecule,2026-08-06T05:37:19+00:00
739,Cefuroxime Axetil Tablets IP 125mg,Cefuroxime Axetil,6's,6,32.81,True,5.4683,Antibiotics,Jan Aushadhi (PMBJP) product and MRP list,https://janaushadhi.gov.in/product-portfolio/product-mrp-list,Exported from the site's own Download Files button. Direct API calls to port 8443 return 500 from outside the browser.,False,,2026-08-06T05:37:19+00:00
740,Clarithromycin Tablets IP 250 mg,Clarithromycin,10's,10,76.88,True,7.688,Antibiotics,Jan Aushadhi (PMBJP) product and MRP list,https://janaushadhi.gov.in/product-portfolio/product-mrp-list,Exported from the site's own Download Files button. Direct API calls to port 8443 return 500 from outside the browser.,False,,2026-08-06T05:37:19+00:00
741,Cefpodoxime Proxetil Dispersible Tablets 50 mg,Cefpodoxime Proxetil Dispersible,10's,10,27.19,True,2.719,Antibiotics,Jan Aushadhi (PMBJP) product and MRP list,https://janaushadhi.gov.in/product-portfolio/product-mrp-list,Exported from the site's own Download Files button. Direct API calls to port 8443 return 500 from outside the browser.,False,,2026-08-06T05:37:19+00:00
746,Valganciclovir Hydrochloride Tablets USP 450 mg,Valganciclovir Hydrochloride,10's,10,1740.0,True,174.0,Anti-viral,Jan Aushadhi (PMBJP) product and MRP list,https://janaushadhi.gov.in/product-portfolio/product-mrp-list,Exported from the site's own Download Files button. Direct API calls to port 8443 return 500 from outside the browser.,False,,2026-08-06T05:37:19+00:00
747,Glimepiride Tablets  IP 3mg,Glimepiride,10's,10,6.81,True,0.681,Anti-Diabetic,Jan Aushadhi (PMBJP) product and MRP list,https://janaushadhi.gov.in/product-portfolio/product-mrp-list,Exported from the site's own Download Files button. Direct API calls to port 8443 return 500 from outside the browser.,False,,2026-08-06T05:37:19+00:00
748,Glimepiride Tablets IP 4mg,Glimepiride,10's,10,8.25,True,0.825,Anti-Diabetic,Jan Aushadhi (PMBJP) product and MRP list,https://janaushadhi.gov.in/product-portfolio/product-mrp-list,Exported from the site's own Download Files button. Direct API calls to port 8443 return 500 from outside the browser.,False,,2026-08-06T05:37:19+00:00
752,Clotrimazole Powder 1%,Clotrimazole,100 gm Powder,100,62.39,True,0.6239,Dermatology/Topical/External,Jan Aushadhi (PMBJP) product and MRP list,https://janaushadhi.gov.in/product-portfolio/product-mrp-list,Exported from the site's own Download Files button. Direct API calls to port 8443 return 500 from outside the browser.,False,,2026-08-06T05:37:19+00:00
753,Clotrimazole 1%w/v and Beclometasone Dipropionate 0.025%w/v Lotion,Clotrimazole,15 ml,15,26.25,True,1.75,Dermatology/Topical/External,Jan Aushadhi (PMBJP) product and MRP list,https://janaushadhi.gov.in/product-portfolio/product-mrp-list,Exported from the site's own Download Files button. Direct API calls to port 8443 return 500 from outside the browser.,False,,2026-08-06T05:37:19+00:00
754,Clotrimazole 1%w/w and Beclomethasone Dipropionate 0.025%w/w Cream,Clotrimazole,15 gm,15,12.38,True,0.8253,Dermatology/Topical/External,Jan Aushadhi (PMBJP) product and MRP list,https://janaushadhi.gov.in/product-portfolio/product-mrp-list,Exported from the site's own Download Files button. Direct API calls to port 8443 return 500 from outside the browser.,False,,2026-08-06T05:37:19+00:00
757,Cefuroxime Injection IP 1500mg,Cefuroxime,Vial & Wfi,,65.63,True,,Antibiotics,Jan Aushadhi (PMBJP) product and MRP list,https://janaushadhi.gov.in/product-portfolio/product-mrp-list,Exported from the site's own Download Files button. Direct API calls to port 8443 return 500 from outside the browser.,False,,2026-08-06T05:37:19+00:00
759,Rosuvastatin Tablets IP 10mg,Rosuvastatin,15's,15,19.28,True,1.2853,Cardiovascular System (CVS),Jan Aushadhi (PMBJP) product and MRP list,https://janaushadhi.gov.in/product-portfolio/product-mrp-list,Exported from the site's own Download Files button. Direct API calls to port 8443 return 500 from outside the browser.,False,,2026-08-06T05:37:19+00:00
762,Nortriptyline Tablets IP 25mg,Nortriptyline,10's,10,15.0,True,1.5,Central Nervous System (CNS),Jan Aushadhi (PMBJP) product and MRP list,https://janaushadhi.gov.in/product-portfolio/product-mrp-list,Exported from the site's own Download Files button. Direct API calls to port 8443 return 500 from outside the browser.,False,,2026-08-06T05:37:19+00:00
764,Etizolam Tablets IP 0.5mg,Etizolam,10's,10,10.21,True,1.021,Central Nervous System (CNS),Jan Aushadhi (PMBJP) product and MRP list,https://janaushadhi.gov.in/product-portfolio/product-mrp-list,Exported from the site's own Download Files button. Direct API calls to port 8443 return 500 from outside the browser.,False,,2026-08-06T05:37:19+00:00
766,L-Methylfolate calcium 7.5mg Tablet,L Methylfolate calcium,10's,10,55.31,True,5.531,Supplement/Vitamin/Mineral,Jan Aushadhi (PMBJP) product and MRP list,https://janaushadhi.gov.in/product-portfolio/product-mrp-list,Exported from the site's own Download Files button. Direct API calls to port 8443 return 500 from outside the browser.,False,,2026-08-06T05:37:19+00:00
767,Metformin Hydrochloride 1000mg (Prolonged Release) and Glimepiride 2mg Tablets IP,Metformin Hydrochloride,10's,10,37.43,True,3.743,Anti-Diabetic,Jan Aushadhi (PMBJP) product and MRP list,https://janaushadhi.gov.in/product-portfolio/product-mrp-list,Exported from the site's own Download Files button. Direct API calls to port 8443 return 500 from outside the browser.,False,,2026-08-06T05:37:19+00:00
768,Acetazolamide Tablets IP 250mg,Acetazolamide,10's,10,18.0,True,1.8,Altitude Sickness,Jan Aushadhi (PMBJP) product and MRP list,https://janaushadhi.gov.in/product-portfolio/product-mrp-list,Exported from the site's own Download Files button. Direct API calls to port 8443 return 500 from outside the browser.,False,,2026-08-06T05:37:19+00:00
769,Acetylsalicylic Acid (Aspirin) Gastro-resistant Tablets IP 325mg,Acetylsalicylic Acid Aspirin Gastro resistant,14's,14,7.5,True,0.5357,Cardiovascular System (CVS),Jan Aushadhi (PMBJP) product and MRP list,https://janaushadhi.gov.in/product-portfolio/product-mrp-list,Exported from the site's own Download Files button. Direct API calls to port 8443 return 500 from outside the browser.,False,,2026-08-06T05:37:19+00:00
772,Adenosine Injection IP 3mg per ml,Adenosine,2 ml,2,23.44,True,11.72,Cardiovascular System (CVS),Jan Aushadhi (PMBJP) product and MRP list,https://janaushadhi.gov.in/product-portfolio/product-mrp-list,Exported from the site's own Download Files button. Direct API calls to port 8443 return 500 from outside the browser.,False,,2026-08-06T05:37:19+00:00
779,"Alpha Lipolic Acid 100mg, Vitamin D3 1000IU, Folic Acid 1.5mg, Pyridoxine 3mg and Methylcobalamin1500mcg Tablets",Alpha Lipolic Acid,10's,10,49.5,True,4.95,Supplement/Vitamin/Mineral,Jan Aushadhi (PMBJP) product and MRP list,https://janaushadhi.gov.in/product-portfolio/product-mrp-list,Exported from the site's own Download Files button. Direct API calls to port 8443 return 500 from outside the browser.,False,,2026-08-06T05:37:19+00:00
781,Alprazolam 0.25mg and Fluoxetine 20mg Tablets,Alprazolam,10's,10,13.13,True,1.313,Central Nervous System (CNS),Jan Aushadhi (PMBJP) product and MRP list,https://janaushadhi.gov.in/product-portfolio/product-mrp-list,Exported from the site's own Download Files button. Direct API calls to port 8443 return 500 from outside the browser.,False,,2026-08-06T05:37:19+00:00
784,Amisulpride Tablets IP 50mg,Amisulpride,10's,10,29.06,True,2.906,Central Nervous System (CNS),Jan Aushadhi (PMBJP) product and MRP list,https://janaushadhi.gov.in/product-portfolio/product-mrp-list,Exported from the site's own Download Files button. Direct API calls to port 8443 return 500 from outside the browser.,False,,2026-08-06T05:37:19+00:00
785,Amitriptyline Hydrochloride Tablets IP 25mg,Amitriptyline Hydrochloride,15's,15,9.08,True,0.6053,Central Nervous System (CNS),Jan Aushadhi (PMBJP) product and MRP list,https://janaushadhi.gov.in/product-portfolio/product-mrp-list,Exported from the site's own Download Files button. Direct API calls to port 8443 return 500 from outside the browser.,False,,2026-08-06T05:37:19+00:00
786,Amitriptyline Hydrochloride Tablets IP 10mg,Amitriptyline Hydrochloride,10's,10,6.81,True,0.681,Central Nervous System (CNS),Jan Aushadhi (PMBJP) product and MRP list,https://janaushadhi.gov.in/product-portfolio/product-mrp-list,Exported from the site's own Download Files button. Direct API calls to port 8443 return 500 from outside the browser.,False,,2026-08-06T05:37:19+00:00
788,Anastrozole Tablets IP 1mg,Anastrozole,10's,10,73.13,True,7.313,Oncology,Jan Aushadhi (PMBJP) product and MRP list,https://janaushadhi.gov.in/product-portfolio/product-mrp-list,Exported from the site's own Download Files button. Direct API calls to port 8443 return 500 from outside the browser.,True,anastrozole is an oncology molecule,2026-08-06T05:37:19+00:00
790,Aspirin Enteric Coated Tablets IP 75mg,Aspirin Enteric Coated,14's,14,2.81,True,0.2007,Cardiovascular System (CVS),Jan Aushadhi (PMBJP) product and MRP list,https://janaushadhi.gov.in/product-portfolio/product-mrp-list,Exported from the site's own Download Files button. Direct API calls to port 8443 return 500 from outside the browser.,False,,2026-08-06T05:37:19+00:00
791,Atenolol 25mg and Amlodipine 5mg Tablets IP,Atenolol,14's,14,15.0,True,1.0714,Cardiovascular System (CVS),Jan Aushadhi (PMBJP) product and MRP list,https://janaushadhi.gov.in/product-portfolio/product-mrp-list,Exported from the site's own Download Files button. Direct API calls to port 8443 return 500 from outside the browser.,False,,2026-08-06T05:37:19+00:00
793,Atenolol Tablets IP 25mg,Atenolol,14's,14,6.19,True,0.4421,Cardiovascular System (CVS),Jan Aushadhi (PMBJP) product and MRP list,https://janaushadhi.gov.in/product-portfolio/product-mrp-list,Exported from the site's own Download Files button. Direct API calls to port 8443 return 500 from outside the browser.,False,,2026-08-06T05:37:19+00:00
796,Aspirin Gastro-resistant 75mg and Atorvastatin 10mg Capsules IP,Aspirin Gastro resistant,10's,10,16.5,True,1.65,Cardiovascular System (CVS),Jan Aushadhi (PMBJP) product and MRP list,https://janaushadhi.gov.in/product-portfolio/product-mrp-list,Exported from the site's own Download Files button. Direct API calls to port 8443 return 500 from outside the browser.,False,,2026-08-06T05:37:19+00:00
797,Atracurium Besylate Injection I.P 25mg per 2.5ml,Atracurium Besylate I P,2.5 ML,,22.03,True,,Anaesthetics,Jan Aushadhi (PMBJP) product and MRP list,https://janaushadhi.gov.in/product-portfolio/product-mrp-list,Exported from the site's own Download Files button. Direct API calls to port 8443 return 500 from outside the browser.,False,,2026-08-06T05:37:19+00:00
800,"Bacitracin 250 IU, Neomycin 5mg, Sulphacetamide 60mg Dusting Powder",Bacitracin,10 gm Powder,10,23.44,True,2.344,Dermatology/Topical/External,Jan Aushadhi (PMBJP) product and MRP list,https://janaushadhi.gov.in/product-portfolio/product-mrp-list,Exported from the site's own Download Files button. Direct API calls to port 8443 return 500 from outside the browser.,False,,2026-08-06T05:37:19+00:00
804,Betamethasone Injection IP 4 mg per ml,Betamethasone,1 ml,1,2.81,True,2.81,Steroids & Hormones,Jan Aushadhi (PMBJP) product and MRP list,https://janaushadhi.gov.in/product-portfolio/product-mrp-list,Exported from the site's own Download Files button. Direct API calls to port 8443 return 500 from outside the browser.,False,,2026-08-06T05:37:19+00:00
806,Bicalutamide Tablets IP 50mg,Bicalutamide,10's,10,128.44,True,12.844,Oncology,Jan Aushadhi (PMBJP) product and MRP list,https://janaushadhi.gov.in/product-portfolio/product-mrp-list,Exported from the site's own Download Files button. Direct API calls to port 8443 return 500 from outside the browser.,True,indication names oncology,2026-08-06T05:37:19+00:00
807,Biphasic Isophane Insulin Injection IP 100 IU/ml (30:70 ) (30% Soluble Insulin and 70% Isophane Insu,Biphasic Isophane Insulin,3 ml Catridge,3,181.5,True,60.5,Anti-Diabetic,Jan Aushadhi (PMBJP) product and MRP list,https://janaushadhi.gov.in/product-portfolio/product-mrp-list,Exported from the site's own Download Files button. Direct API calls to port 8443 return 500 from outside the browser.,False,,2026-08-06T05:37:19+00:00
809,Bortezomib Injection IP 3.5 mg,Bortezomib,Vial,,928.13,True,,Oncology,Jan Aushadhi (PMBJP) product and MRP list,https://janaushadhi.gov.in/product-portfolio/product-mrp-list,Exported from the site's own Download Files button. Direct API calls to port 8443 return 500 from outside the browser.,True,indication names oncology,2026-08-06T05:37:19+00:00
811,Bromfenac Sodium Eye Drop 0.09%w/v,Bromfenac Sodium Eye,5 ml,5,61.88,True,12.376,Opthalmic/Otic,Jan Aushadhi (PMBJP) product and MRP list,https://janaushadhi.gov.in/product-portfolio/product-mrp-list,Exported from the site's own Download Files button. Direct API calls to port 8443 return 500 from outside the browser.,False,,2026-08-06T05:37:19+00:00
812,Bromocriptine Mesylate Tablets IP 2.5mg,Bromocriptine Mesylate,10's,10,82.5,True,8.25,Central Nervous System (CNS),Jan Aushadhi (PMBJP) product and MRP list,https://janaushadhi.gov.in/product-portfolio/product-mrp-list,Exported from the site's own Download Files button. Direct API calls to port 8443 return 500 from outside the browser.,False,,2026-08-06T05:37:19+00:00
814,Cabergoline Tablets IP 0.5mg,Cabergoline,4's,4,159.38,True,39.845,Gynaecology,Jan Aushadhi (PMBJP) product and MRP list,https://janaushadhi.gov.in/product-portfolio/product-mrp-list,Exported from the site's own Download Files button. Direct API calls to port 8443 return 500 from outside the browser.,False,,2026-08-06T05:37:19+00:00
815,Calcitriol Capsules IP 0.25mcg,Calcitriol,10's,10,27.84,True,2.784,Supplement/Vitamin/Mineral,Jan Aushadhi (PMBJP) product and MRP list,https://janaushadhi.gov.in/product-portfolio/product-mrp-list,Exported from the site's own Download Files button. Direct API calls to port 8443 return 500 from outside the browser.,False,,2026-08-06T05:37:19+00:00
816,Calcium Acetate Tablets 667mg,Calcium Acetate,10's,10,26.25,True,2.625,Supplement/Vitamin/Mineral,Jan Aushadhi (PMBJP) product and MRP list,https://janaushadhi.gov.in/product-portfolio/product-mrp-list,Exported from the site's own Download Files button. Direct API calls to port 8443 return 500 from outside the browser.,False,,2026-08-06T05:37:19+00:00
817,"Calcium Carbonate 1250mg, Vitamin D3 250IU, Magnesium Oxide 40mg, Manganese Sulphate 1.8mg and Zinc 7.5mg Tablets",Calcium Carbonate,10's,10,14.75,True,1.475,Supplement/Vitamin/Mineral,Jan Aushadhi (PMBJP) product and MRP list,https://janaushadhi.gov.in/product-portfolio/product-mrp-list,Exported from the site's own Download Files button. Direct API calls to port 8443 return 500 from outside the browser.,False,,2026-08-06T05:37:19+00:00
818,Calcium Gluconate Injection IP 10 % w/v,Calcium Gluconate w v,10 ml,10,4.69,True,0.469,Supplement/Vitamin/Mineral,Jan Aushadhi (PMBJP) product and MRP list,https://janaushadhi.gov.in/product-portfolio/product-mrp-list,Exported from the site's own Download Files button. Direct API calls to port 8443 return 500 from outside the browser.,False,,2026-08-06T05:37:19+00:00
821,Carvedilol Tablets IP 6.25mg,Carvedilol,10's,10,7.94,True,0.794,Cardiovascular System (CVS),Jan Aushadhi (PMBJP) product and MRP list,https://janaushadhi.gov.in/product-portfolio/product-mrp-list,Exported from the site's own Download Files button. Direct API calls to port 8443 return 500 from outside the browser.,False,,2026-08-06T05:37:19+00:00
829,Chloramphenicol Eye Ointment IP 1%w/w,Chloramphenicol Eye,5 gm,5,15.94,True,3.188,Opthalmic/Otic,Jan Aushadhi (PMBJP) product and MRP list,https://janaushadhi.gov.in/product-portfolio/product-mrp-list,Exported from the site's own Download Files button. Direct API calls to port 8443 return 500 from outside the browser.,False,,2026-08-06T05:37:19+00:00
830,Chlordiazepoxide 10mg and Trifluoperazine 1mg Tablets,Chlordiazepoxide,10's,10,14.06,True,1.406,Central Nervous System (CNS),Jan Aushadhi (PMBJP) product and MRP list,https://janaushadhi.gov.in/product-portfolio/product-mrp-list,Exported from the site's own Download Files button. Direct API calls to port 8443 return 500 from outside the browser.,False,,2026-08-06T05:37:19+00:00
832,Chlorthalidone Tablets IP 12.5mg,Chlorthalidone,10's,10,14.75,True,1.475,Cardiovascular System (CVS),Jan Aushadhi (PMBJP) product and MRP list,https://janaushadhi.gov.in/product-portfolio/product-mrp-list,Exported from the site's own Download Files button. Direct API calls to port 8443 return 500 from outside the browser.,False,,2026-08-06T05:37:19+00:00
833,Cholecalciferol (Vitamin D3) Drops 800 IU per ml,Cholecalciferol Vitamin D,15 ml,15,25.31,True,1.6873,Supplement/Vitamin/Mineral,Jan Aushadhi (PMBJP) product and MRP list,https://janaushadhi.gov.in/product-portfolio/product-mrp-list,Exported from the site's own Download Files button. Direct API calls to port 8443 return 500 from outside the browser.,False,,2026-08-06T05:37:19+00:00
834,Cholecalciferol (Vitamin D3) Drops 400 IU per ml,Cholecalciferol Vitamin D,15 ml,15,18.75,True,1.25,Supplement/Vitamin/Mineral,Jan Aushadhi (PMBJP) product and MRP list,https://janaushadhi.gov.in/product-portfolio/product-mrp-list,Exported from the site's own Download Files button. Direct API calls to port 8443 return 500 from outside the browser.,False,,2026-08-06T05:37:19+00:00
835,Glucosamine Sulphate 500mg and Chondroitin 400mg Tablets,Glucosamine Sulphate,10's,10,79.69,True,7.969,Ortho,Jan Aushadhi (PMBJP) product and MRP list,https://janaushadhi.gov.in/product-portfolio/product-mrp-list,Exported from the site's own Download Files button. Direct API calls to port 8443 return 500 from outside the browser.,False,,2026-08-06T05:37:19+00:00
837,Cilnidipine Tablets IP 20mg,Cilnidipine,10's,10,20.42,True,2.042,Cardiovascular System (CVS),Jan Aushadhi (PMBJP) product and MRP list,https://janaushadhi.gov.in/product-portfolio/product-mrp-list,Exported from the site's own Download Files button. Direct API calls to port 8443 return 500 from outside the browser.,False,,2026-08-06T05:37:19+00:00
838,Cilostazol Tablets IP 50mg,Cilostazol,10's,10,68.07,True,6.807,Cardiovascular System (CVS),Jan Aushadhi (PMBJP) product and MRP list,https://janaushadhi.gov.in/product-portfolio/product-mrp-list,Exported from the site's own Download Files button. Direct API calls to port 8443 return 500 from outside the browser.,False,,2026-08-06T05:37:19+00:00
840,Citicoline Tablets IP 500mg,Citicoline,10's,10,207.28,True,20.728,Central Nervous System (CNS),Jan Aushadhi (PMBJP) product and MRP list,https://janaushadhi.gov.in/product-portfolio/product-mrp-list,Exported from the site's own Download Files button. Direct API calls to port 8443 return 500 from outside the browser.,False,,2026-08-06T05:37:19+00:00
844,Clonazepam Tablets IP 1mg,Clonazepam,10's,10,9.08,True,0.908,Central Nervous System (CNS),Jan Aushadhi (PMBJP) product and MRP list,https://janaushadhi.gov.in/product-portfolio/product-mrp-list,Exported from the site's own Download Files button. Direct API calls to port 8443 return 500 from outside the browser.,False,,2026-08-06T05:37:19+00:00
850,Cyclosporin capsules IP 50mg,Cyclosporin,5's,5,120.0,True,24.0,Immunosuppressant,Jan Aushadhi (PMBJP) product and MRP list,https://janaushadhi.gov.in/product-portfolio/product-mrp-list,Exported from the site's own Download Files button. Direct API calls to port 8443 return 500 from outside the browser.,False,,2026-08-06T05:37:19+00:00
851,Dacarbazine Injection IP 200mg,Dacarbazine,VIAL,,176.25,True,,Oncology,Jan Aushadhi (PMBJP) product and MRP list,https://janaushadhi.gov.in/product-portfolio/product-mrp-list,Exported from the site's own Download Files button. Direct API calls to port 8443 return 500 from outside the browser.,True,indication names oncology,2026-08-06T05:37:19+00:00
853,Daunorubicin Hydrochloride Injection IP 20mg,Daunorubicin Hydrochloride,vial,,204.0,True,,Oncology,Jan Aushadhi (PMBJP) product and MRP list,https://janaushadhi.gov.in/product-portfolio/product-mrp-list,Exported from the site's own Download Files button. Direct API calls to port 8443 return 500 from outside the browser.,True,indication names oncology,2026-08-06T05:37:19+00:00
860,Dextromethorphan Hydrobromide Syrup IP 13.5mg per 5ml,Dextromethorphan Hydrobromide,50 ml,50,21.56,True,0.4312,Respiratory,Jan Aushadhi (PMBJP) product and MRP list,https://janaushadhi.gov.in/product-portfolio/product-mrp-list,Exported from the site's own Download Files button. Direct API calls to port 8443 return 500 from outside the browser.,False,,2026-08-06T05:37:19+00:00
864,Dextrose Injection IP 25%w/v,Dextrose,100 ml,100,11.25,True,0.1125,Supplement/Vitamin/Mineral,Jan Aushadhi (PMBJP) product and MRP list,https://janaushadhi.gov.in/product-portfolio/product-mrp-list,Exported from the site's own Download Files button. Direct API calls to port 8443 return 500 from outside the browser.,False,,2026-08-06T05:37:19+00:00
865,Diacerein Capsules IP 50mg,Diacerein,10's,10,42.19,True,4.219,Ortho,Jan Aushadhi (PMBJP) product and MRP list,https://janaushadhi.gov.in/product-portfolio/product-mrp-list,Exported from the site's own Download Files button. Direct API calls to port 8443 return 500 from outside the browser.,False,,2026-08-06T05:37:19+00:00
866,Diazepam Injection IP 5mg per ml,Diazepam,2 ML,2,7.5,True,3.75,Central Nervous System (CNS),Jan Aushadhi (PMBJP) product and MRP list,https://janaushadhi.gov.in/product-portfolio/product-mrp-list,Exported from the site's own Download Files button. Direct API calls to port 8443 return 500 from outside the browser.,False,,2026-08-06T05:37:19+00:00
868,Dicyclomine Hydrochloride (Dicycloverine) Injection IP 10mg per ml,Dicyclomine Hydrochloride Dicycloverine,2 ml,2,3.75,True,1.875,Gastrointestinal (GIT),Jan Aushadhi (PMBJP) product and MRP list,https://janaushadhi.gov.in/product-portfolio/product-mrp-list,Exported from the site's own Download Files button. Direct API calls to port 8443 return 500 from outside the browser.,False,,2026-08-06T05:37:19+00:00
875,Donepezil Hydrochloride Tablets IP 10mg,Donepezil Hydrochloride,10's,10,23.44,True,2.344,Central Nervous System (CNS),Jan Aushadhi (PMBJP) product and MRP list,https://janaushadhi.gov.in/product-portfolio/product-mrp-list,Exported from the site's own Download Files button. Direct API calls to port 8443 return 500 from outside the browser.,False,,2026-08-06T05:37:19+00:00
878,Drotaverine Hydrochloride 80mg and Mefenamic Acid 250mg Tablets,Drotaverine Hydrochloride,10's,10,18.75,True,1.875,Gastrointestinal (GIT),Jan Aushadhi (PMBJP) product and MRP list,https://janaushadhi.gov.in/product-portfolio/product-mrp-list,Exported from the site's own Download Files button. Direct API calls to port 8443 return 500 from outside the browser.,False,,2026-08-06T05:37:19+00:00
879,Drotaverine Hydrochloride Tablets IP 40mg,Drotaverine Hydrochloride,10's,10,7.5,True,0.75,Gastrointestinal (GIT),Jan Aushadhi (PMBJP) product and MRP list,https://janaushadhi.gov.in/product-portfolio/product-mrp-list,Exported from the site's own Download Files button. Direct API calls to port 8443 return 500 from outside the browser.,False,,2026-08-06T05:37:19+00:00
881,Ebastine Tablets IP 10mg,Ebastine,10's,10,18.75,True,1.875,Anti-Histaminic,Jan Aushadhi (PMBJP) product and MRP list,https://janaushadhi.gov.in/product-portfolio/product-mrp-list,Exported from the site's own Download Files button. Direct API calls to port 8443 return 500 from outside the browser.,False,,2026-08-06T05:37:19+00:00
882,Efavirenz Tablets IP 600mg,Efavirenz,30's,30,510.0,True,17.0,Anti-Retroviral,Jan Aushadhi (PMBJP) product and MRP list,https://janaushadhi.gov.in/product-portfolio/product-mrp-list,Exported from the site's own Download Files button. Direct API calls to port 8443 return 500 from outside the browser.,False,,2026-08-06T05:37:19+00:00
885,Ethinylestradiol 0.05mg and Levonorgestrel 0.25mg Tablets IP,Ethinylestradiol,21's,21,30.0,True,1.4286,Gynaecology,Jan Aushadhi (PMBJP) product and MRP list,https://janaushadhi.gov.in/product-portfolio/product-mrp-list,Exported from the site's own Download Files button. Direct API calls to port 8443 return 500 from outside the browser.,False,,2026-08-06T05:37:19+00:00
888,Febuxostat Tablets 40mg,Febuxostat,10's,10,20.63,True,2.063,Ortho,Jan Aushadhi (PMBJP) product and MRP list,https://janaushadhi.gov.in/product-portfolio/product-mrp-list,Exported from the site's own Download Files button. Direct API calls to port 8443 return 500 from outside the browser.,False,,2026-08-06T05:37:19+00:00
889,Febuxostat Tablets 80mg,Febuxostat,10's,10,35.07,True,3.507,Ortho,Jan Aushadhi (PMBJP) product and MRP list,https://janaushadhi.gov.in/product-portfolio/product-mrp-list,Exported from the site's own Download Files button. Direct API calls to port 8443 return 500 from outside the browser.,False,,2026-08-06T05:37:19+00:00
897,Formoterol 6mcg and Fluticasone Propionate 250mcg Inhaler,Formoterol,120 MDI,120,271.88,True,2.2657,Respiratory,Jan Aushadhi (PMBJP) product and MRP list,https://janaushadhi.gov.in/product-portfolio/product-mrp-list,Exported from the site's own Download Files button. Direct API calls to port 8443 return 500 from outside the browser.,False,,2026-08-06T05:37:19+00:00
899,Frusemide 20mg and Spironolactone 50mg Tablets,Frusemide,10's,10,28.88,True,2.888,Diuretic,Jan Aushadhi (PMBJP) product and MRP list,https://janaushadhi.gov.in/product-portfolio/product-mrp-list,Exported from the site's own Download Files button. Direct API calls to port 8443 return 500 from outside the browser.,False,,2026-08-06T05:37:19+00:00
900,Gabapentin 100mg and Methylcobalamin 500mcg Tablets,Gabapentin,10's,10,37.43,True,3.743,Central Nervous System (CNS),Jan Aushadhi (PMBJP) product and MRP list,https://janaushadhi.gov.in/product-portfolio/product-mrp-list,Exported from the site's own Download Files button. Direct API calls to port 8443 return 500 from outside the browser.,False,,2026-08-06T05:37:19+00:00
901,Gabapentin Capsules IP 300mg,Gabapentin,10's,10,28.36,True,2.836,Central Nervous System (CNS),Jan Aushadhi (PMBJP) product and MRP list,https://janaushadhi.gov.in/product-portfolio/product-mrp-list,Exported from the site's own Download Files button. Direct API calls to port 8443 return 500 from outside the browser.,False,,2026-08-06T05:37:19+00:00
904,Metformin Hydrochloride 500mg (Prolonged release) and Glimepiride 1mg Tablets IP,Metformin Hydrochloride,10's,10,18.15,True,1.815,Anti-Diabetic,Jan Aushadhi (PMBJP) product and MRP list,https://janaushadhi.gov.in/product-portfolio/product-mrp-list,Exported from the site's own Download Files button. Direct API calls to port 8443 return 500 from outside the browser.,False,,2026-08-06T05:37:19+00:00
906,Glyceryl Trinitrate Controlled Release Tablets 2.6mg (Nitroglycerin Controlled Release Tablets),Glyceryl Trinitrate Controlled Release,30's,30,51.57,True,1.719,Cardiovascular System (CVS),Jan Aushadhi (PMBJP) product and MRP list,https://janaushadhi.gov.in/product-portfolio/product-mrp-list,Exported from the site's own Download Files button. Direct API calls to port 8443 return 500 from outside the browser.,False,,2026-08-06T05:37:19+00:00
910,Human Chorionic Gonadotrophin IP 5000 IU (Powder for injection with solvent),Human Chorionic Gonadotrophin,Vial and solvent,,215.0,True,,Gynaecology,Jan Aushadhi (PMBJP) product and MRP list,https://janaushadhi.gov.in/product-portfolio/product-mrp-list,Exported from the site's own Download Files button. Direct API calls to port 8443 return 500 from outside the browser.,False,,2026-08-06T05:37:19+00:00
912,Hydrochlorothiazide Tablets IP 12.5mg,Hydrochlorothiazide,10's,10,5.63,True,0.563,Cardiovascular System (CVS),Jan Aushadhi (PMBJP) product and MRP list,https://janaushadhi.gov.in/product-portfolio/product-mrp-list,Exported from the site's own Download Files button. Direct API calls to port 8443 return 500 from outside the browser.,False,,2026-08-06T05:37:19+00:00
913,Hydrocortisone Sodium Succinate Injection IP 100mg,Hydrocortisone Sodium Succinate,Vial,,20.0,True,,Steroids & Hormones,Jan Aushadhi (PMBJP) product and MRP list,https://janaushadhi.gov.in/product-portfolio/product-mrp-list,Exported from the site's own Download Files button. Direct API calls to port 8443 return 500 from outside the browser.,False,,2026-08-06T05:37:19+00:00
915,Hydroxyzine Hydrochloride Tablets IP 10mg,Hydroxyzine Hydrochloride,10's,10,7.22,True,0.722,Anti-Histaminic,Jan Aushadhi (PMBJP) product and MRP list,https://janaushadhi.gov.in/product-portfolio/product-mrp-list,Exported from the site's own Download Files button. Direct API calls to port 8443 return 500 from outside the browser.,False,,2026-08-06T05:37:19+00:00
916,Imatinib Mesylate Tablets IP 400mg,Imatinib Mesylate,10's,10,210.94,True,21.094,Oncology,Jan Aushadhi (PMBJP) product and MRP list,https://janaushadhi.gov.in/product-portfolio/product-mrp-list,Exported from the site's own Download Files button. Direct API calls to port 8443 return 500 from outside the browser.,True,indication names oncology,2026-08-06T05:37:19+00:00
917,Imipramine Hydrochloride Tablets IP 25mg,Imipramine Hydrochloride,10's,10,4.69,True,0.469,Central Nervous System (CNS),Jan Aushadhi (PMBJP) product and MRP list,https://janaushadhi.gov.in/product-portfolio/product-mrp-list,Exported from the site's own Download Files button. Direct API calls to port 8443 return 500 from outside the browser.,False,,2026-08-06T05:37:19+00:00
920,Soluble Insulin Injection IP 100 IU per ml (R-DNA Origin),Soluble Insulin,3 ml Catridge,3,170.0,True,56.6667,Anti-Diabetic,Jan Aushadhi (PMBJP) product and MRP list,https://janaushadhi.gov.in/product-portfolio/product-mrp-list,Exported from the site's own Download Files button. Direct API calls to port 8443 return 500 from outside the browser.,False,,2026-08-06T05:37:19+00:00
922,Isopropyl Alcohol IP (70%) (Spirit),Isopropyl Alcohol Spirit,100 ML bottle,100,40.0,True,0.4,Dermatology/Topical/External,Jan Aushadhi (PMBJP) product and MRP list,https://janaushadhi.gov.in/product-portfolio/product-mrp-list,Exported from the site's own Download Files button. Direct API calls to port 8443 return 500 from outside the browser.,False,,2026-08-06T05:37:19+00:00
923,Isosorbidemononitrate Tablets IP 20mg,Isosorbidemononitrate,10's,10,8.25,True,0.825,Cardiovascular System (CVS),Jan Aushadhi (PMBJP) product and MRP list,https://janaushadhi.gov.in/product-portfolio/product-mrp-list,Exported from the site's own Download Files button. Direct API calls to port 8443 return 500 from outside the browser.,False,,2026-08-06T05:37:19+00:00
924,Isoxsuprine Hydrochloride Tablets IP 10mg,Isoxsuprine Hydrochloride,50's,50,42.19,True,0.8438,Cardiovascular System (CVS),Jan Aushadhi (PMBJP) product and MRP list,https://janaushadhi.gov.in/product-portfolio/product-mrp-list,Exported from the site's own Download Files button. Direct API calls to port 8443 return 500 from outside the browser.,False,,2026-08-06T05:37:19+00:00
926,Ketoconazole Cream 2% w/w,Ketoconazole w w,15 gm Tube,15,20.42,True,1.3613,Dermatology/Topical/External,Jan Aushadhi (PMBJP) product and MRP list,https://janaushadhi.gov.in/product-portfolio/product-mrp-list,Exported from the site's own Download Files button. Direct API calls to port 8443 return 500 from outside the browser.,False,,2026-08-06T05:37:19+00:00
931,Lamotrigine Tablets 100mg,Lamotrigine,10's,10,41.25,True,4.125,Central Nervous System (CNS),Jan Aushadhi (PMBJP) product and MRP list,https://janaushadhi.gov.in/product-portfolio/product-mrp-list,Exported from the site's own Download Files button. Direct API calls to port 8443 return 500 from outside the browser.,False,,2026-08-06T05:37:19+00:00
933,Leflunomide Tablets IP 20mg,Leflunomide,10's,10,69.38,True,6.938,Ortho,Jan Aushadhi (PMBJP) product and MRP list,https://janaushadhi.gov.in/product-portfolio/product-mrp-list,Exported from the site's own Download Files button. Direct API calls to port 8443 return 500 from outside the browser.,False,,2026-08-06T05:37:19+00:00
934,Lenalidomide  Capsules 10mg,Lenalidomide,10's,10,435.0,True,43.5,Oncology,Jan Aushadhi (PMBJP) product and MRP list,https://janaushadhi.gov.in/product-portfolio/product-mrp-list,Exported from the site's own Download Files button. Direct API calls to port 8443 return 500 from outside the browser.,True,indication names oncology,2026-08-06T05:37:19+00:00
935,Letrozole Tablets IP 2.5mg,Letrozole,10's,10,31.88,True,3.188,Oncology,Jan Aushadhi (PMBJP) product and MRP list,https://janaushadhi.gov.in/product-portfolio/product-mrp-list,Exported from the site's own Download Files button. Direct API calls to port 8443 return 500 from outside the browser.,True,letrozole is an oncology molecule,2026-08-06T05:37:19+00:00
936,Leuprolide Acetate Injections 3.75mg,Leuprolide Acetate,1's,1,1687.5,True,1687.5,Oncology,Jan Aushadhi (PMBJP) product and MRP list,https://janaushadhi.gov.in/product-portfolio/product-mrp-list,Exported from the site's own Download Files button. Direct API calls to port 8443 return 500 from outside the browser.,False,,2026-08-06T05:37:19+00:00
938,Levocarnitine Injections 1gm,Levocarnitine gm,5 ml,5,65.63,True,13.126,Supplement/Vitamin/Mineral,Jan Aushadhi (PMBJP) product and MRP list,https://janaushadhi.gov.in/product-portfolio/product-mrp-list,Exported from the site's own Download Files button. Direct API calls to port 8443 return 500 from outside the browser.,False,,2026-08-06T05:37:19+00:00
939,Levocarnitine Tablets 500mg,Levocarnitine,10's,10,52.5,True,5.25,Supplement/Vitamin/Mineral,Jan Aushadhi (PMBJP) product and MRP list,https://janaushadhi.gov.in/product-portfolio/product-mrp-list,Exported from the site's own Download Files button. Direct API calls to port 8443 return 500 from outside the browser.,False,,2026-08-06T05:37:19+00:00
944,Levosalbutamol Inhaler 50mcg,Levosalbutamol Inhaler,200 Mdi,200,77.81,True,0.3891,Respiratory,Jan Aushadhi (PMBJP) product and MRP list,https://janaushadhi.gov.in/product-portfolio/product-mrp-list,Exported from the site's own Download Files button. Direct API calls to port 8443 return 500 from outside the browser.,False,,2026-08-06T05:37:19+00:00
945,Levosulpiride Tablets 25mg,Levosulpiride,10's,10,10.31,True,1.031,Gastrointestinal (GIT),Jan Aushadhi (PMBJP) product and MRP list,https://janaushadhi.gov.in/product-portfolio/product-mrp-list,Exported from the site's own Download Files button. Direct API calls to port 8443 return 500 from outside the browser.,False,,2026-08-06T05:37:19+00:00
946,Lignocaine (Lidocaine) Hydrochloride Gel IP 2% W/V,Lignocaine Lidocaine Hydrochloride W V,20g,,10.31,True,,Anaesthetics,Jan Aushadhi (PMBJP) product and MRP list,https://janaushadhi.gov.in/product-portfolio/product-mrp-list,Exported from the site's own Download Files button. Direct API calls to port 8443 return 500 from outside the browser.,False,,2026-08-06T05:37:19+00:00
947,Lithium Carbonate Prolonged Release Tablets IP 450mg,Lithium Carbonate Prolonged Release,10's,10,18.75,True,1.875,Central Nervous System (CNS),Jan Aushadhi (PMBJP) product and MRP list,https://janaushadhi.gov.in/product-portfolio/product-mrp-list,Exported from the site's own Download Files button. Direct API calls to port 8443 return 500 from outside the browser.,False,,2026-08-06T05:37:19+00:00
948,Lorazepam Tablets IP 1mg,Lorazepam,10's,10,10.31,True,1.031,Central Nervous System (CNS),Jan Aushadhi (PMBJP) product and MRP list,https://janaushadhi.gov.in/product-portfolio/product-mrp-list,Exported from the site's own Download Files button. Direct API calls to port 8443 return 500 from outside the browser.,False,,2026-08-06T05:37:19+00:00
949,Lorazepam Tablets IP 2mg,Lorazepam,10's,10,12.38,True,1.238,Central Nervous System (CNS),Jan Aushadhi (PMBJP) product and MRP list,https://janaushadhi.gov.in/product-portfolio/product-mrp-list,Exported from the site's own Download Files button. Direct API calls to port 8443 return 500 from outside the browser.,False,,2026-08-06T05:37:19+00:00
951,Lycopene with Multivitamins and Multi Minerals Syrup,Lycopene with Multivitamins and Multi Minerals,200 ml,200,50.63,True,0.2531,Supplement/Vitamin/Mineral,Jan Aushadhi (PMBJP) product and MRP list,https://janaushadhi.gov.in/product-portfolio/product-mrp-list,Exported from the site's own Download Files button. Direct API calls to port 8443 return 500 from outside the browser.,False,,2026-08-06T05:37:19+00:00
954,Medroxyprogesterone Acetate Tablets IP 10mg,Medroxyprogesterone Acetate,10's,10,24.38,True,2.438,Gynaecology,Jan Aushadhi (PMBJP) product and MRP list,https://janaushadhi.gov.in/product-portfolio/product-mrp-list,Exported from the site's own Download Files button. Direct API calls to port 8443 return 500 from outside the browser.,False,,2026-08-06T05:37:19+00:00
955,Mefenamic Acid 50mg and Paracetamol 125mg Suspension per 5ml,Mefenamic Acid,60 ml,60,10.31,True,0.1718,Analgesic/Antipyretic/Anti-Inflammatory,Jan Aushadhi (PMBJP) product and MRP list,https://janaushadhi.gov.in/product-portfolio/product-mrp-list,Exported from the site's own Download Files button. Direct API calls to port 8443 return 500 from outside the browser.,False,,2026-08-06T05:37:19+00:00
956,Mefloquine Hydrochloride Tablets IP 250mg,Mefloquine Hydrochloride,4's,4,106.88,True,26.72,Anti-Malarial,Jan Aushadhi (PMBJP) product and MRP list,https://janaushadhi.gov.in/product-portfolio/product-mrp-list,Exported from the site's own Download Files button. Direct API calls to port 8443 return 500 from outside the browser.,False,,2026-08-06T05:37:19+00:00
957,Memantine Hydrochloride Tablets IP 10mg,Memantine Hydrochloride,10's,10,23.44,True,2.344,Central Nervous System (CNS),Jan Aushadhi (PMBJP) product and MRP list,https://janaushadhi.gov.in/product-portfolio/product-mrp-list,Exported from the site's own Download Files button. Direct API calls to port 8443 return 500 from outside the browser.,False,,2026-08-06T05:37:19+00:00
960,Metformin Sustained Release Tablets IP 850mg,Metformin Sustained Release,10's,10,20.42,True,2.042,Anti-Diabetic,Jan Aushadhi (PMBJP) product and MRP list,https://janaushadhi.gov.in/product-portfolio/product-mrp-list,Exported from the site's own Download Files button. Direct API calls to port 8443 return 500 from outside the browser.,False,,2026-08-06T05:37:19+00:00
965,Miconazole 2%w/w and Fluocinolone Acetonide 0.01%w/w Ointment,Miconazole,15 gm Tube,15,23.44,True,1.5627,Dermatology/Topical/External,Jan Aushadhi (PMBJP) product and MRP list,https://janaushadhi.gov.in/product-portfolio/product-mrp-list,Exported from the site's own Download Files button. Direct API calls to port 8443 return 500 from outside the browser.,False,,2026-08-06T05:37:19+00:00
968,Mirtazapine Tablets IP 15mg,Mirtazapine,10's,10,28.13,True,2.813,Central Nervous System (CNS),Jan Aushadhi (PMBJP) product and MRP list,https://janaushadhi.gov.in/product-portfolio/product-mrp-list,Exported from the site's own Download Files button. Direct API calls to port 8443 return 500 from outside the browser.,False,,2026-08-06T05:37:19+00:00
972,Mycophenolate Mofetil Tablets IP 500mg,Mycophenolate Mofetil,10's,10,180.0,True,18.0,Immunosuppressant,Jan Aushadhi (PMBJP) product and MRP list,https://janaushadhi.gov.in/product-portfolio/product-mrp-list,Exported from the site's own Download Files button. Direct API calls to port 8443 return 500 from outside the browser.,False,,2026-08-06T05:37:19+00:00
974,Natural Micronised Progesterone Capsules 100mg,Natural Micronised Progesterone,10's,10,62.81,True,6.281,Gynaecology,Jan Aushadhi (PMBJP) product and MRP list,https://janaushadhi.gov.in/product-portfolio/product-mrp-list,Exported from the site's own Download Files button. Direct API calls to port 8443 return 500 from outside the browser.,False,,2026-08-06T05:37:19+00:00
975,Nebivolol 5mg and Hydrochlorothiazide 12.5mg Tablets,Nebivolol,10's,10,61.88,True,6.188,Cardiovascular System (CVS),Jan Aushadhi (PMBJP) product and MRP list,https://janaushadhi.gov.in/product-portfolio/product-mrp-list,Exported from the site's own Download Files button. Direct API calls to port 8443 return 500 from outside the browser.,False,,2026-08-06T05:37:19+00:00
976,Nebivolol Tablets IP 2.5mg,Nebivolol,10's,10,16.5,True,1.65,Cardiovascular System (CVS),Jan Aushadhi (PMBJP) product and MRP list,https://janaushadhi.gov.in/product-portfolio/product-mrp-list,Exported from the site's own Download Files button. Direct API calls to port 8443 return 500 from outside the browser.,False,,2026-08-06T05:37:19+00:00
978,Nepafenac Eye Drop 0.1% W/V,Nepafenac Eye W V,5 ml,5,61.88,True,12.376,Opthalmic/Otic,Jan Aushadhi (PMBJP) product and MRP list,https://janaushadhi.gov.in/product-portfolio/product-mrp-list,Exported from the site's own Download Files button. Direct API calls to port 8443 return 500 from outside the browser.,False,,2026-08-06T05:37:19+00:00
986,Nitrazepam Tablets I.P 10mg,Nitrazepam I P,10's,10,8.44,True,0.844,Central Nervous System (CNS),Jan Aushadhi (PMBJP) product and MRP list,https://janaushadhi.gov.in/product-portfolio/product-mrp-list,Exported from the site's own Download Files button. Direct API calls to port 8443 return 500 from outside the browser.,False,,2026-08-06T05:37:19+00:00
987,Nitrofurantoin Tablets I.P 100mg,Nitrofurantoin I P,10's,10,18.15,True,1.815,Urology,Jan Aushadhi (PMBJP) product and MRP list,https://janaushadhi.gov.in/product-portfolio/product-mrp-list,Exported from the site's own Download Files button. Direct API calls to port 8443 return 500 from outside the browser.,False,,2026-08-06T05:37:19+00:00
990,Olanzapine Tablets IP 10mg,Olanzapine,10's,10,9.08,True,0.908,Central Nervous System (CNS),Jan Aushadhi (PMBJP) product and MRP list,https://janaushadhi.gov.in/product-portfolio/product-mrp-list,Exported from the site's own Download Files button. Direct API calls to port 8443 return 500 from outside the browser.,False,,2026-08-06T05:37:19+00:00
991,Olanzapine Tablets IP 5mg,Olanzapine,10's,10,6.81,True,0.681,Central Nervous System (CNS),Jan Aushadhi (PMBJP) product and MRP list,https://janaushadhi.gov.in/product-portfolio/product-mrp-list,Exported from the site's own Download Files button. Direct API calls to port 8443 return 500 from outside the browser.,False,,2026-08-06T05:37:19+00:00
992,Olmesartan Medoxomil Tablets IP 20mg,Olmesartan Medoxomil,10's,10,17.53,True,1.753,Cardiovascular System (CVS),Jan Aushadhi (PMBJP) product and MRP list,https://janaushadhi.gov.in/product-portfolio/product-mrp-list,Exported from the site's own Download Files button. Direct API calls to port 8443 return 500 from outside the browser.,False,,2026-08-06T05:37:19+00:00
993,Ondansetron Oral Solution IP 2 mg per 5ml,Ondansetron Oral,30 ml,30,14.06,True,0.4687,Anti-Emetic,Jan Aushadhi (PMBJP) product and MRP list,https://janaushadhi.gov.in/product-portfolio/product-mrp-list,Exported from the site's own Download Files button. Direct API calls to port 8443 return 500 from outside the browser.,False,,2026-08-06T05:37:19+00:00
994,Oxaliplatin Injections IP 50mg,Oxaliplatin,Vial,,445.31,True,,Oncology,Jan Aushadhi (PMBJP) product and MRP list,https://janaushadhi.gov.in/product-portfolio/product-mrp-list,Exported from the site's own Download Files button. Direct API calls to port 8443 return 500 from outside the browser.,True,indication names oncology,2026-08-06T05:37:19+00:00
997,Paclitaxel Injection IP 100mg  (6mg/ml),Paclitaxel,Vial,,506.25,True,,Oncology,Jan Aushadhi (PMBJP) product and MRP list,https://janaushadhi.gov.in/product-portfolio/product-mrp-list,Exported from the site's own Download Files button. Direct API calls to port 8443 return 500 from outside the browser.,True,indication names oncology,2026-08-06T05:37:19+00:00
999,Paroxetine Prolonged Release Tablets IP 37.5mg,Paroxetine Prolonged Release,10's,10,60.0,True,6.0,Central Nervous System (CNS),Jan Aushadhi (PMBJP) product and MRP list,https://janaushadhi.gov.in/product-portfolio/product-mrp-list,Exported from the site's own Download Files button. Direct API calls to port 8443 return 500 from outside the browser.,False,,2026-08-06T05:37:19+00:00
1003,Permethrin Cream 5% w/w,Permethrin w w,30 gm,30,22.5,True,0.75,Dermatology/Topical/External,Jan Aushadhi (PMBJP) product and MRP list,https://janaushadhi.gov.in/product-portfolio/product-mrp-list,Exported from the site's own Download Files button. Direct API calls to port 8443 return 500 from outside the browser.,False,,2026-08-06T05:37:19+00:00
1005,Phenobarbitone Tablets IP 30mg,Phenobarbitone,30's,30,15.94,True,0.5313,Central Nervous System (CNS),Jan Aushadhi (PMBJP) product and MRP list,https://janaushadhi.gov.in/product-portfolio/product-mrp-list,Exported from the site's own Download Files button. Direct API calls to port 8443 return 500 from outside the browser.,False,,2026-08-06T05:37:19+00:00
1008,Phytomenadione Injection (Vitamin K1) IP 1mg per 0.5ml,Phytomenadione Vitamin K,0.5 ml Ampoule,,10.31,True,,Coagulants,Jan Aushadhi (PMBJP) product and MRP list,https://janaushadhi.gov.in/product-portfolio/product-mrp-list,Exported from the site's own Download Files button. Direct API calls to port 8443 return 500 from outside the browser.,False,,2026-08-06T05:37:19+00:00
1009,Pioglitazone Tablets IP 15 mg,Pioglitazone,10's,10,9.08,True,0.908,Anti-Diabetic,Jan Aushadhi (PMBJP) product and MRP list,https://janaushadhi.gov.in/product-portfolio/product-mrp-list,Exported from the site's own Download Files button. Direct API calls to port 8443 return 500 from outside the browser.,False,,2026-08-06T05:37:19+00:00
1011,Piracetam Syrup 500mg per 5ml,Piracetam,100 ml,100,60.94,True,0.6094,Central Nervous System (CNS),Jan Aushadhi (PMBJP) product and MRP list,https://janaushadhi.gov.in/product-portfolio/product-mrp-list,Exported from the site's own Download Files button. Direct API calls to port 8443 return 500 from outside the browser.,False,,2026-08-06T05:37:19+00:00
1012,Piracetam Tablets 400mg,Piracetam,10's,10,17.53,True,1.753,Central Nervous System (CNS),Jan Aushadhi (PMBJP) product and MRP list,https://janaushadhi.gov.in/product-portfolio/product-mrp-list,Exported from the site's own Download Files button. Direct API calls to port 8443 return 500 from outside the browser.,False,,2026-08-06T05:37:19+00:00
1024,Promethazine Injection IP 25 mg per ml,Promethazine,2 ml,2,2.81,True,1.405,Anti-Emetic,Jan Aushadhi (PMBJP) product and MRP list,https://janaushadhi.gov.in/product-portfolio/product-mrp-list,Exported from the site's own Download Files button. Direct API calls to port 8443 return 500 from outside the browser.,False,,2026-08-06T05:37:19+00:00
1026,Propranolol Tablets IP 10mg,Propranolol,10's,10,5.68,True,0.568,Cardiovascular System (CVS),Jan Aushadhi (PMBJP) product and MRP list,https://janaushadhi.gov.in/product-portfolio/product-mrp-list,Exported from the site's own Download Files button. Direct API calls to port 8443 return 500 from outside the browser.,False,,2026-08-06T05:37:19+00:00
1029,Pyrazinamide Tablets IP 1000mg,Pyrazinamide,10's,10,0.0,False,,Anti-T.B,Jan Aushadhi (PMBJP) product and MRP list,https://janaushadhi.gov.in/product-portfolio/product-mrp-list,Exported from the site's own Download Files button. Direct API calls to port 8443 return 500 from outside the browser.,False,,2026-08-06T05:37:19+00:00
1031,Quetiapine Fumarate Tablets IP 200mg,Quetiapine Fumarate,10's,10,60.94,True,6.094,Central Nervous System (CNS),Jan Aushadhi (PMBJP) product and MRP list,https://janaushadhi.gov.in/product-portfolio/product-mrp-list,Exported from the site's own Download Files button. Direct API calls to port 8443 return 500 from outside the browser.,False,,2026-08-06T05:37:19+00:00
1032,Quetiapine Tablets IP 100mg,Quetiapine,10's,10,34.03,True,3.403,Central Nervous System (CNS),Jan Aushadhi (PMBJP) product and MRP list,https://janaushadhi.gov.in/product-portfolio/product-mrp-list,Exported from the site's own Download Files button. Direct API calls to port 8443 return 500 from outside the browser.,False,,2026-08-06T05:37:19+00:00
1037,Erythropoietin Injection IP 4000 IU,Erythropoietin,Vial,,278.44,True,,Erythropoiesis,Jan Aushadhi (PMBJP) product and MRP list,https://janaushadhi.gov.in/product-portfolio/product-mrp-list,Exported from the site's own Download Files button. Direct API calls to port 8443 return 500 from outside the browser.,False,,2026-08-06T05:37:19+00:00
1038,Erythropoietin Injection IP 2000 IU,Erythropoietin,Vial,,215.63,True,,Erythropoiesis,Jan Aushadhi (PMBJP) product and MRP list,https://janaushadhi.gov.in/product-portfolio/product-mrp-list,Exported from the site's own Download Files button. Direct API calls to port 8443 return 500 from outside the browser.,False,,2026-08-06T05:37:19+00:00
1041,Risperidone 4mg and Trihexiphenidyl 2mg Tablets,Risperidone,10's,10,13.41,True,1.341,Central Nervous System (CNS),Jan Aushadhi (PMBJP) product and MRP list,https://janaushadhi.gov.in/product-portfolio/product-mrp-list,Exported from the site's own Download Files button. Direct API calls to port 8443 return 500 from outside the browser.,False,,2026-08-06T05:37:19+00:00
1042,Risperidone Tablets IP 4mg,Risperidone,10's,10,8.44,True,0.844,Central Nervous System (CNS),Jan Aushadhi (PMBJP) product and MRP list,https://janaushadhi.gov.in/product-portfolio/product-mrp-list,Exported from the site's own Download Files button. Direct API calls to port 8443 return 500 from outside the browser.,False,,2026-08-06T05:37:19+00:00
1044,Rosuvastatin Tablets IP 5mg,Rosuvastatin,10's,10,13.62,True,1.362,Cardiovascular System (CVS),Jan Aushadhi (PMBJP) product and MRP list,https://janaushadhi.gov.in/product-portfolio/product-mrp-list,Exported from the site's own Download Files button. Direct API calls to port 8443 return 500 from outside the browser.,False,,2026-08-06T05:37:19+00:00
1049,Sertraline Tablets IP 50mg,Sertraline,10's,10,18.57,True,1.857,Central Nervous System (CNS),Jan Aushadhi (PMBJP) product and MRP list,https://janaushadhi.gov.in/product-portfolio/product-mrp-list,Exported from the site's own Download Files button. Direct API calls to port 8443 return 500 from outside the browser.,False,,2026-08-06T05:37:19+00:00
1050,Sertraline Tablets IP 100mg,Sertraline,10's,10,20.63,True,2.063,Central Nervous System (CNS),Jan Aushadhi (PMBJP) product and MRP list,https://janaushadhi.gov.in/product-portfolio/product-mrp-list,Exported from the site's own Download Files button. Direct API calls to port 8443 return 500 from outside the browser.,False,,2026-08-06T05:37:19+00:00
1051,Sertraline Tablets IP 25mg,Sertraline,10's,10,14.06,True,1.406,Central Nervous System (CNS),Jan Aushadhi (PMBJP) product and MRP list,https://janaushadhi.gov.in/product-portfolio/product-mrp-list,Exported from the site's own Download Files button. Direct API calls to port 8443 return 500 from outside the browser.,False,,2026-08-06T05:37:19+00:00
1059,Sodium Valproate Enteric Coated Tablets IP 200mg,Sodium Valproate Enteric Coated,10's,10,17.53,True,1.753,Central Nervous System (CNS),Jan Aushadhi (PMBJP) product and MRP list,https://janaushadhi.gov.in/product-portfolio/product-mrp-list,Exported from the site's own Download Files button. Direct API calls to port 8443 return 500 from outside the browser.,False,,2026-08-06T05:37:19+00:00
1060,Sodium Valproate Gastro-Resistant Tablets IP 300mg,Sodium Valproate Gastro Resistant,10's,10,20.63,True,2.063,Central Nervous System (CNS),Jan Aushadhi (PMBJP) product and MRP list,https://janaushadhi.gov.in/product-portfolio/product-mrp-list,Exported from the site's own Download Files button. Direct API calls to port 8443 return 500 from outside the browser.,False,,2026-08-06T05:37:19+00:00
1062,Sofosbuvir Tablets IP 400mg,Sofosbuvir,28's in a bottle,28,4125.0,True,147.3214,Hepato-Protective,Jan Aushadhi (PMBJP) product and MRP list,https://janaushadhi.gov.in/product-portfolio/product-mrp-list,Exported from the site's own Download Files button. Direct API calls to port 8443 return 500 from outside the browser.,False,,2026-08-06T05:37:19+00:00
1068,Sucralfate 1g and Oxetacaine 10mg Suspension per 10ml,Sucralfate,100 ml,100,63.75,True,0.6375,Gastrointestinal (GIT),Jan Aushadhi (PMBJP) product and MRP list,https://janaushadhi.gov.in/product-portfolio/product-mrp-list,Exported from the site's own Download Files button. Direct API calls to port 8443 return 500 from outside the browser.,False,,2026-08-06T05:37:19+00:00
1072,Tamsulosin Hydrochloride Prolonged Release Capsules IP 0.4mg,Tamsulosin Hydrochloride Prolonged Release,10's,10,22.69,True,2.269,Urology,Jan Aushadhi (PMBJP) product and MRP list,https://janaushadhi.gov.in/product-portfolio/product-mrp-list,Exported from the site's own Download Files button. Direct API calls to port 8443 return 500 from outside the browser.,False,,2026-08-06T05:37:19+00:00
1073,Telmisartan 40mg and Metoprolol 25mg Tablets,Telmisartan,10's,10,30.94,True,3.094,Cardiovascular System (CVS),Jan Aushadhi (PMBJP) product and MRP list,https://janaushadhi.gov.in/product-portfolio/product-mrp-list,Exported from the site's own Download Files button. Direct API calls to port 8443 return 500 from outside the browser.,False,,2026-08-06T05:37:19+00:00
1074,Telmisartan 80mg and Hydrochlorothiazide 12.5mg Tablets IP,Telmisartan,10's,10,23.72,True,2.372,Cardiovascular System (CVS),Jan Aushadhi (PMBJP) product and MRP list,https://janaushadhi.gov.in/product-portfolio/product-mrp-list,Exported from the site's own Download Files button. Direct API calls to port 8443 return 500 from outside the browser.,False,,2026-08-06T05:37:19+00:00
1075,Teneligliptin Tablets IP 20mg,Teneligliptin,10's,10,20.63,True,2.063,Anti-Diabetic,Jan Aushadhi (PMBJP) product and MRP list,https://janaushadhi.gov.in/product-portfolio/product-mrp-list,Exported from the site's own Download Files button. Direct API calls to port 8443 return 500 from outside the browser.,False,,2026-08-06T05:37:19+00:00
1076,Tenofovir Disoproxil Fumarate Tablets IP 300 mg,Tenofovir Disoproxil Fumarate,10's,10,183.75,True,18.375,Anti-Retroviral,Jan Aushadhi (PMBJP) product and MRP list,https://janaushadhi.gov.in/product-portfolio/product-mrp-list,Exported from the site's own Download Files button. Direct API calls to port 8443 return 500 from outside the browser.,False,,2026-08-06T05:37:19+00:00
1081,Tizanidine Tablets I.P 2mg,Tizanidine I P,10's,10,9.38,True,0.938,Analgesic/Antipyretic/Anti-Inflammatory,Jan Aushadhi (PMBJP) product and MRP list,https://janaushadhi.gov.in/product-portfolio/product-mrp-list,Exported from the site's own Download Files button. Direct API calls to port 8443 return 500 from outside the browser.,False,,2026-08-06T05:37:19+00:00
1087,Trihexyphenidyl Hydrochloride Tablets IP 2mg (Benzhexol Hydrochloride Tablets IP 2mg),Trihexyphenidyl Hydrochloride,10's,10,6.81,True,0.681,Central Nervous System (CNS),Jan Aushadhi (PMBJP) product and MRP list,https://janaushadhi.gov.in/product-portfolio/product-mrp-list,Exported from the site's own Download Files button. Direct API calls to port 8443 return 500 from outside the browser.,False,,2026-08-06T05:37:19+00:00
1088,Trimetazidine Hydrochloride Modified Release Tablets 35 mg,Trimetazidine Hydrochloride Modified Release,10's,10,22.69,True,2.269,Cardiovascular System (CVS),Jan Aushadhi (PMBJP) product and MRP list,https://janaushadhi.gov.in/product-portfolio/product-mrp-list,Exported from the site's own Download Files button. Direct API calls to port 8443 return 500 from outside the browser.,False,,2026-08-06T05:37:19+00:00
1091,Vecuronium Bromide Injection I.P 4mg,Vecuronium Bromide I P,Vial,,45.0,True,,Anaesthetics,Jan Aushadhi (PMBJP) product and MRP list,https://janaushadhi.gov.in/product-portfolio/product-mrp-list,Exported from the site's own Download Files button. Direct API calls to port 8443 return 500 from outside the browser.,False,,2026-08-06T05:37:19+00:00
1097,Vitamin A Capsule IP 25000 IU,Vitamin A,30's,30,15.0,True,0.5,Supplement/Vitamin/Mineral,Jan Aushadhi (PMBJP) product and MRP list,https://janaushadhi.gov.in/product-portfolio/product-mrp-list,Exported from the site's own Download Files button. Direct API calls to port 8443 return 500 from outside the browser.,False,,2026-08-06T05:37:19+00:00
1098,Metformin Hydrochloride 500mg (Sustained Release) and Voglibose 0.2mg Tablets,Metformin Hydrochloride,10's,10,14.44,True,1.444,Anti-Diabetic,Jan Aushadhi (PMBJP) product and MRP list,https://janaushadhi.gov.in/product-portfolio/product-mrp-list,Exported from the site's own Download Files button. Direct API calls to port 8443 return 500 from outside the browser.,False,,2026-08-06T05:37:19+00:00
1099,Metformin Hydrochloride 500mg and Voglibose 0.3mg Tablets,Metformin Hydrochloride,10's,10,17.02,True,1.702,Anti-Diabetic,Jan Aushadhi (PMBJP) product and MRP list,https://janaushadhi.gov.in/product-portfolio/product-mrp-list,Exported from the site's own Download Files button. Direct API calls to port 8443 return 500 from outside the browser.,False,,2026-08-06T05:37:19+00:00
1104,Zoledronic Acid Injection IP 4mg per Vial,Zoledronic Acid,Vial,,165.0,True,,Ortho,Jan Aushadhi (PMBJP) product and MRP list,https://janaushadhi.gov.in/product-portfolio/product-mrp-list,Exported from the site's own Download Files button. Direct API calls to port 8443 return 500 from outside the browser.,False,,2026-08-06T05:37:19+00:00
1105,Zolpidem Tablets IP 10mg,Zolpidem,10's,10,18.57,True,1.857,Central Nervous System (CNS),Jan Aushadhi (PMBJP) product and MRP list,https://janaushadhi.gov.in/product-portfolio/product-mrp-list,Exported from the site's own Download Files button. Direct API calls to port 8443 return 500 from outside the browser.,False,,2026-08-06T05:37:19+00:00
1106,Metoprolol Succinate 50mg (Extended Release) and Telmisartan 40mg Tablets,Metoprolol Succinate,10's,10,32.9,True,3.29,Cardiovascular System (CVS),Jan Aushadhi (PMBJP) product and MRP list,https://janaushadhi.gov.in/product-portfolio/product-mrp-list,Exported from the site's own Download Files button. Direct API calls to port 8443 return 500 from outside the browser.,False,,2026-08-06T05:37:19+00:00
1108,Sildenafil Tablets IP 100 mg,Sildenafil,4's,4,10.32,True,2.58,Urology,Jan Aushadhi (PMBJP) product and MRP list,https://janaushadhi.gov.in/product-portfolio/product-mrp-list,Exported from the site's own Download Files button. Direct API calls to port 8443 return 500 from outside the browser.,False,,2026-08-06T05:37:19+00:00
1110,Clobazam Tablet IP 5mg,Clobazam,10's,10,15.47,True,1.547,Central Nervous System (CNS),Jan Aushadhi (PMBJP) product and MRP list,https://janaushadhi.gov.in/product-portfolio/product-mrp-list,Exported from the site's own Download Files button. Direct API calls to port 8443 return 500 from outside the browser.,False,,2026-08-06T05:37:19+00:00
1111,Gabapentin 400mg and Nortriptyline 10mg Tablets,Gabapentin,10's,10,56.72,True,5.672,Central Nervous System (CNS),Jan Aushadhi (PMBJP) product and MRP list,https://janaushadhi.gov.in/product-portfolio/product-mrp-list,Exported from the site's own Download Files button. Direct API calls to port 8443 return 500 from outside the browser.,False,,2026-08-06T05:37:19+00:00
1112,Cinnarizine Tablets IP 25mg,Cinnarizine,10's,10,7.94,True,0.794,Central Nervous System (CNS),Jan Aushadhi (PMBJP) product and MRP list,https://janaushadhi.gov.in/product-portfolio/product-mrp-list,Exported from the site's own Download Files button. Direct API calls to port 8443 return 500 from outside the browser.,False,,2026-08-06T05:37:19+00:00
1114,Moxifloxacin Hydrochloride Eye Drops IP 0.5% w/v,Moxifloxacin Hydrochloride Eye w v,5 ml,5,14.75,True,2.95,Opthalmic/Otic,Jan Aushadhi (PMBJP) product and MRP list,https://janaushadhi.gov.in/product-portfolio/product-mrp-list,Exported from the site's own Download Files button. Direct API calls to port 8443 return 500 from outside the browser.,False,,2026-08-06T05:37:19+00:00
1123,Clomipramine Hydrochloride Sustained release Tablets 75mg,Clomipramine Hydrochloride Sustained release,10's,10,51.56,True,5.156,Central Nervous System (CNS),Jan Aushadhi (PMBJP) product and MRP list,https://janaushadhi.gov.in/product-portfolio/product-mrp-list,Exported from the site's own Download Files button. Direct API calls to port 8443 return 500 from outside the browser.,False,,2026-08-06T05:37:19+00:00
1124,Fluvoxamine Maleate Tablets IP 100mg,Fluvoxamine Maleate,10's,10,69.38,True,6.938,Central Nervous System (CNS),Jan Aushadhi (PMBJP) product and MRP list,https://janaushadhi.gov.in/product-portfolio/product-mrp-list,Exported from the site's own Download Files button. Direct API calls to port 8443 return 500 from outside the browser.,False,,2026-08-06T05:37:19+00:00
1125,Aripiprazole Tablets IP 5mg,Aripiprazole,10's,10,13.13,True,1.313,Central Nervous System (CNS),Jan Aushadhi (PMBJP) product and MRP list,https://janaushadhi.gov.in/product-portfolio/product-mrp-list,Exported from the site's own Download Files button. Direct API calls to port 8443 return 500 from outside the browser.,False,,2026-08-06T05:37:19+00:00
1129,Teneligliptin 20mg and Metformin Hydrochloride 500mg (Sustained Release) Tablets IP,Teneligliptin,10's,10,30.94,True,3.094,Anti-Diabetic,Jan Aushadhi (PMBJP) product and MRP list,https://janaushadhi.gov.in/product-portfolio/product-mrp-list,Exported from the site's own Download Files button. Direct API calls to port 8443 return 500 from outside the browser.,False,,2026-08-06T05:37:19+00:00
1130,Teneligliptin 20mg and Metformin Hydrochloride 1000mg (Sustained Release) Tablets IP,Teneligliptin,10's,10,41.25,True,4.125,Anti-Diabetic,Jan Aushadhi (PMBJP) product and MRP list,https://janaushadhi.gov.in/product-portfolio/product-mrp-list,Exported from the site's own Download Files button. Direct API calls to port 8443 return 500 from outside the browser.,False,,2026-08-06T05:37:19+00:00
1131,Natural Micronised Progesterone Capsules 200mg,Natural Micronised Progesterone,10's,10,117.19,True,11.719,Gynaecology,Jan Aushadhi (PMBJP) product and MRP list,https://janaushadhi.gov.in/product-portfolio/product-mrp-list,Exported from the site's own Download Files button. Direct API calls to port 8443 return 500 from outside the browser.,False,,2026-08-06T05:37:19+00:00
1135,Diacerein 50mg and Glucosamine Sulphate 750mg Tablets,Diacerein,10's,10,46.88,True,4.688,Ortho,Jan Aushadhi (PMBJP) product and MRP list,https://janaushadhi.gov.in/product-portfolio/product-mrp-list,Exported from the site's own Download Files button. Direct API calls to port 8443 return 500 from outside the browser.,False,,2026-08-06T05:37:19+00:00
1149,Lisinopril Tablets IP 10mg,Lisinopril,15's,15,21.56,True,1.4373,Cardiovascular System (CVS),Jan Aushadhi (PMBJP) product and MRP list,https://janaushadhi.gov.in/product-portfolio/product-mrp-list,Exported from the site's own Download Files button. Direct API calls to port 8443 return 500 from outside the browser.,False,,2026-08-06T05:37:19+00:00
1152,Carbamazepine Prolonged-release Tablets IP 200mg,Carbamazepine Prolonged release,10's,10,14.06,True,1.406,Central Nervous System (CNS),Jan Aushadhi (PMBJP) product and MRP list,https://janaushadhi.gov.in/product-portfolio/product-mrp-list,Exported from the site's own Download Files button. Direct API calls to port 8443 return 500 from outside the browser.,False,,2026-08-06T05:37:19+00:00
1154,Diethylcarbamazine Citrate Tablets IP 100mg,Diethylcarbamazine Citrate,30's,30,17.0,True,0.5667,Anthelmintic,Jan Aushadhi (PMBJP) product and MRP list,https://janaushadhi.gov.in/product-portfolio/product-mrp-list,Exported from the site's own Download Files button. Direct API calls to port 8443 return 500 from outside the browser.,False,,2026-08-06T05:37:19+00:00
1156,Metoprolol Succinate 25mg (Extended Release) and Amlodipine Besilate 5mg Tablets IP,Metoprolol Succinate,7's,7,12.0,True,1.7143,Cardiovascular System (CVS),Jan Aushadhi (PMBJP) product and MRP list,https://janaushadhi.gov.in/product-portfolio/product-mrp-list,Exported from the site's own Download Files button. Direct API calls to port 8443 return 500 from outside the browser.,False,,2026-08-06T05:37:19+00:00
1157,Doxylamine Succinate 20mg and Pyridoxine Hydrochloride 20mg Tablets,Doxylamine Succinate,10's,10,14.06,True,1.406,Gynaecology,Jan Aushadhi (PMBJP) product and MRP list,https://janaushadhi.gov.in/product-portfolio/product-mrp-list,Exported from the site's own Download Files button. Direct API calls to port 8443 return 500 from outside the browser.,False,,2026-08-06T05:37:19+00:00
1162,Betamethasone Cream IP 0.1 % w/w,Betamethasone w w,20 gm,20,9.28,True,0.464,Dermatology/Topical/External,Jan Aushadhi (PMBJP) product and MRP list,https://janaushadhi.gov.in/product-portfolio/product-mrp-list,Exported from the site's own Download Files button. Direct API calls to port 8443 return 500 from outside the browser.,False,,2026-08-06T05:37:19+00:00
1164,Nandrolone Decanoate Injection IP 50 mg per ml,Nandrolone Decanoate,2 ml,2,37.5,True,18.75,Steroids & Hormones,Jan Aushadhi (PMBJP) product and MRP list,https://janaushadhi.gov.in/product-portfolio/product-mrp-list,Exported from the site's own Download Files button. Direct API calls to port 8443 return 500 from outside the browser.,False,,2026-08-06T05:37:19+00:00
1166,Mefenamic Acid Tablets 250 mg,Mefenamic Acid,10's,10,9.38,True,0.938,Analgesic/Antipyretic/Anti-Inflammatory,Jan Aushadhi (PMBJP) product and MRP list,https://janaushadhi.gov.in/product-portfolio/product-mrp-list,Exported from the site's own Download Files button. Direct API calls to port 8443 return 500 from outside the browser.,False,,2026-08-06T05:37:19+00:00
1167,Mefenamic Acid Tablets 500 mg,Mefenamic Acid,10's,10,15.94,True,1.594,Analgesic/Antipyretic/Anti-Inflammatory,Jan Aushadhi (PMBJP) product and MRP list,https://janaushadhi.gov.in/product-portfolio/product-mrp-list,Exported from the site's own Download Files button. Direct API calls to port 8443 return 500 from outside the browser.,False,,2026-08-06T05:37:19+00:00
1168,Ketorolac Injection IP 30mg per ml,Ketorolac,1 ml,1,11.25,True,11.25,Analgesic/Antipyretic/Anti-Inflammatory,Jan Aushadhi (PMBJP) product and MRP list,https://janaushadhi.gov.in/product-portfolio/product-mrp-list,Exported from the site's own Download Files button. Direct API calls to port 8443 return 500 from outside the browser.,False,,2026-08-06T05:37:19+00:00
1170,Acetylcysteine Injection 200 mg per ml,Acetylcysteine,2 ml Ampoules,2,23.44,True,11.72,Respiratory,Jan Aushadhi (PMBJP) product and MRP list,https://janaushadhi.gov.in/product-portfolio/product-mrp-list,Exported from the site's own Download Files button. Direct API calls to port 8443 return 500 from outside the browser.,False,,2026-08-06T05:37:19+00:00
1178,5-Flurouracil Injection 500mg,Flurouracil,10 ml,10,11.5,True,1.15,Oncology,Jan Aushadhi (PMBJP) product and MRP list,https://janaushadhi.gov.in/product-portfolio/product-mrp-list,Exported from the site's own Download Files button. Direct API calls to port 8443 return 500 from outside the browser.,True,indication names oncology,2026-08-06T05:37:19+00:00
1181,Carboplatin Injection IP 150mg,Carboplatin,15 ml Vial,15,386.72,True,25.7813,Oncology,Jan Aushadhi (PMBJP) product and MRP list,https://janaushadhi.gov.in/product-portfolio/product-mrp-list,Exported from the site's own Download Files button. Direct API calls to port 8443 return 500 from outside the browser.,True,indication names oncology,2026-08-06T05:37:19+00:00
1182,Carboplatin Injection IP 450mg,Carboplatin,45 ml Vial,45,1600.31,True,35.5624,Oncology,Jan Aushadhi (PMBJP) product and MRP list,https://janaushadhi.gov.in/product-portfolio/product-mrp-list,Exported from the site's own Download Files button. Direct API calls to port 8443 return 500 from outside the browser.,True,indication names oncology,2026-08-06T05:37:19+00:00
1183,Cyclophosphamide Injection IP 500 mg,Cyclophosphamide,VIAL,,35.0,True,,Oncology,Jan Aushadhi (PMBJP) product and MRP list,https://janaushadhi.gov.in/product-portfolio/product-mrp-list,Exported from the site's own Download Files button. Direct API calls to port 8443 return 500 from outside the browser.,True,indication names oncology,2026-08-06T05:37:19+00:00
1186,Cyclosporin Capulses IP 25mg,Cyclosporin Capulses,5's,5,72.0,True,14.4,Immunosuppressant,Jan Aushadhi (PMBJP) product and MRP list,https://janaushadhi.gov.in/product-portfolio/product-mrp-list,Exported from the site's own Download Files button. Direct API calls to port 8443 return 500 from outside the browser.,False,,2026-08-06T05:37:19+00:00
1187,Cyclosporine Capsules IP 100 mg,Cyclosporine,5's,5,230.0,True,46.0,Immunosuppressant,Jan Aushadhi (PMBJP) product and MRP list,https://janaushadhi.gov.in/product-portfolio/product-mrp-list,Exported from the site's own Download Files button. Direct API calls to port 8443 return 500 from outside the browser.,False,,2026-08-06T05:37:19+00:00
1191,Glycopyrrolate Injection IP 0.2mg,Glycopyrrolate,1 ml,1,6.56,True,6.56,Gastrointestinal (GIT),Jan Aushadhi (PMBJP) product and MRP list,https://janaushadhi.gov.in/product-portfolio/product-mrp-list,Exported from the site's own Download Files button. Direct API calls to port 8443 return 500 from outside the browser.,False,,2026-08-06T05:37:19+00:00
1199,Hydroxyurea Capsules IP 500mg,Hydroxyurea,10's,10,66.0,True,6.6,Oncology,Jan Aushadhi (PMBJP) product and MRP list,https://janaushadhi.gov.in/product-portfolio/product-mrp-list,Exported from the site's own Download Files button. Direct API calls to port 8443 return 500 from outside the browser.,True,indication names oncology,2026-08-06T05:37:19+00:00
1201,Ifosfamide Injection IP 1gm,Ifosfamide gm,VIAL,,159.38,True,,Oncology,Jan Aushadhi (PMBJP) product and MRP list,https://janaushadhi.gov.in/product-portfolio/product-mrp-list,Exported from the site's own Download Files button. Direct API calls to port 8443 return 500 from outside the browser.,True,indication names oncology,2026-08-06T05:37:19+00:00
1203,Protamine Sulphate Injection IP 10mg per ml,Protamine Sulphate,5 ml Vial/Ampoule,5,21.0,True,4.2,Anticoagulant,Jan Aushadhi (PMBJP) product and MRP list,https://janaushadhi.gov.in/product-portfolio/product-mrp-list,Exported from the site's own Download Files button. Direct API calls to port 8443 return 500 from outside the browser.,False,,2026-08-06T05:37:19+00:00
1211,Docetaxel Injection IP 80 mg,Docetaxel,VIAL,,1687.5,True,,Oncology,Jan Aushadhi (PMBJP) product and MRP list,https://janaushadhi.gov.in/product-portfolio/product-mrp-list,Exported from the site's own Download Files button. Direct API calls to port 8443 return 500 from outside the browser.,True,indication names oncology,2026-08-06T05:37:19+00:00
1212,Docetaxel Injection IP 120 mg,Docetaxel,VIAL,,2531.25,True,,Oncology,Jan Aushadhi (PMBJP) product and MRP list,https://janaushadhi.gov.in/product-portfolio/product-mrp-list,Exported from the site's own Download Files button. Direct API calls to port 8443 return 500 from outside the browser.,True,indication names oncology,2026-08-06T05:37:19+00:00
1213,Erlotinib Tablets IP 150 mg,Erlotinib,10's Bottle,10,656.25,True,65.625,Oncology,Jan Aushadhi (PMBJP) product and MRP list,https://janaushadhi.gov.in/product-portfolio/product-mrp-list,Exported from the site's own Download Files button. Direct API calls to port 8443 return 500 from outside the browser.,True,indication names oncology,2026-08-06T05:37:19+00:00
1214,Gefitinib Tablets IP 250 mg,Gefitinib,10's,10,412.5,True,41.25,Oncology,Jan Aushadhi (PMBJP) product and MRP list,https://janaushadhi.gov.in/product-portfolio/product-mrp-list,Exported from the site's own Download Files button. Direct API calls to port 8443 return 500 from outside the browser.,True,indication names oncology,2026-08-06T05:37:19+00:00
1215,Pemetrexed Injection IP 100 mg,Pemetrexed,VIAL,,759.38,True,,Oncology,Jan Aushadhi (PMBJP) product and MRP list,https://janaushadhi.gov.in/product-portfolio/product-mrp-list,Exported from the site's own Download Files button. Direct API calls to port 8443 return 500 from outside the browser.,True,indication names oncology,2026-08-06T05:37:19+00:00
1216,Pemetrexed Injection IP 500 mg,Pemetrexed,VIAL,,2165.63,True,,Oncology,Jan Aushadhi (PMBJP) product and MRP list,https://janaushadhi.gov.in/product-portfolio/product-mrp-list,Exported from the site's own Download Files button. Direct API calls to port 8443 return 500 from outside the browser.,True,indication names oncology,2026-08-06T05:37:19+00:00
1217,Temozolomide Capsules IP 100mg,Temozolomide,5's in Bottle,5,1371.56,True,274.312,Oncology,Jan Aushadhi (PMBJP) product and MRP list,https://janaushadhi.gov.in/product-portfolio/product-mrp-list,Exported from the site's own Download Files button. Direct API calls to port 8443 return 500 from outside the browser.,True,indication names oncology,2026-08-06T05:37:19+00:00
1218,Temozolomide Capsules IP 250 mg,Temozolomide,5's,5,2517.19,True,503.438,Oncology,Jan Aushadhi (PMBJP) product and MRP list,https://janaushadhi.gov.in/product-portfolio/product-mrp-list,Exported from the site's own Download Files button. Direct API calls to port 8443 return 500 from outside the browser.,True,indication names oncology,2026-08-06T05:37:19+00:00
1219,Amino Acid Solution for IV,Amino Acid for IV,200 ml Glass Bottle,200,247.0,True,1.235,Electrolytes,Jan Aushadhi (PMBJP) product and MRP list,https://janaushadhi.gov.in/product-portfolio/product-mrp-list,Exported from the site's own Download Files button. Direct API calls to port 8443 return 500 from outside the browser.,False,,2026-08-06T05:37:19+00:00
1220,Oseltamivir Capsules IP 75mg,Oseltamivir,10's,10,178.13,True,17.813,Anti-Viral,Jan Aushadhi (PMBJP) product and MRP list,https://janaushadhi.gov.in/product-portfolio/product-mrp-list,Exported from the site's own Download Files button. Direct API calls to port 8443 return 500 from outside the browser.,False,,2026-08-06T05:37:19+00:00
1221,Thyroxine Sodium Tablets IP 50mcg,Thyroxine Sodium,100's in Bottle,100,55.65,True,0.5565,Anti-Thyroid,Jan Aushadhi (PMBJP) product and MRP list,https://janaushadhi.gov.in/product-portfolio/product-mrp-list,Exported from the site's own Download Files button. Direct API calls to port 8443 return 500 from outside the browser.,False,,2026-08-06T05:37:19+00:00
1222,Artemether 80mg and Lumefantrine 480mg Tablets,Artemether,6's,6,28.13,True,4.6883,Anti-Malarial,Jan Aushadhi (PMBJP) product and MRP list,https://janaushadhi.gov.in/product-portfolio/product-mrp-list,Exported from the site's own Download Files button. Direct API calls to port 8443 return 500 from outside the browser.,False,,2026-08-06T05:37:19+00:00
1223,"Carbonyl Iron 50mg, Folic Acid 0.5mg and Zinc 61.8mg Capsules",Carbonyl Iron,15's,15,22.69,True,1.5127,Supplement/Vitamin/Mineral,Jan Aushadhi (PMBJP) product and MRP list,https://janaushadhi.gov.in/product-portfolio/product-mrp-list,Exported from the site's own Download Files button. Direct API calls to port 8443 return 500 from outside the browser.,False,,2026-08-06T05:37:19+00:00
1225,Orlistat Capsules 120 mg,Orlistat,10's,10,134.06,True,13.406,Weight management,Jan Aushadhi (PMBJP) product and MRP list,https://janaushadhi.gov.in/product-portfolio/product-mrp-list,Exported from the site's own Download Files button. Direct API calls to port 8443 return 500 from outside the browser.,False,,2026-08-06T05:37:19+00:00
1226,Triamcinolone Acetonide Injection IP 40mg per ml,Triamcinolone Acetonide,1 ml Vial,1,46.88,True,46.88,Steroids & Hormones,Jan Aushadhi (PMBJP) product and MRP list,https://janaushadhi.gov.in/product-portfolio/product-mrp-list,Exported from the site's own Download Files button. Direct API calls to port 8443 return 500 from outside the browser.,False,,2026-08-06T05:37:19+00:00
1227,Triamcinolone Tablets IP 4mg,Triamcinolone,10's,10,32.81,True,3.281,Steroids & Hormones,Jan Aushadhi (PMBJP) product and MRP list,https://janaushadhi.gov.in/product-portfolio/product-mrp-list,Exported from the site's own Download Files button. Direct API calls to port 8443 return 500 from outside the browser.,False,,2026-08-06T05:37:19+00:00
1228,Gabapentin 300mg and Amitriptyline 10mg Tablets,Gabapentin,10's,10,51.56,True,5.156,Respiratory,Jan Aushadhi (PMBJP) product and MRP list,https://janaushadhi.gov.in/product-portfolio/product-mrp-list,Exported from the site's own Download Files button. Direct API calls to port 8443 return 500 from outside the browser.,False,,2026-08-06T05:37:19+00:00
1231,Vitamin E Acetate 200mg and Levocarnitine 150mg Tablets,Vitamin E Acetate,10's,10,0.0,False,,Supplement/Vitamin/Mineral,Jan Aushadhi (PMBJP) product and MRP list,https://janaushadhi.gov.in/product-portfolio/product-mrp-list,Exported from the site's own Download Files button. Direct API calls to port 8443 return 500 from outside the browser.,False,,2026-08-06T05:37:19+00:00
1232,Noscapine Syrup 1.83mg per 5ml,Noscapine,50 ml,50,37.5,True,0.75,Respiratory,Jan Aushadhi (PMBJP) product and MRP list,https://janaushadhi.gov.in/product-portfolio/product-mrp-list,Exported from the site's own Download Files button. Direct API calls to port 8443 return 500 from outside the browser.,False,,2026-08-06T05:37:19+00:00
1236,Albendazole Tablets IP 400mg,Albendazole,1's,1,3.4,True,3.4,Anthelmintic,Jan Aushadhi (PMBJP) product and MRP list,https://janaushadhi.gov.in/product-portfolio/product-mrp-list,Exported from the site's own Download Files button. Direct API calls to port 8443 return 500 from outside the browser.,False,,2026-08-06T05:37:19+00:00
1238,Prazosin Hydrochloride Sustained Release Tablets 2.5 mg,Prazosin Hydrochloride Sustained Release,30's,30,56.25,True,1.875,Cardiovascular System (CVS),Jan Aushadhi (PMBJP) product and MRP list,https://janaushadhi.gov.in/product-portfolio/product-mrp-list,Exported from the site's own Download Files button. Direct API calls to port 8443 return 500 from outside the browser.,False,,2026-08-06T05:37:19+00:00
1240,Gliclazide 80mg and Metformin Hydrochloride 500mg Tablets,Gliclazide,10's,10,29.49,True,2.949,Anti-Diabetic,Jan Aushadhi (PMBJP) product and MRP list,https://janaushadhi.gov.in/product-portfolio/product-mrp-list,Exported from the site's own Download Files button. Direct API calls to port 8443 return 500 from outside the browser.,False,,2026-08-06T05:37:19+00:00
1241,Cefaclor Dispersible Tablets 250 mg,Cefaclor Dispersible,10's,10,168.75,True,16.875,Antibiotics,Jan Aushadhi (PMBJP) product and MRP list,https://janaushadhi.gov.in/product-portfolio/product-mrp-list,Exported from the site's own Download Files button. Direct API calls to port 8443 return 500 from outside the browser.,False,,2026-08-06T05:37:19+00:00
1246,Fluconazole Tablets IP 150 mg,Fluconazole,1's,1,5.68,True,5.68,Anti-Fungal,Jan Aushadhi (PMBJP) product and MRP list,https://janaushadhi.gov.in/product-portfolio/product-mrp-list,Exported from the site's own Download Files button. Direct API calls to port 8443 return 500 from outside the browser.,False,,2026-08-06T05:37:19+00:00
1248,"Haematinic Syrup of Iron 32mg ,Folic Acid 0.5mg and Vitamin B12 7.5mcg",Haematinic of Iron,200 ml Bottle,200,43.32,True,0.2166,Supplement/Vitamin/Mineral,Jan Aushadhi (PMBJP) product and MRP list,https://janaushadhi.gov.in/product-portfolio/product-mrp-list,Exported from the site's own Download Files button. Direct API calls to port 8443 return 500 from outside the browser.,False,,2026-08-06T05:37:19+00:00
1251,Vitamin B6 (Pyridoxine Hydrochloride) Tablets IP 100mg,Vitamin B Pyridoxine Hydrochloride,10's,10,20.63,True,2.063,Supplement/Vitamin/Mineral,Jan Aushadhi (PMBJP) product and MRP list,https://janaushadhi.gov.in/product-portfolio/product-mrp-list,Exported from the site's own Download Files button. Direct API calls to port 8443 return 500 from outside the browser.,False,,2026-08-06T05:37:19+00:00
1252,"Calcium Phosphate 82mg, Vitamin D3 200IU and Vitamin B12 2.5mcg Suspension",Calcium Phosphate,200 ml,200,33.75,True,0.1688,Supplement/Vitamin/Mineral,Jan Aushadhi (PMBJP) product and MRP list,https://janaushadhi.gov.in/product-portfolio/product-mrp-list,Exported from the site's own Download Files button. Direct API calls to port 8443 return 500 from outside the browser.,False,,2026-08-06T05:37:19+00:00
1254,"Diphenhydramine 13-15mg, Ammonium Chloride 135-150mg , Sodium Citrate 57-85mg, Menthol 0.9-2.6mg Cough Syrup",Diphenhydramine,100 ml Bottle,100,18.57,True,0.1857,Respiratory,Jan Aushadhi (PMBJP) product and MRP list,https://janaushadhi.gov.in/product-portfolio/product-mrp-list,Exported from the site's own Download Files button. Direct API calls to port 8443 return 500 from outside the browser.,False,,2026-08-06T05:37:19+00:00
1255,Acebrophylline 200mg (Sustained Release) and Montelukast 10mg Tablets,Acebrophylline,10's,10,56.72,True,5.672,Respiratory,Jan Aushadhi (PMBJP) product and MRP list,https://janaushadhi.gov.in/product-portfolio/product-mrp-list,Exported from the site's own Download Files button. Direct API calls to port 8443 return 500 from outside the browser.,False,,2026-08-06T05:37:19+00:00
1257,Allylestrenol Tablets 5 mg,Allylestrenol,10's,10,30.94,True,3.094,Gynaecology,Jan Aushadhi (PMBJP) product and MRP list,https://janaushadhi.gov.in/product-portfolio/product-mrp-list,Exported from the site's own Download Files button. Direct API calls to port 8443 return 500 from outside the browser.,False,,2026-08-06T05:37:19+00:00
1261,Amiloride 2.5mg and Hydrochlorothiazide 25mg Tablet IP,Amiloride,10's,10,14.06,True,1.406,Cardiovascular System (CVS),Jan Aushadhi (PMBJP) product and MRP list,https://janaushadhi.gov.in/product-portfolio/product-mrp-list,Exported from the site's own Download Files button. Direct API calls to port 8443 return 500 from outside the browser.,False,,2026-08-06T05:37:19+00:00
1263,Ampicillin Capsules IP 500 mg,Ampicillin,10's,10,37.5,True,3.75,Antibiotics,Jan Aushadhi (PMBJP) product and MRP list,https://janaushadhi.gov.in/product-portfolio/product-mrp-list,Exported from the site's own Download Files button. Direct API calls to port 8443 return 500 from outside the browser.,False,,2026-08-06T05:37:19+00:00
1281,Chlordiazepoxide Tablets IP 10 mg,Chlordiazepoxide,10's,10,19.69,True,1.969,Central Nervous System (CNS),Jan Aushadhi (PMBJP) product and MRP list,https://janaushadhi.gov.in/product-portfolio/product-mrp-list,Exported from the site's own Download Files button. Direct API calls to port 8443 return 500 from outside the browser.,False,,2026-08-06T05:37:19+00:00
1283,Chlorthalidone Tablets IP 6.25 mg,Chlorthalidone,10's,10,10.32,True,1.032,Cardiovascular System (CVS),Jan Aushadhi (PMBJP) product and MRP list,https://janaushadhi.gov.in/product-portfolio/product-mrp-list,Exported from the site's own Download Files button. Direct API calls to port 8443 return 500 from outside the browser.,False,,2026-08-06T05:37:19+00:00
1284,Cilnidipine 10mg and Telmisartan 40mg Tablets,Cilnidipine,10's,10,24.96,True,2.496,Cardiovascular System (CVS),Jan Aushadhi (PMBJP) product and MRP list,https://janaushadhi.gov.in/product-portfolio/product-mrp-list,Exported from the site's own Download Files button. Direct API calls to port 8443 return 500 from outside the browser.,False,,2026-08-06T05:37:19+00:00
1285,Cinitapride Tablets 1 mg,Cinitapride,10's,10,28.13,True,2.813,Gastrointestinal (GIT),Jan Aushadhi (PMBJP) product and MRP list,https://janaushadhi.gov.in/product-portfolio/product-mrp-list,Exported from the site's own Download Files button. Direct API calls to port 8443 return 500 from outside the browser.,False,,2026-08-06T05:37:19+00:00
1297,Ranitidine 150mg and Domperidone 10mg Tablets,Ranitidine,15's,15,15.47,True,1.0313,Gastrointestinal (GIT),Jan Aushadhi (PMBJP) product and MRP list,https://janaushadhi.gov.in/product-portfolio/product-mrp-list,Exported from the site's own Download Files button. Direct API calls to port 8443 return 500 from outside the browser.,False,,2026-08-06T05:37:19+00:00
1298,Donepezil Tablets IP 5 mg,Donepezil,10's,10,18.75,True,1.875,Central Nervous System (CNS),Jan Aushadhi (PMBJP) product and MRP list,https://janaushadhi.gov.in/product-portfolio/product-mrp-list,Exported from the site's own Download Files button. Direct API calls to port 8443 return 500 from outside the browser.,False,,2026-08-06T05:37:19+00:00
1301,Drotaverine 80mg and Aceclofenac 100mg Tablets,Drotaverine,10's,10,30.94,True,3.094,Analgesic/Antipyretic/Anti-Inflammatory,Jan Aushadhi (PMBJP) product and MRP list,https://janaushadhi.gov.in/product-portfolio/product-mrp-list,Exported from the site's own Download Files button. Direct API calls to port 8443 return 500 from outside the browser.,False,,2026-08-06T05:37:19+00:00
1302,Duloxetine Gastro-resistant Tablets IP 20 mg,Duloxetine Gastro resistant,10's,10,27.84,True,2.784,Central Nervous System (CNS),Jan Aushadhi (PMBJP) product and MRP list,https://janaushadhi.gov.in/product-portfolio/product-mrp-list,Exported from the site's own Download Files button. Direct API calls to port 8443 return 500 from outside the browser.,False,,2026-08-06T05:37:19+00:00
1306,Escitalopram Oxalate 5mg and Clonazepam 0.5mg Tablets IP,Escitalopram Oxalate,10's,10,14.75,True,1.475,Central Nervous System (CNS),Jan Aushadhi (PMBJP) product and MRP list,https://janaushadhi.gov.in/product-portfolio/product-mrp-list,Exported from the site's own Download Files button. Direct API calls to port 8443 return 500 from outside the browser.,False,,2026-08-06T05:37:19+00:00
1307,Ethinylestradiol 0.03mg and Desogestrel 0.15mg Tablets,Ethinylestradiol,21's,21,90.0,True,4.2857,Gynaecology,Jan Aushadhi (PMBJP) product and MRP list,https://janaushadhi.gov.in/product-portfolio/product-mrp-list,Exported from the site's own Download Files button. Direct API calls to port 8443 return 500 from outside the browser.,False,,2026-08-06T05:37:19+00:00
1308,Ethinylestradiol 0.03mg and Levonorgestrel 0.15mg Tablets IP,Ethinylestradiol,21's,21,35.0,True,1.6667,Gynaecology,Jan Aushadhi (PMBJP) product and MRP list,https://janaushadhi.gov.in/product-portfolio/product-mrp-list,Exported from the site's own Download Files button. Direct API calls to port 8443 return 500 from outside the browser.,False,,2026-08-06T05:37:19+00:00
1310,Faropenem Tablets 200mg,Faropenem,6's,6,281.25,True,46.875,Antibiotics,Jan Aushadhi (PMBJP) product and MRP list,https://janaushadhi.gov.in/product-portfolio/product-mrp-list,Exported from the site's own Download Files button. Direct API calls to port 8443 return 500 from outside the browser.,False,,2026-08-06T05:37:19+00:00
1311,Fenofibrate Tablets IP 145 mg,Fenofibrate,10's,10,20.63,True,2.063,Cardiovascular System (CVS),Jan Aushadhi (PMBJP) product and MRP list,https://janaushadhi.gov.in/product-portfolio/product-mrp-list,Exported from the site's own Download Files button. Direct API calls to port 8443 return 500 from outside the browser.,False,,2026-08-06T05:37:19+00:00
1312,Flavoxate Tablets IP 200 mg,Flavoxate,15's,15,56.25,True,3.75,Urology,Jan Aushadhi (PMBJP) product and MRP list,https://janaushadhi.gov.in/product-portfolio/product-mrp-list,Exported from the site's own Download Files button. Direct API calls to port 8443 return 500 from outside the browser.,False,,2026-08-06T05:37:19+00:00
1315,Fluticasone Furoate Nasal Spray 27.5mcg,Fluticasone Furoate Nasal Spray,120 MDI,120,129.38,True,1.0782,Respiratory,Jan Aushadhi (PMBJP) product and MRP list,https://janaushadhi.gov.in/product-portfolio/product-mrp-list,Exported from the site's own Download Files button. Direct API calls to port 8443 return 500 from outside the browser.,False,,2026-08-06T05:37:19+00:00
1319,Gabapentin Tablets IP 100 mg,Gabapentin,10's,10,15.88,True,1.588,Central Nervous System (CNS),Jan Aushadhi (PMBJP) product and MRP list,https://janaushadhi.gov.in/product-portfolio/product-mrp-list,Exported from the site's own Download Files button. Direct API calls to port 8443 return 500 from outside the browser.,False,,2026-08-06T05:37:19+00:00
1328,Isoxsuprine Injection IP 5 mg,Isoxsuprine,2 ml Vial,2,9.38,True,4.69,Gynaecology,Jan Aushadhi (PMBJP) product and MRP list,https://janaushadhi.gov.in/product-portfolio/product-mrp-list,Exported from the site's own Download Files button. Direct API calls to port 8443 return 500 from outside the browser.,False,,2026-08-06T05:37:19+00:00
1341,Mebendazole Tablets IP 100 mg,Mebendazole,6's,6,8.44,True,1.4067,Anthelmintic,Jan Aushadhi (PMBJP) product and MRP list,https://janaushadhi.gov.in/product-portfolio/product-mrp-list,Exported from the site's own Download Files button. Direct API calls to port 8443 return 500 from outside the browser.,False,,2026-08-06T05:37:19+00:00
1342,Mebeverine Hydrochloride Tablets IP 200mg,Mebeverine Hydrochloride,10's,10,52.5,True,5.25,Gastrointestinal (GIT),Jan Aushadhi (PMBJP) product and MRP list,https://janaushadhi.gov.in/product-portfolio/product-mrp-list,Exported from the site's own Download Files button. Direct API calls to port 8443 return 500 from outside the browser.,False,,2026-08-06T05:37:19+00:00
1344,Meropenem 1000mg and Sulbactam 500mg Injection,Meropenem,Vial & Wfi,,268.13,True,,Antibiotics,Jan Aushadhi (PMBJP) product and MRP list,https://janaushadhi.gov.in/product-portfolio/product-mrp-list,Exported from the site's own Download Files button. Direct API calls to port 8443 return 500 from outside the browser.,False,,2026-08-06T05:37:19+00:00
1345,Meropenem Injection IP 500 mg,Meropenem,Vial & Wfi,,154.69,True,,Antibiotics,Jan Aushadhi (PMBJP) product and MRP list,https://janaushadhi.gov.in/product-portfolio/product-mrp-list,Exported from the site's own Download Files button. Direct API calls to port 8443 return 500 from outside the browser.,False,,2026-08-06T05:37:19+00:00
1348,Methylprednisolone Tablets IP 4mg,Methylprednisolone,10's,10,17.02,True,1.702,Steroids & Hormones,Jan Aushadhi (PMBJP) product and MRP list,https://janaushadhi.gov.in/product-portfolio/product-mrp-list,Exported from the site's own Download Files button. Direct API calls to port 8443 return 500 from outside the browser.,False,,2026-08-06T05:37:19+00:00
1353,Mirtazapine Tablets IP 7.5mg,Mirtazapine,10's,10,12.19,True,1.219,Central Nervous System (CNS),Jan Aushadhi (PMBJP) product and MRP list,https://janaushadhi.gov.in/product-portfolio/product-mrp-list,Exported from the site's own Download Files button. Direct API calls to port 8443 return 500 from outside the browser.,False,,2026-08-06T05:37:19+00:00
1354,Modafinil Tablets IP 200mg,Modafinil,10's,10,78.75,True,7.875,Central Nervous System (CNS),Jan Aushadhi (PMBJP) product and MRP list,https://janaushadhi.gov.in/product-portfolio/product-mrp-list,Exported from the site's own Download Files button. Direct API calls to port 8443 return 500 from outside the browser.,False,,2026-08-06T05:37:19+00:00
1359,Naproxen Tablets IP 250 mg,Naproxen,15's,15,21.56,True,1.4373,Analgesic/Antipyretic/Anti-Inflammatory,Jan Aushadhi (PMBJP) product and MRP list,https://janaushadhi.gov.in/product-portfolio/product-mrp-list,Exported from the site's own Download Files button. Direct API calls to port 8443 return 500 from outside the browser.,False,,2026-08-06T05:37:19+00:00
1367,"OlmesartanÂ 20mg, Amlodipine 5mg and Hydrochlorothiazide 12.5mg Tablets",Olmesartan,10's,10,43.11,True,4.311,Cardiovascular System (CVS),Jan Aushadhi (PMBJP) product and MRP list,https://janaushadhi.gov.in/product-portfolio/product-mrp-list,Exported from the site's own Download Files button. Direct API calls to port 8443 return 500 from outside the browser.,False,,2026-08-06T05:37:19+00:00
1368,Olmesartan Medoxomil 20mg and Hydrochlorothiazide 12.5mg Tablets IP,Olmesartan Medoxomil,10's,10,27.84,True,2.784,Cardiovascular System (CVS),Jan Aushadhi (PMBJP) product and MRP list,https://janaushadhi.gov.in/product-portfolio/product-mrp-list,Exported from the site's own Download Files button. Direct API calls to port 8443 return 500 from outside the browser.,False,,2026-08-06T05:37:19+00:00
1375,Phenobarbitone Tablets IP 60 mg,Phenobarbitone,30's,30,26.25,True,0.875,Central Nervous System (CNS),Jan Aushadhi (PMBJP) product and MRP list,https://janaushadhi.gov.in/product-portfolio/product-mrp-list,Exported from the site's own Download Files button. Direct API calls to port 8443 return 500 from outside the browser.,False,,2026-08-06T05:37:19+00:00
1382,Prasugrel Tablets IP 10 mg,Prasugrel,10's,10,61.88,True,6.188,Cardiovascular System (CVS),Jan Aushadhi (PMBJP) product and MRP list,https://janaushadhi.gov.in/product-portfolio/product-mrp-list,Exported from the site's own Download Files button. Direct API calls to port 8443 return 500 from outside the browser.,False,,2026-08-06T05:37:19+00:00
1383,Pregabalin 75mg and Nortriptyline 10mg Tablets,Pregabalin,10's,10,35.17,True,3.517,Central Nervous System (CNS),Jan Aushadhi (PMBJP) product and MRP list,https://janaushadhi.gov.in/product-portfolio/product-mrp-list,Exported from the site's own Download Files button. Direct API calls to port 8443 return 500 from outside the browser.,False,,2026-08-06T05:37:19+00:00
1384,Quetiapine Tablets IP 25 mg,Quetiapine,10's,10,10.31,True,1.031,Central Nervous System (CNS),Jan Aushadhi (PMBJP) product and MRP list,https://janaushadhi.gov.in/product-portfolio/product-mrp-list,Exported from the site's own Download Files button. Direct API calls to port 8443 return 500 from outside the browser.,False,,2026-08-06T05:37:19+00:00
1392,Aspirin Gastro Resistant 75mg and Rosuvastatin 10mg Capsules IP,Aspirin Gastro Resistant,10's,10,38.16,True,3.816,Cardiovascular System (CVS),Jan Aushadhi (PMBJP) product and MRP list,https://janaushadhi.gov.in/product-portfolio/product-mrp-list,Exported from the site's own Download Files button. Direct API calls to port 8443 return 500 from outside the browser.,False,,2026-08-06T05:37:19+00:00
1393,Rosuvastatin 10mg and Clopidogrel 75mg Capsules,Rosuvastatin,10's,10,43.32,True,4.332,Cardiovascular System (CVS),Jan Aushadhi (PMBJP) product and MRP list,https://janaushadhi.gov.in/product-portfolio/product-mrp-list,Exported from the site's own Download Files button. Direct API calls to port 8443 return 500 from outside the browser.,False,,2026-08-06T05:37:19+00:00
1396,Sertaconazole Nitrate Cream IP 2%w/w,Sertaconazole Nitrate,15 gm,15,56.25,True,3.75,Anti-Fungal,Jan Aushadhi (PMBJP) product and MRP list,https://janaushadhi.gov.in/product-portfolio/product-mrp-list,Exported from the site's own Download Files button. Direct API calls to port 8443 return 500 from outside the browser.,False,,2026-08-06T05:37:19+00:00
1409,Teicoplanin Injection IP 400mg,Teicoplanin,1 ml Vial,1,750.0,True,750.0,Antibiotics,Jan Aushadhi (PMBJP) product and MRP list,https://janaushadhi.gov.in/product-portfolio/product-mrp-list,Exported from the site's own Download Files button. Direct API calls to port 8443 return 500 from outside the browser.,False,,2026-08-06T05:37:19+00:00
1410,"Telmisartan 40mg, Amlodipine 5mg and Hydrochlorothiazide 12.5mg Tablets",Telmisartan,10's,10,21.55,True,2.155,Cardiovascular System (CVS),Jan Aushadhi (PMBJP) product and MRP list,https://janaushadhi.gov.in/product-portfolio/product-mrp-list,Exported from the site's own Download Files button. Direct API calls to port 8443 return 500 from outside the browser.,False,,2026-08-06T05:37:19+00:00
1411,Telmisartan 40mg and Chlorthalidone 6.25mg Tablets,Telmisartan,10's,10,20.63,True,2.063,Cardiovascular System (CVS),Jan Aushadhi (PMBJP) product and MRP list,https://janaushadhi.gov.in/product-portfolio/product-mrp-list,Exported from the site's own Download Files button. Direct API calls to port 8443 return 500 from outside the browser.,False,,2026-08-06T05:37:19+00:00
1414,Terlipressin Injection 1000 mcg (1 mg/10ml),Terlipressin,10 ml Vial,10,210.94,True,21.094,Cardiovascular System (CVS),Jan Aushadhi (PMBJP) product and MRP list,https://janaushadhi.gov.in/product-portfolio/product-mrp-list,Exported from the site's own Download Files button. Direct API calls to port 8443 return 500 from outside the browser.,False,,2026-08-06T05:37:19+00:00
1417,Thiocolchicoside Capsules IP 4mg,Thiocolchicoside,10's,10,42.19,True,4.219,Analgesic/Antipyretic/Anti-Inflammatory,Jan Aushadhi (PMBJP) product and MRP list,https://janaushadhi.gov.in/product-portfolio/product-mrp-list,Exported from the site's own Download Files button. Direct API calls to port 8443 return 500 from outside the browser.,False,,2026-08-06T05:37:19+00:00
1418,Tigecycline Injection IP 50 mg,Tigecycline,5 ml Vial,5,618.75,True,123.75,Antibiotics,Jan Aushadhi (PMBJP) product and MRP list,https://janaushadhi.gov.in/product-portfolio/product-mrp-list,Exported from the site's own Download Files button. Direct API calls to port 8443 return 500 from outside the browser.,False,,2026-08-06T05:37:19+00:00
1427,"Trypsin 48mg, Bromelain 90mg and Rutoside Trihydrate 100mg Tablets",Trypsin,10's,10,65.63,True,6.563,Analgesic/Antipyretic/Anti-Inflammatory,Jan Aushadhi (PMBJP) product and MRP list,https://janaushadhi.gov.in/product-portfolio/product-mrp-list,Exported from the site's own Download Files button. Direct API calls to port 8443 return 500 from outside the browser.,False,,2026-08-06T05:37:19+00:00
1431,Valethamate Injection 8 mg per ml (For IM/IV use),Valethamate,1 ml Ampoule,1,9.28,True,9.28,Gynaecology,Jan Aushadhi (PMBJP) product and MRP list,https://janaushadhi.gov.in/product-portfolio/product-mrp-list,Exported from the site's own Download Files button. Direct API calls to port 8443 return 500 from outside the browser.,False,,2026-08-06T05:37:19+00:00
1432,Tobramycin Eye Drops 0.3%w/v,Tobramycin Eye,5 ml Vial,5,25.0,True,5.0,Opthalmic/Otic,Jan Aushadhi (PMBJP) product and MRP list,https://janaushadhi.gov.in/product-portfolio/product-mrp-list,Exported from the site's own Download Files button. Direct API calls to port 8443 return 500 from outside the browser.,False,,2026-08-06T05:37:19+00:00
1435,Capecitabine Tablets IP 500mg,Capecitabine,10's,10,234.38,True,23.438,Oncology,Jan Aushadhi (PMBJP) product and MRP list,https://janaushadhi.gov.in/product-portfolio/product-mrp-list,Exported from the site's own Download Files button. Direct API calls to port 8443 return 500 from outside the browser.,True,indication names oncology,2026-08-06T05:37:19+00:00
1437,Cefpodoxime Proxetil Oral Suspension IP 50mg,Cefpodoxime Proxetil Oral,30 ml,30,28.13,True,0.9377,Antibiotics,Jan Aushadhi (PMBJP) product and MRP list,https://janaushadhi.gov.in/product-portfolio/product-mrp-list,Exported from the site's own Download Files button. Direct API calls to port 8443 return 500 from outside the browser.,False,,2026-08-06T05:37:19+00:00
1438,"Metformin Hydrochloride 500mg (Sustained Release), Glimepiride 2mg and Voglibose 0.2mg Tablets",Metformin Hydrochloride,10's,10,32.9,True,3.29,Anti-Diabetic,Jan Aushadhi (PMBJP) product and MRP list,https://janaushadhi.gov.in/product-portfolio/product-mrp-list,Exported from the site's own Download Files button. Direct API calls to port 8443 return 500 from outside the browser.,False,,2026-08-06T05:37:19+00:00
1440,Janaushadhi Protein Powder 250g,Janaushadhi Protein,1's Tin 250g,1,177.97,True,177.97,Nutraceuticals,Jan Aushadhi (PMBJP) product and MRP list,https://janaushadhi.gov.in/product-portfolio/product-mrp-list,Exported from the site's own Download Files button. Direct API calls to port 8443 return 500 from outside the browser.,False,,2026-08-06T05:37:19+00:00
1441,Janaushadhi Nirmal (Nicotine Polacrilex Chewing Gum 2 mg)),Janaushadhi Nirmal Nicotine Polacrilex Chewing Gum,1 x 9's (mono carton pack),1,46.2,True,46.2,Smoking Cessation,Jan Aushadhi (PMBJP) product and MRP list,https://janaushadhi.gov.in/product-portfolio/product-mrp-list,Exported from the site's own Download Files button. Direct API calls to port 8443 return 500 from outside the browser.,False,,2026-08-06T05:37:19+00:00
1442,Janaushadhi Urja (Glucose Powder (Orange Flavour) 300 g),Janaushadhi Urja Glucose Orange Flavour,300 g Box,300,62.29,True,0.2076,Nutraceuticals,Jan Aushadhi (PMBJP) product and MRP list,https://janaushadhi.gov.in/product-portfolio/product-mrp-list,Exported from the site's own Download Files button. Direct API calls to port 8443 return 500 from outside the browser.,False,,2026-08-06T05:37:19+00:00
1443,Janaushadhi Urja (Glucose Powder (Orange Flavour) 100 g),Janaushadhi Urja Glucose Orange Flavour,100 gm Tetra pack,100,26.69,True,0.2669,Nutraceuticals,Jan Aushadhi (PMBJP) product and MRP list,https://janaushadhi.gov.in/product-portfolio/product-mrp-list,Exported from the site's own Download Files button. Direct API calls to port 8443 return 500 from outside the browser.,False,,2026-08-06T05:37:19+00:00
1444,Janaushadhi Urja (Glucose Powder (Orange Flavour) 500g),Janaushadhi Urja Glucose Orange Flavour,500g Screw-Cap jar with scoop,,0.0,False,,Nutraceuticals,Jan Aushadhi (PMBJP) product and MRP list,https://janaushadhi.gov.in/product-portfolio/product-mrp-list,Exported from the site's own Download Files button. Direct API calls to port 8443 return 500 from outside the browser.,False,,2026-08-06T05:37:19+00:00
1445,Jan Pudina Soft Gel Capsules,Jan Pudina Soft,10's,10,16.5,True,1.65,Gastrointestinal (GIT),Jan Aushadhi (PMBJP) product and MRP list,https://janaushadhi.gov.in/product-portfolio/product-mrp-list,Exported from the site's own Download Files button. Direct API calls to port 8443 return 500 from outside the browser.,False,,2026-08-06T05:37:19+00:00
1446,Janushadhi Madhurak (Stevia Natural Sweetener),Janushadhi Madhurak Stevia Natural Sweetener,100 gm Plastic Jar,100,140.0,True,1.4,Nutraceuticals,Jan Aushadhi (PMBJP) product and MRP list,https://janaushadhi.gov.in/product-portfolio/product-mrp-list,Exported from the site's own Download Files button. Direct API calls to port 8443 return 500 from outside the browser.,False,,2026-08-06T05:37:19+00:00
1447,Janaushadhi Janani 250g,Janaushadhi Janani,1's Tin 250g,1,200.21,True,200.21,Nutraceuticals,Jan Aushadhi (PMBJP) product and MRP list,https://janaushadhi.gov.in/product-portfolio/product-mrp-list,Exported from the site's own Download Files button. Direct API calls to port 8443 return 500 from outside the browser.,False,,2026-08-06T05:37:19+00:00
1448,Lamotrigine Dispersible Tablets IP 100mg,Lamotrigine Dispersible,10's,10,37.5,True,3.75,Central Nervous System (CNS),Jan Aushadhi (PMBJP) product and MRP list,https://janaushadhi.gov.in/product-portfolio/product-mrp-list,Exported from the site's own Download Files button. Direct API calls to port 8443 return 500 from outside the browser.,False,,2026-08-06T05:37:19+00:00
1449,Enzyme syrup mixed fruit flavour,Enzyme mixed fruit flavour,200 ml,200,50.57,True,0.2529,Enzyme Preparation,Jan Aushadhi (PMBJP) product and MRP list,https://janaushadhi.gov.in/product-portfolio/product-mrp-list,Exported from the site's own Download Files button. Direct API calls to port 8443 return 500 from outside the browser.,False,,2026-08-06T05:37:19+00:00
1450,Pyrantel Pamoate Oral Suspension IP 250mg per 5ml,Pyrantel Pamoate Oral,10 ml,10,11.25,True,1.125,Anthelmintic,Jan Aushadhi (PMBJP) product and MRP list,https://janaushadhi.gov.in/product-portfolio/product-mrp-list,Exported from the site's own Download Files button. Direct API calls to port 8443 return 500 from outside the browser.,False,,2026-08-06T05:37:19+00:00
1451,Theophylline Prolonged-release Tablets IP 400 mg,Theophylline Prolonged release,10's,10,28.13,True,2.813,Respiratory,Jan Aushadhi (PMBJP) product and MRP list,https://janaushadhi.gov.in/product-portfolio/product-mrp-list,Exported from the site's own Download Files button. Direct API calls to port 8443 return 500 from outside the browser.,False,,2026-08-06T05:37:19+00:00
1452,Pyridoxine Hydrochloride Sustained release tablets 100mg,Pyridoxine Hydrochloride Sustained release,10's,10,32.81,True,3.281,Supplement/Vitamin/Mineral,Jan Aushadhi (PMBJP) product and MRP list,https://janaushadhi.gov.in/product-portfolio/product-mrp-list,Exported from the site's own Download Files button. Direct API calls to port 8443 return 500 from outside the browser.,False,,2026-08-06T05:37:19+00:00
1453,Levetiracetam Oral Solution IP 100mg,Levetiracetam Oral,100 ml,100,79.69,True,0.7969,Central Nervous System (CNS),Jan Aushadhi (PMBJP) product and MRP list,https://janaushadhi.gov.in/product-portfolio/product-mrp-list,Exported from the site's own Download Files button. Direct API calls to port 8443 return 500 from outside the browser.,False,,2026-08-06T05:37:19+00:00
1454,"Terbutaline 1.25mg, Ambroxol 15mg, Guaiphenesin 50mg per 5ml Syrup with Menthol base",Terbutaline,100 ml,100,33.0,True,0.33,Respiratory,Jan Aushadhi (PMBJP) product and MRP list,https://janaushadhi.gov.in/product-portfolio/product-mrp-list,Exported from the site's own Download Files button. Direct API calls to port 8443 return 500 from outside the browser.,False,,2026-08-06T05:37:19+00:00
1455,L-Arginine Granules 3g,L Arginine Granules,5 gm,5,16.5,True,3.3,Supplement/Vitamin/Mineral,Jan Aushadhi (PMBJP) product and MRP list,https://janaushadhi.gov.in/product-portfolio/product-mrp-list,Exported from the site's own Download Files button. Direct API calls to port 8443 return 500 from outside the browser.,False,,2026-08-06T05:37:19+00:00
1456,Itraconazole Capsules 200 mg,Itraconazole,4's,4,36.3,True,9.075,Anti-Fungal,Jan Aushadhi (PMBJP) product and MRP list,https://janaushadhi.gov.in/product-portfolio/product-mrp-list,Exported from the site's own Download Files button. Direct API calls to port 8443 return 500 from outside the browser.,False,,2026-08-06T05:37:19+00:00
1457,Luliconazole Cream IP 1% w/w,Luliconazole w w,10 gms tube,10,24.96,True,2.496,Anti-Fungal,Jan Aushadhi (PMBJP) product and MRP list,https://janaushadhi.gov.in/product-portfolio/product-mrp-list,Exported from the site's own Download Files button. Direct API calls to port 8443 return 500 from outside the browser.,False,,2026-08-06T05:37:19+00:00
1458,Sodium Chloride Injection IP 0.9%w/v,Sodium Chloride,500 ml IV Fluid Plastic Container,500,28.13,True,0.0563,Electrolytes,Jan Aushadhi (PMBJP) product and MRP list,https://janaushadhi.gov.in/product-portfolio/product-mrp-list,Exported from the site's own Download Files button. Direct API calls to port 8443 return 500 from outside the browser.,False,,2026-08-06T05:37:19+00:00
1459,"Janaushadhi Poshan (Malt based food, 500gm)",Janaushadhi Poshan Malt based food gm,1's Screw Cap Plastic Jar,1,160.17,True,160.17,Nutraceuticals,Jan Aushadhi (PMBJP) product and MRP list,https://janaushadhi.gov.in/product-portfolio/product-mrp-list,Exported from the site's own Download Files button. Direct API calls to port 8443 return 500 from outside the browser.,False,,2026-08-06T05:37:19+00:00
1460,Insulin Pen,Insulin Pen,1's,1,0.0,False,,Anti-Diabetic,Jan Aushadhi (PMBJP) product and MRP list,https://janaushadhi.gov.in/product-portfolio/product-mrp-list,Exported from the site's own Download Files button. Direct API calls to port 8443 return 500 from outside the browser.,False,,2026-08-06T05:37:19+00:00
1461,Vildagliptin Tablets IP 50mg,Vildagliptin,15's,15,20.63,True,1.3753,Anti-Diabetic,Jan Aushadhi (PMBJP) product and MRP list,https://janaushadhi.gov.in/product-portfolio/product-mrp-list,Exported from the site's own Download Files button. Direct API calls to port 8443 return 500 from outside the browser.,False,,2026-08-06T05:37:19+00:00
1462,Vildagliptin 50mg and Metformin Hydrochloride 500mg Tablets IP,Vildagliptin,15's,15,30.94,True,2.0627,Anti-Diabetic,Jan Aushadhi (PMBJP) product and MRP list,https://janaushadhi.gov.in/product-portfolio/product-mrp-list,Exported from the site's own Download Files button. Direct API calls to port 8443 return 500 from outside the browser.,False,,2026-08-06T05:37:19+00:00
1463,Vildagliptin 50mg and Metformin Hydrochloride 1000mg Tablets IP,Vildagliptin,15's,15,36.09,True,2.406,Anti-Diabetic,Jan Aushadhi (PMBJP) product and MRP list,https://janaushadhi.gov.in/product-portfolio/product-mrp-list,Exported from the site's own Download Files button. Direct API calls to port 8443 return 500 from outside the browser.,False,,2026-08-06T05:37:19+00:00
1464,Janaushadhi Protein Bar (35 gm),Janaushadhi Protein Bar gm,1's Bar,1,40.04,True,40.04,Nutraceuticals,Jan Aushadhi (PMBJP) product and MRP list,https://janaushadhi.gov.in/product-portfolio/product-mrp-list,Exported from the site's own Download Files button. Direct API calls to port 8443 return 500 from outside the browser.,False,,2026-08-06T05:37:19+00:00
1465,Janaushadhi Immunity Bar (10 gm),Janaushadhi Immunity Bar gm,1's Bar,1,8.9,True,8.9,Nutraceuticals,Jan Aushadhi (PMBJP) product and MRP list,https://janaushadhi.gov.in/product-portfolio/product-mrp-list,Exported from the site's own Download Files button. Direct API calls to port 8443 return 500 from outside the browser.,False,,2026-08-06T05:37:19+00:00
1466,Janaushadhi Protein Powder (Vanilla) 250 gm,Janaushadhi Protein Vanilla gm,1's Tin 250g,1,177.97,True,177.97,Nutraceuticals,Jan Aushadhi (PMBJP) product and MRP list,https://janaushadhi.gov.in/product-portfolio/product-mrp-list,Exported from the site's own Download Files button. Direct API calls to port 8443 return 500 from outside the browser.,False,,2026-08-06T05:37:19+00:00
1467,Janaushadhi Protein Powder (Kesar Pista) 250 gm,Janaushadhi Protein Kesar Pista gm,1's Tin 250g,1,177.97,True,177.97,Nutraceuticals,Jan Aushadhi (PMBJP) product and MRP list,https://janaushadhi.gov.in/product-portfolio/product-mrp-list,Exported from the site's own Download Files button. Direct API calls to port 8443 return 500 from outside the browser.,False,,2026-08-06T05:37:19+00:00
1471,"Janaushadhi Poshan (Malt based food with Cocoa, 500gm)",Janaushadhi Poshan Malt based food with Cocoa gm,1's Screw Cap Plastic Jar,1,164.62,True,164.62,Nutraceuticals,Jan Aushadhi (PMBJP) product and MRP list,https://janaushadhi.gov.in/product-portfolio/product-mrp-list,Exported from the site's own Download Files button. Direct API calls to port 8443 return 500 from outside the browser.,False,,2026-08-06T05:37:19+00:00
1472,Janaushadhi Janani (Vanilla) 250 gm,Janaushadhi Janani Vanilla gm,1's Tin 250g,1,200.21,True,200.21,Nutraceuticals,Jan Aushadhi (PMBJP) product and MRP list,https://janaushadhi.gov.in/product-portfolio/product-mrp-list,Exported from the site's own Download Files button. Direct API calls to port 8443 return 500 from outside the browser.,False,,2026-08-06T05:37:19+00:00
1473,Hand Sanitizer 100 ml (Each pack contains: Ethanol 70% v/v and Chlorhexidine Gluconate 0.5% w/v),Hand Sanitizer,100 ml,100,40.0,True,0.4,Antiseptic/Disinfectants,Jan Aushadhi (PMBJP) product and MRP list,https://janaushadhi.gov.in/product-portfolio/product-mrp-list,Exported from the site's own Download Files button. Direct API calls to port 8443 return 500 from outside the browser.,False,,2026-08-06T05:37:19+00:00
1474,Hand Sanitizer 500 ml (Each pack contains: Ethanol 70% v/v and Chlorhexidine Gluconate 0.5% w/v),Hand Sanitizer,500 ml,500,200.0,True,0.4,Antiseptic/Disinfectants,Jan Aushadhi (PMBJP) product and MRP list,https://janaushadhi.gov.in/product-portfolio/product-mrp-list,Exported from the site's own Download Files button. Direct API calls to port 8443 return 500 from outside the browser.,False,,2026-08-06T05:37:19+00:00
1475,Hand Sanitizer 250 ml (Each pack contains: Ethanol 70% v/v and Chlorhexidine Gluconate 0.5% w/v),Hand Sanitizer,250 ml,250,100.0,True,0.4,Antiseptic/Disinfectants,Jan Aushadhi (PMBJP) product and MRP list,https://janaushadhi.gov.in/product-portfolio/product-mrp-list,Exported from the site's own Download Files button. Direct API calls to port 8443 return 500 from outside the browser.,False,,2026-08-06T05:37:19+00:00
1476,Hydroxychloroquine Tablet IP 400 mg,Hydroxychloroquine,10's,10,76.88,True,7.688,Anti-Malarial,Jan Aushadhi (PMBJP) product and MRP list,https://janaushadhi.gov.in/product-portfolio/product-mrp-list,Exported from the site's own Download Files button. Direct API calls to port 8443 return 500 from outside the browser.,False,,2026-08-06T05:37:19+00:00
1479,Canagliflozin Tablets 100 mg,Canagliflozin,10's,10,174.38,True,17.438,Anti-Diabetic,Jan Aushadhi (PMBJP) product and MRP list,https://janaushadhi.gov.in/product-portfolio/product-mrp-list,Exported from the site's own Download Files button. Direct API calls to port 8443 return 500 from outside the browser.,False,,2026-08-06T05:37:19+00:00
1480,Metformin 500mg (Prolonged release) and Glimepiride 0.5mg Tablets IP,Metformin,10's,10,18.15,True,1.815,Anti-Diabetic,Jan Aushadhi (PMBJP) product and MRP list,https://janaushadhi.gov.in/product-portfolio/product-mrp-list,Exported from the site's own Download Files button. Direct API calls to port 8443 return 500 from outside the browser.,False,,2026-08-06T05:37:19+00:00
1481,Metformin 1000mg (Prolonged release) and Glimepiride 1mg Tablets IP,Metformin,10's,10,29.49,True,2.949,Anti-Diabetic,Jan Aushadhi (PMBJP) product and MRP list,https://janaushadhi.gov.in/product-portfolio/product-mrp-list,Exported from the site's own Download Files button. Direct API calls to port 8443 return 500 from outside the browser.,False,,2026-08-06T05:37:19+00:00
1482,Metformin 1000mg (Prolonged release) and Glimepiride 3mg Tablets IP,Metformin,15's,15,43.11,True,2.874,Anti-Diabetic,Jan Aushadhi (PMBJP) product and MRP list,https://janaushadhi.gov.in/product-portfolio/product-mrp-list,Exported from the site's own Download Files button. Direct API calls to port 8443 return 500 from outside the browser.,False,,2026-08-06T05:37:19+00:00
1483,Metformin 1000mg (Prolonged release) and Glimepiride 4mg Tablets IP,Metformin,15's,15,43.13,True,2.8753,Anti-Diabetic,Jan Aushadhi (PMBJP) product and MRP list,https://janaushadhi.gov.in/product-portfolio/product-mrp-list,Exported from the site's own Download Files button. Direct API calls to port 8443 return 500 from outside the browser.,False,,2026-08-06T05:37:19+00:00
1485,Mesalazine Prolonged release Tablets IP 1200 mg,Mesalazine Prolonged release,10's,10,129.38,True,12.938,Gastrointestinal (GIT),Jan Aushadhi (PMBJP) product and MRP list,https://janaushadhi.gov.in/product-portfolio/product-mrp-list,Exported from the site's own Download Files button. Direct API calls to port 8443 return 500 from outside the browser.,False,,2026-08-06T05:37:19+00:00
1487,Selenium Sulphide Shampoo 2.5% w/v,Selenium Sulphide Shampoo w v,120 ml,120,174.38,True,1.4532,Derma Care,Jan Aushadhi (PMBJP) product and MRP list,https://janaushadhi.gov.in/product-portfolio/product-mrp-list,Exported from the site's own Download Files button. Direct API calls to port 8443 return 500 from outside the browser.,False,,2026-08-06T05:37:19+00:00
1488,Acarbose Tablets IP 25 mg,Acarbose,10's,10,37.5,True,3.75,Anti-Diabetic,Jan Aushadhi (PMBJP) product and MRP list,https://janaushadhi.gov.in/product-portfolio/product-mrp-list,Exported from the site's own Download Files button. Direct API calls to port 8443 return 500 from outside the browser.,False,,2026-08-06T05:37:19+00:00
1489,Acebrophylline 100mg and Acetylcysteine 600mg Tablets,Acebrophylline,10's,10,61.88,True,6.188,Respiratory,Jan Aushadhi (PMBJP) product and MRP list,https://janaushadhi.gov.in/product-portfolio/product-mrp-list,Exported from the site's own Download Files button. Direct API calls to port 8443 return 500 from outside the browser.,False,,2026-08-06T05:37:19+00:00
1490,Acebrophylline Sustained Release Tablets 200 mg,Acebrophylline Sustained Release,10's,10,28.13,True,2.813,Respiratory,Jan Aushadhi (PMBJP) product and MRP list,https://janaushadhi.gov.in/product-portfolio/product-mrp-list,Exported from the site's own Download Files button. Direct API calls to port 8443 return 500 from outside the browser.,False,,2026-08-06T05:37:19+00:00
1492,Aceclofenac 200mg (Sustained release) and Rabeprazole Sodium 20mg (Enteric-coated) Capsules,Aceclofenac,10's,10,28.13,True,2.813,Analgesic/Antipyretic/Anti-Inflammatory,Jan Aushadhi (PMBJP) product and MRP list,https://janaushadhi.gov.in/product-portfolio/product-mrp-list,Exported from the site's own Download Files button. Direct API calls to port 8443 return 500 from outside the browser.,False,,2026-08-06T05:37:19+00:00
1493,"Aceclofenac 100mg, Paracetamol 325mg and Thiocolchicoside 4mg Tablets",Aceclofenac,10's,10,51.56,True,5.156,Analgesic/Antipyretic/Anti-Inflammatory,Jan Aushadhi (PMBJP) product and MRP list,https://janaushadhi.gov.in/product-portfolio/product-mrp-list,Exported from the site's own Download Files button. Direct API calls to port 8443 return 500 from outside the browser.,False,,2026-08-06T05:37:19+00:00
1495,"Aceclofenac 100mg, Paracetamol 325mg and Tizanidine 2mg Tablets",Aceclofenac,10's,10,18.75,True,1.875,Analgesic/Antipyretic/Anti-Inflammatory,Jan Aushadhi (PMBJP) product and MRP list,https://janaushadhi.gov.in/product-portfolio/product-mrp-list,Exported from the site's own Download Files button. Direct API calls to port 8443 return 500 from outside the browser.,False,,2026-08-06T05:37:19+00:00
1496,Aciclovir Dispersible Tablets IP 400 mg,Aciclovir Dispersible,5's,5,28.13,True,5.626,Anti-Viral,Jan Aushadhi (PMBJP) product and MRP list,https://janaushadhi.gov.in/product-portfolio/product-mrp-list,Exported from the site's own Download Files button. Direct API calls to port 8443 return 500 from outside the browser.,False,,2026-08-06T05:37:19+00:00
1497,Acitretin Capsules IP 25 mg,Acitretin,10's,10,234.38,True,23.438,Derma Care,Jan Aushadhi (PMBJP) product and MRP list,https://janaushadhi.gov.in/product-portfolio/product-mrp-list,Exported from the site's own Download Files button. Direct API calls to port 8443 return 500 from outside the browser.,False,,2026-08-06T05:37:19+00:00
1498,Acotiamide Tablets 100mg,Acotiamide,10's,10,68.44,True,6.844,Gastrointestinal (GIT),Jan Aushadhi (PMBJP) product and MRP list,https://janaushadhi.gov.in/product-portfolio/product-mrp-list,Exported from the site's own Download Files button. Direct API calls to port 8443 return 500 from outside the browser.,False,,2026-08-06T05:37:19+00:00
1501,Amantadine Hydrochloride Capsules IP 100 mg,Amantadine Hydrochloride,10's,10,46.88,True,4.688,Central Nervous System (CNS),Jan Aushadhi (PMBJP) product and MRP list,https://janaushadhi.gov.in/product-portfolio/product-mrp-list,Exported from the site's own Download Files button. Direct API calls to port 8443 return 500 from outside the browser.,False,,2026-08-06T05:37:19+00:00
1502,Amiodarone Tablets IP 100 mg,Amiodarone,10's,10,29.06,True,2.906,Cardiovascular System (CVS),Jan Aushadhi (PMBJP) product and MRP list,https://janaushadhi.gov.in/product-portfolio/product-mrp-list,Exported from the site's own Download Files button. Direct API calls to port 8443 return 500 from outside the browser.,False,,2026-08-06T05:37:19+00:00
1503,Amlodipine Besilate 5mg and Bisoprolol Fumarate 5mg Tablets,Amlodipine Besilate,10's,10,18.56,True,1.856,Cardiovascular System (CVS),Jan Aushadhi (PMBJP) product and MRP list,https://janaushadhi.gov.in/product-portfolio/product-mrp-list,Exported from the site's own Download Files button. Direct API calls to port 8443 return 500 from outside the browser.,False,,2026-08-06T05:37:19+00:00
1504,Amorolfine Cream 0.25% w/w,Amorolfine w w,30 g,30,51.56,True,1.7187,Anti-Fungal,Jan Aushadhi (PMBJP) product and MRP list,https://janaushadhi.gov.in/product-portfolio/product-mrp-list,Exported from the site's own Download Files button. Direct API calls to port 8443 return 500 from outside the browser.,False,,2026-08-06T05:37:19+00:00
1505,Amoxycillin 400mg and Potassium Clavulanate 57mg Oral Suspension IP,Amoxycillin,30 ml,30,46.88,True,1.5627,Antibiotics,Jan Aushadhi (PMBJP) product and MRP list,https://janaushadhi.gov.in/product-portfolio/product-mrp-list,Exported from the site's own Download Files button. Direct API calls to port 8443 return 500 from outside the browser.,False,,2026-08-06T05:37:19+00:00
1506,Amoxycillin 80mg and Potassium Clavulanate 11.4mg Oral Suspension IP,Amoxycillin,10 ml,10,32.81,True,3.281,Antibiotics,Jan Aushadhi (PMBJP) product and MRP list,https://janaushadhi.gov.in/product-portfolio/product-mrp-list,Exported from the site's own Download Files button. Direct API calls to port 8443 return 500 from outside the browser.,False,,2026-08-06T05:37:19+00:00
1507,"Amoxycillin 250mg, Dicloxacillin 250mg and Lactic Acid Bacillus 2.5 billion Capsules",Amoxycillin,10's,10,45.0,True,4.5,Antibiotics,Jan Aushadhi (PMBJP) product and MRP list,https://janaushadhi.gov.in/product-portfolio/product-mrp-list,Exported from the site's own Download Files button. Direct API calls to port 8443 return 500 from outside the browser.,False,,2026-08-06T05:37:19+00:00
1508,Ampicillin 250mg and Cloxacillin 250mg Capsules,Ampicillin,10's,10,28.13,True,2.813,Antibiotics,Jan Aushadhi (PMBJP) product and MRP list,https://janaushadhi.gov.in/product-portfolio/product-mrp-list,Exported from the site's own Download Files button. Direct API calls to port 8443 return 500 from outside the browser.,False,,2026-08-06T05:37:19+00:00
1509,Ampicillin 250mg and Di-Cloxacillin 250mg Capsules,Ampicillin,10's,10,42.19,True,4.219,Antibiotics,Jan Aushadhi (PMBJP) product and MRP list,https://janaushadhi.gov.in/product-portfolio/product-mrp-list,Exported from the site's own Download Files button. Direct API calls to port 8443 return 500 from outside the browser.,False,,2026-08-06T05:37:19+00:00
1510,Anti-D (Rho) Immunoglobulin (Monoclonal) 300 mcg,Anti D Rho Immunoglobulin Monoclonal,1 ml Vial,1,0.0,False,,Gynaecology,Jan Aushadhi (PMBJP) product and MRP list,https://janaushadhi.gov.in/product-portfolio/product-mrp-list,Exported from the site's own Download Files button. Direct API calls to port 8443 return 500 from outside the browser.,False,,2026-08-06T05:37:19+00:00
1511,Antioxidant Capsules,Antioxidant,30's,30,60.94,True,2.0313,Supplement/Vitamin/Mineral,Jan Aushadhi (PMBJP) product and MRP list,https://janaushadhi.gov.in/product-portfolio/product-mrp-list,Exported from the site's own Download Files button. Direct API calls to port 8443 return 500 from outside the browser.,False,,2026-08-06T05:37:19+00:00
1512,Apremilast Tablets IP 10mg,Apremilast,10's,10,75.0,True,7.5,Derma Care,Jan Aushadhi (PMBJP) product and MRP list,https://janaushadhi.gov.in/product-portfolio/product-mrp-list,Exported from the site's own Download Files button. Direct API calls to port 8443 return 500 from outside the browser.,False,,2026-08-06T05:37:19+00:00
1513,Apremilast Tablets IP 20mg,Apremilast,10's,10,93.75,True,9.375,Derma Care,Jan Aushadhi (PMBJP) product and MRP list,https://janaushadhi.gov.in/product-portfolio/product-mrp-list,Exported from the site's own Download Files button. Direct API calls to port 8443 return 500 from outside the browser.,False,,2026-08-06T05:37:19+00:00
1514,Apremilast Tablets IP 30mg,Apremilast,10's,10,129.38,True,12.938,Derma Care,Jan Aushadhi (PMBJP) product and MRP list,https://janaushadhi.gov.in/product-portfolio/product-mrp-list,Exported from the site's own Download Files button. Direct API calls to port 8443 return 500 from outside the browser.,False,,2026-08-06T05:37:19+00:00
1515,Atorvastatin 10mg and Aspirin 150mg Capsules,Atorvastatin,15's,15,24.38,True,1.6253,Cardiovascular System (CVS),Jan Aushadhi (PMBJP) product and MRP list,https://janaushadhi.gov.in/product-portfolio/product-mrp-list,Exported from the site's own Download Files button. Direct API calls to port 8443 return 500 from outside the browser.,False,,2026-08-06T05:37:19+00:00
1516,Atorvastatin 20mg and Clopidogrel 75mg Capsules,Atorvastatin,10's,10,39.7,True,3.97,Cardiovascular System (CVS),Jan Aushadhi (PMBJP) product and MRP list,https://janaushadhi.gov.in/product-portfolio/product-mrp-list,Exported from the site's own Download Files button. Direct API calls to port 8443 return 500 from outside the browser.,False,,2026-08-06T05:37:19+00:00
1517,"Atorvastatin 20mg, Clopidogrel 75mg and Aspirin 75mg Capsules",Atorvastatin,10's,10,45.38,True,4.538,Cardiovascular System (CVS),Jan Aushadhi (PMBJP) product and MRP list,https://janaushadhi.gov.in/product-portfolio/product-mrp-list,Exported from the site's own Download Files button. Direct API calls to port 8443 return 500 from outside the browser.,False,,2026-08-06T05:37:19+00:00
1518,Azilsartan 40mg and Chlorthalidone 6.25mg Tablet,Azilsartan,10's,10,60.94,True,6.094,Cardiovascular System (CVS),Jan Aushadhi (PMBJP) product and MRP list,https://janaushadhi.gov.in/product-portfolio/product-mrp-list,Exported from the site's own Download Files button. Direct API calls to port 8443 return 500 from outside the browser.,False,,2026-08-06T05:37:19+00:00
1519,Azilsartan Medoxomil 40mg andÂ ChlorthalidoneÂ 12.5mg Tablets,Azilsartan Medoxomil,10's,10,68.44,True,6.844,Cardiovascular System (CVS),Jan Aushadhi (PMBJP) product and MRP list,https://janaushadhi.gov.in/product-portfolio/product-mrp-list,Exported from the site's own Download Files button. Direct API calls to port 8443 return 500 from outside the browser.,False,,2026-08-06T05:37:19+00:00
1520,Azilsartan Medoxomil Tablets IP 40mg,Azilsartan Medoxomil,10's,10,60.0,True,6.0,Cardiovascular System (CVS),Jan Aushadhi (PMBJP) product and MRP list,https://janaushadhi.gov.in/product-portfolio/product-mrp-list,Exported from the site's own Download Files button. Direct API calls to port 8443 return 500 from outside the browser.,False,,2026-08-06T05:37:19+00:00
1521,Azithromycin Oral Suspension IP 200 mg,Azithromycin Oral,15 ml,15,20.63,True,1.3753,Antibiotics,Jan Aushadhi (PMBJP) product and MRP list,https://janaushadhi.gov.in/product-portfolio/product-mrp-list,Exported from the site's own Download Files button. Direct API calls to port 8443 return 500 from outside the browser.,False,,2026-08-06T05:37:19+00:00
1522,Beclomethasone 0.025%w/w and Clotrimazole 1%w/w Cream,Beclomethasone,20 g,20,23.44,True,1.172,Dermatology/Topical/External,Jan Aushadhi (PMBJP) product and MRP list,https://janaushadhi.gov.in/product-portfolio/product-mrp-list,Exported from the site's own Download Files button. Direct API calls to port 8443 return 500 from outside the browser.,False,,2026-08-06T05:37:19+00:00
1523,Beclomethasone 0.025%w/v and Clotrimazole 1%w/v Lotion,Beclomethasone,30 ml,30,28.13,True,0.9377,Dermatology/Topical/External,Jan Aushadhi (PMBJP) product and MRP list,https://janaushadhi.gov.in/product-portfolio/product-mrp-list,Exported from the site's own Download Files button. Direct API calls to port 8443 return 500 from outside the browser.,False,,2026-08-06T05:37:19+00:00
1524,Bepotastine Besilate  Tablets 10mg,Bepotastine Besilate,10's,10,60.94,True,6.094,Anti-Histaminic,Jan Aushadhi (PMBJP) product and MRP list,https://janaushadhi.gov.in/product-portfolio/product-mrp-list,Exported from the site's own Download Files button. Direct API calls to port 8443 return 500 from outside the browser.,False,,2026-08-06T05:37:19+00:00
1525,Betahistine Tablets IP 16 mg,Betahistine,15's,15,16.5,True,1.1,Central Nervous System (CNS),Jan Aushadhi (PMBJP) product and MRP list,https://janaushadhi.gov.in/product-portfolio/product-mrp-list,Exported from the site's own Download Files button. Direct API calls to port 8443 return 500 from outside the browser.,False,,2026-08-06T05:37:19+00:00
1526,Betahistine Tablets IP 24 mg,Betahistine,15's,15,22.5,True,1.5,Central Nervous System (CNS),Jan Aushadhi (PMBJP) product and MRP list,https://janaushadhi.gov.in/product-portfolio/product-mrp-list,Exported from the site's own Download Files button. Direct API calls to port 8443 return 500 from outside the browser.,False,,2026-08-06T05:37:19+00:00
1527,"Betamethasone Valerate 0.12%w/w, Gentamicin 0.1%w/w and Miconazole Nitrate 2%w/w Cream",Betamethasone Valerate,20 g,20,15.0,True,0.75,Dermatology/Topical/External,Jan Aushadhi (PMBJP) product and MRP list,https://janaushadhi.gov.in/product-portfolio/product-mrp-list,Exported from the site's own Download Files button. Direct API calls to port 8443 return 500 from outside the browser.,False,,2026-08-06T05:37:19+00:00
1528,Bilastine Tablets 20 mg,Bilastine,10's,10,32.81,True,3.281,Anti-Histaminic,Jan Aushadhi (PMBJP) product and MRP list,https://janaushadhi.gov.in/product-portfolio/product-mrp-list,Exported from the site's own Download Files button. Direct API calls to port 8443 return 500 from outside the browser.,False,,2026-08-06T05:37:19+00:00
1529,Bimatoprost Ophthalmic Solution 0.01% w/v,Bimatoprost Ophthalmic w v,3 ml,3,0.0,False,,Opthalmic/Otic,Jan Aushadhi (PMBJP) product and MRP list,https://janaushadhi.gov.in/product-portfolio/product-mrp-list,Exported from the site's own Download Files button. Direct API calls to port 8443 return 500 from outside the browser.,False,,2026-08-06T05:37:19+00:00
1530,Bimatoprost Ophthalmic Solution 0.03% w/v,Bimatoprost Ophthalmic w v,3 ml,3,159.38,True,53.1267,Opthalmic/Otic,Jan Aushadhi (PMBJP) product and MRP list,https://janaushadhi.gov.in/product-portfolio/product-mrp-list,Exported from the site's own Download Files button. Direct API calls to port 8443 return 500 from outside the browser.,False,,2026-08-06T05:37:19+00:00
1531,Bisoprolol Fumarate Tablets 2.5 mg,Bisoprolol Fumarate,10's,10,11.34,True,1.134,Cardiovascular System (CVS),Jan Aushadhi (PMBJP) product and MRP list,https://janaushadhi.gov.in/product-portfolio/product-mrp-list,Exported from the site's own Download Files button. Direct API calls to port 8443 return 500 from outside the browser.,False,,2026-08-06T05:37:19+00:00
1533,Brimonidine Tartrate 0.2%w/v and Timolol Maleate 0.5%w/v Ophthalmic Solution,Brimonidine Tartrate,5 ml,5,46.88,True,9.376,Opthalmic/Otic,Jan Aushadhi (PMBJP) product and MRP list,https://janaushadhi.gov.in/product-portfolio/product-mrp-list,Exported from the site's own Download Files button. Direct API calls to port 8443 return 500 from outside the browser.,False,,2026-08-06T05:37:19+00:00
1534,Brimonidine Tartrate Eye drops IP 0.1% w/v,Brimonidine Tartrate Eye w v,5 ml,5,18.75,True,3.75,Opthalmic/Otic,Jan Aushadhi (PMBJP) product and MRP list,https://janaushadhi.gov.in/product-portfolio/product-mrp-list,Exported from the site's own Download Files button. Direct API calls to port 8443 return 500 from outside the browser.,False,,2026-08-06T05:37:19+00:00
1536,Calcitriol 0.25mcg and Calcium 200mg Capsules,Calcitriol,15's,15,32.81,True,2.1873,Supplement/Vitamin/Mineral,Jan Aushadhi (PMBJP) product and MRP list,https://janaushadhi.gov.in/product-portfolio/product-mrp-list,Exported from the site's own Download Files button. Direct API calls to port 8443 return 500 from outside the browser.,False,,2026-08-06T05:37:19+00:00
1537,Calcium and Vitamin D3 Capsules,Calcium and Vitamin D,10's,10,34.03,True,3.403,Supplement/Vitamin/Mineral,Jan Aushadhi (PMBJP) product and MRP list,https://janaushadhi.gov.in/product-portfolio/product-mrp-list,Exported from the site's own Download Files button. Direct API calls to port 8443 return 500 from outside the browser.,False,,2026-08-06T05:37:19+00:00
1538,"Calcium Citrate Malate 250mg, Calcitriol 0.25mcg and Vitamin K2-7 50mcg Tablets",Calcium Citrate Malate,10's,10,37.5,True,3.75,Supplement/Vitamin/Mineral,Jan Aushadhi (PMBJP) product and MRP list,https://janaushadhi.gov.in/product-portfolio/product-mrp-list,Exported from the site's own Download Files button. Direct API calls to port 8443 return 500 from outside the browser.,False,,2026-08-06T05:37:19+00:00
1540,Calcium (from Coral Grains) 500mg and Vitamin D-3 500IU Tablets,Calcium from Coral Grains,10's,10,28.13,True,2.813,Supplement/Vitamin/Mineral,Jan Aushadhi (PMBJP) product and MRP list,https://janaushadhi.gov.in/product-portfolio/product-mrp-list,Exported from the site's own Download Files button. Direct API calls to port 8443 return 500 from outside the browser.,False,,2026-08-06T05:37:19+00:00
1541,"Calcium 1250mg, Calcitriol 0.25mcg and Vitamin K2-7 45mcg Capsules",Calcium,10's,10,51.57,True,5.157,Supplement/Vitamin/Mineral,Jan Aushadhi (PMBJP) product and MRP list,https://janaushadhi.gov.in/product-portfolio/product-mrp-list,Exported from the site's own Download Files button. Direct API calls to port 8443 return 500 from outside the browser.,False,,2026-08-06T05:37:19+00:00
1542,"Calcium, Magnesium, zinc and Vitamin D-3 Oral Suspension",Calcium Magnesium zinc and Vitamin D Oral,200 ml,200,35.63,True,0.1782,Supplement/Vitamin/Mineral,Jan Aushadhi (PMBJP) product and MRP list,https://janaushadhi.gov.in/product-portfolio/product-mrp-list,Exported from the site's own Download Files button. Direct API calls to port 8443 return 500 from outside the browser.,False,,2026-08-06T05:37:19+00:00
1543,Camylofin Dihydrochloride 25mg and Paracetamol 300mg Tablets,Camylofin Dihydrochloride,10's,10,18.75,True,1.875,Analgesic/Antipyretic/Anti-Inflammatory,Jan Aushadhi (PMBJP) product and MRP list,https://janaushadhi.gov.in/product-portfolio/product-mrp-list,Exported from the site's own Download Files button. Direct API calls to port 8443 return 500 from outside the browser.,False,,2026-08-06T05:37:19+00:00
1544,"Coenzyme Q10 100mg, Lycopene 4000mcg, Selenium 70mcg and Omega-3 Fatty Acids (EPA 90mg and DHA 60mg) Capsules",Coenzyme Q,10's,10,140.63,True,14.063,Supplement/Vitamin/Mineral,Jan Aushadhi (PMBJP) product and MRP list,https://janaushadhi.gov.in/product-portfolio/product-mrp-list,Exported from the site's own Download Files button. Direct API calls to port 8443 return 500 from outside the browser.,False,,2026-08-06T05:37:19+00:00
1545,Carboxymethlycellulose Eye drops IP 1% w/v,Carboxymethlycellulose Eye w v,10 ml,10,28.13,True,2.813,Opthalmic/Otic,Jan Aushadhi (PMBJP) product and MRP list,https://janaushadhi.gov.in/product-portfolio/product-mrp-list,Exported from the site's own Download Files button. Direct API calls to port 8443 return 500 from outside the browser.,False,,2026-08-06T05:37:19+00:00
1548,Cefixime Oral Suspension IP 100 mg per 5ml,Cefixime Oral,30 ml,30,30.0,True,1.0,Antibiotics,Jan Aushadhi (PMBJP) product and MRP list,https://janaushadhi.gov.in/product-portfolio/product-mrp-list,Exported from the site's own Download Files button. Direct API calls to port 8443 return 500 from outside the browser.,False,,2026-08-06T05:37:19+00:00
1549,Cefixime Oral Suspension IP 25 mg per ml,Cefixime Oral,10 ml,10,20.63,True,2.063,Antibiotics,Jan Aushadhi (PMBJP) product and MRP list,https://janaushadhi.gov.in/product-portfolio/product-mrp-list,Exported from the site's own Download Files button. Direct API calls to port 8443 return 500 from outside the browser.,False,,2026-08-06T05:37:19+00:00
1551,Cefoperazone 1g andÂ SulbactamÂ 500mg Injection,Cefoperazone,1 Vial,1,60.94,True,60.94,Antibiotics,Jan Aushadhi (PMBJP) product and MRP list,https://janaushadhi.gov.in/product-portfolio/product-mrp-list,Exported from the site's own Download Files button. Direct API calls to port 8443 return 500 from outside the browser.,False,,2026-08-06T05:37:19+00:00
1552,Cefoperazone 2g andÂ SulbactamÂ 1g Injection,Cefoperazone,1 Vial,1,107.81,True,107.81,Antibiotics,Jan Aushadhi (PMBJP) product and MRP list,https://janaushadhi.gov.in/product-portfolio/product-mrp-list,Exported from the site's own Download Files button. Direct API calls to port 8443 return 500 from outside the browser.,False,,2026-08-06T05:37:19+00:00
1553,Cefpodoxime Oral Suspension IP 100mg,Cefpodoxime Oral,30 ml,30,37.5,True,1.25,Antibiotics,Jan Aushadhi (PMBJP) product and MRP list,https://janaushadhi.gov.in/product-portfolio/product-mrp-list,Exported from the site's own Download Files button. Direct API calls to port 8443 return 500 from outside the browser.,False,,2026-08-06T05:37:19+00:00
1554,Ceftriaxone 250mg andÂ TazobactamÂ 31.25mg Injection,Ceftriaxone,1 Vial & wfi,1,22.5,True,22.5,Antibiotics,Jan Aushadhi (PMBJP) product and MRP list,https://janaushadhi.gov.in/product-portfolio/product-mrp-list,Exported from the site's own Download Files button. Direct API calls to port 8443 return 500 from outside the browser.,False,,2026-08-06T05:37:19+00:00
1555,Ceftriaxone Injection IP 2 g,Ceftriaxone,1 Vial & wfi,1,56.25,True,56.25,Antibiotics,Jan Aushadhi (PMBJP) product and MRP list,https://janaushadhi.gov.in/product-portfolio/product-mrp-list,Exported from the site's own Download Files button. Direct API calls to port 8443 return 500 from outside the browser.,False,,2026-08-06T05:37:19+00:00
1556,Cephalexin Extended Release Tablets 750mg,Cephalexin Extended Release,10's,10,107.81,True,10.781,Antibiotics,Jan Aushadhi (PMBJP) product and MRP list,https://janaushadhi.gov.in/product-portfolio/product-mrp-list,Exported from the site's own Download Files button. Direct API calls to port 8443 return 500 from outside the browser.,False,,2026-08-06T05:37:19+00:00
1557,Cerebroprotein Hydrolysate Injection 30mg,Cerebroprotein Hydrolysate,1 vial,1,187.5,True,187.5,Central Nervous System (CNS),Jan Aushadhi (PMBJP) product and MRP list,https://janaushadhi.gov.in/product-portfolio/product-mrp-list,Exported from the site's own Download Files button. Direct API calls to port 8443 return 500 from outside the browser.,False,,2026-08-06T05:37:19+00:00
1559,Chloramphenicol Capsules IP 250 mg,Chloramphenicol,10's,10,37.5,True,3.75,Antibiotics,Jan Aushadhi (PMBJP) product and MRP list,https://janaushadhi.gov.in/product-portfolio/product-mrp-list,Exported from the site's own Download Files button. Direct API calls to port 8443 return 500 from outside the browser.,False,,2026-08-06T05:37:19+00:00
1560,Chloramphenicol Capsules IP 500 mg,Chloramphenicol,10's,10,60.94,True,6.094,Antibiotics,Jan Aushadhi (PMBJP) product and MRP list,https://janaushadhi.gov.in/product-portfolio/product-mrp-list,Exported from the site's own Download Files button. Direct API calls to port 8443 return 500 from outside the browser.,False,,2026-08-06T05:37:19+00:00
1562,Chlordiazepoxide 5mg and Amitriptyline Hydrochloride 12.5mg Tablets,Chlordiazepoxide,10's,10,8.44,True,0.844,Central Nervous System (CNS),Jan Aushadhi (PMBJP) product and MRP list,https://janaushadhi.gov.in/product-portfolio/product-mrp-list,Exported from the site's own Download Files button. Direct API calls to port 8443 return 500 from outside the browser.,False,,2026-08-06T05:37:19+00:00
1564,Cholecalciferol Chewable Tablets 60000 IU,Cholecalciferol Chewable,4'S,4,17.02,True,4.255,Supplement/Vitamin/Mineral,Jan Aushadhi (PMBJP) product and MRP list,https://janaushadhi.gov.in/product-portfolio/product-mrp-list,Exported from the site's own Download Files button. Direct API calls to port 8443 return 500 from outside the browser.,False,,2026-08-06T05:37:19+00:00
1565,Cilnidipine Tablets IP 10 mg,Cilnidipine,10's,10,17.02,True,1.702,Cardiovascular System (CVS),Jan Aushadhi (PMBJP) product and MRP list,https://janaushadhi.gov.in/product-portfolio/product-mrp-list,Exported from the site's own Download Files button. Direct API calls to port 8443 return 500 from outside the browser.,False,,2026-08-06T05:37:19+00:00
1566,Cilnidipine Tablets IP 5 mg,Cilnidipine,10's,10,11.34,True,1.134,Cardiovascular System (CVS),Jan Aushadhi (PMBJP) product and MRP list,https://janaushadhi.gov.in/product-portfolio/product-mrp-list,Exported from the site's own Download Files button. Direct API calls to port 8443 return 500 from outside the browser.,False,,2026-08-06T05:37:19+00:00
1567,Pantoprazole Gastro-resistant 40mg and Cinitapride Sustained release 3mg Capsules,Pantoprazole Gastro resistant,10's,10,51.56,True,5.156,Gastrointestinal (GIT),Jan Aushadhi (PMBJP) product and MRP list,https://janaushadhi.gov.in/product-portfolio/product-mrp-list,Exported from the site's own Download Files button. Direct API calls to port 8443 return 500 from outside the browser.,False,,2026-08-06T05:37:19+00:00
1568,Cinnarizine Tablets IP 75mg,Cinnarizine,10's,10,14.06,True,1.406,Central Nervous System (CNS),Jan Aushadhi (PMBJP) product and MRP list,https://janaushadhi.gov.in/product-portfolio/product-mrp-list,Exported from the site's own Download Files button. Direct API calls to port 8443 return 500 from outside the browser.,False,,2026-08-06T05:37:19+00:00
1569,Ciprofloxacin 0.3% w/v and Dexamethasone 0.1% w/v Eye/Ear Drops,Ciprofloxacin w v and Dexamethasone w v Eye Ear,10 ml,10,10.31,True,1.031,Antibiotics,Jan Aushadhi (PMBJP) product and MRP list,https://janaushadhi.gov.in/product-portfolio/product-mrp-list,Exported from the site's own Download Files button. Direct API calls to port 8443 return 500 from outside the browser.,False,,2026-08-06T05:37:19+00:00
1570,Citicoline 500mg and Piracetam 800mg Tablets,Citicoline,10's,10,206.25,True,20.625,Central Nervous System (CNS),Jan Aushadhi (PMBJP) product and MRP list,https://janaushadhi.gov.in/product-portfolio/product-mrp-list,Exported from the site's own Download Files button. Direct API calls to port 8443 return 500 from outside the browser.,False,,2026-08-06T05:37:19+00:00
1571,"Clidinium Bromide 2.5mg, Chlordiazepoxide 5mg and Dicyclomine Hydrochloride 10mg Tablets",Clidinium Bromide,10's,10,13.13,True,1.313,Gastrointestinal (GIT),Jan Aushadhi (PMBJP) product and MRP list,https://janaushadhi.gov.in/product-portfolio/product-mrp-list,Exported from the site's own Download Files button. Direct API calls to port 8443 return 500 from outside the browser.,False,,2026-08-06T05:37:19+00:00
1572,Clindamycin 1%w/w and Nicotinamide 4%w/w Gel,Clindamycin,15 g,15,18.75,True,1.25,Dermatology/Topical/External,Jan Aushadhi (PMBJP) product and MRP list,https://janaushadhi.gov.in/product-portfolio/product-mrp-list,Exported from the site's own Download Files button. Direct API calls to port 8443 return 500 from outside the browser.,False,,2026-08-06T05:37:19+00:00
1574,Clobazam Tablets IP 10 mg,Clobazam,15's,15,30.0,True,2.0,Central Nervous System (CNS),Jan Aushadhi (PMBJP) product and MRP list,https://janaushadhi.gov.in/product-portfolio/product-mrp-list,Exported from the site's own Download Files button. Direct API calls to port 8443 return 500 from outside the browser.,False,,2026-08-06T05:37:19+00:00
1575,Clobetasol Propionate 0.05%w/w and Gentamicin 0.1%w/w Cream,Clobetasol Propionate,25 g,25,12.19,True,0.4876,Dermatology/Topical/External,Jan Aushadhi (PMBJP) product and MRP list,https://janaushadhi.gov.in/product-portfolio/product-mrp-list,Exported from the site's own Download Files button. Direct API calls to port 8443 return 500 from outside the browser.,False,,2026-08-06T05:37:19+00:00
1576,Clobetasol Propionate 0.05%w/w and Miconazole Nitrate 2%w/w Cream,Clobetasol Propionate,15 g,15,26.25,True,1.75,Dermatology/Topical/External,Jan Aushadhi (PMBJP) product and MRP list,https://janaushadhi.gov.in/product-portfolio/product-mrp-list,Exported from the site's own Download Files button. Direct API calls to port 8443 return 500 from outside the browser.,False,,2026-08-06T05:37:19+00:00
1577,Clobetasol Propionate 0.05%w/w and Neomycin Sulphate 0.5%w/w Cream,Clobetasol Propionate,10 g,10,14.06,True,1.406,Dermatology/Topical/External,Jan Aushadhi (PMBJP) product and MRP list,https://janaushadhi.gov.in/product-portfolio/product-mrp-list,Exported from the site's own Download Files button. Direct API calls to port 8443 return 500 from outside the browser.,False,,2026-08-06T05:37:19+00:00
1578,Clobetasol Propionate 0.05%w/w and Salicylic Acid 3%w/w Ointment,Clobetasol Propionate,20g,,28.13,True,,Dermatology/Topical/External,Jan Aushadhi (PMBJP) product and MRP list,https://janaushadhi.gov.in/product-portfolio/product-mrp-list,Exported from the site's own Download Files button. Direct API calls to port 8443 return 500 from outside the browser.,False,,2026-08-06T05:37:19+00:00
1579,Clobetasol Propionate 0.05%w/w and Salicylic Acid 6%w/w Ointment,Clobetasol Propionate,20g,,32.81,True,,Dermatology/Topical/External,Jan Aushadhi (PMBJP) product and MRP list,https://janaushadhi.gov.in/product-portfolio/product-mrp-list,Exported from the site's own Download Files button. Direct API calls to port 8443 return 500 from outside the browser.,False,,2026-08-06T05:37:19+00:00
1580,"Clobetasol Propionate 0.05%w/w, Gentamicin 0.1%w/w and Miconazole Nitrate 2%w/w Cream",Clobetasol Propionate,15 g,15,20.63,True,1.3753,Dermatology/Topical/External,Jan Aushadhi (PMBJP) product and MRP list,https://janaushadhi.gov.in/product-portfolio/product-mrp-list,Exported from the site's own Download Files button. Direct API calls to port 8443 return 500 from outside the browser.,False,,2026-08-06T05:37:19+00:00
1581,Clopidogrel 75mg and Aspirin 150mg Capsules,Clopidogrel,15's,15,58.13,True,3.8753,Cardiovascular System (CVS),Jan Aushadhi (PMBJP) product and MRP list,https://janaushadhi.gov.in/product-portfolio/product-mrp-list,Exported from the site's own Download Files button. Direct API calls to port 8443 return 500 from outside the browser.,False,,2026-08-06T05:37:19+00:00
1582,Clotrimazole 1% w/v and Selenium Sulfide 2.5% w/v Suspension,Clotrimazole w v and Selenium Sulfide w v,75 ml,75,112.5,True,1.5,Dermatology/Topical/External,Jan Aushadhi (PMBJP) product and MRP list,https://janaushadhi.gov.in/product-portfolio/product-mrp-list,Exported from the site's own Download Files button. Direct API calls to port 8443 return 500 from outside the browser.,False,,2026-08-06T05:37:19+00:00
1583,Clotrimazole Mouth Paint 1% w/v,Clotrimazole Mouth Paint w v,25 ml,25,18.75,True,0.75,Stomatologicals,Jan Aushadhi (PMBJP) product and MRP list,https://janaushadhi.gov.in/product-portfolio/product-mrp-list,Exported from the site's own Download Files button. Direct API calls to port 8443 return 500 from outside the browser.,False,,2026-08-06T05:37:19+00:00
1584,Coenzyme Q10 (Ubidecarenone) and L-Carnitine Tablets,Coenzyme Q Ubidecarenone and L Carnitine,10's,10,93.75,True,9.375,Supplement/Vitamin/Mineral,Jan Aushadhi (PMBJP) product and MRP list,https://janaushadhi.gov.in/product-portfolio/product-mrp-list,Exported from the site's own Download Files button. Direct API calls to port 8443 return 500 from outside the browser.,False,,2026-08-06T05:37:19+00:00
1585,Colistimethate Sodium for Injection IP 1 Million IU,Colistimethate Sodium for Million IU,Vial (10 ml),,168.75,True,,Antibiotics,Jan Aushadhi (PMBJP) product and MRP list,https://janaushadhi.gov.in/product-portfolio/product-mrp-list,Exported from the site's own Download Files button. Direct API calls to port 8443 return 500 from outside the browser.,False,,2026-08-06T05:37:19+00:00
1586,Colistimethate Sodium for Injection IP 4.5 Million IU,Colistimethate Sodium for Million IU,Vial (10 ml),,421.88,True,,Antibiotics,Jan Aushadhi (PMBJP) product and MRP list,https://janaushadhi.gov.in/product-portfolio/product-mrp-list,Exported from the site's own Download Files button. Direct API calls to port 8443 return 500 from outside the browser.,False,,2026-08-06T05:37:19+00:00
1587,Colistin Sulphate Oral Suspension IP 12.5 mg per 5ml,Colistin Sulphate Oral,30 ml,30,27.19,True,0.9063,Antibiotics,Jan Aushadhi (PMBJP) product and MRP list,https://janaushadhi.gov.in/product-portfolio/product-mrp-list,Exported from the site's own Download Files button. Direct API calls to port 8443 return 500 from outside the browser.,False,,2026-08-06T05:37:19+00:00
1588,"Collagen Peptide(Type I) 40mg, Sodium Hyaluronate 30mg, Chondroitin Sulfate 200mg and Vitamin C 35mg Tablets",Collagen Peptide Type I,10's,10,0.0,False,,Supplement/Vitamin/Mineral,Jan Aushadhi (PMBJP) product and MRP list,https://janaushadhi.gov.in/product-portfolio/product-mrp-list,Exported from the site's own Download Files button. Direct API calls to port 8443 return 500 from outside the browser.,False,,2026-08-06T05:37:19+00:00
1590,Dabigatran Etexilate Mesilate Capsules 110 mg,Dabigatran Etexilate Mesilate,10's,10,128.91,True,12.891,Anticoagulant,Jan Aushadhi (PMBJP) product and MRP list,https://janaushadhi.gov.in/product-portfolio/product-mrp-list,Exported from the site's own Download Files button. Direct API calls to port 8443 return 500 from outside the browser.,False,,2026-08-06T05:37:19+00:00
1591,Dabigatran Etexilate Mesilate Capsules 150 mg,Dabigatran Etexilate Mesilate,10's,10,165.0,True,16.5,Anticoagulant,Jan Aushadhi (PMBJP) product and MRP list,https://janaushadhi.gov.in/product-portfolio/product-mrp-list,Exported from the site's own Download Files button. Direct API calls to port 8443 return 500 from outside the browser.,False,,2026-08-06T05:37:19+00:00
1592,Dapagliflozin Tablets 10 mg,Dapagliflozin,10's,10,33.0,True,3.3,Anti-Diabetic,Jan Aushadhi (PMBJP) product and MRP list,https://janaushadhi.gov.in/product-portfolio/product-mrp-list,Exported from the site's own Download Files button. Direct API calls to port 8443 return 500 from outside the browser.,False,,2026-08-06T05:37:19+00:00
1593,Desloratadine 5mg and Montelukast 10mg Tablets,Desloratadine,10's,10,23.44,True,2.344,Anti-Histaminic,Jan Aushadhi (PMBJP) product and MRP list,https://janaushadhi.gov.in/product-portfolio/product-mrp-list,Exported from the site's own Download Files button. Direct API calls to port 8443 return 500 from outside the browser.,False,,2026-08-06T05:37:19+00:00
1594,"Diclofenac Diethylamine 1.16% w/w, Thiocholchicoside 0.125% w/w, Linseed Oil 3% w/w, Methylsalicylate 10% w/w and Menthol 5% w/w Gel",Diclofenac Diethylamine w w Thiocholchicoside w w Linseed Oil w w Methylsalicylate w w and Menthol w w,30 gm,30,51.57,True,1.719,Analgesic/Antipyretic/Anti-Inflammatory,Jan Aushadhi (PMBJP) product and MRP list,https://janaushadhi.gov.in/product-portfolio/product-mrp-list,Exported from the site's own Download Files button. Direct API calls to port 8443 return 500 from outside the browser.,False,,2026-08-06T05:37:19+00:00
1596,Diclofenac Potassium 50mg and Metaxalone 400mg Tablets,Diclofenac Potassium,10's,10,46.88,True,4.688,Analgesic/Antipyretic/Anti-Inflammatory,Jan Aushadhi (PMBJP) product and MRP list,https://janaushadhi.gov.in/product-portfolio/product-mrp-list,Exported from the site's own Download Files button. Direct API calls to port 8443 return 500 from outside the browser.,False,,2026-08-06T05:37:19+00:00
1597,Diclofenac Prolonged release Tablets IP 75 mg,Diclofenac Prolonged release,10's,10,9.38,True,0.938,Analgesic/Antipyretic/Anti-Inflammatory,Jan Aushadhi (PMBJP) product and MRP list,https://janaushadhi.gov.in/product-portfolio/product-mrp-list,Exported from the site's own Download Files button. Direct API calls to port 8443 return 500 from outside the browser.,False,,2026-08-06T05:37:19+00:00
1598,"Pancreatin 170 mg (containing 15000 units of Amylase activity, 4000 units of Lipase activity, 15000 units of Protease activity) and Sodium Tauroglycocholate 65mg Digestive Enzyme Tablets",Pancreatin,10's,10,70.31,True,7.031,Enzyme Preparation,Jan Aushadhi (PMBJP) product and MRP list,https://janaushadhi.gov.in/product-portfolio/product-mrp-list,Exported from the site's own Download Files button. Direct API calls to port 8443 return 500 from outside the browser.,False,,2026-08-06T05:37:19+00:00
1599,Diltiazem Hydrochloride Extended Release Capsules 120 mg,Diltiazem Hydrochloride Extended Release,10's,10,32.81,True,3.281,Cardiovascular System (CVS),Jan Aushadhi (PMBJP) product and MRP list,https://janaushadhi.gov.in/product-portfolio/product-mrp-list,Exported from the site's own Download Files button. Direct API calls to port 8443 return 500 from outside the browser.,False,,2026-08-06T05:37:19+00:00
1601,Diphenoxylate Hydrochloride 2.5mg and Atropine sulphate 0.025mg Tablet,Diphenoxylate Hydrochloride,10's,10,5.63,True,0.563,Gastrointestinal (GIT),Jan Aushadhi (PMBJP) product and MRP list,https://janaushadhi.gov.in/product-portfolio/product-mrp-list,Exported from the site's own Download Files button. Direct API calls to port 8443 return 500 from outside the browser.,False,,2026-08-06T05:37:19+00:00
1602,Divalproex Tablets IP 500 mg,Divalproex,10's,10,32.81,True,3.281,Central Nervous System (CNS),Jan Aushadhi (PMBJP) product and MRP list,https://janaushadhi.gov.in/product-portfolio/product-mrp-list,Exported from the site's own Download Files button. Direct API calls to port 8443 return 500 from outside the browser.,False,,2026-08-06T05:37:19+00:00
1603,Dorzolamide 2% w/v and Timolol 0.5% w/v Eye Drops IP,Dorzolamide w v and Timolol w v Eye,5 ml,5,150.0,True,30.0,Opthalmic/Otic,Jan Aushadhi (PMBJP) product and MRP list,https://janaushadhi.gov.in/product-portfolio/product-mrp-list,Exported from the site's own Download Files button. Direct API calls to port 8443 return 500 from outside the browser.,False,,2026-08-06T05:37:19+00:00
1604,Dorzolamide Eye Drops IP 2% w/v,Dorzolamide Eye w v,5 ml,5,103.13,True,20.626,Opthalmic/Otic,Jan Aushadhi (PMBJP) product and MRP list,https://janaushadhi.gov.in/product-portfolio/product-mrp-list,Exported from the site's own Download Files button. Direct API calls to port 8443 return 500 from outside the browser.,False,,2026-08-06T05:37:19+00:00
1605,Dosulepin (or Dothiepin) Tablets 25 mg,Dosulepin or Dothiepin,10's,10,16.5,True,1.65,Central Nervous System (CNS),Jan Aushadhi (PMBJP) product and MRP list,https://janaushadhi.gov.in/product-portfolio/product-mrp-list,Exported from the site's own Download Files button. Direct API calls to port 8443 return 500 from outside the browser.,False,,2026-08-06T05:37:19+00:00
1606,Dosulepine (or Dothiepin) Tablets IP 75mg,Dosulepine or Dothiepin,10's,10,67.5,True,6.75,Central Nervous System (CNS),Jan Aushadhi (PMBJP) product and MRP list,https://janaushadhi.gov.in/product-portfolio/product-mrp-list,Exported from the site's own Download Files button. Direct API calls to port 8443 return 500 from outside the browser.,False,,2026-08-06T05:37:19+00:00
1607,Drotaverine Hydrochloride Tablets IP 80 mg,Drotaverine Hydrochloride,15's,15,18.75,True,1.25,Gastrointestinal (GIT),Jan Aushadhi (PMBJP) product and MRP list,https://janaushadhi.gov.in/product-portfolio/product-mrp-list,Exported from the site's own Download Files button. Direct API calls to port 8443 return 500 from outside the browser.,False,,2026-08-06T05:37:19+00:00
1608,"Efavirenz 600mg, Emtricitabine 200mg and Tenofovir Disoproxil Fumarate 300mg Tablets IP",Efavirenz,30's,30,1031.25,True,34.375,Anti-Retroviral,Jan Aushadhi (PMBJP) product and MRP list,https://janaushadhi.gov.in/product-portfolio/product-mrp-list,Exported from the site's own Download Files button. Direct API calls to port 8443 return 500 from outside the browser.,False,,2026-08-06T05:37:19+00:00
1609,Empagliflozin Tablets 10 mg,Empagliflozin,10's,10,37.5,True,3.75,Anti-Diabetic,Jan Aushadhi (PMBJP) product and MRP list,https://janaushadhi.gov.in/product-portfolio/product-mrp-list,Exported from the site's own Download Files button. Direct API calls to port 8443 return 500 from outside the browser.,False,,2026-08-06T05:37:19+00:00
1610,Empagliflozin Tablets 25 mg,Empagliflozin,10's,10,61.88,True,6.188,Anti-Diabetic,Jan Aushadhi (PMBJP) product and MRP list,https://janaushadhi.gov.in/product-portfolio/product-mrp-list,Exported from the site's own Download Files button. Direct API calls to port 8443 return 500 from outside the browser.,False,,2026-08-06T05:37:19+00:00
1611,Emtricitabine 200mg and Tenofovir Disoproxil Fumarate 300mg Tablets IP,Emtricitabine,30's,30,984.38,True,32.8127,Anti-Retroviral,Jan Aushadhi (PMBJP) product and MRP list,https://janaushadhi.gov.in/product-portfolio/product-mrp-list,Exported from the site's own Download Files button. Direct API calls to port 8443 return 500 from outside the browser.,False,,2026-08-06T05:37:19+00:00
1612,Entecavir Tablets IP 0.5 mg,Entecavir,10's,10,93.75,True,9.375,Hepato-Protective,Jan Aushadhi (PMBJP) product and MRP list,https://janaushadhi.gov.in/product-portfolio/product-mrp-list,Exported from the site's own Download Files button. Direct API calls to port 8443 return 500 from outside the browser.,False,,2026-08-06T05:37:19+00:00
1613,Eplerenone Tablets IP 25 mg,Eplerenone,10's,10,121.88,True,12.188,Cardiovascular System (CVS),Jan Aushadhi (PMBJP) product and MRP list,https://janaushadhi.gov.in/product-portfolio/product-mrp-list,Exported from the site's own Download Files button. Direct API calls to port 8443 return 500 from outside the browser.,False,,2026-08-06T05:37:19+00:00
1615,Erythromycin Stearate Tablets IP 500mg,Erythromycin Stearate,10's,10,53.44,True,5.344,Antibiotics,Jan Aushadhi (PMBJP) product and MRP list,https://janaushadhi.gov.in/product-portfolio/product-mrp-list,Exported from the site's own Download Files button. Direct API calls to port 8443 return 500 from outside the browser.,False,,2026-08-06T05:37:19+00:00
1617,Etoricoxib 60mg and Paracetamol 325mg Tablets,Etoricoxib,10's,10,25.31,True,2.531,Analgesic/Antipyretic/Anti-Inflammatory,Jan Aushadhi (PMBJP) product and MRP list,https://janaushadhi.gov.in/product-portfolio/product-mrp-list,Exported from the site's own Download Files button. Direct API calls to port 8443 return 500 from outside the browser.,False,,2026-08-06T05:37:19+00:00
1618,Etoricoxib 60mg and Thiocolchicoside 4mg Tablets,Etoricoxib,10's,10,56.25,True,5.625,Analgesic/Antipyretic/Anti-Inflammatory,Jan Aushadhi (PMBJP) product and MRP list,https://janaushadhi.gov.in/product-portfolio/product-mrp-list,Exported from the site's own Download Files button. Direct API calls to port 8443 return 500 from outside the browser.,False,,2026-08-06T05:37:19+00:00
1620,Evening Primrose Oil 1000 mg,Evening Primrose Oil,15's,15,79.69,True,5.3127,Supplement/Vitamin/Mineral,Jan Aushadhi (PMBJP) product and MRP list,https://janaushadhi.gov.in/product-portfolio/product-mrp-list,Exported from the site's own Download Files button. Direct API calls to port 8443 return 500 from outside the browser.,False,,2026-08-06T05:37:19+00:00
1621,Evening Primrose Oil 500 mg,Evening Primrose Oil,15's,15,51.56,True,3.4373,Supplement/Vitamin/Mineral,Jan Aushadhi (PMBJP) product and MRP list,https://janaushadhi.gov.in/product-portfolio/product-mrp-list,Exported from the site's own Download Files button. Direct API calls to port 8443 return 500 from outside the browser.,False,,2026-08-06T05:37:19+00:00
1622,"Ferrous Ascorbate 100mg, Folic Acid 1.5mg and Zinc Sulphate 22.5mg Tablets",Ferrous Ascorbate,10's,10,34.03,True,3.403,Supplement/Vitamin/Mineral,Jan Aushadhi (PMBJP) product and MRP list,https://janaushadhi.gov.in/product-portfolio/product-mrp-list,Exported from the site's own Download Files button. Direct API calls to port 8443 return 500 from outside the browser.,False,,2026-08-06T05:37:19+00:00
1623,Fexofenadine Hydrochloride Suspension (30mg/5ml),Fexofenadine Hydrochloride,100 ml,100,28.13,True,0.2813,Anti-Histaminic,Jan Aushadhi (PMBJP) product and MRP list,https://janaushadhi.gov.in/product-portfolio/product-mrp-list,Exported from the site's own Download Files button. Direct API calls to port 8443 return 500 from outside the browser.,False,,2026-08-06T05:37:19+00:00
1624,Flupentixol 0.5mg and Melitracen 10mg Tablets,Flupentixol,10's,10,18.75,True,1.875,Central Nervous System (CNS),Jan Aushadhi (PMBJP) product and MRP list,https://janaushadhi.gov.in/product-portfolio/product-mrp-list,Exported from the site's own Download Files button. Direct API calls to port 8443 return 500 from outside the browser.,False,,2026-08-06T05:37:19+00:00
1625,Fluticasone Propionate Cream IP 0.05%,Fluticasone Propionate,10 g,10,18.75,True,1.875,Dermatology/Topical/External,Jan Aushadhi (PMBJP) product and MRP list,https://janaushadhi.gov.in/product-portfolio/product-mrp-list,Exported from the site's own Download Files button. Direct API calls to port 8443 return 500 from outside the browser.,False,,2026-08-06T05:37:19+00:00
1626,Formoterol Fumarate 6mcg and Budesonide 200mcg Inhaler,Formoterol Fumarate,120 MD,120,154.69,True,1.2891,Respiratory,Jan Aushadhi (PMBJP) product and MRP list,https://janaushadhi.gov.in/product-portfolio/product-mrp-list,Exported from the site's own Download Files button. Direct API calls to port 8443 return 500 from outside the browser.,False,,2026-08-06T05:37:19+00:00
1627,Formoterol Fumarate 6mcg and Budesonide 400mcg Inhaler,Formoterol Fumarate,120 MD,120,164.06,True,1.3672,Respiratory,Jan Aushadhi (PMBJP) product and MRP list,https://janaushadhi.gov.in/product-portfolio/product-mrp-list,Exported from the site's own Download Files button. Direct API calls to port 8443 return 500 from outside the browser.,False,,2026-08-06T05:37:19+00:00
1628,Formoterol Fumarate 12mcg and Budesonide 400mcg Powder for Inhalation IP,Formoterol Fumarate,30's,30,93.75,True,3.125,Respiratory,Jan Aushadhi (PMBJP) product and MRP list,https://janaushadhi.gov.in/product-portfolio/product-mrp-list,Exported from the site's own Download Files button. Direct API calls to port 8443 return 500 from outside the browser.,False,,2026-08-06T05:37:19+00:00
1630,Formoterol Fumarate 6mcg and Budesonide 400mcg Powder for Inhalation IP,Formoterol Fumarate,30's,30,79.69,True,2.6563,Respiratory,Jan Aushadhi (PMBJP) product and MRP list,https://janaushadhi.gov.in/product-portfolio/product-mrp-list,Exported from the site's own Download Files button. Direct API calls to port 8443 return 500 from outside the browser.,False,,2026-08-06T05:37:19+00:00
1631,Formoterol Fumarate 20mcg and Budesonide 0.5mg Respirator Suspension,Formoterol Fumarate,2 ml,2,15.47,True,7.735,Respiratory,Jan Aushadhi (PMBJP) product and MRP list,https://janaushadhi.gov.in/product-portfolio/product-mrp-list,Exported from the site's own Download Files button. Direct API calls to port 8443 return 500 from outside the browser.,False,,2026-08-06T05:37:19+00:00
1632,Formoterol Fumarate 20mcg and Budesonide 1mg Respirator Suspension,Formoterol Fumarate,2 ml,2,18.75,True,9.375,Respiratory,Jan Aushadhi (PMBJP) product and MRP list,https://janaushadhi.gov.in/product-portfolio/product-mrp-list,Exported from the site's own Download Files button. Direct API calls to port 8443 return 500 from outside the browser.,False,,2026-08-06T05:37:19+00:00
1633,Formoterol Fumarate 6mcg and Fluticasone Propionate 250mcg Powder for Inhalation,Formoterol Fumarate,30's,30,103.13,True,3.4377,Respiratory,Jan Aushadhi (PMBJP) product and MRP list,https://janaushadhi.gov.in/product-portfolio/product-mrp-list,Exported from the site's own Download Files button. Direct API calls to port 8443 return 500 from outside the browser.,False,,2026-08-06T05:37:19+00:00
1635,Framycetin Skin Cream 1 %,Framycetin Skin,30 g,30,0.0,False,,Dermatology/Topical/External,Jan Aushadhi (PMBJP) product and MRP list,https://janaushadhi.gov.in/product-portfolio/product-mrp-list,Exported from the site's own Download Files button. Direct API calls to port 8443 return 500 from outside the browser.,False,,2026-08-06T05:37:19+00:00
1636,Fungal Diastase with Carminatives Syrup,Fungal Diastase with Carminatives,200 ml,200,42.19,True,0.2109,Enzyme Preparation,Jan Aushadhi (PMBJP) product and MRP list,https://janaushadhi.gov.in/product-portfolio/product-mrp-list,Exported from the site's own Download Files button. Direct API calls to port 8443 return 500 from outside the browser.,False,,2026-08-06T05:37:19+00:00
1637,"Fungal Diastase 180mg, Papain 60mg and Activated Charcoal 75mg Tablets",Fungal Diastase,10's,10,0.0,False,,Enzyme Preparation,Jan Aushadhi (PMBJP) product and MRP list,https://janaushadhi.gov.in/product-portfolio/product-mrp-list,Exported from the site's own Download Files button. Direct API calls to port 8443 return 500 from outside the browser.,False,,2026-08-06T05:37:19+00:00
1638,Fusidic Acid 2% w/w and Betamethasone Valerate 0.1% w/w Cream,Fusidic Acid w w and Betamethasone Valerate w w,15 g,15,33.75,True,2.25,Dermatology/Topical/External,Jan Aushadhi (PMBJP) product and MRP list,https://janaushadhi.gov.in/product-portfolio/product-mrp-list,Exported from the site's own Download Files button. Direct API calls to port 8443 return 500 from outside the browser.,False,,2026-08-06T05:37:19+00:00
1639,Gabapentin 100 mg and Nortryptyline 10 mg Tablet,Gabapentin,15's,15,23.44,True,1.5627,Central Nervous System (CNS),Jan Aushadhi (PMBJP) product and MRP list,https://janaushadhi.gov.in/product-portfolio/product-mrp-list,Exported from the site's own Download Files button. Direct API calls to port 8443 return 500 from outside the browser.,False,,2026-08-06T05:37:19+00:00
1640,Gabapentin 300mg and Methylcobalamin 500mcg Tablet,Gabapentin,10's,10,41.25,True,4.125,Central Nervous System (CNS),Jan Aushadhi (PMBJP) product and MRP list,https://janaushadhi.gov.in/product-portfolio/product-mrp-list,Exported from the site's own Download Files button. Direct API calls to port 8443 return 500 from outside the browser.,False,,2026-08-06T05:37:19+00:00
1643,Glargine 100 IU Pre-filled Disposable Pen,Glargine,3ml Pre-filled Pen,,415.0,True,,Anti-Diabetic,Jan Aushadhi (PMBJP) product and MRP list,https://janaushadhi.gov.in/product-portfolio/product-mrp-list,Exported from the site's own Download Files button. Direct API calls to port 8443 return 500 from outside the browser.,False,,2026-08-06T05:37:19+00:00
1644,"Glibenclamide 5 mg, Metformin 500 mg and Pioglitazone 15 mg Tablet",Glibenclamide,10's,10,25.78,True,2.578,Anti-Diabetic,Jan Aushadhi (PMBJP) product and MRP list,https://janaushadhi.gov.in/product-portfolio/product-mrp-list,Exported from the site's own Download Files button. Direct API calls to port 8443 return 500 from outside the browser.,False,,2026-08-06T05:37:19+00:00
1645,Gliclazide 60mg (Modified Release) and Metformin 500mg (Extended Release) Tablets,Gliclazide,10's,10,28.13,True,2.813,Anti-Diabetic,Jan Aushadhi (PMBJP) product and MRP list,https://janaushadhi.gov.in/product-portfolio/product-mrp-list,Exported from the site's own Download Files button. Direct API calls to port 8443 return 500 from outside the browser.,False,,2026-08-06T05:37:19+00:00
1646,"Metformin 500mg (Sustained Release), Glimepiride 2mg and Pioglitazone 15mg Tablets",Metformin,10's,10,24.96,True,2.496,Anti-Diabetic,Jan Aushadhi (PMBJP) product and MRP list,https://janaushadhi.gov.in/product-portfolio/product-mrp-list,Exported from the site's own Download Files button. Direct API calls to port 8443 return 500 from outside the browser.,False,,2026-08-06T05:37:19+00:00
1647,Metformin 850mg (Prolonged release) and Glimepiride 3mg IP Tablets,Metformin,10's,10,23.44,True,2.344,Anti-Diabetic,Jan Aushadhi (PMBJP) product and MRP list,https://janaushadhi.gov.in/product-portfolio/product-mrp-list,Exported from the site's own Download Files button. Direct API calls to port 8443 return 500 from outside the browser.,False,,2026-08-06T05:37:19+00:00
1650,Glucosamine 750mg and Chondroitin 100mg Tablets,Glucosamine,10's,10,173.44,True,17.344,Ortho,Jan Aushadhi (PMBJP) product and MRP list,https://janaushadhi.gov.in/product-portfolio/product-mrp-list,Exported from the site's own Download Files button. Direct API calls to port 8443 return 500 from outside the browser.,False,,2026-08-06T05:37:19+00:00
1657,"Guaifenesin 50mg, Terbutaline 1.25 mg and Bromhexine 2 mg Expectorant",Guaifenesin,100 ml,100,25.78,True,0.2578,Respiratory,Jan Aushadhi (PMBJP) product and MRP list,https://janaushadhi.gov.in/product-portfolio/product-mrp-list,Exported from the site's own Download Files button. Direct API calls to port 8443 return 500 from outside the browser.,False,,2026-08-06T05:37:19+00:00
1659,Human Normal Immunoglobulin for Intravenous use IP 5%,Human Normal Immunoglobulin for Intravenous use,100 ml,100,10000.0,True,100.0,Vaccines,Jan Aushadhi (PMBJP) product and MRP list,https://janaushadhi.gov.in/product-portfolio/product-mrp-list,Exported from the site's own Download Files button. Direct API calls to port 8443 return 500 from outside the browser.,False,,2026-08-06T05:37:19+00:00
1660,Human Normal Immunoglobulin IP 16.5% (For IM use),Human Normal Immunoglobulin For IM use,2 ml vial,2,0.0,False,,Vaccines,Jan Aushadhi (PMBJP) product and MRP list,https://janaushadhi.gov.in/product-portfolio/product-mrp-list,Exported from the site's own Download Files button. Direct API calls to port 8443 return 500 from outside the browser.,False,,2026-08-06T05:37:19+00:00
1661,Hydroxypropylmethylcellulose Eye Drop 0.3% w/v,Hydroxypropylmethylcellulose Eye w v,10 ml,10,28.13,True,2.813,Opthalmic/Otic,Jan Aushadhi (PMBJP) product and MRP list,https://janaushadhi.gov.in/product-portfolio/product-mrp-list,Exported from the site's own Download Files button. Direct API calls to port 8443 return 500 from outside the browser.,False,,2026-08-06T05:37:19+00:00
1662,Hydroxyzine Tablets IP 25mg,Hydroxyzine,15's,15,11.25,True,0.75,Anti-Histaminic,Jan Aushadhi (PMBJP) product and MRP list,https://janaushadhi.gov.in/product-portfolio/product-mrp-list,Exported from the site's own Download Files button. Direct API calls to port 8443 return 500 from outside the browser.,False,,2026-08-06T05:37:19+00:00
1663,Hyoscine Butylbromide 10mg and Mefenamic Acid 250mg Tablets,Hyoscine Butylbromide,10's,10,46.88,True,4.688,Gastrointestinal (GIT),Jan Aushadhi (PMBJP) product and MRP list,https://janaushadhi.gov.in/product-portfolio/product-mrp-list,Exported from the site's own Download Files button. Direct API calls to port 8443 return 500 from outside the browser.,False,,2026-08-06T05:37:19+00:00
1664,Ibuprofen 100mg and Paracetamol/Acetaminophen 162.5mg Oral Suspension,Ibuprofen,100 ml,100,21.56,True,0.2156,Analgesic/Antipyretic/Anti-Inflammatory,Jan Aushadhi (PMBJP) product and MRP list,https://janaushadhi.gov.in/product-portfolio/product-mrp-list,Exported from the site's own Download Files button. Direct API calls to port 8443 return 500 from outside the browser.,False,,2026-08-06T05:37:19+00:00
1665,Indacaterol 110mcg and Glycopyrronium 50mcg powder for Inhalation,Indacaterol,30 capsules and 1 inhaler,30,686.25,True,22.875,Respiratory,Jan Aushadhi (PMBJP) product and MRP list,https://janaushadhi.gov.in/product-portfolio/product-mrp-list,Exported from the site's own Download Files button. Direct API calls to port 8443 return 500 from outside the browser.,False,,2026-08-06T05:37:19+00:00
1668,"Carbonyl Iron 100mg, Folic Acid 1.5mg and Vitamin B12 15mcg with Zinc Capsules",Carbonyl Iron,10's,10,14.06,True,1.406,Supplement/Vitamin/Mineral,Jan Aushadhi (PMBJP) product and MRP list,https://janaushadhi.gov.in/product-portfolio/product-mrp-list,Exported from the site's own Download Files button. Direct API calls to port 8443 return 500 from outside the browser.,False,,2026-08-06T05:37:19+00:00
1669,Isosorbide 20mg and Hydralazine 37.5mg Tablets,Isosorbide,10's,10,0.0,False,,Cardiovascular System (CVS),Jan Aushadhi (PMBJP) product and MRP list,https://janaushadhi.gov.in/product-portfolio/product-mrp-list,Exported from the site's own Download Files button. Direct API calls to port 8443 return 500 from outside the browser.,False,,2026-08-06T05:37:19+00:00
1670,Isotretinoin Capsules IP 20mg,Isotretinoin,10's,10,46.88,True,4.688,Derma Care,Jan Aushadhi (PMBJP) product and MRP list,https://janaushadhi.gov.in/product-portfolio/product-mrp-list,Exported from the site's own Download Files button. Direct API calls to port 8443 return 500 from outside the browser.,False,,2026-08-06T05:37:19+00:00
1671,Ivabradine Tablets 5mg,Ivabradine,15's,15,92.82,True,6.188,Cardiovascular System (CVS),Jan Aushadhi (PMBJP) product and MRP list,https://janaushadhi.gov.in/product-portfolio/product-mrp-list,Exported from the site's own Download Files button. Direct API calls to port 8443 return 500 from outside the browser.,False,,2026-08-06T05:37:19+00:00
1672,Ketoconazole Soap 2%,Ketoconazole Soap,75 gm Pack,75,48.46,True,0.6461,Derma Care,Jan Aushadhi (PMBJP) product and MRP list,https://janaushadhi.gov.in/product-portfolio/product-mrp-list,Exported from the site's own Download Files button. Direct API calls to port 8443 return 500 from outside the browser.,False,,2026-08-06T05:37:19+00:00
1673,"L-Methylfolate Calcium 2.8mg, Pyridoxal-5-Phosphate 25mg and Mecobalamin 2mg Tablets",L Methylfolate Calcium,10's,10,56.25,True,5.625,Supplement/Vitamin/Mineral,Jan Aushadhi (PMBJP) product and MRP list,https://janaushadhi.gov.in/product-portfolio/product-mrp-list,Exported from the site's own Download Files button. Direct API calls to port 8443 return 500 from outside the browser.,False,,2026-08-06T05:37:19+00:00
1674,"L-Methylfolate 1mg, Pyridoxal-5 Phosphate 0.5mg & Methylcobalamin 1500mcg Tablets",L Methylfolate,10's,10,37.5,True,3.75,Supplement/Vitamin/Mineral,Jan Aushadhi (PMBJP) product and MRP list,https://janaushadhi.gov.in/product-portfolio/product-mrp-list,Exported from the site's own Download Files button. Direct API calls to port 8443 return 500 from outside the browser.,False,,2026-08-06T05:37:19+00:00
1675,L- Ornithine L-Aspartate Infusion 5gm per 10ml,L Ornithine L Aspartate Infusion gm per,10 ml,10,93.75,True,9.375,Supplement/Vitamin/Mineral,Jan Aushadhi (PMBJP) product and MRP list,https://janaushadhi.gov.in/product-portfolio/product-mrp-list,Exported from the site's own Download Files button. Direct API calls to port 8443 return 500 from outside the browser.,False,,2026-08-06T05:37:19+00:00
1676,Lactitol 10 gm and Ispaghula 3.5 gm Granules,Lactitol gm and Ispaghula gm Granules,180 gm,180,187.5,True,1.0417,Gastrointestinal (GIT),Jan Aushadhi (PMBJP) product and MRP list,https://janaushadhi.gov.in/product-portfolio/product-mrp-list,Exported from the site's own Download Files button. Direct API calls to port 8443 return 500 from outside the browser.,False,,2026-08-06T05:37:19+00:00
1678,"L-carnitine 340mg, Ubidecarenone 50mg, Zinc 5mg, Lycopene 2.5mg and Astaxanthin 8mg Tablets",L carnitine,10's,10,0.0,False,,Supplement/Vitamin/Mineral,Jan Aushadhi (PMBJP) product and MRP list,https://janaushadhi.gov.in/product-portfolio/product-mrp-list,Exported from the site's own Download Files button. Direct API calls to port 8443 return 500 from outside the browser.,False,,2026-08-06T05:37:19+00:00
1679,Lecithin Capsules 1000mg,Lecithin,10's,10,56.25,True,5.625,Hepato-Protective,Jan Aushadhi (PMBJP) product and MRP list,https://janaushadhi.gov.in/product-portfolio/product-mrp-list,Exported from the site's own Download Files button. Direct API calls to port 8443 return 500 from outside the browser.,False,,2026-08-06T05:37:19+00:00
1680,Levetiracetam Tablets IP 1000 mg,Levetiracetam,10's,10,112.5,True,11.25,Central Nervous System (CNS),Jan Aushadhi (PMBJP) product and MRP list,https://janaushadhi.gov.in/product-portfolio/product-mrp-list,Exported from the site's own Download Files button. Direct API calls to port 8443 return 500 from outside the browser.,False,,2026-08-06T05:37:19+00:00
1681,Levetiracetam Tablets IP 250 mg,Levetiracetam,10's,10,28.13,True,2.813,Central Nervous System (CNS),Jan Aushadhi (PMBJP) product and MRP list,https://janaushadhi.gov.in/product-portfolio/product-mrp-list,Exported from the site's own Download Files button. Direct API calls to port 8443 return 500 from outside the browser.,False,,2026-08-06T05:37:19+00:00
1682,Levetiracetam Tablets IP 750 mg,Levetiracetam,10's,10,84.38,True,8.438,Central Nervous System (CNS),Jan Aushadhi (PMBJP) product and MRP list,https://janaushadhi.gov.in/product-portfolio/product-mrp-list,Exported from the site's own Download Files button. Direct API calls to port 8443 return 500 from outside the browser.,False,,2026-08-06T05:37:19+00:00
1683,Levocetirizine Dihydrochloride Tablets IP 10mg,Levocetirizine Dihydrochloride,15's,15,14.44,True,0.9627,Anti-Histaminic,Jan Aushadhi (PMBJP) product and MRP list,https://janaushadhi.gov.in/product-portfolio/product-mrp-list,Exported from the site's own Download Files button. Direct API calls to port 8443 return 500 from outside the browser.,False,,2026-08-06T05:37:19+00:00
1684,Levodopa 100mg and Carbidopa 25mg Tablets IP,Levodopa,10's,10,0.0,False,,Central Nervous System (CNS),Jan Aushadhi (PMBJP) product and MRP list,https://janaushadhi.gov.in/product-portfolio/product-mrp-list,Exported from the site's own Download Files button. Direct API calls to port 8443 return 500 from outside the browser.,False,,2026-08-06T05:37:19+00:00
1685,Levodropropizine 30mg and Chlorpheniramine Maleate 2mg Syrup,Levodropropizine,120 ml,120,38.44,True,0.3203,Respiratory,Jan Aushadhi (PMBJP) product and MRP list,https://janaushadhi.gov.in/product-portfolio/product-mrp-list,Exported from the site's own Download Files button. Direct API calls to port 8443 return 500 from outside the browser.,False,,2026-08-06T05:37:19+00:00
1686,Levosalbutamol 100mcg and Beclomethasone 100mcg Rotacaps,Levosalbutamol,60 s in container,60,58.13,True,0.9688,Respiratory,Jan Aushadhi (PMBJP) product and MRP list,https://janaushadhi.gov.in/product-portfolio/product-mrp-list,Exported from the site's own Download Files button. Direct API calls to port 8443 return 500 from outside the browser.,False,,2026-08-06T05:37:19+00:00
1687,Levosalbutamol 100mcg and Beclomethasone 50mcg Rotacaps,Levosalbutamol,200 MDI,200,0.0,False,,Respiratory,Jan Aushadhi (PMBJP) product and MRP list,https://janaushadhi.gov.in/product-portfolio/product-mrp-list,Exported from the site's own Download Files button. Direct API calls to port 8443 return 500 from outside the browser.,False,,2026-08-06T05:37:19+00:00
1688,Levosalbutamol 100mcg and Beclomethasone 200mcg Rotacaps,Levosalbutamol,30's,30,53.63,True,1.7877,Respiratory,Jan Aushadhi (PMBJP) product and MRP list,https://janaushadhi.gov.in/product-portfolio/product-mrp-list,Exported from the site's own Download Files button. Direct API calls to port 8443 return 500 from outside the browser.,False,,2026-08-06T05:37:19+00:00
1689,Levosalbutamol 1.25mg and Budesonide 0.5mg respules,Levosalbutamol,2ml respules,,25.31,True,,Respiratory,Jan Aushadhi (PMBJP) product and MRP list,https://janaushadhi.gov.in/product-portfolio/product-mrp-list,Exported from the site's own Download Files button. Direct API calls to port 8443 return 500 from outside the browser.,False,,2026-08-06T05:37:19+00:00
1690,Levosalbutamol 100mcg and Ipratropium 40mcg Rotacap,Levosalbutamol,60 s in container,60,70.31,True,1.1718,Respiratory,Jan Aushadhi (PMBJP) product and MRP list,https://janaushadhi.gov.in/product-portfolio/product-mrp-list,Exported from the site's own Download Files button. Direct API calls to port 8443 return 500 from outside the browser.,False,,2026-08-06T05:37:19+00:00
1692,Levosalbutamol Respules 0.63mg per 2.5ml,Levosalbutamol Respules,2.5 ml,,5.34,True,,Respiratory,Jan Aushadhi (PMBJP) product and MRP list,https://janaushadhi.gov.in/product-portfolio/product-mrp-list,Exported from the site's own Download Files button. Direct API calls to port 8443 return 500 from outside the browser.,False,,2026-08-06T05:37:19+00:00
1694,Linagliptin 2.5mg and Metformin 1000mg Tablets,Linagliptin,10's,10,36.56,True,3.656,Anti-Diabetic,Jan Aushadhi (PMBJP) product and MRP list,https://janaushadhi.gov.in/product-portfolio/product-mrp-list,Exported from the site's own Download Files button. Direct API calls to port 8443 return 500 from outside the browser.,False,,2026-08-06T05:37:19+00:00
1695,Linagliptin 2.5mg and Metformin 500mg Tablets,Linagliptin,10's,10,32.81,True,3.281,Anti-Diabetic,Jan Aushadhi (PMBJP) product and MRP list,https://janaushadhi.gov.in/product-portfolio/product-mrp-list,Exported from the site's own Download Files button. Direct API calls to port 8443 return 500 from outside the browser.,False,,2026-08-06T05:37:19+00:00
1696,Linagliptin Tablets 5mg,Linagliptin,10's,10,39.19,True,3.919,Anti-Diabetic,Jan Aushadhi (PMBJP) product and MRP list,https://janaushadhi.gov.in/product-portfolio/product-mrp-list,Exported from the site's own Download Files button. Direct API calls to port 8443 return 500 from outside the browser.,False,,2026-08-06T05:37:19+00:00
1701,"Megaldrate 540mg, Simethicone 50mg and Oxetacaine 10mg Oral Suspension",Megaldrate,170 ml,170,39.38,True,0.2316,Gastrointestinal (GIT),Jan Aushadhi (PMBJP) product and MRP list,https://janaushadhi.gov.in/product-portfolio/product-mrp-list,Exported from the site's own Download Files button. Direct API calls to port 8443 return 500 from outside the browser.,False,,2026-08-06T05:37:19+00:00
1703,"Metadoxine 500mg, Silymarin 140mg, L- Ornithin L- Aspartate 150mg Tablets",Metadoxine,10's,10,0.0,False,,Hepato-Protective,Jan Aushadhi (PMBJP) product and MRP list,https://janaushadhi.gov.in/product-portfolio/product-mrp-list,Exported from the site's own Download Files button. Direct API calls to port 8443 return 500 from outside the browser.,False,,2026-08-06T05:37:19+00:00
1704,"Methylcobalamin 1500mcg with Alpha Lipoic Acid 100mg and B- Complex (Thiamine Mononitrate 10mg, Pyridoxine 3mg, Folic acid 1.5mg) Capsules",Methylcobalamin,10's,10,68.07,True,6.807,Supplement/Vitamin/Mineral,Jan Aushadhi (PMBJP) product and MRP list,https://janaushadhi.gov.in/product-portfolio/product-mrp-list,Exported from the site's own Download Files button. Direct API calls to port 8443 return 500 from outside the browser.,False,,2026-08-06T05:37:19+00:00
1706,Metoprolol 50mg (Extended Release) and Ramipril 5mg Tablet,Metoprolol,10's,10,84.38,True,8.438,Cardiovascular System (CVS),Jan Aushadhi (PMBJP) product and MRP list,https://janaushadhi.gov.in/product-portfolio/product-mrp-list,Exported from the site's own Download Files button. Direct API calls to port 8443 return 500 from outside the browser.,False,,2026-08-06T05:37:19+00:00
1707,Metoprolol Succinate extended release capsules IP 50mg,Metoprolol Succinate extended release,10's,10,0.0,False,,Cardiovascular System (CVS),Jan Aushadhi (PMBJP) product and MRP list,https://janaushadhi.gov.in/product-portfolio/product-mrp-list,Exported from the site's own Download Files button. Direct API calls to port 8443 return 500 from outside the browser.,False,,2026-08-06T05:37:19+00:00
1708,Metoprolol Succinate Prolonged release tablets IP 25mg,Metoprolol Succinate Prolonged release,15's,15,17.02,True,1.1347,Cardiovascular System (CVS),Jan Aushadhi (PMBJP) product and MRP list,https://janaushadhi.gov.in/product-portfolio/product-mrp-list,Exported from the site's own Download Files button. Direct API calls to port 8443 return 500 from outside the browser.,False,,2026-08-06T05:37:19+00:00
1709,Minoxidil Solution 5%,Minoxidil,60 ml,60,150.0,True,2.5,Derma Care,Jan Aushadhi (PMBJP) product and MRP list,https://janaushadhi.gov.in/product-portfolio/product-mrp-list,Exported from the site's own Download Files button. Direct API calls to port 8443 return 500 from outside the browser.,False,,2026-08-06T05:37:19+00:00
1710,Minoxidil 5% and Finasteride 0.1% Topical Solution,Minoxidil and Finasteride Topical,60 ml,60,215.63,True,3.5938,Derma Care,Jan Aushadhi (PMBJP) product and MRP list,https://janaushadhi.gov.in/product-portfolio/product-mrp-list,Exported from the site's own Download Files button. Direct API calls to port 8443 return 500 from outside the browser.,False,,2026-08-06T05:37:19+00:00
1711,Montelukast 4mg and Levocetirizine 2.5mg Syrup,Montelukast,60 ml,60,18.75,True,0.3125,Respiratory,Jan Aushadhi (PMBJP) product and MRP list,https://janaushadhi.gov.in/product-portfolio/product-mrp-list,Exported from the site's own Download Files button. Direct API calls to port 8443 return 500 from outside the browser.,False,,2026-08-06T05:37:19+00:00
1712,"Janaushadhi Mosquito Repellent Cream (N, N-Diethyl BenzamideÂ 12% w/wÂ Mosquito Repellent Cream)",Janaushadhi Mosquito Repellent N N Diethyl Benzamide w w Mosquito Repellent,50 gm,50,30.0,True,0.6,Mosquito Repellent,Jan Aushadhi (PMBJP) product and MRP list,https://janaushadhi.gov.in/product-portfolio/product-mrp-list,Exported from the site's own Download Files button. Direct API calls to port 8443 return 500 from outside the browser.,False,,2026-08-06T05:37:19+00:00
1714,Naproxen 250 mg and Domperidone 10 mg Tablet,Naproxen,10's,10,28.13,True,2.813,Analgesic/Antipyretic/Anti-Inflammatory,Jan Aushadhi (PMBJP) product and MRP list,https://janaushadhi.gov.in/product-portfolio/product-mrp-list,Exported from the site's own Download Files button. Direct API calls to port 8443 return 500 from outside the browser.,False,,2026-08-06T05:37:19+00:00
1715,Naproxen 500 mg and Domperidone 10 mg Tablet,Naproxen,10's,10,48.75,True,4.875,Analgesic/Antipyretic/Anti-Inflammatory,Jan Aushadhi (PMBJP) product and MRP list,https://janaushadhi.gov.in/product-portfolio/product-mrp-list,Exported from the site's own Download Files button. Direct API calls to port 8443 return 500 from outside the browser.,False,,2026-08-06T05:37:19+00:00
1716,Nebivolol 5 mg  and S- Amlodipine 2.5 mg Tablet,Nebivolol,10's,10,23.44,True,2.344,Cardiovascular System (CVS),Jan Aushadhi (PMBJP) product and MRP list,https://janaushadhi.gov.in/product-portfolio/product-mrp-list,Exported from the site's own Download Files button. Direct API calls to port 8443 return 500 from outside the browser.,False,,2026-08-06T05:37:19+00:00
1717,"Neomycin 3400IU, Polymyxin B Sulfates 5000IU and Bacitracin Zinc 400IU Ophthalmic Ointment",Neomycin,5 g,5,17.53,True,3.506,Dermatology/Topical/External,Jan Aushadhi (PMBJP) product and MRP list,https://janaushadhi.gov.in/product-portfolio/product-mrp-list,Exported from the site's own Download Files button. Direct API calls to port 8443 return 500 from outside the browser.,False,,2026-08-06T05:37:19+00:00
1718,Nicorandil Tablet IP 10mg,Nicorandil,10's,10,51.57,True,5.157,Cardiovascular System (CVS),Jan Aushadhi (PMBJP) product and MRP list,https://janaushadhi.gov.in/product-portfolio/product-mrp-list,Exported from the site's own Download Files button. Direct API calls to port 8443 return 500 from outside the browser.,False,,2026-08-06T05:37:19+00:00
1719,Nicorandil Tablet IP 5mg,Nicorandil,10's,10,41.25,True,4.125,Cardiovascular System (CVS),Jan Aushadhi (PMBJP) product and MRP list,https://janaushadhi.gov.in/product-portfolio/product-mrp-list,Exported from the site's own Download Files button. Direct API calls to port 8443 return 500 from outside the browser.,False,,2026-08-06T05:37:19+00:00
1720,Nicoumalone/Acenocoumarol Tablets IP 1 mg,Nicoumalone Acenocoumarol,10's,10,37.5,True,3.75,Cardiovascular System (CVS),Jan Aushadhi (PMBJP) product and MRP list,https://janaushadhi.gov.in/product-portfolio/product-mrp-list,Exported from the site's own Download Files button. Direct API calls to port 8443 return 500 from outside the browser.,False,,2026-08-06T05:37:19+00:00
1721,Nicoumalone/Acenocoumarol Tablets IP 3 mg,Nicoumalone Acenocoumarol,10's,10,60.94,True,6.094,Cardiovascular System (CVS),Jan Aushadhi (PMBJP) product and MRP list,https://janaushadhi.gov.in/product-portfolio/product-mrp-list,Exported from the site's own Download Files button. Direct API calls to port 8443 return 500 from outside the browser.,False,,2026-08-06T05:37:19+00:00
1722,Nicoumalone/Acenocoumarol Tablets IP 4 mg,Nicoumalone Acenocoumarol,30's,30,46.88,True,1.5627,Cardiovascular System (CVS),Jan Aushadhi (PMBJP) product and MRP list,https://janaushadhi.gov.in/product-portfolio/product-mrp-list,Exported from the site's own Download Files button. Direct API calls to port 8443 return 500 from outside the browser.,False,,2026-08-06T05:37:19+00:00
1723,Nifedipine Sustained Release Tablets IP 10mg,Nifedipine Sustained Release,15's,15,11.25,True,0.75,Cardiovascular System (CVS),Jan Aushadhi (PMBJP) product and MRP list,https://janaushadhi.gov.in/product-portfolio/product-mrp-list,Exported from the site's own Download Files button. Direct API calls to port 8443 return 500 from outside the browser.,False,,2026-08-06T05:37:19+00:00
1725,"Nimesulide 100 mg, Paracetamol 325 mg and Serratiopeptidase 15 mg Tablet",Nimesulide,10's,10,23.44,True,2.344,Analgesic/Antipyretic/Anti-Inflammatory,Jan Aushadhi (PMBJP) product and MRP list,https://janaushadhi.gov.in/product-portfolio/product-mrp-list,Exported from the site's own Download Files button. Direct API calls to port 8443 return 500 from outside the browser.,False,,2026-08-06T05:37:19+00:00
1729,Ofloxaxin 200mg and Flavoxate 200 mg Tablet,Ofloxaxin,10's,10,60.94,True,6.094,Urology,Jan Aushadhi (PMBJP) product and MRP list,https://janaushadhi.gov.in/product-portfolio/product-mrp-list,Exported from the site's own Download Files button. Direct API calls to port 8443 return 500 from outside the browser.,False,,2026-08-06T05:37:19+00:00
1730,"Olmesartan 40mg, Amlodipine 5mg and Hydrochlorothiazide 12.5mg Tablets",Olmesartan,10's,10,42.19,True,4.219,Cardiovascular System (CVS),Jan Aushadhi (PMBJP) product and MRP list,https://janaushadhi.gov.in/product-portfolio/product-mrp-list,Exported from the site's own Download Files button. Direct API calls to port 8443 return 500 from outside the browser.,False,,2026-08-06T05:37:19+00:00
1731,Olmesartan Medoxomil 20mg and Chlorthalidone 12.5mg Tablets,Olmesartan Medoxomil,10's,10,28.13,True,2.813,Cardiovascular System (CVS),Jan Aushadhi (PMBJP) product and MRP list,https://janaushadhi.gov.in/product-portfolio/product-mrp-list,Exported from the site's own Download Files button. Direct API calls to port 8443 return 500 from outside the browser.,False,,2026-08-06T05:37:19+00:00
1732,Olmesartan Medoxomil 40mg and Chlorthalidone 12.5mg Tablets,Olmesartan Medoxomil,10's,10,42.19,True,4.219,Cardiovascular System (CVS),Jan Aushadhi (PMBJP) product and MRP list,https://janaushadhi.gov.in/product-portfolio/product-mrp-list,Exported from the site's own Download Files button. Direct API calls to port 8443 return 500 from outside the browser.,False,,2026-08-06T05:37:19+00:00
1733,Omeprazole Gastro-resistant 20mg and Domperidone Sustained Release 30mg Capsules,Omeprazole Gastro resistant,15's,15,28.36,True,1.8907,Gastrointestinal (GIT),Jan Aushadhi (PMBJP) product and MRP list,https://janaushadhi.gov.in/product-portfolio/product-mrp-list,Exported from the site's own Download Files button. Direct API calls to port 8443 return 500 from outside the browser.,False,,2026-08-06T05:37:19+00:00
1737,Oxaceprol Capsules 200mg,Oxaceprol,10's,10,93.75,True,9.375,Ortho,Jan Aushadhi (PMBJP) product and MRP list,https://janaushadhi.gov.in/product-portfolio/product-mrp-list,Exported from the site's own Download Files button. Direct API calls to port 8443 return 500 from outside the browser.,False,,2026-08-06T05:37:19+00:00
1738,L-Ornithine L-Aspartate 150mg and Pancreatin 100mg Tablets,L Ornithine L Aspartate,10's,10,18.75,True,1.875,Enzyme Preparation,Jan Aushadhi (PMBJP) product and MRP list,https://janaushadhi.gov.in/product-portfolio/product-mrp-list,Exported from the site's own Download Files button. Direct API calls to port 8443 return 500 from outside the browser.,False,,2026-08-06T05:37:19+00:00
1739,Pancreatin Capsules 10000,Pancreatin,10's,10,84.38,True,8.438,Enzyme Preparation,Jan Aushadhi (PMBJP) product and MRP list,https://janaushadhi.gov.in/product-portfolio/product-mrp-list,Exported from the site's own Download Files button. Direct API calls to port 8443 return 500 from outside the browser.,False,,2026-08-06T05:37:19+00:00
1740,Pancreatin Capsules 25000,Pancreatin,10's,10,196.88,True,19.688,Enzyme Preparation,Jan Aushadhi (PMBJP) product and MRP list,https://janaushadhi.gov.in/product-portfolio/product-mrp-list,Exported from the site's own Download Files button. Direct API calls to port 8443 return 500 from outside the browser.,False,,2026-08-06T05:37:19+00:00
1741,Pantoprazole 20mg (Gastro-resistant) and Domperidone 10mg (Prolonged Release) Capsules IP,Pantoprazole,10's,10,20.63,True,2.063,Gastrointestinal (GIT),Jan Aushadhi (PMBJP) product and MRP list,https://janaushadhi.gov.in/product-portfolio/product-mrp-list,Exported from the site's own Download Files button. Direct API calls to port 8443 return 500 from outside the browser.,False,,2026-08-06T05:37:19+00:00
1742,Paracetamol Infusion IP 1 gm per 100 ml,Paracetamol Infusion gm per,100 ml,100,46.88,True,0.4688,Analgesic/Antipyretic/Anti-Inflammatory,Jan Aushadhi (PMBJP) product and MRP list,https://janaushadhi.gov.in/product-portfolio/product-mrp-list,Exported from the site's own Download Files button. Direct API calls to port 8443 return 500 from outside the browser.,False,,2026-08-06T05:37:19+00:00
1743,Paracetamol Drops 100 mg per ml,Paracetamol,15 ml,15,12.19,True,0.8127,Analgesic/Antipyretic/Anti-Inflammatory,Jan Aushadhi (PMBJP) product and MRP list,https://janaushadhi.gov.in/product-portfolio/product-mrp-list,Exported from the site's own Download Files button. Direct API calls to port 8443 return 500 from outside the browser.,False,,2026-08-06T05:37:19+00:00
1744,"Paracetamol 125 mg, Phenylephrine 2.5 mg and Chlorpheniramine 1 mg Drops",Paracetamol,15 ml,15,18.75,True,1.25,Respiratory,Jan Aushadhi (PMBJP) product and MRP list,https://janaushadhi.gov.in/product-portfolio/product-mrp-list,Exported from the site's own Download Files button. Direct API calls to port 8443 return 500 from outside the browser.,False,,2026-08-06T05:37:19+00:00
1745,"Paracetamol 125 mg, Phenylephrine 5 mg and Chlorpheniramine 1 mg Suspension",Paracetamol,60 ML,60,20.63,True,0.3438,Respiratory,Jan Aushadhi (PMBJP) product and MRP list,https://janaushadhi.gov.in/product-portfolio/product-mrp-list,Exported from the site's own Download Files button. Direct API calls to port 8443 return 500 from outside the browser.,False,,2026-08-06T05:37:19+00:00
1747,Paracetamol 162.5 mg and Tramadol 18.75 mg Tablet,Paracetamol,10's,10,9.38,True,0.938,Analgesic/Antipyretic/Anti-Inflammatory,Jan Aushadhi (PMBJP) product and MRP list,https://janaushadhi.gov.in/product-portfolio/product-mrp-list,Exported from the site's own Download Files button. Direct API calls to port 8443 return 500 from outside the browser.,False,,2026-08-06T05:37:19+00:00
1749,"Paracetamol 250 mg, Phenylephrine 5 mg and Chlorpheniramine 2 mg Suspension",Paracetamol,60 ML,60,23.44,True,0.3907,Respiratory,Jan Aushadhi (PMBJP) product and MRP list,https://janaushadhi.gov.in/product-portfolio/product-mrp-list,Exported from the site's own Download Files button. Direct API calls to port 8443 return 500 from outside the browser.,False,,2026-08-06T05:37:19+00:00
1751,Paracetamol 500mg and Caffeine 25mg Tablet IP,Paracetamol,10's,10,11.25,True,1.125,Analgesic/Antipyretic/Anti-Inflammatory,Jan Aushadhi (PMBJP) product and MRP list,https://janaushadhi.gov.in/product-portfolio/product-mrp-list,Exported from the site's own Download Files button. Direct API calls to port 8443 return 500 from outside the browser.,False,,2026-08-06T05:37:19+00:00
1752,Paracetamol 500mg and Chlorzoxazone 250mg Tablet,Paracetamol,10's,10,15.0,True,1.5,Analgesic/Antipyretic/Anti-Inflammatory,Jan Aushadhi (PMBJP) product and MRP list,https://janaushadhi.gov.in/product-portfolio/product-mrp-list,Exported from the site's own Download Files button. Direct API calls to port 8443 return 500 from outside the browser.,False,,2026-08-06T05:37:19+00:00
1753,"Paracetamol 500 mg, Phenylephrine 10 mg and Chlorpheniramine 2 mg Tablet",Paracetamol,10's,10,13.13,True,1.313,Analgesic/Antipyretic/Anti-Inflammatory,Jan Aushadhi (PMBJP) product and MRP list,https://janaushadhi.gov.in/product-portfolio/product-mrp-list,Exported from the site's own Download Files button. Direct API calls to port 8443 return 500 from outside the browser.,False,,2026-08-06T05:37:19+00:00
1755,Paracetamol Suspension IP 120 mg,Paracetamol,60 ml,60,12.19,True,0.2032,Analgesic/Antipyretic/Anti-Inflammatory,Jan Aushadhi (PMBJP) product and MRP list,https://janaushadhi.gov.in/product-portfolio/product-mrp-list,Exported from the site's own Download Files button. Direct API calls to port 8443 return 500 from outside the browser.,False,,2026-08-06T05:37:19+00:00
1758,"Phenylephrine 5 mg,Chlorpheniramine 2 mg and Dextromethorphan 10 mg Syrup",Phenylephrine,100 ml,100,23.44,True,0.2344,Respiratory,Jan Aushadhi (PMBJP) product and MRP list,https://janaushadhi.gov.in/product-portfolio/product-mrp-list,Exported from the site's own Download Files button. Direct API calls to port 8443 return 500 from outside the browser.,False,,2026-08-06T05:37:19+00:00
1759,"Phenylephrine 5 mg, Chlorpheniramine 2 mg and Dextromethorphan 15 mg Syrup",Phenylephrine,100 ml,100,28.13,True,0.2813,Respiratory,Jan Aushadhi (PMBJP) product and MRP list,https://janaushadhi.gov.in/product-portfolio/product-mrp-list,Exported from the site's own Download Files button. Direct API calls to port 8443 return 500 from outside the browser.,False,,2026-08-06T05:37:19+00:00
1760,Piracetam Tablet 800 mg,Piracetam,10's,10,31.88,True,3.188,Central Nervous System (CNS),Jan Aushadhi (PMBJP) product and MRP list,https://janaushadhi.gov.in/product-portfolio/product-mrp-list,Exported from the site's own Download Files button. Direct API calls to port 8443 return 500 from outside the browser.,False,,2026-08-06T05:37:19+00:00
1761,Pirfenidone Tablets IP 200mg,Pirfenidone,10's,10,0.0,False,,Respiratory,Jan Aushadhi (PMBJP) product and MRP list,https://janaushadhi.gov.in/product-portfolio/product-mrp-list,Exported from the site's own Download Files button. Direct API calls to port 8443 return 500 from outside the browser.,False,,2026-08-06T05:37:19+00:00
1762,Calcium Polystyrene Sulphonate Powder 15g per sachet,Calcium Polystyrene Sulphonate,15 gm,15,41.25,True,2.75,Supplement/Vitamin/Mineral,Jan Aushadhi (PMBJP) product and MRP list,https://janaushadhi.gov.in/product-portfolio/product-mrp-list,Exported from the site's own Download Files button. Direct API calls to port 8443 return 500 from outside the browser.,False,,2026-08-06T05:37:19+00:00
1763,Prazosin Extended Release Tablets 5mg,Prazosin Extended Release,10's,10,28.88,True,2.888,Cardiovascular System (CVS),Jan Aushadhi (PMBJP) product and MRP list,https://janaushadhi.gov.in/product-portfolio/product-mrp-list,Exported from the site's own Download Files button. Direct API calls to port 8443 return 500 from outside the browser.,False,,2026-08-06T05:37:19+00:00
1764,Pregabalin 75 mg and Methylcobalamin 1500 mcg andÂ NortriptylineÂ 10 mg Tablets,Pregabalin,10's,10,46.41,True,4.641,Central Nervous System (CNS),Jan Aushadhi (PMBJP) product and MRP list,https://janaushadhi.gov.in/product-portfolio/product-mrp-list,Exported from the site's own Download Files button. Direct API calls to port 8443 return 500 from outside the browser.,False,,2026-08-06T05:37:19+00:00
1765,Pregabalin 75mg and Methylcobalamin 750mcg Capsule IP,Pregabalin,10's,10,39.7,True,3.97,Central Nervous System (CNS),Jan Aushadhi (PMBJP) product and MRP list,https://janaushadhi.gov.in/product-portfolio/product-mrp-list,Exported from the site's own Download Files button. Direct API calls to port 8443 return 500 from outside the browser.,False,,2026-08-06T05:37:19+00:00
1767,Probiotic Microbes Capsules 5mg,Probiotic Microbes,10's,10,26.25,True,2.625,Gastrointestinal (GIT),Jan Aushadhi (PMBJP) product and MRP list,https://janaushadhi.gov.in/product-portfolio/product-mrp-list,Exported from the site's own Download Files button. Direct API calls to port 8443 return 500 from outside the browser.,False,,2026-08-06T05:37:19+00:00
1769,Prucalopride Tablet 2 mg,Prucalopride,10's,10,112.5,True,11.25,Gastrointestinal (GIT),Jan Aushadhi (PMBJP) product and MRP list,https://janaushadhi.gov.in/product-portfolio/product-mrp-list,Exported from the site's own Download Files button. Direct API calls to port 8443 return 500 from outside the browser.,False,,2026-08-06T05:37:19+00:00
1770,Prucalopride Tablets 1mg,Prucalopride,10's,10,84.38,True,8.438,Gastrointestinal (GIT),Jan Aushadhi (PMBJP) product and MRP list,https://janaushadhi.gov.in/product-portfolio/product-mrp-list,Exported from the site's own Download Files button. Direct API calls to port 8443 return 500 from outside the browser.,False,,2026-08-06T05:37:19+00:00
1774,Racecadotril Capsule IP 100 mg,Racecadotril,15's,15,103.13,True,6.8753,Gastrointestinal (GIT),Jan Aushadhi (PMBJP) product and MRP list,https://janaushadhi.gov.in/product-portfolio/product-mrp-list,Exported from the site's own Download Files button. Direct API calls to port 8443 return 500 from outside the browser.,False,,2026-08-06T05:37:19+00:00
1775,Metoprolol Succinate 25mg (Extended release) and Ramipril 2.5mg Tablets,Metoprolol Succinate,10's,10,23.44,True,2.344,Cardiovascular System (CVS),Jan Aushadhi (PMBJP) product and MRP list,https://janaushadhi.gov.in/product-portfolio/product-mrp-list,Exported from the site's own Download Files button. Direct API calls to port 8443 return 500 from outside the browser.,False,,2026-08-06T05:37:19+00:00
1777,Ranitidine Syrup IP 75 mg per 5ml,Ranitidine,100 ml,100,23.44,True,0.2344,Gastrointestinal (GIT),Jan Aushadhi (PMBJP) product and MRP list,https://janaushadhi.gov.in/product-portfolio/product-mrp-list,Exported from the site's own Download Files button. Direct API calls to port 8443 return 500 from outside the browser.,False,,2026-08-06T05:37:19+00:00
1778,Ranolazine Extended Release Tablets 500mg,Ranolazine Extended Release,10's,10,56.72,True,5.672,Cardiovascular System (CVS),Jan Aushadhi (PMBJP) product and MRP list,https://janaushadhi.gov.in/product-portfolio/product-mrp-list,Exported from the site's own Download Files button. Direct API calls to port 8443 return 500 from outside the browser.,False,,2026-08-06T05:37:19+00:00
1780,Rivaroxaban Tablets 10mg,Rivaroxaban,30's,30,196.88,True,6.5627,Cardiovascular System (CVS),Jan Aushadhi (PMBJP) product and MRP list,https://janaushadhi.gov.in/product-portfolio/product-mrp-list,Exported from the site's own Download Files button. Direct API calls to port 8443 return 500 from outside the browser.,False,,2026-08-06T05:37:19+00:00
1781,Rivaroxaban Tablets 20mg,Rivaroxaban,14's,14,140.63,True,10.045,Cardiovascular System (CVS),Jan Aushadhi (PMBJP) product and MRP list,https://janaushadhi.gov.in/product-portfolio/product-mrp-list,Exported from the site's own Download Files button. Direct API calls to port 8443 return 500 from outside the browser.,False,,2026-08-06T05:37:19+00:00
1782,"Rosehip Extract 275mg, Devil's Claw Extract (20%) 100mg and Boswellia serrata Extract (65%) 307.5mg Capsules",Rosehip Extract,10's,10,84.38,True,8.438,Ortho,Jan Aushadhi (PMBJP) product and MRP list,https://janaushadhi.gov.in/product-portfolio/product-mrp-list,Exported from the site's own Download Files button. Direct API calls to port 8443 return 500 from outside the browser.,False,,2026-08-06T05:37:19+00:00
1783,Rosuvastatin 20mg and Fenofibrate 160mg Tablets IP,Rosuvastatin,10's,10,37.5,True,3.75,Cardiovascular System (CVS),Jan Aushadhi (PMBJP) product and MRP list,https://janaushadhi.gov.in/product-portfolio/product-mrp-list,Exported from the site's own Download Files button. Direct API calls to port 8443 return 500 from outside the browser.,False,,2026-08-06T05:37:19+00:00
1784,Rosuvastatin Tablets IP 40mg,Rosuvastatin,10's,10,45.38,True,4.538,Cardiovascular System (CVS),Jan Aushadhi (PMBJP) product and MRP list,https://janaushadhi.gov.in/product-portfolio/product-mrp-list,Exported from the site's own Download Files button. Direct API calls to port 8443 return 500 from outside the browser.,False,,2026-08-06T05:37:19+00:00
1785,"Rosuvastatin 10mg, Aspirin 75mg and Clopidogrel 75mg Capsules",Rosuvastatin,10's,10,51.05,True,5.105,Cardiovascular System (CVS),Jan Aushadhi (PMBJP) product and MRP list,https://janaushadhi.gov.in/product-portfolio/product-mrp-list,Exported from the site's own Download Files button. Direct API calls to port 8443 return 500 from outside the browser.,False,,2026-08-06T05:37:19+00:00
1786,"Rosuvastatin 20mg, Aspirin 75mg and Clopidogrel 75mg Capsules",Rosuvastatin,10's,10,56.72,True,5.672,Cardiovascular System (CVS),Jan Aushadhi (PMBJP) product and MRP list,https://janaushadhi.gov.in/product-portfolio/product-mrp-list,Exported from the site's own Download Files button. Direct API calls to port 8443 return 500 from outside the browser.,False,,2026-08-06T05:37:19+00:00
1787,S (-) Amlodipine Tablets IP 5mg,S Amlodipine,15's,15,10.32,True,0.688,Cardiovascular System (CVS),Jan Aushadhi (PMBJP) product and MRP list,https://janaushadhi.gov.in/product-portfolio/product-mrp-list,Exported from the site's own Download Files button. Direct API calls to port 8443 return 500 from outside the browser.,False,,2026-08-06T05:37:19+00:00
1789,S(-) Amlodipine 2.5mg and Atenolol 50mg Tablets,S Amlodipine,10's,10,14.06,True,1.406,Cardiovascular System (CVS),Jan Aushadhi (PMBJP) product and MRP list,https://janaushadhi.gov.in/product-portfolio/product-mrp-list,Exported from the site's own Download Files button. Direct API calls to port 8443 return 500 from outside the browser.,False,,2026-08-06T05:37:19+00:00
1790,Saccharomyces Boulardii Capsule 250mg,Saccharomyces Boulardii,5's,5,61.88,True,12.376,Gastrointestinal (GIT),Jan Aushadhi (PMBJP) product and MRP list,https://janaushadhi.gov.in/product-portfolio/product-mrp-list,Exported from the site's own Download Files button. Direct API calls to port 8443 return 500 from outside the browser.,False,,2026-08-06T05:37:19+00:00
1791,Saccharomyces Boulardii Powder 250mg,Saccharomyces Boulardii,1âs Sachet,,14.06,True,,Gastrointestinal (GIT),Jan Aushadhi (PMBJP) product and MRP list,https://janaushadhi.gov.in/product-portfolio/product-mrp-list,Exported from the site's own Download Files button. Direct API calls to port 8443 return 500 from outside the browser.,False,,2026-08-06T05:37:19+00:00
1792,Sacubitril 24mg and Valsartan 26mg Tablets,Sacubitril,10's,10,67.5,True,6.75,Cardiovascular System (CVS),Jan Aushadhi (PMBJP) product and MRP list,https://janaushadhi.gov.in/product-portfolio/product-mrp-list,Exported from the site's own Download Files button. Direct API calls to port 8443 return 500 from outside the browser.,False,,2026-08-06T05:37:19+00:00
1793,Sacubitril 49mg and Valsartan 51mg Tablets,Sacubitril,10's,10,131.25,True,13.125,Cardiovascular System (CVS),Jan Aushadhi (PMBJP) product and MRP list,https://janaushadhi.gov.in/product-portfolio/product-mrp-list,Exported from the site's own Download Files button. Direct API calls to port 8443 return 500 from outside the browser.,False,,2026-08-06T05:37:19+00:00
1794,Salbutamol Rotacaps 200mcg,Salbutamol Rotacaps,60 s in Container,60,22.5,True,0.375,Respiratory,Jan Aushadhi (PMBJP) product and MRP list,https://janaushadhi.gov.in/product-portfolio/product-mrp-list,Exported from the site's own Download Files button. Direct API calls to port 8443 return 500 from outside the browser.,False,,2026-08-06T05:37:19+00:00
1795,"Salicylic acid 1.15%w/w, Dithranol 1.15%w/w and Coal Tar 5.3%w/w Ointment",Salicylic acid,30 gm,30,42.19,True,1.4063,Dermatology/Topical/External,Jan Aushadhi (PMBJP) product and MRP list,https://janaushadhi.gov.in/product-portfolio/product-mrp-list,Exported from the site's own Download Files button. Direct API calls to port 8443 return 500 from outside the browser.,False,,2026-08-06T05:37:19+00:00
1796,Salmeterol 50mcg and Fluticasone Propionate 100mcg Powder for Inhalation IP,Salmeterol,30's,30,70.31,True,2.3437,Respiratory,Jan Aushadhi (PMBJP) product and MRP list,https://janaushadhi.gov.in/product-portfolio/product-mrp-list,Exported from the site's own Download Files button. Direct API calls to port 8443 return 500 from outside the browser.,False,,2026-08-06T05:37:19+00:00
1797,Saroglitazar Tablets 4mg,Saroglitazar,10's,10,0.0,False,,Cardiovascular System (CVS),Jan Aushadhi (PMBJP) product and MRP list,https://janaushadhi.gov.in/product-portfolio/product-mrp-list,Exported from the site's own Download Files button. Direct API calls to port 8443 return 500 from outside the browser.,False,,2026-08-06T05:37:19+00:00
1799,Saxagliptin Tablets 5mg,Saxagliptin,10's,10,87.19,True,8.719,Anti-Diabetic,Jan Aushadhi (PMBJP) product and MRP list,https://janaushadhi.gov.in/product-portfolio/product-mrp-list,Exported from the site's own Download Files button. Direct API calls to port 8443 return 500 from outside the browser.,False,,2026-08-06T05:37:19+00:00
1801,Sitagliptin Phosphate 50mg & Metformin Hydrochloride 1000mg Tablets,Sitagliptin Phosphate,10's,10,61.88,True,6.188,Anti-Diabetic,Jan Aushadhi (PMBJP) product and MRP list,https://janaushadhi.gov.in/product-portfolio/product-mrp-list,Exported from the site's own Download Files button. Direct API calls to port 8443 return 500 from outside the browser.,False,,2026-08-06T05:37:19+00:00
1802,Sitagliptin Phosphate 50mg & Metformin Hydrochloride 500mg Tablets,Sitagliptin Phosphate,10's,10,56.72,True,5.672,Anti-Diabetic,Jan Aushadhi (PMBJP) product and MRP list,https://janaushadhi.gov.in/product-portfolio/product-mrp-list,Exported from the site's own Download Files button. Direct API calls to port 8443 return 500 from outside the browser.,False,,2026-08-06T05:37:19+00:00
1803,Sitagliptin Phosphate Tablets IP 100mg,Sitagliptin Phosphate,10's,10,82.5,True,8.25,Anti-Diabetic,Jan Aushadhi (PMBJP) product and MRP list,https://janaushadhi.gov.in/product-portfolio/product-mrp-list,Exported from the site's own Download Files button. Direct API calls to port 8443 return 500 from outside the browser.,False,,2026-08-06T05:37:19+00:00
1804,Sitagliptin Phosphate Tablets IP 50mg,Sitagliptin Phosphate,10's,10,44.34,True,4.434,Anti-Diabetic,Jan Aushadhi (PMBJP) product and MRP list,https://janaushadhi.gov.in/product-portfolio/product-mrp-list,Exported from the site's own Download Files button. Direct API calls to port 8443 return 500 from outside the browser.,False,,2026-08-06T05:37:19+00:00
1805,Sodium Valproate Oral solution IP 200mg per 5ml,Sodium Valproate Oral,200 ml Plastic Bottle,200,51.56,True,0.2578,Central Nervous System (CNS),Jan Aushadhi (PMBJP) product and MRP list,https://janaushadhi.gov.in/product-portfolio/product-mrp-list,Exported from the site's own Download Files button. Direct API calls to port 8443 return 500 from outside the browser.,False,,2026-08-06T05:37:19+00:00
1806,Sodium Valproate 200mg and Valproic acid 87mg Controlled Release Tablets,Sodium Valproate,10's,10,23.44,True,2.344,Central Nervous System (CNS),Jan Aushadhi (PMBJP) product and MRP list,https://janaushadhi.gov.in/product-portfolio/product-mrp-list,Exported from the site's own Download Files button. Direct API calls to port 8443 return 500 from outside the browser.,False,,2026-08-06T05:37:19+00:00
1807,Sodium Valproate 333mg and Valproic acid 145mg Controlled Release Tablets,Sodium Valproate,10's,10,43.32,True,4.332,Central Nervous System (CNS),Jan Aushadhi (PMBJP) product and MRP list,https://janaushadhi.gov.in/product-portfolio/product-mrp-list,Exported from the site's own Download Files button. Direct API calls to port 8443 return 500 from outside the browser.,False,,2026-08-06T05:37:19+00:00
1810,Tacrolimus Ointment 0.1% w/w,Tacrolimus w w,10 gm tube,10,93.75,True,9.375,Dermatology/Topical/External,Jan Aushadhi (PMBJP) product and MRP list,https://janaushadhi.gov.in/product-portfolio/product-mrp-list,Exported from the site's own Download Files button. Direct API calls to port 8443 return 500 from outside the browser.,False,,2026-08-06T05:37:19+00:00
1811,Telmisartan 80mg and Amlodipine 5mg Tablets IP,Telmisartan,10's,10,28.13,True,2.813,Cardiovascular System (CVS),Jan Aushadhi (PMBJP) product and MRP list,https://janaushadhi.gov.in/product-portfolio/product-mrp-list,Exported from the site's own Download Files button. Direct API calls to port 8443 return 500 from outside the browser.,False,,2026-08-06T05:37:19+00:00
1812,Telmisartan 80mg and Cilnidipine 10mg Tablets,Telmisartan,10's,10,32.81,True,3.281,Cardiovascular System (CVS),Jan Aushadhi (PMBJP) product and MRP list,https://janaushadhi.gov.in/product-portfolio/product-mrp-list,Exported from the site's own Download Files button. Direct API calls to port 8443 return 500 from outside the browser.,False,,2026-08-06T05:37:19+00:00
1813,Telmisartan Tablets IP 80mg,Telmisartan,10's,10,24.96,True,2.496,Cardiovascular System (CVS),Jan Aushadhi (PMBJP) product and MRP list,https://janaushadhi.gov.in/product-portfolio/product-mrp-list,Exported from the site's own Download Files button. Direct API calls to port 8443 return 500 from outside the browser.,False,,2026-08-06T05:37:19+00:00
1814,"Telmisartan 40mg, Chlorthalidone 12.5mg and Amlodipine 5mg Tablets",Telmisartan,10's,10,22.5,True,2.25,Cardiovascular System (CVS),Jan Aushadhi (PMBJP) product and MRP list,https://janaushadhi.gov.in/product-portfolio/product-mrp-list,Exported from the site's own Download Files button. Direct API calls to port 8443 return 500 from outside the browser.,False,,2026-08-06T05:37:19+00:00
1815,"Telmisartan 40mg, Chlorthalidone 6.25mg and Amlodipine 5mg Tablets",Telmisartan,10's,10,18.75,True,1.875,Cardiovascular System (CVS),Jan Aushadhi (PMBJP) product and MRP list,https://janaushadhi.gov.in/product-portfolio/product-mrp-list,Exported from the site's own Download Files button. Direct API calls to port 8443 return 500 from outside the browser.,False,,2026-08-06T05:37:19+00:00
1816,"Telmisartan 40mg, Cilnidipine 10mg and Chlorthalidone 6.25mg Tablets",Telmisartan,10's,10,28.13,True,2.813,Cardiovascular System (CVS),Jan Aushadhi (PMBJP) product and MRP list,https://janaushadhi.gov.in/product-portfolio/product-mrp-list,Exported from the site's own Download Files button. Direct API calls to port 8443 return 500 from outside the browser.,False,,2026-08-06T05:37:19+00:00
1817,Terbinafine Hydrochloride Cream IP 1% w/w,Terbinafine Hydrochloride w w,10 gm,10,23.44,True,2.344,Dermatology/Topical/External,Jan Aushadhi (PMBJP) product and MRP list,https://janaushadhi.gov.in/product-portfolio/product-mrp-list,Exported from the site's own Download Files button. Direct API calls to port 8443 return 500 from outside the browser.,False,,2026-08-06T05:37:19+00:00
1818,Tetrabenazine Tablets 25mg,Tetrabenazine,10's,10,178.13,True,17.813,Central Nervous System (CNS),Jan Aushadhi (PMBJP) product and MRP list,https://janaushadhi.gov.in/product-portfolio/product-mrp-list,Exported from the site's own Download Files button. Direct API calls to port 8443 return 500 from outside the browser.,False,,2026-08-06T05:37:19+00:00
1819,Ticagrelor Tablets IP 90 mg,Ticagrelor,10's,10,134.07,True,13.407,Cardiovascular System (CVS),Jan Aushadhi (PMBJP) product and MRP list,https://janaushadhi.gov.in/product-portfolio/product-mrp-list,Exported from the site's own Download Files button. Direct API calls to port 8443 return 500 from outside the browser.,False,,2026-08-06T05:37:19+00:00
1821,Tiotropium Bromide Inhalation 9mcg per actuation,Tiotropium Bromide Inhalation,200 mdi,200,206.25,True,1.0312,Respiratory,Jan Aushadhi (PMBJP) product and MRP list,https://janaushadhi.gov.in/product-portfolio/product-mrp-list,Exported from the site's own Download Files button. Direct API calls to port 8443 return 500 from outside the browser.,False,,2026-08-06T05:37:19+00:00
1822,Tiotropium Powder for Inhalation IP 18mcg Rotacaps,Tiotropium for Inhalation,15's in Monocarton,15,65.63,True,4.3753,Respiratory,Jan Aushadhi (PMBJP) product and MRP list,https://janaushadhi.gov.in/product-portfolio/product-mrp-list,Exported from the site's own Download Files button. Direct API calls to port 8443 return 500 from outside the browser.,False,,2026-08-06T05:37:19+00:00
1824,Tolvaptan Tablets 15mg,Tolvaptan,10's,10,196.88,True,19.688,Diuretic,Jan Aushadhi (PMBJP) product and MRP list,https://janaushadhi.gov.in/product-portfolio/product-mrp-list,Exported from the site's own Download Files button. Direct API calls to port 8443 return 500 from outside the browser.,False,,2026-08-06T05:37:19+00:00
1825,Torsemide 10mg and Spironolactone 50mg Tablets,Torsemide,15's,15,33.0,True,2.2,Diuretic,Jan Aushadhi (PMBJP) product and MRP list,https://janaushadhi.gov.in/product-portfolio/product-mrp-list,Exported from the site's own Download Files button. Direct API calls to port 8443 return 500 from outside the browser.,False,,2026-08-06T05:37:19+00:00
1827,Torsemide Tablets IP 40mg,Torsemide,15's,15,46.88,True,3.1253,Urology,Jan Aushadhi (PMBJP) product and MRP list,https://janaushadhi.gov.in/product-portfolio/product-mrp-list,Exported from the site's own Download Files button. Direct API calls to port 8443 return 500 from outside the browser.,False,,2026-08-06T05:37:19+00:00
1828,Torsemide Tablets IP 5mg,Torsemide,15's,15,10.32,True,0.688,Urology,Jan Aushadhi (PMBJP) product and MRP list,https://janaushadhi.gov.in/product-portfolio/product-mrp-list,Exported from the site's own Download Files button. Direct API calls to port 8443 return 500 from outside the browser.,False,,2026-08-06T05:37:19+00:00
1829,Travoprost Ophthalmic Solution IP 0.004%w/v,Travoprost Ophthalmic,2.5 ml,,159.38,True,,Opthalmic/Otic,Jan Aushadhi (PMBJP) product and MRP list,https://janaushadhi.gov.in/product-portfolio/product-mrp-list,Exported from the site's own Download Files button. Direct API calls to port 8443 return 500 from outside the browser.,False,,2026-08-06T05:37:19+00:00
1830,Trimetazidine Hydrochloride Controlled Release Capsules 60mg,Trimetazidine Hydrochloride Controlled Release,10's,10,41.25,True,4.125,Cardiovascular System (CVS),Jan Aushadhi (PMBJP) product and MRP list,https://janaushadhi.gov.in/product-portfolio/product-mrp-list,Exported from the site's own Download Files button. Direct API calls to port 8443 return 500 from outside the browser.,False,,2026-08-06T05:37:19+00:00
1831,"Trypsin 48mg, Bromelain 90mg, Rutoside Trihydrate 100mg and Diclofenac Sodium 50mg Tablets",Trypsin,10's,10,46.88,True,4.688,Analgesic/Antipyretic/Anti-Inflammatory,Jan Aushadhi (PMBJP) product and MRP list,https://janaushadhi.gov.in/product-portfolio/product-mrp-list,Exported from the site's own Download Files button. Direct API calls to port 8443 return 500 from outside the browser.,False,,2026-08-06T05:37:19+00:00
1833,Ursodeoxycholic Acid Tablets IP 150mg,Ursodeoxycholic Acid,15's,15,100.0,True,6.6667,Hepato-Protective,Jan Aushadhi (PMBJP) product and MRP list,https://janaushadhi.gov.in/product-portfolio/product-mrp-list,Exported from the site's own Download Files button. Direct API calls to port 8443 return 500 from outside the browser.,False,,2026-08-06T05:37:19+00:00
1834,Valacyclovir Tablets 1000mg,Valacyclovir,3's,3,103.13,True,34.3767,Anti-Viral,Jan Aushadhi (PMBJP) product and MRP list,https://janaushadhi.gov.in/product-portfolio/product-mrp-list,Exported from the site's own Download Files button. Direct API calls to port 8443 return 500 from outside the browser.,False,,2026-08-06T05:37:19+00:00
1837,Vildagliptin 50mg and Metformin Hydrochloride 850mg Tablets IP,Vildagliptin,15's,15,30.0,True,2.0,Anti-Diabetic,Jan Aushadhi (PMBJP) product and MRP list,https://janaushadhi.gov.in/product-portfolio/product-mrp-list,Exported from the site's own Download Files button. Direct API calls to port 8443 return 500 from outside the browser.,False,,2026-08-06T05:37:19+00:00
1841,Vitamin D3 Oral Solution 60000 IU,Vitamin D Oral,5 ml,5,25.78,True,5.156,Supplement/Vitamin/Mineral,Jan Aushadhi (PMBJP) product and MRP list,https://janaushadhi.gov.in/product-portfolio/product-mrp-list,Exported from the site's own Download Files button. Direct API calls to port 8443 return 500 from outside the browser.,False,,2026-08-06T05:37:19+00:00
1842,Vitamine B  Complex injection (IM/IV) Use,Vitamine B Complex IM IV Use,2 ml,2,0.0,False,,Supplement/Vitamin/Mineral,Jan Aushadhi (PMBJP) product and MRP list,https://janaushadhi.gov.in/product-portfolio/product-mrp-list,Exported from the site's own Download Files button. Direct API calls to port 8443 return 500 from outside the browser.,False,,2026-08-06T05:37:19+00:00
1843,"Voglibose 0.2mg, Glimepiride 1mg and Metformin Hydrochloride 500mg (Sustained Release) Tablets",Voglibose,10's,10,30.94,True,3.094,Anti-Diabetic,Jan Aushadhi (PMBJP) product and MRP list,https://janaushadhi.gov.in/product-portfolio/product-mrp-list,Exported from the site's own Download Files button. Direct API calls to port 8443 return 500 from outside the browser.,False,,2026-08-06T05:37:19+00:00
1844,"Voglibose 0.2mg, Glimepiride 2mg and Metformin Hydrochloride 1000mg (Sustained Release) Tablets",Voglibose,10's,10,23.44,True,2.344,Anti-Diabetic,Jan Aushadhi (PMBJP) product and MRP list,https://janaushadhi.gov.in/product-portfolio/product-mrp-list,Exported from the site's own Download Files button. Direct API calls to port 8443 return 500 from outside the browser.,False,,2026-08-06T05:37:19+00:00
1845,"Voglibose 0.3mg, Glimepiride 2mg and Metformin Hydrochloride 1000mg (Sustained Release) Tablets",Voglibose,10's,10,33.75,True,3.375,Anti-Diabetic,Jan Aushadhi (PMBJP) product and MRP list,https://janaushadhi.gov.in/product-portfolio/product-mrp-list,Exported from the site's own Download Files button. Direct API calls to port 8443 return 500 from outside the browser.,False,,2026-08-06T05:37:19+00:00
1846,Zoledronic Acid Injection IP 4 mg per vial,Zoledronic Acid,4mg/vial,,200.0,True,,Ortho,Jan Aushadhi (PMBJP) product and MRP list,https://janaushadhi.gov.in/product-portfolio/product-mrp-list,Exported from the site's own Download Files button. Direct API calls to port 8443 return 500 from outside the browser.,False,,2026-08-06T05:37:19+00:00
1848,Etophyllin 84.7mg and Theophylline 25.3mg Injection per ml,Etophyllin,2 ml,2,3.75,True,1.875,Respiratory,Jan Aushadhi (PMBJP) product and MRP list,https://janaushadhi.gov.in/product-portfolio/product-mrp-list,Exported from the site's own Download Files button. Direct API calls to port 8443 return 500 from outside the browser.,False,,2026-08-06T05:37:19+00:00
1849,Vitamin-C Chewable Tablets 500mg,Vitamin C Chewable,10's,10,14.06,True,1.406,Supplement/Vitamin/Mineral,Jan Aushadhi (PMBJP) product and MRP list,https://janaushadhi.gov.in/product-portfolio/product-mrp-list,Exported from the site's own Download Files button. Direct API calls to port 8443 return 500 from outside the browser.,False,,2026-08-06T05:37:19+00:00
1850,Thyroxine Sodium Tablets IP 12.5mcg,Thyroxine Sodium,100's Bottle,100,60.94,True,0.6094,Anti-Thyroid,Jan Aushadhi (PMBJP) product and MRP list,https://janaushadhi.gov.in/product-portfolio/product-mrp-list,Exported from the site's own Download Files button. Direct API calls to port 8443 return 500 from outside the browser.,False,,2026-08-06T05:37:19+00:00
1851,Thyroxine Sodium Tablets IP 25mcg,Thyroxine Sodium,100's Bottle,100,42.19,True,0.4219,Anti-Thyroid,Jan Aushadhi (PMBJP) product and MRP list,https://janaushadhi.gov.in/product-portfolio/product-mrp-list,Exported from the site's own Download Files button. Direct API calls to port 8443 return 500 from outside the browser.,False,,2026-08-06T05:37:19+00:00
1852,Thyroxine Sodium Tablets IP 75mcg,Thyroxine Sodium,100's Bottle,100,56.25,True,0.5625,Anti-Thyroid,Jan Aushadhi (PMBJP) product and MRP list,https://janaushadhi.gov.in/product-portfolio/product-mrp-list,Exported from the site's own Download Files button. Direct API calls to port 8443 return 500 from outside the browser.,False,,2026-08-06T05:37:19+00:00
1853,Thyroxine Sodium Tablets IP 125mcg,Thyroxine Sodium,100's Bottle,100,71.25,True,0.7125,Anti-Thyroid,Jan Aushadhi (PMBJP) product and MRP list,https://janaushadhi.gov.in/product-portfolio/product-mrp-list,Exported from the site's own Download Files button. Direct API calls to port 8443 return 500 from outside the browser.,False,,2026-08-06T05:37:19+00:00
1854,Alfuzosin Prolonged-release Tablets IP 10mg,Alfuzosin Prolonged release,10's,10,42.19,True,4.219,Urology,Jan Aushadhi (PMBJP) product and MRP list,https://janaushadhi.gov.in/product-portfolio/product-mrp-list,Exported from the site's own Download Files button. Direct API calls to port 8443 return 500 from outside the browser.,False,,2026-08-06T05:37:19+00:00
1855,Alfuzosin 10mg and Dutasteride 0.5mg Tablets,Alfuzosin,10's,10,56.25,True,5.625,Urology,Jan Aushadhi (PMBJP) product and MRP list,https://janaushadhi.gov.in/product-portfolio/product-mrp-list,Exported from the site's own Download Files button. Direct API calls to port 8443 return 500 from outside the browser.,False,,2026-08-06T05:37:19+00:00
1856,Disodium Hydrogen Citrate Syrup 1.53gm per 5ml,Disodium Hydrogen Citrate gm per,100ml Bottle,,28.13,True,,Urology,Jan Aushadhi (PMBJP) product and MRP list,https://janaushadhi.gov.in/product-portfolio/product-mrp-list,Exported from the site's own Download Files button. Direct API calls to port 8443 return 500 from outside the browser.,False,,2026-08-06T05:37:19+00:00
1857,Citric Acid 334mg and Potassium Citrate 1100mg Syrup per 5ml,Citric Acid,200ml Bottle,,46.88,True,,Urology,Jan Aushadhi (PMBJP) product and MRP list,https://janaushadhi.gov.in/product-portfolio/product-mrp-list,Exported from the site's own Download Files button. Direct API calls to port 8443 return 500 from outside the browser.,False,,2026-08-06T05:37:19+00:00
1858,Darifenacin Prolonged Release Tablets IP 7.5mg,Darifenacin Prolonged Release,10's,10,89.06,True,8.906,Urology,Jan Aushadhi (PMBJP) product and MRP list,https://janaushadhi.gov.in/product-portfolio/product-mrp-list,Exported from the site's own Download Files button. Direct API calls to port 8443 return 500 from outside the browser.,False,,2026-08-06T05:37:19+00:00
1859,Disodium Hydrogen Citrate Syrup 1.37gm per 5ml,Disodium Hydrogen Citrate gm per,100ml Bottle,,42.19,True,,Urology,Jan Aushadhi (PMBJP) product and MRP list,https://janaushadhi.gov.in/product-portfolio/product-mrp-list,Exported from the site's own Download Files button. Direct API calls to port 8443 return 500 from outside the browser.,False,,2026-08-06T05:37:19+00:00
1860,Dutasteride Capsule IP 0.5 mg,Dutasteride,10's,10,46.88,True,4.688,Urology,Jan Aushadhi (PMBJP) product and MRP list,https://janaushadhi.gov.in/product-portfolio/product-mrp-list,Exported from the site's own Download Files button. Direct API calls to port 8443 return 500 from outside the browser.,False,,2026-08-06T05:37:19+00:00
1861,Finasteride Tablets IP 1mg,Finasteride,10's,10,14.06,True,1.406,Urology,Jan Aushadhi (PMBJP) product and MRP list,https://janaushadhi.gov.in/product-portfolio/product-mrp-list,Exported from the site's own Download Files button. Direct API calls to port 8443 return 500 from outside the browser.,False,,2026-08-06T05:37:19+00:00
1862,Mirabegron Extended-release Tablets 25 mg,Mirabegron Extended release,10's,10,93.75,True,9.375,Urology,Jan Aushadhi (PMBJP) product and MRP list,https://janaushadhi.gov.in/product-portfolio/product-mrp-list,Exported from the site's own Download Files button. Direct API calls to port 8443 return 500 from outside the browser.,False,,2026-08-06T05:37:19+00:00
1863,Mirabegron Extended-release Tablets 50 mg,Mirabegron Extended release,10's,10,135.94,True,13.594,Urology,Jan Aushadhi (PMBJP) product and MRP list,https://janaushadhi.gov.in/product-portfolio/product-mrp-list,Exported from the site's own Download Files button. Direct API calls to port 8443 return 500 from outside the browser.,False,,2026-08-06T05:37:19+00:00
1864,Potassium Citrate 1100mg and Magnesium Citrate 375mg Oral Solution,Potassium Citrate,200ml Bottle,,51.56,True,,Nephrology,Jan Aushadhi (PMBJP) product and MRP list,https://janaushadhi.gov.in/product-portfolio/product-mrp-list,Exported from the site's own Download Files button. Direct API calls to port 8443 return 500 from outside the browser.,False,,2026-08-06T05:37:19+00:00
1865,Silodosin Capsules 4 mg,Silodosin,10's,10,46.88,True,4.688,Urology,Jan Aushadhi (PMBJP) product and MRP list,https://janaushadhi.gov.in/product-portfolio/product-mrp-list,Exported from the site's own Download Files button. Direct API calls to port 8443 return 500 from outside the browser.,False,,2026-08-06T05:37:19+00:00
1866,Silodosin Capsules 8 mg,Silodosin,10's,10,77.34,True,7.734,Urology,Jan Aushadhi (PMBJP) product and MRP list,https://janaushadhi.gov.in/product-portfolio/product-mrp-list,Exported from the site's own Download Files button. Direct API calls to port 8443 return 500 from outside the browser.,False,,2026-08-06T05:37:19+00:00
1867,Silodosin 4mg and Dutasteride 0.5mg Capsules,Silodosin,10's,10,93.75,True,9.375,Urology,Jan Aushadhi (PMBJP) product and MRP list,https://janaushadhi.gov.in/product-portfolio/product-mrp-list,Exported from the site's own Download Files button. Direct API calls to port 8443 return 500 from outside the browser.,False,,2026-08-06T05:37:19+00:00
1868,Silodosin 8mg and Dutasteride 0.5mg Capsules,Silodosin,10's,10,144.38,True,14.438,Urology,Jan Aushadhi (PMBJP) product and MRP list,https://janaushadhi.gov.in/product-portfolio/product-mrp-list,Exported from the site's own Download Files button. Direct API calls to port 8443 return 500 from outside the browser.,False,,2026-08-06T05:37:19+00:00
1869,Solifenacin Succinate Tablets IP 5 mg,Solifenacin Succinate,10's,10,60.94,True,6.094,Urology,Jan Aushadhi (PMBJP) product and MRP list,https://janaushadhi.gov.in/product-portfolio/product-mrp-list,Exported from the site's own Download Files button. Direct API calls to port 8443 return 500 from outside the browser.,False,,2026-08-06T05:37:19+00:00
1870,Solifenacin Succinate Tablets IP 10 mg,Solifenacin Succinate,10's,10,75.0,True,7.5,Urology,Jan Aushadhi (PMBJP) product and MRP list,https://janaushadhi.gov.in/product-portfolio/product-mrp-list,Exported from the site's own Download Files button. Direct API calls to port 8443 return 500 from outside the browser.,False,,2026-08-06T05:37:19+00:00
1871,Tamsulosin Hydrochloride 0.4mg and Tolterodine Tartrate 2mg Extended Release Capsules,Tamsulosin Hydrochloride,10's,10,56.25,True,5.625,Urology,Jan Aushadhi (PMBJP) product and MRP list,https://janaushadhi.gov.in/product-portfolio/product-mrp-list,Exported from the site's own Download Files button. Direct API calls to port 8443 return 500 from outside the browser.,False,,2026-08-06T05:37:19+00:00
1872,Tamsulosin Hydrochloride 0.4mg and Tolterodine Tartrate 4mg Extended Release Capsules,Tamsulosin Hydrochloride,10's,10,75.0,True,7.5,Urology,Jan Aushadhi (PMBJP) product and MRP list,https://janaushadhi.gov.in/product-portfolio/product-mrp-list,Exported from the site's own Download Files button. Direct API calls to port 8443 return 500 from outside the browser.,False,,2026-08-06T05:37:19+00:00
1873,Tolterodine Tartrate Extended Release Capsules 2mg,Tolterodine Tartrate Extended Release,10's,10,46.88,True,4.688,Urology,Jan Aushadhi (PMBJP) product and MRP list,https://janaushadhi.gov.in/product-portfolio/product-mrp-list,Exported from the site's own Download Files button. Direct API calls to port 8443 return 500 from outside the browser.,False,,2026-08-06T05:37:19+00:00
1874,Tolterodine Tartrate Extended Release Capsules 4 mg,Tolterodine Tartrate Extended Release,10's,10,65.63,True,6.563,Urology,Jan Aushadhi (PMBJP) product and MRP list,https://janaushadhi.gov.in/product-portfolio/product-mrp-list,Exported from the site's own Download Files button. Direct API calls to port 8443 return 500 from outside the browser.,False,,2026-08-06T05:37:19+00:00
1875,Azithromycin Eye Drops 1% w/v,Azithromycin Eye w v,3ml Drops,,28.13,True,,Opthalmic/Otic,Jan Aushadhi (PMBJP) product and MRP list,https://janaushadhi.gov.in/product-portfolio/product-mrp-list,Exported from the site's own Download Files button. Direct API calls to port 8443 return 500 from outside the browser.,False,,2026-08-06T05:37:19+00:00
1876,Betaxolol Eye Drops IP 0.5% w/v,Betaxolol Eye w v,5ml Drops,,18.75,True,,Opthalmic/Otic,Jan Aushadhi (PMBJP) product and MRP list,https://janaushadhi.gov.in/product-portfolio/product-mrp-list,Exported from the site's own Download Files button. Direct API calls to port 8443 return 500 from outside the browser.,False,,2026-08-06T05:37:19+00:00
1877,Brinzolamide Ophthalmic Suspension IP 1% w/v,Brinzolamide Ophthalmic w v,5ml Drops,,37.5,True,,Opthalmic/Otic,Jan Aushadhi (PMBJP) product and MRP list,https://janaushadhi.gov.in/product-portfolio/product-mrp-list,Exported from the site's own Download Files button. Direct API calls to port 8443 return 500 from outside the browser.,False,,2026-08-06T05:37:19+00:00
1878,Bromfenac 0.09% w/v and Moxifloxacin 0.5% w/v Eye Drops,Bromfenac w v and Moxifloxacin w v Eye,5ml Drops,,42.19,True,,Opthalmic/Otic,Jan Aushadhi (PMBJP) product and MRP list,https://janaushadhi.gov.in/product-portfolio/product-mrp-list,Exported from the site's own Download Files button. Direct API calls to port 8443 return 500 from outside the browser.,False,,2026-08-06T05:37:19+00:00
1879,Chloramphenicol 0.5% w/v and Dexamethasone 0.1% w/v Eye/Ear Drops,Chloramphenicol w v and Dexamethasone w v Eye Ear,5ml Drops,,14.06,True,,Opthalmic/Otic,Jan Aushadhi (PMBJP) product and MRP list,https://janaushadhi.gov.in/product-portfolio/product-mrp-list,Exported from the site's own Download Files button. Direct API calls to port 8443 return 500 from outside the browser.,False,,2026-08-06T05:37:19+00:00
1880,Epalrestat Sustained Release Tablets 150 mg,Epalrestat Sustained Release,10's,10,79.69,True,7.969,Central Nervous System (CNS),Jan Aushadhi (PMBJP) product and MRP list,https://janaushadhi.gov.in/product-portfolio/product-mrp-list,Exported from the site's own Download Files button. Direct API calls to port 8443 return 500 from outside the browser.,False,,2026-08-06T05:37:19+00:00
1881,Gatifloxacin 0.3% w/v and Dexamethasone 0.1% w/v Eye Drops,Gatifloxacin w v and Dexamethasone w v Eye,5ml Drops,,18.75,True,,Opthalmic/Otic,Jan Aushadhi (PMBJP) product and MRP list,https://janaushadhi.gov.in/product-portfolio/product-mrp-list,Exported from the site's own Download Files button. Direct API calls to port 8443 return 500 from outside the browser.,False,,2026-08-06T05:37:19+00:00
1882,Gatifloxacin 0.3 % w/v and Prednisolone 1% w/v Eye Drops,Gatifloxacin w v and Prednisolone w v Eye,10ml Drops,,23.44,True,,Opthalmic/Otic,Jan Aushadhi (PMBJP) product and MRP list,https://janaushadhi.gov.in/product-portfolio/product-mrp-list,Exported from the site's own Download Files button. Direct API calls to port 8443 return 500 from outside the browser.,False,,2026-08-06T05:37:19+00:00
1883,Gentamicin 0.3% w/v and Dexamethasone 0.1% w/v Eye Drops,Gentamicin w v and Dexamethasone w v Eye,10ml Drops,,0.0,False,,Opthalmic/Otic,Jan Aushadhi (PMBJP) product and MRP list,https://janaushadhi.gov.in/product-portfolio/product-mrp-list,Exported from the site's own Download Files button. Direct API calls to port 8443 return 500 from outside the browser.,False,,2026-08-06T05:37:19+00:00
1884,Homatropine Hydrobromide Eye Drops IP 2% w/v,Homatropine Hydrobromide Eye w v,5ml Drops,,26.0,True,,Opthalmic/Otic,Jan Aushadhi (PMBJP) product and MRP list,https://janaushadhi.gov.in/product-portfolio/product-mrp-list,Exported from the site's own Download Files button. Direct API calls to port 8443 return 500 from outside the browser.,False,,2026-08-06T05:37:19+00:00
1886,Levofloxacin Eye Drops 0.5 % w/v,Levofloxacin Eye w v,5ml Drops,,23.44,True,,Opthalmic/Otic,Jan Aushadhi (PMBJP) product and MRP list,https://janaushadhi.gov.in/product-portfolio/product-mrp-list,Exported from the site's own Download Files button. Direct API calls to port 8443 return 500 from outside the browser.,False,,2026-08-06T05:37:19+00:00
1887,Moxifloxacin 0.5% w/v and Dexamethasone 0.1% w/v Eye Drops,Moxifloxacin w v and Dexamethasone w v Eye,5ml Drops,,18.75,True,,Opthalmic/Otic,Jan Aushadhi (PMBJP) product and MRP list,https://janaushadhi.gov.in/product-portfolio/product-mrp-list,Exported from the site's own Download Files button. Direct API calls to port 8443 return 500 from outside the browser.,False,,2026-08-06T05:37:19+00:00
1888,Natamycin Ophthalmic Suspension IP 5% w/v,Natamycin Ophthalmic w v,5ml Drops,,52.5,True,,Opthalmic/Otic,Jan Aushadhi (PMBJP) product and MRP list,https://janaushadhi.gov.in/product-portfolio/product-mrp-list,Exported from the site's own Download Files button. Direct API calls to port 8443 return 500 from outside the browser.,False,,2026-08-06T05:37:19+00:00
1889,Artesunate Injection IP 120mg,Artesunate,Vial with Diluent,,46.88,True,,Anti-Malarial,Jan Aushadhi (PMBJP) product and MRP list,https://janaushadhi.gov.in/product-portfolio/product-mrp-list,Exported from the site's own Download Files button. Direct API calls to port 8443 return 500 from outside the browser.,False,,2026-08-06T05:37:19+00:00
1890,Arteether Injection 75mg per ml,Arteether,1ml Ampoule,,9.38,True,,Anti-Malarial,Jan Aushadhi (PMBJP) product and MRP list,https://janaushadhi.gov.in/product-portfolio/product-mrp-list,Exported from the site's own Download Files button. Direct API calls to port 8443 return 500 from outside the browser.,False,,2026-08-06T05:37:19+00:00
1892,"Artesunate 200mg Tablets, Sulfadoxine 500mg and Pyrimethamine 25mg Tablets IP Combi kit",Artesunate,KIT,,42.19,True,,Anti-Malarial,Jan Aushadhi (PMBJP) product and MRP list,https://janaushadhi.gov.in/product-portfolio/product-mrp-list,Exported from the site's own Download Files button. Direct API calls to port 8443 return 500 from outside the browser.,False,,2026-08-06T05:37:19+00:00
1893,Primaquine Phosphate Tablets IP 7.5 mg,Primaquine Phosphate,10's,10,12.19,True,1.219,Anti-Malarial,Jan Aushadhi (PMBJP) product and MRP list,https://janaushadhi.gov.in/product-portfolio/product-mrp-list,Exported from the site's own Download Files button. Direct API calls to port 8443 return 500 from outside the browser.,False,,2026-08-06T05:37:19+00:00
1894,Primaquine Phosphate Tablets IP 2.5 mg,Primaquine Phosphate,10's,10,9.38,True,0.938,Anti-Malarial,Jan Aushadhi (PMBJP) product and MRP list,https://janaushadhi.gov.in/product-portfolio/product-mrp-list,Exported from the site's own Download Files button. Direct API calls to port 8443 return 500 from outside the browser.,False,,2026-08-06T05:37:19+00:00
1897,Quinine Sulphate Tablets IP 600 mg,Quinine Sulphate,10's,10,50.0,True,5.0,Anti-Malarial,Jan Aushadhi (PMBJP) product and MRP list,https://janaushadhi.gov.in/product-portfolio/product-mrp-list,Exported from the site's own Download Files button. Direct API calls to port 8443 return 500 from outside the browser.,False,,2026-08-06T05:37:19+00:00
1898,Agomelatine Tablets 25 mg,Agomelatine,10's,10,61.88,True,6.188,Central Nervous System (CNS),Jan Aushadhi (PMBJP) product and MRP list,https://janaushadhi.gov.in/product-portfolio/product-mrp-list,Exported from the site's own Download Files button. Direct API calls to port 8443 return 500 from outside the browser.,False,,2026-08-06T05:37:19+00:00
1899,Alprazolam 0.25mg and Propranolol Hydrochloride 20mg Tablets,Alprazolam,10's,10,15.0,True,1.5,Central Nervous System (CNS),Jan Aushadhi (PMBJP) product and MRP list,https://janaushadhi.gov.in/product-portfolio/product-mrp-list,Exported from the site's own Download Files button. Direct API calls to port 8443 return 500 from outside the browser.,False,,2026-08-06T05:37:19+00:00
1900,Alprazolam 0.25mg and Propranolol Hydrochloride 10mg Tablets,Alprazolam,10's,10,14.06,True,1.406,Central Nervous System (CNS),Jan Aushadhi (PMBJP) product and MRP list,https://janaushadhi.gov.in/product-portfolio/product-mrp-list,Exported from the site's own Download Files button. Direct API calls to port 8443 return 500 from outside the browser.,False,,2026-08-06T05:37:19+00:00
1901,Alprazolam 0.5mg and Sertraline Hydrochloride 25mg Tablets,Alprazolam,10's,10,23.44,True,2.344,Central Nervous System (CNS),Jan Aushadhi (PMBJP) product and MRP list,https://janaushadhi.gov.in/product-portfolio/product-mrp-list,Exported from the site's own Download Files button. Direct API calls to port 8443 return 500 from outside the browser.,False,,2026-08-06T05:37:19+00:00
1902,Alprazolam 0.5mg and Sertraline Hydrochloride 50mg Tablets,Alprazolam,10's,10,32.81,True,3.281,Central Nervous System (CNS),Jan Aushadhi (PMBJP) product and MRP list,https://janaushadhi.gov.in/product-portfolio/product-mrp-list,Exported from the site's own Download Files button. Direct API calls to port 8443 return 500 from outside the browser.,False,,2026-08-06T05:37:19+00:00
1903,Amisulpride Tablets IP 100 mg,Amisulpride,10's,10,37.5,True,3.75,Central Nervous System (CNS),Jan Aushadhi (PMBJP) product and MRP list,https://janaushadhi.gov.in/product-portfolio/product-mrp-list,Exported from the site's own Download Files button. Direct API calls to port 8443 return 500 from outside the browser.,False,,2026-08-06T05:37:19+00:00
1904,Amisulpride Tablets IP 200 mg,Amisulpride,10's,10,65.63,True,6.563,Central Nervous System (CNS),Jan Aushadhi (PMBJP) product and MRP list,https://janaushadhi.gov.in/product-portfolio/product-mrp-list,Exported from the site's own Download Files button. Direct API calls to port 8443 return 500 from outside the browser.,False,,2026-08-06T05:37:19+00:00
1905,Amitriptyline Hydrochloride Tablets IP 75 mg,Amitriptyline Hydrochloride,10's,10,18.75,True,1.875,Central Nervous System (CNS),Jan Aushadhi (PMBJP) product and MRP list,https://janaushadhi.gov.in/product-portfolio/product-mrp-list,Exported from the site's own Download Files button. Direct API calls to port 8443 return 500 from outside the browser.,False,,2026-08-06T05:37:19+00:00
1906,Amitriptyline Hydrochloride Tablets IP 50 mg,Amitriptyline Hydrochloride,10's,10,14.06,True,1.406,Central Nervous System (CNS),Jan Aushadhi (PMBJP) product and MRP list,https://janaushadhi.gov.in/product-portfolio/product-mrp-list,Exported from the site's own Download Files button. Direct API calls to port 8443 return 500 from outside the browser.,False,,2026-08-06T05:37:19+00:00
1907,Amitriptyline Hydrochloride Tablets IP 5 mg,Amitriptyline Hydrochloride,10's,10,0.0,False,,Central Nervous System (CNS),Jan Aushadhi (PMBJP) product and MRP list,https://janaushadhi.gov.in/product-portfolio/product-mrp-list,Exported from the site's own Download Files button. Direct API calls to port 8443 return 500 from outside the browser.,False,,2026-08-06T05:37:19+00:00
1908,Amitriptyline Hydrochloride 25mg Chlordiazepoxide 10mg Tablets,Amitriptyline Hydrochloride,10's,10,9.38,True,0.938,Central Nervous System (CNS),Jan Aushadhi (PMBJP) product and MRP list,https://janaushadhi.gov.in/product-portfolio/product-mrp-list,Exported from the site's own Download Files button. Direct API calls to port 8443 return 500 from outside the browser.,False,,2026-08-06T05:37:19+00:00
1909,Amoxapine Tablets IP 50mg,Amoxapine,10's,10,48.28,True,4.828,Central Nervous System (CNS),Jan Aushadhi (PMBJP) product and MRP list,https://janaushadhi.gov.in/product-portfolio/product-mrp-list,Exported from the site's own Download Files button. Direct API calls to port 8443 return 500 from outside the browser.,False,,2026-08-06T05:37:19+00:00
1910,Amoxapine Tablets IP 100mg,Amoxapine,10's,10,69.38,True,6.938,Central Nervous System (CNS),Jan Aushadhi (PMBJP) product and MRP list,https://janaushadhi.gov.in/product-portfolio/product-mrp-list,Exported from the site's own Download Files button. Direct API calls to port 8443 return 500 from outside the browser.,False,,2026-08-06T05:37:19+00:00
1911,Aripiprazole Tablets IP 2.5 mg,Aripiprazole,10's,10,9.38,True,0.938,Central Nervous System (CNS),Jan Aushadhi (PMBJP) product and MRP list,https://janaushadhi.gov.in/product-portfolio/product-mrp-list,Exported from the site's own Download Files button. Direct API calls to port 8443 return 500 from outside the browser.,False,,2026-08-06T05:37:19+00:00
1912,Aripiprazole Tablets IP 10 mg,Aripiprazole,10's,10,23.44,True,2.344,Central Nervous System (CNS),Jan Aushadhi (PMBJP) product and MRP list,https://janaushadhi.gov.in/product-portfolio/product-mrp-list,Exported from the site's own Download Files button. Direct API calls to port 8443 return 500 from outside the browser.,False,,2026-08-06T05:37:19+00:00
1913,Aripiprazole Tablets IP 15 mg,Aripiprazole,10's,10,32.81,True,3.281,Central Nervous System (CNS),Jan Aushadhi (PMBJP) product and MRP list,https://janaushadhi.gov.in/product-portfolio/product-mrp-list,Exported from the site's own Download Files button. Direct API calls to port 8443 return 500 from outside the browser.,False,,2026-08-06T05:37:19+00:00
1914,Aripiprazole Tablets IP 20 mg,Aripiprazole,10's,10,42.19,True,4.219,Central Nervous System (CNS),Jan Aushadhi (PMBJP) product and MRP list,https://janaushadhi.gov.in/product-portfolio/product-mrp-list,Exported from the site's own Download Files button. Direct API calls to port 8443 return 500 from outside the browser.,False,,2026-08-06T05:37:19+00:00
1915,Aripiprazole Tablets IP 7.5 mg,Aripiprazole,10's,10,21.56,True,2.156,Central Nervous System (CNS),Jan Aushadhi (PMBJP) product and MRP list,https://janaushadhi.gov.in/product-portfolio/product-mrp-list,Exported from the site's own Download Files button. Direct API calls to port 8443 return 500 from outside the browser.,False,,2026-08-06T05:37:19+00:00
1916,Aripiprazole Tablets IP 30 mg,Aripiprazole,10's,10,28.13,True,2.813,Central Nervous System (CNS),Jan Aushadhi (PMBJP) product and MRP list,https://janaushadhi.gov.in/product-portfolio/product-mrp-list,Exported from the site's own Download Files button. Direct API calls to port 8443 return 500 from outside the browser.,False,,2026-08-06T05:37:19+00:00
1919,Bromocriptine Mesylate Tablets IP 1.25 mg,Bromocriptine Mesylate,10's,10,32.81,True,3.281,Central Nervous System (CNS),Jan Aushadhi (PMBJP) product and MRP list,https://janaushadhi.gov.in/product-portfolio/product-mrp-list,Exported from the site's own Download Files button. Direct API calls to port 8443 return 500 from outside the browser.,False,,2026-08-06T05:37:19+00:00
1920,Bupropion Prolonged-release Tablets IP 150 mg,Bupropion Prolonged release,10's,10,42.19,True,4.219,Central Nervous System (CNS),Jan Aushadhi (PMBJP) product and MRP list,https://janaushadhi.gov.in/product-portfolio/product-mrp-list,Exported from the site's own Download Files button. Direct API calls to port 8443 return 500 from outside the browser.,False,,2026-08-06T05:37:19+00:00
1921,Chlordiazepoxide Tablets IP 25 mg,Chlordiazepoxide,10's,10,23.44,True,2.344,Central Nervous System (CNS),Jan Aushadhi (PMBJP) product and MRP list,https://janaushadhi.gov.in/product-portfolio/product-mrp-list,Exported from the site's own Download Files button. Direct API calls to port 8443 return 500 from outside the browser.,False,,2026-08-06T05:37:19+00:00
1922,Chlorpromazine Tablets IP 100 mg,Chlorpromazine,10's,10,6.19,True,0.619,Central Nervous System (CNS),Jan Aushadhi (PMBJP) product and MRP list,https://janaushadhi.gov.in/product-portfolio/product-mrp-list,Exported from the site's own Download Files button. Direct API calls to port 8443 return 500 from outside the browser.,False,,2026-08-06T05:37:19+00:00
1923,Chlorpromazine Tablets IP 50 mg,Chlorpromazine,10's,10,5.16,True,0.516,Central Nervous System (CNS),Jan Aushadhi (PMBJP) product and MRP list,https://janaushadhi.gov.in/product-portfolio/product-mrp-list,Exported from the site's own Download Files button. Direct API calls to port 8443 return 500 from outside the browser.,False,,2026-08-06T05:37:19+00:00
1924,Chlorpromazine Tablets IP 25 mg,Chlorpromazine,10's,10,3.38,True,0.338,Central Nervous System (CNS),Jan Aushadhi (PMBJP) product and MRP list,https://janaushadhi.gov.in/product-portfolio/product-mrp-list,Exported from the site's own Download Files button. Direct API calls to port 8443 return 500 from outside the browser.,False,,2026-08-06T05:37:19+00:00
1927,Cinnarizine 20mg and Dimenhydrinate 40mg Tablets,Cinnarizine,10's,10,18.75,True,1.875,Central Nervous System (CNS),Jan Aushadhi (PMBJP) product and MRP list,https://janaushadhi.gov.in/product-portfolio/product-mrp-list,Exported from the site's own Download Files button. Direct API calls to port 8443 return 500 from outside the browser.,False,,2026-08-06T05:37:19+00:00
1928,Citalopram Tablets IP 20mg,Citalopram,10's,10,18.75,True,1.875,Central Nervous System (CNS),Jan Aushadhi (PMBJP) product and MRP list,https://janaushadhi.gov.in/product-portfolio/product-mrp-list,Exported from the site's own Download Files button. Direct API calls to port 8443 return 500 from outside the browser.,False,,2026-08-06T05:37:19+00:00
1930,Citicoline Injection IP 250mg per ml,Citicoline,2ml Ampoule,,37.5,True,,Central Nervous System (CNS),Jan Aushadhi (PMBJP) product and MRP list,https://janaushadhi.gov.in/product-portfolio/product-mrp-list,Exported from the site's own Download Files button. Direct API calls to port 8443 return 500 from outside the browser.,False,,2026-08-06T05:37:19+00:00
1931,Clonazepam Mouth Dissolving Tablets 0.25 mg,Clonazepam Mouth Dissolving,10's,10,9.38,True,0.938,Central Nervous System (CNS),Jan Aushadhi (PMBJP) product and MRP list,https://janaushadhi.gov.in/product-portfolio/product-mrp-list,Exported from the site's own Download Files button. Direct API calls to port 8443 return 500 from outside the browser.,False,,2026-08-06T05:37:19+00:00
1932,Clomipramine Hydrochloride Tablets 10mg,Clomipramine Hydrochloride,10's,10,11.25,True,1.125,Central Nervous System (CNS),Jan Aushadhi (PMBJP) product and MRP list,https://janaushadhi.gov.in/product-portfolio/product-mrp-list,Exported from the site's own Download Files button. Direct API calls to port 8443 return 500 from outside the browser.,False,,2026-08-06T05:37:19+00:00
1933,Clomipramine Hydrochloride Tablets 25mg,Clomipramine Hydrochloride,10's,10,18.75,True,1.875,Central Nervous System (CNS),Jan Aushadhi (PMBJP) product and MRP list,https://janaushadhi.gov.in/product-portfolio/product-mrp-list,Exported from the site's own Download Files button. Direct API calls to port 8443 return 500 from outside the browser.,False,,2026-08-06T05:37:19+00:00
1934,Clomipramine Hydrochloride Tablets 50mg,Clomipramine Hydrochloride,10's,10,32.81,True,3.281,Central Nervous System (CNS),Jan Aushadhi (PMBJP) product and MRP list,https://janaushadhi.gov.in/product-portfolio/product-mrp-list,Exported from the site's own Download Files button. Direct API calls to port 8443 return 500 from outside the browser.,False,,2026-08-06T05:37:19+00:00
1935,Clozapine Tablets IP 25 mg,Clozapine,10's,10,14.06,True,1.406,Central Nervous System (CNS),Jan Aushadhi (PMBJP) product and MRP list,https://janaushadhi.gov.in/product-portfolio/product-mrp-list,Exported from the site's own Download Files button. Direct API calls to port 8443 return 500 from outside the browser.,False,,2026-08-06T05:37:19+00:00
1936,Clozapine Tablets IP 50 mg,Clozapine,10's,10,23.44,True,2.344,Central Nervous System (CNS),Jan Aushadhi (PMBJP) product and MRP list,https://janaushadhi.gov.in/product-portfolio/product-mrp-list,Exported from the site's own Download Files button. Direct API calls to port 8443 return 500 from outside the browser.,False,,2026-08-06T05:37:19+00:00
1937,Clozapine Tablets IP 100 mg,Clozapine,10's,10,37.5,True,3.75,Central Nervous System (CNS),Jan Aushadhi (PMBJP) product and MRP list,https://janaushadhi.gov.in/product-portfolio/product-mrp-list,Exported from the site's own Download Files button. Direct API calls to port 8443 return 500 from outside the browser.,False,,2026-08-06T05:37:19+00:00
1938,Diazepam Tablets IP 2 mg,Diazepam,10's,10,6.56,True,0.656,Central Nervous System (CNS),Jan Aushadhi (PMBJP) product and MRP list,https://janaushadhi.gov.in/product-portfolio/product-mrp-list,Exported from the site's own Download Files button. Direct API calls to port 8443 return 500 from outside the browser.,False,,2026-08-06T05:37:19+00:00
1939,Diazepam Tablets IP 10 mg,Diazepam,10's,10,18.75,True,1.875,Central Nervous System (CNS),Jan Aushadhi (PMBJP) product and MRP list,https://janaushadhi.gov.in/product-portfolio/product-mrp-list,Exported from the site's own Download Files button. Direct API calls to port 8443 return 500 from outside the browser.,False,,2026-08-06T05:37:19+00:00
1940,Doxepin Capsules IP 10mg,Doxepin,10's,10,14.06,True,1.406,Central Nervous System (CNS),Jan Aushadhi (PMBJP) product and MRP list,https://janaushadhi.gov.in/product-portfolio/product-mrp-list,Exported from the site's own Download Files button. Direct API calls to port 8443 return 500 from outside the browser.,False,,2026-08-06T05:37:19+00:00
1941,Doxepin Capsules IP 25mg,Doxepin,10's,10,37.5,True,3.75,Central Nervous System (CNS),Jan Aushadhi (PMBJP) product and MRP list,https://janaushadhi.gov.in/product-portfolio/product-mrp-list,Exported from the site's own Download Files button. Direct API calls to port 8443 return 500 from outside the browser.,False,,2026-08-06T05:37:19+00:00
1942,Doxepin Capsules IP 75mg,Doxepin,10's,10,56.25,True,5.625,Central Nervous System (CNS),Jan Aushadhi (PMBJP) product and MRP list,https://janaushadhi.gov.in/product-portfolio/product-mrp-list,Exported from the site's own Download Files button. Direct API calls to port 8443 return 500 from outside the browser.,False,,2026-08-06T05:37:19+00:00
1943,Duloxetine Gastro Resistant Tablets IP 30mg,Duloxetine Gastro Resistant,10's,10,28.13,True,2.813,Central Nervous System (CNS),Jan Aushadhi (PMBJP) product and MRP list,https://janaushadhi.gov.in/product-portfolio/product-mrp-list,Exported from the site's own Download Files button. Direct API calls to port 8443 return 500 from outside the browser.,False,,2026-08-06T05:37:19+00:00
1944,Escitalopram Tablets IP 5 mg,Escitalopram,10's,10,7.5,True,0.75,Central Nervous System (CNS),Jan Aushadhi (PMBJP) product and MRP list,https://janaushadhi.gov.in/product-portfolio/product-mrp-list,Exported from the site's own Download Files button. Direct API calls to port 8443 return 500 from outside the browser.,False,,2026-08-06T05:37:19+00:00
1945,Etizolam Tablets IP 0.25mg,Etizolam,10's,10,6.56,True,0.656,Central Nervous System (CNS),Jan Aushadhi (PMBJP) product and MRP list,https://janaushadhi.gov.in/product-portfolio/product-mrp-list,Exported from the site's own Download Files button. Direct API calls to port 8443 return 500 from outside the browser.,False,,2026-08-06T05:37:19+00:00
1946,Lamotrigine Dispersible Tablets IP 25mg,Lamotrigine Dispersible,10's,10,14.06,True,1.406,Central Nervous System (CNS),Jan Aushadhi (PMBJP) product and MRP list,https://janaushadhi.gov.in/product-portfolio/product-mrp-list,Exported from the site's own Download Files button. Direct API calls to port 8443 return 500 from outside the browser.,False,,2026-08-06T05:37:19+00:00
1947,Lamotrigine Dispersible Tablets IP 50mg,Lamotrigine Dispersible,10's,10,18.75,True,1.875,Central Nervous System (CNS),Jan Aushadhi (PMBJP) product and MRP list,https://janaushadhi.gov.in/product-portfolio/product-mrp-list,Exported from the site's own Download Files button. Direct API calls to port 8443 return 500 from outside the browser.,False,,2026-08-06T05:37:19+00:00
1948,Levosulpiride Tablets 50 mg,Levosulpiride,10's,10,20.63,True,2.063,Gastrointestinal (GIT),Jan Aushadhi (PMBJP) product and MRP list,https://janaushadhi.gov.in/product-portfolio/product-mrp-list,Exported from the site's own Download Files button. Direct API calls to port 8443 return 500 from outside the browser.,False,,2026-08-06T05:37:19+00:00
1949,Levosulpiride Tablets 75 mg,Levosulpiride,10's,10,30.94,True,3.094,Gastrointestinal (GIT),Jan Aushadhi (PMBJP) product and MRP list,https://janaushadhi.gov.in/product-portfolio/product-mrp-list,Exported from the site's own Download Files button. Direct API calls to port 8443 return 500 from outside the browser.,False,,2026-08-06T05:37:19+00:00
1950,Mirtazapine Tablets IP 30 mg,Mirtazapine,10's,10,42.19,True,4.219,Central Nervous System (CNS),Jan Aushadhi (PMBJP) product and MRP list,https://janaushadhi.gov.in/product-portfolio/product-mrp-list,Exported from the site's own Download Files button. Direct API calls to port 8443 return 500 from outside the browser.,False,,2026-08-06T05:37:19+00:00
1951,Rifaximin Tablets 200 mg,Rifaximin,10's,10,65.63,True,6.563,Antibiotics,Jan Aushadhi (PMBJP) product and MRP list,https://janaushadhi.gov.in/product-portfolio/product-mrp-list,Exported from the site's own Download Files button. Direct API calls to port 8443 return 500 from outside the browser.,False,,2026-08-06T05:37:19+00:00
1952,Rifaximin Tablets 550 mg,Rifaximin,10's,10,159.38,True,15.938,Antibiotics,Jan Aushadhi (PMBJP) product and MRP list,https://janaushadhi.gov.in/product-portfolio/product-mrp-list,Exported from the site's own Download Files button. Direct API calls to port 8443 return 500 from outside the browser.,False,,2026-08-06T05:37:19+00:00
1953,Olanzapine 5mg and Fluoxetine 20mg Tablets IP,Olanzapine,10's,10,18.75,True,1.875,Central Nervous System (CNS),Jan Aushadhi (PMBJP) product and MRP list,https://janaushadhi.gov.in/product-portfolio/product-mrp-list,Exported from the site's own Download Files button. Direct API calls to port 8443 return 500 from outside the browser.,False,,2026-08-06T05:37:19+00:00
1954,Phenytoin Injection IP 100mg per 2 ml,Phenytoin,2ml Ampoule,,7.5,True,,Central Nervous System (CNS),Jan Aushadhi (PMBJP) product and MRP list,https://janaushadhi.gov.in/product-portfolio/product-mrp-list,Exported from the site's own Download Files button. Direct API calls to port 8443 return 500 from outside the browser.,False,,2026-08-06T05:37:19+00:00
1955,Paroxetine Extended Release 12.5mg and Clonazepam 0.25mg Tablets,Paroxetine Extended Release,10's,10,37.5,True,3.75,Central Nervous System (CNS),Jan Aushadhi (PMBJP) product and MRP list,https://janaushadhi.gov.in/product-portfolio/product-mrp-list,Exported from the site's own Download Files button. Direct API calls to port 8443 return 500 from outside the browser.,False,,2026-08-06T05:37:19+00:00
1957,Risperidone Tablets IP 1mg,Risperidone,10's,10,7.5,True,0.75,Central Nervous System (CNS),Jan Aushadhi (PMBJP) product and MRP list,https://janaushadhi.gov.in/product-portfolio/product-mrp-list,Exported from the site's own Download Files button. Direct API calls to port 8443 return 500 from outside the browser.,False,,2026-08-06T05:37:19+00:00
1958,Risperidone Tablets IP 2 mg,Risperidone,10's,10,9.38,True,0.938,Central Nervous System (CNS),Jan Aushadhi (PMBJP) product and MRP list,https://janaushadhi.gov.in/product-portfolio/product-mrp-list,Exported from the site's own Download Files button. Direct API calls to port 8443 return 500 from outside the browser.,False,,2026-08-06T05:37:19+00:00
1959,Eicosapentaenoic Acid 180mg and Docosahexaenoic Acid 120mg Soft Gelatin Capsule,Eicosapentaenoic Acid,30's Bottle,30,112.5,True,3.75,Supplement/Vitamin/Mineral,Jan Aushadhi (PMBJP) product and MRP list,https://janaushadhi.gov.in/product-portfolio/product-mrp-list,Exported from the site's own Download Files button. Direct API calls to port 8443 return 500 from outside the browser.,False,,2026-08-06T05:37:19+00:00
1960,Aloe Vera 10% W/W and Vitamin E 1% W/W Moisturising Cream,Aloe Vera W W and Vitamin E W W Moisturising,60 gm Tube,60,50.0,True,0.8333,Derma Care,Jan Aushadhi (PMBJP) product and MRP list,https://janaushadhi.gov.in/product-portfolio/product-mrp-list,Exported from the site's own Download Files button. Direct API calls to port 8443 return 500 from outside the browser.,False,,2026-08-06T05:37:19+00:00
1961,Methylcobalamin Tablet 1500mcg,Methylcobalamin,10's,10,25.78,True,2.578,Supplement/Vitamin/Mineral,Jan Aushadhi (PMBJP) product and MRP list,https://janaushadhi.gov.in/product-portfolio/product-mrp-list,Exported from the site's own Download Files button. Direct API calls to port 8443 return 500 from outside the browser.,False,,2026-08-06T05:37:19+00:00
1962,Methylcobalamin Tablet 500mcg,Methylcobalamin,10's,10,15.47,True,1.547,Supplement/Vitamin/Mineral,Jan Aushadhi (PMBJP) product and MRP list,https://janaushadhi.gov.in/product-portfolio/product-mrp-list,Exported from the site's own Download Files button. Direct API calls to port 8443 return 500 from outside the browser.,False,,2026-08-06T05:37:19+00:00
1963,N-Acetylcysteine 150Mg And Taurine 500Mg Tablets,N Acetylcysteine,10's,10,30.94,True,3.094,Nephrology,Jan Aushadhi (PMBJP) product and MRP list,https://janaushadhi.gov.in/product-portfolio/product-mrp-list,Exported from the site's own Download Files button. Direct API calls to port 8443 return 500 from outside the browser.,False,,2026-08-06T05:37:19+00:00
1964,Biphasic Insulin Lispro Injection IP 100IU per ml (25:75),Biphasic Insulin Lispro,3ml Pre-Filled Cartridge,,0.0,False,,Anti-Diabetic,Jan Aushadhi (PMBJP) product and MRP list,https://janaushadhi.gov.in/product-portfolio/product-mrp-list,Exported from the site's own Download Files button. Direct API calls to port 8443 return 500 from outside the browser.,False,,2026-08-06T05:37:19+00:00
1965,Insulin Aspart Injection IP 100IU per ml,Insulin Aspart,10ml Vial,,0.0,False,,Anti-Diabetic,Jan Aushadhi (PMBJP) product and MRP list,https://janaushadhi.gov.in/product-portfolio/product-mrp-list,Exported from the site's own Download Files button. Direct API calls to port 8443 return 500 from outside the browser.,False,,2026-08-06T05:37:19+00:00
1966,Repaglinide Tablet IP 0.5mg,Repaglinide,10's,10,14.06,True,1.406,Anti-Diabetic,Jan Aushadhi (PMBJP) product and MRP list,https://janaushadhi.gov.in/product-portfolio/product-mrp-list,Exported from the site's own Download Files button. Direct API calls to port 8443 return 500 from outside the browser.,False,,2026-08-06T05:37:19+00:00
1967,Repaglinide Tablet IP 1mg,Repaglinide,10's,10,23.44,True,2.344,Anti-Diabetic,Jan Aushadhi (PMBJP) product and MRP list,https://janaushadhi.gov.in/product-portfolio/product-mrp-list,Exported from the site's own Download Files button. Direct API calls to port 8443 return 500 from outside the browser.,False,,2026-08-06T05:37:19+00:00
1968,Repaglinide Tablet IP 2mg,Repaglinide,10's,10,32.81,True,3.281,Anti-Diabetic,Jan Aushadhi (PMBJP) product and MRP list,https://janaushadhi.gov.in/product-portfolio/product-mrp-list,Exported from the site's own Download Files button. Direct API calls to port 8443 return 500 from outside the browser.,False,,2026-08-06T05:37:19+00:00
1969,Repaglinide 1mg and Metformin Hydrochloride (Sustained-release) 500mg Tablets IP,Repaglinide,10's,10,28.13,True,2.813,Anti-Diabetic,Jan Aushadhi (PMBJP) product and MRP list,https://janaushadhi.gov.in/product-portfolio/product-mrp-list,Exported from the site's own Download Files button. Direct API calls to port 8443 return 500 from outside the browser.,False,,2026-08-06T05:37:19+00:00
1970,Repaglinide 2mg and Metformin Hydrochloride (Sustained-release) 500mg Tablets IP,Repaglinide,10's,10,32.81,True,3.281,Anti-Diabetic,Jan Aushadhi (PMBJP) product and MRP list,https://janaushadhi.gov.in/product-portfolio/product-mrp-list,Exported from the site's own Download Files button. Direct API calls to port 8443 return 500 from outside the browser.,False,,2026-08-06T05:37:19+00:00
1971,"Amoxycillin 200Mg , Clavulanic Acid 28.5Mg And Lactic Acid Bacillus 60 Million Spore Dry syrup",Amoxycillin,30 ml Bottle,30,30.0,True,1.0,Antibiotics,Jan Aushadhi (PMBJP) product and MRP list,https://janaushadhi.gov.in/product-portfolio/product-mrp-list,Exported from the site's own Download Files button. Direct API calls to port 8443 return 500 from outside the browser.,False,,2026-08-06T05:37:19+00:00
1972,"Amoxycillin 500mg, Clavulanic Acid 125mg and Lactic Acid Bacillus 60 Million Spores Tablets",Amoxycillin,10's,10,93.75,True,9.375,Antibiotics,Jan Aushadhi (PMBJP) product and MRP list,https://janaushadhi.gov.in/product-portfolio/product-mrp-list,Exported from the site's own Download Files button. Direct API calls to port 8443 return 500 from outside the browser.,False,,2026-08-06T05:37:19+00:00
1973,"Amoxycillin 200Mg , Clavulanic Acid 28.5Mg  And Lactic Acid Bacillus 30 Million Spore Dry syrup",Amoxycillin,30 ml Bottle,30,0.0,False,,Antibiotics,Jan Aushadhi (PMBJP) product and MRP list,https://janaushadhi.gov.in/product-portfolio/product-mrp-list,Exported from the site's own Download Files button. Direct API calls to port 8443 return 500 from outside the browser.,False,,2026-08-06T05:37:19+00:00
1974,"Amoxycillin 250mg, Cloxacillin 250mg And Lactic Acid Bacillus 100 Million Spore Capsules",Amoxycillin,6's,6,0.0,False,,Antibiotics,Jan Aushadhi (PMBJP) product and MRP list,https://janaushadhi.gov.in/product-portfolio/product-mrp-list,Exported from the site's own Download Files button. Direct API calls to port 8443 return 500 from outside the browser.,False,,2026-08-06T05:37:19+00:00
1975,"Amoxycillin 125Mg , Cloxacillin 125Mg And  Lactic Acid Bacillus 60   Million Spore Tablets",Amoxycillin,10's,10,0.0,False,,Antibiotics,Jan Aushadhi (PMBJP) product and MRP list,https://janaushadhi.gov.in/product-portfolio/product-mrp-list,Exported from the site's own Download Files button. Direct API calls to port 8443 return 500 from outside the browser.,False,,2026-08-06T05:37:19+00:00
1976,"Amoxycillin 250Mg, Dicloxacillin 250Mg And  Lactic Acid Bacillus 60  Million Spore Capsule",Amoxycillin,10's,10,32.82,True,3.282,Antibiotics,Jan Aushadhi (PMBJP) product and MRP list,https://janaushadhi.gov.in/product-portfolio/product-mrp-list,Exported from the site's own Download Files button. Direct API calls to port 8443 return 500 from outside the browser.,False,,2026-08-06T05:37:19+00:00
1978,Cefdinir Capsule IP 300mg,Cefdinir,10's,10,140.63,True,14.063,Antibiotics,Jan Aushadhi (PMBJP) product and MRP list,https://janaushadhi.gov.in/product-portfolio/product-mrp-list,Exported from the site's own Download Files button. Direct API calls to port 8443 return 500 from outside the browser.,False,,2026-08-06T05:37:19+00:00
1979,Cefdinir Oral Suspension IP 125mg per 5ml,Cefdinir Oral,30ml with Water for Reconstitution,,58.13,True,,Antibiotics,Jan Aushadhi (PMBJP) product and MRP list,https://janaushadhi.gov.in/product-portfolio/product-mrp-list,Exported from the site's own Download Files button. Direct API calls to port 8443 return 500 from outside the browser.,False,,2026-08-06T05:37:19+00:00
1980,Tolperisone Tablet 150mg,Tolperisone,10's,10,14.06,True,1.406,Central Nervous System (CNS),Jan Aushadhi (PMBJP) product and MRP list,https://janaushadhi.gov.in/product-portfolio/product-mrp-list,Exported from the site's own Download Files button. Direct API calls to port 8443 return 500 from outside the browser.,False,,2026-08-06T05:37:19+00:00
1981,Cefixime 50MgÂ  AndÂ  Clavulanic AcidÂ Â 31.25Â Mg Dry syrup,Cefixime Mg And Clavulanic Acid Mg Dry,30ml with Water for Reconstitution,,37.5,True,,Antibiotics,Jan Aushadhi (PMBJP) product and MRP list,https://janaushadhi.gov.in/product-portfolio/product-mrp-list,Exported from the site's own Download Files button. Direct API calls to port 8443 return 500 from outside the browser.,False,,2026-08-06T05:37:19+00:00
1982,Cefixime 100Mg And  Clavulanic Acid  62.5 Mg Tablets,Cefixime,10's,10,65.63,True,6.563,Antibiotics,Jan Aushadhi (PMBJP) product and MRP list,https://janaushadhi.gov.in/product-portfolio/product-mrp-list,Exported from the site's own Download Files button. Direct API calls to port 8443 return 500 from outside the browser.,False,,2026-08-06T05:37:19+00:00
1984,Cefprozil Oral Suspension 125mg per 5ml,Cefprozil Oral,30ml,,51.56,True,,Antibiotics,Jan Aushadhi (PMBJP) product and MRP list,https://janaushadhi.gov.in/product-portfolio/product-mrp-list,Exported from the site's own Download Files button. Direct API calls to port 8443 return 500 from outside the browser.,False,,2026-08-06T05:37:19+00:00
1985,Cefprozil Oral Suspension 250mg per 5ml,Cefprozil Oral,30ml,,93.75,True,,Antibiotics,Jan Aushadhi (PMBJP) product and MRP list,https://janaushadhi.gov.in/product-portfolio/product-mrp-list,Exported from the site's own Download Files button. Direct API calls to port 8443 return 500 from outside the browser.,False,,2026-08-06T05:37:19+00:00
1986,Cefprozil Tablet 500 mg,Cefprozil,6's,6,168.75,True,28.125,Antibiotics,Jan Aushadhi (PMBJP) product and MRP list,https://janaushadhi.gov.in/product-portfolio/product-mrp-list,Exported from the site's own Download Files button. Direct API calls to port 8443 return 500 from outside the browser.,False,,2026-08-06T05:37:19+00:00
1987,Cefprozil Tablet 250 mg,Cefprozil,10's,10,140.63,True,14.063,Antibiotics,Jan Aushadhi (PMBJP) product and MRP list,https://janaushadhi.gov.in/product-portfolio/product-mrp-list,Exported from the site's own Download Files button. Direct API calls to port 8443 return 500 from outside the browser.,False,,2026-08-06T05:37:19+00:00
1989,Ceftazidime 250mg And  Tazobactum 31.25mg Injection,Ceftazidime,Vial & Wfi,,32.81,True,,Antibiotics,Jan Aushadhi (PMBJP) product and MRP list,https://janaushadhi.gov.in/product-portfolio/product-mrp-list,Exported from the site's own Download Files button. Direct API calls to port 8443 return 500 from outside the browser.,False,,2026-08-06T05:37:19+00:00
1990,Ceftazidime 1000 mg And Tazobactum 125 mg Injection,Ceftazidime,Vial with WFI,,84.38,True,,Antibiotics,Jan Aushadhi (PMBJP) product and MRP list,https://janaushadhi.gov.in/product-portfolio/product-mrp-list,Exported from the site's own Download Files button. Direct API calls to port 8443 return 500 from outside the browser.,False,,2026-08-06T05:37:19+00:00
1991,Moxifloxacin 400mg and Cefixime 400mg Tablet,Moxifloxacin,10's,10,159.38,True,15.938,Antibiotics,Jan Aushadhi (PMBJP) product and MRP list,https://janaushadhi.gov.in/product-portfolio/product-mrp-list,Exported from the site's own Download Files button. Direct API calls to port 8443 return 500 from outside the browser.,False,,2026-08-06T05:37:19+00:00
1992,"Bacitracin 400 IU, Neomycin 3400 IU and Polymyxin B 5000 IU Opthalmic Ointment",Bacitracin,10 gm Tube,10,48.75,True,4.875,Opthalmic/Otic,Jan Aushadhi (PMBJP) product and MRP list,https://janaushadhi.gov.in/product-portfolio/product-mrp-list,Exported from the site's own Download Files button. Direct API calls to port 8443 return 500 from outside the browser.,False,,2026-08-06T05:37:19+00:00
1993,Glycolic Acid 1% w/w and Aloe Vera 5% w/w Face Wash,Glycolic Acid w w and Aloe Vera w w Face Wash,100gm Tube,,56.25,True,,Derma Care,Jan Aushadhi (PMBJP) product and MRP list,https://janaushadhi.gov.in/product-portfolio/product-mrp-list,Exported from the site's own Download Files button. Direct API calls to port 8443 return 500 from outside the browser.,False,,2026-08-06T05:37:19+00:00
1994,"Glycolic Acid 1% w/w, Aloe Vera 5% w/w and Salicylic Acid 2% w/w Facewash",Glycolic Acid w w Aloe Vera w w and Salicylic Acid w w Facewash,60ml Flip top Lemitube,,0.0,False,,Derma Care,Jan Aushadhi (PMBJP) product and MRP list,https://janaushadhi.gov.in/product-portfolio/product-mrp-list,Exported from the site's own Download Files button. Direct API calls to port 8443 return 500 from outside the browser.,False,,2026-08-06T05:37:19+00:00
1995,Selenium Sulphide Shampoo 1% w/w,Selenium Sulphide Shampoo w w,60ml Flip top Jar,,89.06,True,,Derma Care,Jan Aushadhi (PMBJP) product and MRP list,https://janaushadhi.gov.in/product-portfolio/product-mrp-list,Exported from the site's own Download Files button. Direct API calls to port 8443 return 500 from outside the browser.,False,,2026-08-06T05:37:19+00:00
1996,"Aceclofenac 100Mg,  Paracetamol 325Mg  And Trypsin-Chymotrypsin 150000Au Tablets",Aceclofenac,10's,10,37.5,True,3.75,Analgesic/Antipyretic/Anti-Inflammatory,Jan Aushadhi (PMBJP) product and MRP list,https://janaushadhi.gov.in/product-portfolio/product-mrp-list,Exported from the site's own Download Files button. Direct API calls to port 8443 return 500 from outside the browser.,False,,2026-08-06T05:37:19+00:00
1999,Carboprost Injection 125mcg,Carboprost,0.5ml Ampoule,,45.94,True,,Gynaecology,Jan Aushadhi (PMBJP) product and MRP list,https://janaushadhi.gov.in/product-portfolio/product-mrp-list,Exported from the site's own Download Files button. Direct API calls to port 8443 return 500 from outside the browser.,False,,2026-08-06T05:37:19+00:00
2000,Dinoprostone Gel 0.5 mg (Pre-filled syringe),Dinoprostone,3gm Pre-filled Syringe,,113.44,True,,Gynaecology,Jan Aushadhi (PMBJP) product and MRP list,https://janaushadhi.gov.in/product-portfolio/product-mrp-list,Exported from the site's own Download Files button. Direct API calls to port 8443 return 500 from outside the browser.,False,,2026-08-06T05:37:19+00:00
2002,Ethinylestradiol 0.035 Mg And Cyproterone 2 Mg Tablet,Ethinylestradiol,21's Monopack,21,90.0,True,4.2857,Gynaecology,Jan Aushadhi (PMBJP) product and MRP list,https://janaushadhi.gov.in/product-portfolio/product-mrp-list,Exported from the site's own Download Files button. Direct API calls to port 8443 return 500 from outside the browser.,False,,2026-08-06T05:37:19+00:00
2003,Calcium 500mg and Vitamin D3 500IU Tablets IP,Calcium,10's,10,8.25,True,0.825,Supplement/Vitamin/Mineral,Jan Aushadhi (PMBJP) product and MRP list,https://janaushadhi.gov.in/product-portfolio/product-mrp-list,Exported from the site's own Download Files button. Direct API calls to port 8443 return 500 from outside the browser.,False,,2026-08-06T05:37:19+00:00
2004,Ranolazine Extended Release Tablets 1000mg,Ranolazine Extended Release,10's,10,70.31,True,7.031,Cardiovascular System (CVS),Jan Aushadhi (PMBJP) product and MRP list,https://janaushadhi.gov.in/product-portfolio/product-mrp-list,Exported from the site's own Download Files button. Direct API calls to port 8443 return 500 from outside the browser.,False,,2026-08-06T05:37:19+00:00
2005,Potassium Nitrate Toothpaste 5% w/w,Potassium Nitrate Toothpaste w w,100gm,,46.41,True,,STOMATOLOGICALS,Jan Aushadhi (PMBJP) product and MRP list,https://janaushadhi.gov.in/product-portfolio/product-mrp-list,Exported from the site's own Download Files button. Direct API calls to port 8443 return 500 from outside the browser.,False,,2026-08-06T05:37:19+00:00
2006,Sodium Bicarbonate Tablet 500 mg,Sodium Bicarbonate,10's,10,10.32,True,1.032,Gastrointestinal (GIT),Jan Aushadhi (PMBJP) product and MRP list,https://janaushadhi.gov.in/product-portfolio/product-mrp-list,Exported from the site's own Download Files button. Direct API calls to port 8443 return 500 from outside the browser.,False,,2026-08-06T05:37:19+00:00
2007,Sodium Bicarbonate Tablet 1000 mg,Sodium Bicarbonate,10's,10,15.47,True,1.547,Gastrointestinal (GIT),Jan Aushadhi (PMBJP) product and MRP list,https://janaushadhi.gov.in/product-portfolio/product-mrp-list,Exported from the site's own Download Files button. Direct API calls to port 8443 return 500 from outside the browser.,False,,2026-08-06T05:37:19+00:00
2008,"Simethicone 40Mg , Dill Oil 0.005Ml And  Fennel Oil 0.0007Ml Drops",Simethicone,30ml Oral Drops,,18.75,True,,Enzyme Preparation,Jan Aushadhi (PMBJP) product and MRP list,https://janaushadhi.gov.in/product-portfolio/product-mrp-list,Exported from the site's own Download Files button. Direct API calls to port 8443 return 500 from outside the browser.,False,,2026-08-06T05:37:19+00:00
2009,Silymarin Tablet 140 mg,Silymarin,10's,10,28.13,True,2.813,Hepato-Protective,Jan Aushadhi (PMBJP) product and MRP list,https://janaushadhi.gov.in/product-portfolio/product-mrp-list,Exported from the site's own Download Files button. Direct API calls to port 8443 return 500 from outside the browser.,False,,2026-08-06T05:37:19+00:00
2010,Racecadotril Sachet IP 10mg,Racecadotril Sachet,1gm Sachet,,4.69,True,,Gastrointestinal (GIT),Jan Aushadhi (PMBJP) product and MRP list,https://janaushadhi.gov.in/product-portfolio/product-mrp-list,Exported from the site's own Download Files button. Direct API calls to port 8443 return 500 from outside the browser.,False,,2026-08-06T05:37:19+00:00
2011,Racecadotril Sachet IP 15mg,Racecadotril Sachet,1gm Sachet,,5.16,True,,Gastrointestinal (GIT),Jan Aushadhi (PMBJP) product and MRP list,https://janaushadhi.gov.in/product-portfolio/product-mrp-list,Exported from the site's own Download Files button. Direct API calls to port 8443 return 500 from outside the browser.,False,,2026-08-06T05:37:19+00:00
2012,Racecadotril Sachet IP 30mg,Racecadotril Sachet,3gm Sachet,,5.63,True,,Gastrointestinal (GIT),Jan Aushadhi (PMBJP) product and MRP list,https://janaushadhi.gov.in/product-portfolio/product-mrp-list,Exported from the site's own Download Files button. Direct API calls to port 8443 return 500 from outside the browser.,False,,2026-08-06T05:37:19+00:00
2014,Daclatasvir Tablets 60 mg,Daclatasvir,28's Bottle,28,871.88,True,31.1386,Hepato-Protective,Jan Aushadhi (PMBJP) product and MRP list,https://janaushadhi.gov.in/product-portfolio/product-mrp-list,Exported from the site's own Download Files button. Direct API calls to port 8443 return 500 from outside the browser.,False,,2026-08-06T05:37:19+00:00
2015,Nebivolol 5mg and Telmisartan 40mg Tablets,Nebivolol,10's,10,46.88,True,4.688,Cardiovascular System (CVS),Jan Aushadhi (PMBJP) product and MRP list,https://janaushadhi.gov.in/product-portfolio/product-mrp-list,Exported from the site's own Download Files button. Direct API calls to port 8443 return 500 from outside the browser.,False,,2026-08-06T05:37:19+00:00
2016,Minoxidil Tablets IP 10mg,Minoxidil,10's,10,18.75,True,1.875,Cardiovascular System (CVS),Jan Aushadhi (PMBJP) product and MRP list,https://janaushadhi.gov.in/product-portfolio/product-mrp-list,Exported from the site's own Download Files button. Direct API calls to port 8443 return 500 from outside the browser.,False,,2026-08-06T05:37:19+00:00
2017,Ulipristal Acetate Tablets  5mg,Ulipristal Acetate,10's,10,445.31,True,44.531,Gynaecology,Jan Aushadhi (PMBJP) product and MRP list,https://janaushadhi.gov.in/product-portfolio/product-mrp-list,Exported from the site's own Download Files button. Direct API calls to port 8443 return 500 from outside the browser.,False,,2026-08-06T05:37:19+00:00
2018,Mesalazine Prolonged release Tablets IP 500mg,Mesalazine Prolonged release,10's,10,70.31,True,7.031,Gastrointestinal (GIT),Jan Aushadhi (PMBJP) product and MRP list,https://janaushadhi.gov.in/product-portfolio/product-mrp-list,Exported from the site's own Download Files button. Direct API calls to port 8443 return 500 from outside the browser.,False,,2026-08-06T05:37:19+00:00
2020,Desmopressin Tablets 0.1 mg,Desmopressin,15's in bottle,15,0.0,False,,Urology,Jan Aushadhi (PMBJP) product and MRP list,https://janaushadhi.gov.in/product-portfolio/product-mrp-list,Exported from the site's own Download Files button. Direct API calls to port 8443 return 500 from outside the browser.,False,,2026-08-06T05:37:19+00:00
2022,Ropinirole Tablets IP 1 mg,Ropinirole,10's,10,18.75,True,1.875,Central Nervous System (CNS),Jan Aushadhi (PMBJP) product and MRP list,https://janaushadhi.gov.in/product-portfolio/product-mrp-list,Exported from the site's own Download Files button. Direct API calls to port 8443 return 500 from outside the browser.,False,,2026-08-06T05:37:19+00:00
2023,Ropinirole Tablets IP 2 mg,Ropinirole,10's,10,28.13,True,2.813,Central Nervous System (CNS),Jan Aushadhi (PMBJP) product and MRP list,https://janaushadhi.gov.in/product-portfolio/product-mrp-list,Exported from the site's own Download Files button. Direct API calls to port 8443 return 500 from outside the browser.,False,,2026-08-06T05:37:19+00:00
2024,Ropinirole Tablets IP 4 mg,Ropinirole,10's,10,0.0,False,,Central Nervous System (CNS),Jan Aushadhi (PMBJP) product and MRP list,https://janaushadhi.gov.in/product-portfolio/product-mrp-list,Exported from the site's own Download Files button. Direct API calls to port 8443 return 500 from outside the browser.,False,,2026-08-06T05:37:19+00:00
2025,Bimatoprost 0.03% w/v and Timolol 0.5% w/v Ophthalmic Solution,Bimatoprost w v and Timolol w v Ophthalmic,5ml Drops,,159.38,True,,Opthalmic/Otic,Jan Aushadhi (PMBJP) product and MRP list,https://janaushadhi.gov.in/product-portfolio/product-mrp-list,Exported from the site's own Download Files button. Direct API calls to port 8443 return 500 from outside the browser.,False,,2026-08-06T05:37:19+00:00
2026,Etoposide Capsules IP 50 mg,Etoposide,8's,8,202.5,True,25.3125,Oncology,Jan Aushadhi (PMBJP) product and MRP list,https://janaushadhi.gov.in/product-portfolio/product-mrp-list,Exported from the site's own Download Files button. Direct API calls to port 8443 return 500 from outside the browser.,True,indication names oncology,2026-08-06T05:37:19+00:00
2027,Mesalazine Delayed release Tablets 800 mg,Mesalazine Delayed release,10's,10,91.41,True,9.141,Gastrointestinal (GIT),Jan Aushadhi (PMBJP) product and MRP list,https://janaushadhi.gov.in/product-portfolio/product-mrp-list,Exported from the site's own Download Files button. Direct API calls to port 8443 return 500 from outside the browser.,False,,2026-08-06T05:37:19+00:00
2028,Tacrolimus Capsule IP 2 mg,Tacrolimus,10's,10,178.13,True,17.813,Immunosuppressant,Jan Aushadhi (PMBJP) product and MRP list,https://janaushadhi.gov.in/product-portfolio/product-mrp-list,Exported from the site's own Download Files button. Direct API calls to port 8443 return 500 from outside the browser.,False,,2026-08-06T05:37:19+00:00
2029,Tacrolimus Capsule IP 1 mg,Tacrolimus,10's,10,103.13,True,10.313,Immunosuppressant,Jan Aushadhi (PMBJP) product and MRP list,https://janaushadhi.gov.in/product-portfolio/product-mrp-list,Exported from the site's own Download Files button. Direct API calls to port 8443 return 500 from outside the browser.,False,,2026-08-06T05:37:19+00:00
2030,Tacrolimus Capsule IP 0.25 mg,Tacrolimus,10's,10,42.19,True,4.219,Immunosuppressant,Jan Aushadhi (PMBJP) product and MRP list,https://janaushadhi.gov.in/product-portfolio/product-mrp-list,Exported from the site's own Download Files button. Direct API calls to port 8443 return 500 from outside the browser.,False,,2026-08-06T05:37:19+00:00
2031,Sofosbuvir 400mg and Velpatasvir 100mg Tablets,Sofosbuvir,28's Bottle,28,0.0,False,,Hepato-Protective,Jan Aushadhi (PMBJP) product and MRP list,https://janaushadhi.gov.in/product-portfolio/product-mrp-list,Exported from the site's own Download Files button. Direct API calls to port 8443 return 500 from outside the browser.,False,,2026-08-06T05:37:19+00:00
2032,Atazanavir 300mg and Ritonavir 100mg Tablets IP,Atazanavir,30's Bottle,30,768.75,True,25.625,Anti-Retroviral,Jan Aushadhi (PMBJP) product and MRP list,https://janaushadhi.gov.in/product-portfolio/product-mrp-list,Exported from the site's own Download Files button. Direct API calls to port 8443 return 500 from outside the browser.,False,,2026-08-06T05:37:19+00:00
2033,Sodium Hyaluronate Eye Drops 0.1% w/v,Sodium Hyaluronate Eye w v,10ml Drops,,46.88,True,,Opthalmic/Otic,Jan Aushadhi (PMBJP) product and MRP list,https://janaushadhi.gov.in/product-portfolio/product-mrp-list,Exported from the site's own Download Files button. Direct API calls to port 8443 return 500 from outside the browser.,False,,2026-08-06T05:37:19+00:00
2034,Voriconazole Tablets IP 200mg,Voriconazole,4's,4,328.13,True,82.0325,Anti-Fungal,Jan Aushadhi (PMBJP) product and MRP list,https://janaushadhi.gov.in/product-portfolio/product-mrp-list,Exported from the site's own Download Files button. Direct API calls to port 8443 return 500 from outside the browser.,False,,2026-08-06T05:37:19+00:00
2035,Potassium Citrate 1100 mg and Magnesium Citrate 375 mg and Pyridoxine Hydrochloride 20mg Syrup per 5ml,Potassium Citrate,200ml,,60.94,True,,Nephrology,Jan Aushadhi (PMBJP) product and MRP list,https://janaushadhi.gov.in/product-portfolio/product-mrp-list,Exported from the site's own Download Files button. Direct API calls to port 8443 return 500 from outside the browser.,False,,2026-08-06T05:37:19+00:00
2037,Esomeprazole Gastro-Resistance Tablets IP 20mg,Esomeprazole Gastro Resistance,10's,10,9.38,True,0.938,Gastrointestinal (GIT),Jan Aushadhi (PMBJP) product and MRP list,https://janaushadhi.gov.in/product-portfolio/product-mrp-list,Exported from the site's own Download Files button. Direct API calls to port 8443 return 500 from outside the browser.,False,,2026-08-06T05:37:19+00:00
2038,Pantoprazole Gastro-Resistance Tablets IP 20mg,Pantoprazole Gastro Resistance,10's,10,7.22,True,0.722,Gastrointestinal (GIT),Jan Aushadhi (PMBJP) product and MRP list,https://janaushadhi.gov.in/product-portfolio/product-mrp-list,Exported from the site's own Download Files button. Direct API calls to port 8443 return 500 from outside the browser.,False,,2026-08-06T05:37:19+00:00
2040,L-Ornithine L-Aspartate 150mg and Pancreatin 100mg Tablets,L Ornithine L Aspartate,10's,10,28.13,True,2.813,Enzyme Preparation,Jan Aushadhi (PMBJP) product and MRP list,https://janaushadhi.gov.in/product-portfolio/product-mrp-list,Exported from the site's own Download Files button. Direct API calls to port 8443 return 500 from outside the browser.,False,,2026-08-06T05:37:19+00:00
2041,Tadalafil 10Mg And Dapoxetine 30 Mg Tablets,Tadalafil,4's,4,65.63,True,16.4075,Urology,Jan Aushadhi (PMBJP) product and MRP list,https://janaushadhi.gov.in/product-portfolio/product-mrp-list,Exported from the site's own Download Files button. Direct API calls to port 8443 return 500 from outside the browser.,False,,2026-08-06T05:37:19+00:00
2043,Domperidone 10mg and Paracetamol 325mg Tablets,Domperidone,10's,10,0.0,False,,Gastrointestinal (GIT),Jan Aushadhi (PMBJP) product and MRP list,https://janaushadhi.gov.in/product-portfolio/product-mrp-list,Exported from the site's own Download Files button. Direct API calls to port 8443 return 500 from outside the browser.,False,,2026-08-06T05:37:19+00:00
2044,Levonorgestrel Tablet IP 1.5 mg,Levonorgestrel,1's in Monopack,1,20.0,True,20.0,Gynaecology,Jan Aushadhi (PMBJP) product and MRP list,https://janaushadhi.gov.in/product-portfolio/product-mrp-list,Exported from the site's own Download Files button. Direct API calls to port 8443 return 500 from outside the browser.,False,,2026-08-06T05:37:19+00:00
2045,"Ferrous Asparto Glycinate 100 mg, L-Methylfolate Calcium 300mcg, Methylcobalamin 500mcg Tablet",Ferrous Asparto Glycinate,10's,10,37.5,True,3.75,Supplement/Vitamin/Mineral,Jan Aushadhi (PMBJP) product and MRP list,https://janaushadhi.gov.in/product-portfolio/product-mrp-list,Exported from the site's own Download Files button. Direct API calls to port 8443 return 500 from outside the browser.,False,,2026-08-06T05:37:19+00:00
2046,"Riboflavin 10Mg,Folic Acid 1.5Mg, Niacinamide 100Mg & Lactic Acid Bacillus 60 Million Spores Tablets",Riboflavin,10's,10,22.5,True,2.25,Supplement/Vitamin/Mineral,Jan Aushadhi (PMBJP) product and MRP list,https://janaushadhi.gov.in/product-portfolio/product-mrp-list,Exported from the site's own Download Files button. Direct API calls to port 8443 return 500 from outside the browser.,False,,2026-08-06T05:37:19+00:00
2047,Cholecalciferol Soft Gelatin Capsule 60000 IU,Cholecalciferol Soft Gelatin,4's,4,20.63,True,5.1575,Supplement/Vitamin/Mineral,Jan Aushadhi (PMBJP) product and MRP list,https://janaushadhi.gov.in/product-portfolio/product-mrp-list,Exported from the site's own Download Files button. Direct API calls to port 8443 return 500 from outside the browser.,False,,2026-08-06T05:37:19+00:00
2048,Methotrexate Tablets IP 2.5mg,Methotrexate,10's,10,15.0,True,1.5,Oncology,Jan Aushadhi (PMBJP) product and MRP list,https://janaushadhi.gov.in/product-portfolio/product-mrp-list,Exported from the site's own Download Files button. Direct API calls to port 8443 return 500 from outside the browser.,True,indication names oncology,2026-08-06T05:37:19+00:00
2049,Divalproex Prolonged release Tablets IP 500mg,Divalproex Prolonged release,10's,10,60.94,True,6.094,Central Nervous System (CNS),Jan Aushadhi (PMBJP) product and MRP list,https://janaushadhi.gov.in/product-portfolio/product-mrp-list,Exported from the site's own Download Files button. Direct API calls to port 8443 return 500 from outside the browser.,False,,2026-08-06T05:37:19+00:00
2050,Amlodipine Tablet IP 10mg,Amlodipine,10's,10,10.32,True,1.032,Cardiovascular System (CVS),Jan Aushadhi (PMBJP) product and MRP list,https://janaushadhi.gov.in/product-portfolio/product-mrp-list,Exported from the site's own Download Files button. Direct API calls to port 8443 return 500 from outside the browser.,False,,2026-08-06T05:37:19+00:00
2051,"L-Carnitine-L-Tartrate 1000Mg, Co-Enzyme Q10 60Mg, Zinc Oxide (As Elemental Zinc) 12.5Mg,Â LycopeneÂ 2500Mcg Tablets",L Carnitine L Tartrate,10's,10,194.06,True,19.406,Supplement/Vitamin/Mineral,Jan Aushadhi (PMBJP) product and MRP list,https://janaushadhi.gov.in/product-portfolio/product-mrp-list,Exported from the site's own Download Files button. Direct API calls to port 8443 return 500 from outside the browser.,False,,2026-08-06T05:37:19+00:00
2052,AtorvastatinÂ 10mg And Cholecalciferol 1000 IU Tablet,Atorvastatin,10's,10,18.75,True,1.875,Cardiovascular System (CVS),Jan Aushadhi (PMBJP) product and MRP list,https://janaushadhi.gov.in/product-portfolio/product-mrp-list,Exported from the site's own Download Files button. Direct API calls to port 8443 return 500 from outside the browser.,False,,2026-08-06T05:37:19+00:00
2053,Telmisartan 40mg and Atorvastatin 10mg Tablet,Telmisartan,10's,10,14.06,True,1.406,Cardiovascular System (CVS),Jan Aushadhi (PMBJP) product and MRP list,https://janaushadhi.gov.in/product-portfolio/product-mrp-list,Exported from the site's own Download Files button. Direct API calls to port 8443 return 500 from outside the browser.,False,,2026-08-06T05:37:19+00:00
2054,"Mecobalamin 1500 mcg, Alpha Lipoic Acid 100mg, Inositol 100mg, Folic Acid 1.5mg, Chromium Picolinate 200mcg, Selenium Dioxide 55mcg and Benfotiamine 150 mg Soft gel Capsule",Mecobalamin,10's,10,56.25,True,5.625,Supplement/Vitamin/Mineral,Jan Aushadhi (PMBJP) product and MRP list,https://janaushadhi.gov.in/product-portfolio/product-mrp-list,Exported from the site's own Download Files button. Direct API calls to port 8443 return 500 from outside the browser.,False,,2026-08-06T05:37:19+00:00
2055,Halobetasol Propionate Ointment 0.05% w/w,Halobetasol Propionate w w,15gm Lemi Tube,,28.13,True,,Dermatology/Topical/External,Jan Aushadhi (PMBJP) product and MRP list,https://janaushadhi.gov.in/product-portfolio/product-mrp-list,Exported from the site's own Download Files button. Direct API calls to port 8443 return 500 from outside the browser.,False,,2026-08-06T05:37:19+00:00
2056,"Chlorhexidine Gluconate 1% w/w, Metronidazole 1% w/w and Lidocaine 2% w/w dental Gel",Chlorhexidine Gluconate w w Metronidazole w w and Lidocaine w w dental,15 gm Lami Tube,15,18.75,True,1.25,Dermatology/Topical/External,Jan Aushadhi (PMBJP) product and MRP list,https://janaushadhi.gov.in/product-portfolio/product-mrp-list,Exported from the site's own Download Files button. Direct API calls to port 8443 return 500 from outside the browser.,False,,2026-08-06T05:37:19+00:00
2058,"Ofloxacin 0.3% w/v, Dexamethasone 0.1% w/v, Benzalkonium Chloride (As Preservative) 0.005% w/v Eye Drops",Ofloxacin w v Dexamethasone w v Benzalkonium Chloride As Preservative w v Eye,5ml Drops,,9.38,True,,Opthalmic/Otic,Jan Aushadhi (PMBJP) product and MRP list,https://janaushadhi.gov.in/product-portfolio/product-mrp-list,Exported from the site's own Download Files button. Direct API calls to port 8443 return 500 from outside the browser.,False,,2026-08-06T05:37:19+00:00
2059,Povidone Iodine Gargle 2% w/v,Povidone Iodine Gargle w v,100ml Bottle,,37.5,True,,Antiseptic/Disinfectants,Jan Aushadhi (PMBJP) product and MRP list,https://janaushadhi.gov.in/product-portfolio/product-mrp-list,Exported from the site's own Download Files button. Direct API calls to port 8443 return 500 from outside the browser.,False,,2026-08-06T05:37:19+00:00
2060,Paracetamol Tablets IP 1000 Mg,Paracetamol,10's,10,15.0,True,1.5,Analgesic/Antipyretic/Anti-Inflammatory,Jan Aushadhi (PMBJP) product and MRP list,https://janaushadhi.gov.in/product-portfolio/product-mrp-list,Exported from the site's own Download Files button. Direct API calls to port 8443 return 500 from outside the browser.,False,,2026-08-06T05:37:19+00:00
2061,Ketorolac Tromethamine Dispersible Tablet 10 mg,Ketorolac Tromethamine Dispersible,10's,10,9.38,True,0.938,Analgesic/Antipyretic/Anti-Inflammatory,Jan Aushadhi (PMBJP) product and MRP list,https://janaushadhi.gov.in/product-portfolio/product-mrp-list,Exported from the site's own Download Files button. Direct API calls to port 8443 return 500 from outside the browser.,False,,2026-08-06T05:37:19+00:00
2065,Lopinavir and Ritonavir Tablets IP (200mg + 50mg),Lopinavir and Ritonavir,60's in Bottle,60,890.63,True,14.8438,Anti-Retroviral,Jan Aushadhi (PMBJP) product and MRP list,https://janaushadhi.gov.in/product-portfolio/product-mrp-list,Exported from the site's own Download Files button. Direct API calls to port 8443 return 500 from outside the browser.,False,,2026-08-06T05:37:19+00:00
2066,Lignocaine Hydrochloride Injection IP (20ml),Lignocaine Hydrochloride,30 ml Vial,30,16.38,True,0.546,Anaesthetics,Jan Aushadhi (PMBJP) product and MRP list,https://janaushadhi.gov.in/product-portfolio/product-mrp-list,Exported from the site's own Download Files button. Direct API calls to port 8443 return 500 from outside the browser.,False,,2026-08-06T05:37:19+00:00
2072,"Atorvastatin 10mg, Aspirin 75mg and Clopidogrel 75mg Capsules",Atorvastatin,10's,10,35.63,True,3.563,Cardiovascular System (CVS),Jan Aushadhi (PMBJP) product and MRP list,https://janaushadhi.gov.in/product-portfolio/product-mrp-list,Exported from the site's own Download Files button. Direct API calls to port 8443 return 500 from outside the browser.,False,,2026-08-06T05:37:19+00:00
2073,Atorvastatin 20mg and Aspirin 150mg Capsules IP,Atorvastatin,10's,10,18.75,True,1.875,Cardiovascular System (CVS),Jan Aushadhi (PMBJP) product and MRP list,https://janaushadhi.gov.in/product-portfolio/product-mrp-list,Exported from the site's own Download Files button. Direct API calls to port 8443 return 500 from outside the browser.,False,,2026-08-06T05:37:19+00:00
2074,Atorvastatin 20mg and Aspirin 75mg Capsules IP,Atorvastatin,10's,10,17.34,True,1.734,Cardiovascular System (CVS),Jan Aushadhi (PMBJP) product and MRP list,https://janaushadhi.gov.in/product-portfolio/product-mrp-list,Exported from the site's own Download Files button. Direct API calls to port 8443 return 500 from outside the browser.,False,,2026-08-06T05:37:19+00:00
2076,Atorvastatin Tablets IP 5mg,Atorvastatin,10's,10,10.32,True,1.032,Cardiovascular System (CVS),Jan Aushadhi (PMBJP) product and MRP list,https://janaushadhi.gov.in/product-portfolio/product-mrp-list,Exported from the site's own Download Files button. Direct API calls to port 8443 return 500 from outside the browser.,False,,2026-08-06T05:37:19+00:00
2077,Benzoyl Peroxide Gel IP 2.5% w/w,Benzoyl Peroxide w w,20gm Tube,,20.63,True,,Derma Care,Jan Aushadhi (PMBJP) product and MRP list,https://janaushadhi.gov.in/product-portfolio/product-mrp-list,Exported from the site's own Download Files button. Direct API calls to port 8443 return 500 from outside the browser.,False,,2026-08-06T05:37:19+00:00
2078,Bifonazole IP 1% w/w Cream,Bifonazole w w,30gm Lami Tube,,37.5,True,,Dermatology/Topical/External,Jan Aushadhi (PMBJP) product and MRP list,https://janaushadhi.gov.in/product-portfolio/product-mrp-list,Exported from the site's own Download Files button. Direct API calls to port 8443 return 500 from outside the browser.,False,,2026-08-06T05:37:19+00:00
2079,Bisacodyl Suppositories IP 10mg,Bisacodyl Suppositories,5's,5,23.44,True,4.688,Gastrointestinal (GIT),Jan Aushadhi (PMBJP) product and MRP list,https://janaushadhi.gov.in/product-portfolio/product-mrp-list,Exported from the site's own Download Files button. Direct API calls to port 8443 return 500 from outside the browser.,False,,2026-08-06T05:37:19+00:00
2080,Bisoprolol 5mg and Hydrochlorothiazide 12.5mg Tablets,Bisoprolol,10's,10,18.75,True,1.875,Cardiovascular System (CVS),Jan Aushadhi (PMBJP) product and MRP list,https://janaushadhi.gov.in/product-portfolio/product-mrp-list,Exported from the site's own Download Files button. Direct API calls to port 8443 return 500 from outside the browser.,False,,2026-08-06T05:37:19+00:00
2081,Calcipotriol 0.005% and Clobetasol Propionate 0.05 % Ointment,Calcipotriol and Clobetasol Propionate,15gm Lami-tube,,170.63,True,,Dermatology/Topical/External,Jan Aushadhi (PMBJP) product and MRP list,https://janaushadhi.gov.in/product-portfolio/product-mrp-list,Exported from the site's own Download Files button. Direct API calls to port 8443 return 500 from outside the browser.,False,,2026-08-06T05:37:19+00:00
2082,Calcium Dobesilate Monohydrate Capsules 500mg,Calcium Dobesilate Monohydrate,10's,10,37.5,True,3.75,Ortho,Jan Aushadhi (PMBJP) product and MRP list,https://janaushadhi.gov.in/product-portfolio/product-mrp-list,Exported from the site's own Download Files button. Direct API calls to port 8443 return 500 from outside the browser.,False,,2026-08-06T05:37:19+00:00
2083,"Calcium Citrate Malate 250mg , Vitamin D3 100IU and Folic Acid 50mcg Tablets",Calcium Citrate Malate,10's,10,18.75,True,1.875,Supplement/Vitamin/Mineral,Jan Aushadhi (PMBJP) product and MRP list,https://janaushadhi.gov.in/product-portfolio/product-mrp-list,Exported from the site's own Download Files button. Direct API calls to port 8443 return 500 from outside the browser.,False,,2026-08-06T05:37:19+00:00
2084,Carbamazepine Prolonged release Tablets IP 400mg,Carbamazepine Prolonged release,10's,10,24.47,True,2.447,Central Nervous System (CNS),Jan Aushadhi (PMBJP) product and MRP list,https://janaushadhi.gov.in/product-portfolio/product-mrp-list,Exported from the site's own Download Files button. Direct API calls to port 8443 return 500 from outside the browser.,False,,2026-08-06T05:37:19+00:00
2085,Carbidopa 10mg and Levodopa 100mg Tablets IP,Carbidopa,10's,10,0.0,False,,Central Nervous System (CNS),Jan Aushadhi (PMBJP) product and MRP list,https://janaushadhi.gov.in/product-portfolio/product-mrp-list,Exported from the site's own Download Files button. Direct API calls to port 8443 return 500 from outside the browser.,False,,2026-08-06T05:37:19+00:00
2086,"Carica papaya leaf Extract 1100mg, Goat Milk 250mg and Tinospora Cordifolia 250mg Extract Tablets",Carica papaya leaf Extract,10's,10,0.0,False,,Supplement/Vitamin/Mineral,Jan Aushadhi (PMBJP) product and MRP list,https://janaushadhi.gov.in/product-portfolio/product-mrp-list,Exported from the site's own Download Files button. Direct API calls to port 8443 return 500 from outside the browser.,False,,2026-08-06T05:37:19+00:00
2087,Papaya Leaf Extract 1100mg Tablets,Papaya Leaf Extract,15's,15,0.0,False,,Gastrointestinal (GIT),Jan Aushadhi (PMBJP) product and MRP list,https://janaushadhi.gov.in/product-portfolio/product-mrp-list,Exported from the site's own Download Files button. Direct API calls to port 8443 return 500 from outside the browser.,False,,2026-08-06T05:37:19+00:00
2088,Carvedilol Phosphate Extended Release Tablets 10mg,Carvedilol Phosphate Extended Release,10's,10,15.94,True,1.594,Cardiovascular System (CVS),Jan Aushadhi (PMBJP) product and MRP list,https://janaushadhi.gov.in/product-portfolio/product-mrp-list,Exported from the site's own Download Files button. Direct API calls to port 8443 return 500 from outside the browser.,False,,2026-08-06T05:37:19+00:00
2089,Carvedilol Phosphate Extended Release Tablets 20mg,Carvedilol Phosphate Extended Release,10's,10,23.44,True,2.344,Cardiovascular System (CVS),Jan Aushadhi (PMBJP) product and MRP list,https://janaushadhi.gov.in/product-portfolio/product-mrp-list,Exported from the site's own Download Files button. Direct API calls to port 8443 return 500 from outside the browser.,False,,2026-08-06T05:37:19+00:00
2090,Carvedilol Tablets IP 12.5 mg,Carvedilol,10's,10,14.06,True,1.406,Cardiovascular System (CVS),Jan Aushadhi (PMBJP) product and MRP list,https://janaushadhi.gov.in/product-portfolio/product-mrp-list,Exported from the site's own Download Files button. Direct API calls to port 8443 return 500 from outside the browser.,False,,2026-08-06T05:37:19+00:00
2091,Cilnidipine 10mg and Chlorthalidone 12.5mg Tablets,Cilnidipine,10's,10,18.75,True,1.875,Cardiovascular System (CVS),Jan Aushadhi (PMBJP) product and MRP list,https://janaushadhi.gov.in/product-portfolio/product-mrp-list,Exported from the site's own Download Files button. Direct API calls to port 8443 return 500 from outside the browser.,False,,2026-08-06T05:37:19+00:00
2092,Metoprolol Succinate (extended release) 25mg and Cilnidipine 10mg Tablets,Metoprolol Succinate extended release,10's,10,18.75,True,1.875,Cardiovascular System (CVS),Jan Aushadhi (PMBJP) product and MRP list,https://janaushadhi.gov.in/product-portfolio/product-mrp-list,Exported from the site's own Download Files button. Direct API calls to port 8443 return 500 from outside the browser.,False,,2026-08-06T05:37:19+00:00
2093,Metoprolol Succinate (extended release) 50mg and Cilnidipine 10mg Tablets,Metoprolol Succinate extended release,10's,10,21.56,True,2.156,Cardiovascular System (CVS),Jan Aushadhi (PMBJP) product and MRP list,https://janaushadhi.gov.in/product-portfolio/product-mrp-list,Exported from the site's own Download Files button. Direct API calls to port 8443 return 500 from outside the browser.,False,,2026-08-06T05:37:19+00:00
2094,Cinnarizine 20mg and Domperidone 15mg Tablet,Cinnarizine,10's,10,9.38,True,0.938,Anti-Emetic,Jan Aushadhi (PMBJP) product and MRP list,https://janaushadhi.gov.in/product-portfolio/product-mrp-list,Exported from the site's own Download Files button. Direct API calls to port 8443 return 500 from outside the browser.,False,,2026-08-06T05:37:19+00:00
2095,Clotrimazole 1% w/v and Lignocaine Hydrochloride 2% w/v Ear Drops,Clotrimazole w v and Lignocaine Hydrochloride w v Ear,10ml Drops,,14.06,True,,Opthalmic/Otic,Jan Aushadhi (PMBJP) product and MRP list,https://janaushadhi.gov.in/product-portfolio/product-mrp-list,Exported from the site's own Download Files button. Direct API calls to port 8443 return 500 from outside the browser.,False,,2026-08-06T05:37:19+00:00
2096,"Cod liver oil 300MG, Evening primrose oil 300MG, Omega-3 fatty acid 90MG and Vitamin E 10MG Soft Gelatin Capsules",Cod liver oil,10's,10,42.19,True,4.219,Cardiovascular System (CVS),Jan Aushadhi (PMBJP) product and MRP list,https://janaushadhi.gov.in/product-portfolio/product-mrp-list,Exported from the site's own Download Files button. Direct API calls to port 8443 return 500 from outside the browser.,False,,2026-08-06T05:37:19+00:00
2097,"Combipack of Clarithromycin 500mg Tablets IP, Esomeprazole 40mg Tablets IP (Gastro resistant) and Amoxycillin 750mg Tablets IP",Combipack of Clarithromycin,Combipack of 6 Tablets in Mono Carton,,79.69,True,,Gastrointestinal (GIT),Jan Aushadhi (PMBJP) product and MRP list,https://janaushadhi.gov.in/product-portfolio/product-mrp-list,Exported from the site's own Download Files button. Direct API calls to port 8443 return 500 from outside the browser.,False,,2026-08-06T05:37:19+00:00
2098,Dabigatran Etexilate Mesilate Capsules 75 mg,Dabigatran Etexilate Mesilate,10's,10,122.81,True,12.281,Anticoagulant,Jan Aushadhi (PMBJP) product and MRP list,https://janaushadhi.gov.in/product-portfolio/product-mrp-list,Exported from the site's own Download Files button. Direct API calls to port 8443 return 500 from outside the browser.,False,,2026-08-06T05:37:19+00:00
2099,Dapagliflozin 10mg and Metformin Hydrochloride (Extended Release) 1000mg Tablets,Dapagliflozin,10's,10,51.56,True,5.156,Anti-Diabetic,Jan Aushadhi (PMBJP) product and MRP list,https://janaushadhi.gov.in/product-portfolio/product-mrp-list,Exported from the site's own Download Files button. Direct API calls to port 8443 return 500 from outside the browser.,False,,2026-08-06T05:37:19+00:00
2100,Dapagliflozin 10mg and Metformin Hydrochloride (Extended Release) 500mg Tablets,Dapagliflozin,10's,10,52.59,True,5.259,Anti-Diabetic,Jan Aushadhi (PMBJP) product and MRP list,https://janaushadhi.gov.in/product-portfolio/product-mrp-list,Exported from the site's own Download Files button. Direct API calls to port 8443 return 500 from outside the browser.,False,,2026-08-06T05:37:19+00:00
2101,Dapagliflozin Tablets 5mg,Dapagliflozin,10's,10,25.78,True,2.578,Anti-Diabetic,Jan Aushadhi (PMBJP) product and MRP list,https://janaushadhi.gov.in/product-portfolio/product-mrp-list,Exported from the site's own Download Files button. Direct API calls to port 8443 return 500 from outside the browser.,False,,2026-08-06T05:37:19+00:00
2102,Desloratadine Tablets 5mg,Desloratadine,10's,10,14.06,True,1.406,Anti-Histaminic,Jan Aushadhi (PMBJP) product and MRP list,https://janaushadhi.gov.in/product-portfolio/product-mrp-list,Exported from the site's own Download Files button. Direct API calls to port 8443 return 500 from outside the browser.,False,,2026-08-06T05:37:19+00:00
2103,Diclofenac Sodium Suppositories 100mg,Diclofenac Sodium Suppositories,5's,5,0.0,False,,Analgesic/Antipyretic/Anti-Inflammatory,Jan Aushadhi (PMBJP) product and MRP list,https://janaushadhi.gov.in/product-portfolio/product-mrp-list,Exported from the site's own Download Files button. Direct API calls to port 8443 return 500 from outside the browser.,False,,2026-08-06T05:37:19+00:00
2104,Divalproex Sodium Extended Release Tablets IP 250 mg,Divalproex Sodium Extended Release,10's,10,23.44,True,2.344,Central Nervous System (CNS),Jan Aushadhi (PMBJP) product and MRP list,https://janaushadhi.gov.in/product-portfolio/product-mrp-list,Exported from the site's own Download Files button. Direct API calls to port 8443 return 500 from outside the browser.,False,,2026-08-06T05:37:19+00:00
2105,Dosulepin (Dothiepin) Tablets IP 50mg,Dosulepin Dothiepin,10's,10,28.13,True,2.813,Central Nervous System (CNS),Jan Aushadhi (PMBJP) product and MRP list,https://janaushadhi.gov.in/product-portfolio/product-mrp-list,Exported from the site's own Download Files button. Direct API calls to port 8443 return 500 from outside the browser.,False,,2026-08-06T05:37:19+00:00
2106,Doxofylline (Sustained-release) 400mg and Montelukast 10mg Tablets,Doxofylline Sustained release,10's,10,60.94,True,6.094,Respiratory,Jan Aushadhi (PMBJP) product and MRP list,https://janaushadhi.gov.in/product-portfolio/product-mrp-list,Exported from the site's own Download Files button. Direct API calls to port 8443 return 500 from outside the browser.,False,,2026-08-06T05:37:19+00:00
2107,Etizolam 0.5mg and Propranolol Hydrochloride 20mg Tablets,Etizolam,10's,10,18.75,True,1.875,Central Nervous System (CNS),Jan Aushadhi (PMBJP) product and MRP list,https://janaushadhi.gov.in/product-portfolio/product-mrp-list,Exported from the site's own Download Files button. Direct API calls to port 8443 return 500 from outside the browser.,False,,2026-08-06T05:37:19+00:00
2108,Frusemide 20mg and Spironolactone 25mg Tablets,Frusemide,10's,10,0.0,False,,Diuretic,Jan Aushadhi (PMBJP) product and MRP list,https://janaushadhi.gov.in/product-portfolio/product-mrp-list,Exported from the site's own Download Files button. Direct API calls to port 8443 return 500 from outside the browser.,False,,2026-08-06T05:37:19+00:00
2109,Glucosamine Tablets USP 500mg,Glucosamine,30's in Bottle,30,75.0,True,2.5,Ortho,Jan Aushadhi (PMBJP) product and MRP list,https://janaushadhi.gov.in/product-portfolio/product-mrp-list,Exported from the site's own Download Files button. Direct API calls to port 8443 return 500 from outside the browser.,False,,2026-08-06T05:37:19+00:00
2110,Isosorbide Mononitrate Sustained release Tablets 50mg,Isosorbide Mononitrate Sustained release,10's,10,0.0,False,,Cardiovascular System (CVS),Jan Aushadhi (PMBJP) product and MRP list,https://janaushadhi.gov.in/product-portfolio/product-mrp-list,Exported from the site's own Download Files button. Direct API calls to port 8443 return 500 from outside the browser.,False,,2026-08-06T05:37:19+00:00
2111,Isotretinoin Capsules IP 10mg,Isotretinoin,10's,10,28.13,True,2.813,Derma Care,Jan Aushadhi (PMBJP) product and MRP list,https://janaushadhi.gov.in/product-portfolio/product-mrp-list,Exported from the site's own Download Files button. Direct API calls to port 8443 return 500 from outside the browser.,False,,2026-08-06T05:37:19+00:00
2112,Ketorolac Tromethamine Ophthalmic Solution 0.4% w/v,Ketorolac Tromethamine Ophthalmic w v,5ml Drops,,0.0,False,,Analgesic/Antipyretic/Anti-Inflammatory,Jan Aushadhi (PMBJP) product and MRP list,https://janaushadhi.gov.in/product-portfolio/product-mrp-list,Exported from the site's own Download Files button. Direct API calls to port 8443 return 500 from outside the browser.,False,,2026-08-06T05:37:19+00:00
2113,Lacosamide Tablets 100mg,Lacosamide,10's,10,52.5,True,5.25,Central Nervous System (CNS),Jan Aushadhi (PMBJP) product and MRP list,https://janaushadhi.gov.in/product-portfolio/product-mrp-list,Exported from the site's own Download Files button. Direct API calls to port 8443 return 500 from outside the browser.,False,,2026-08-06T05:37:19+00:00
2114,Methotrexate Tablets IP 10mg,Methotrexate,10's,10,30.0,True,3.0,Oncology,Jan Aushadhi (PMBJP) product and MRP list,https://janaushadhi.gov.in/product-portfolio/product-mrp-list,Exported from the site's own Download Files button. Direct API calls to port 8443 return 500 from outside the browser.,True,indication names oncology,2026-08-06T05:37:19+00:00
2115,Methotrexate Tablets IP 5mg,Methotrexate,10's,10,20.0,True,2.0,Oncology,Jan Aushadhi (PMBJP) product and MRP list,https://janaushadhi.gov.in/product-portfolio/product-mrp-list,Exported from the site's own Download Files button. Direct API calls to port 8443 return 500 from outside the browser.,True,indication names oncology,2026-08-06T05:37:19+00:00
2116,Methylprednisolone Tablets IP 16mg,Methylprednisolone,10's,10,37.5,True,3.75,Steroids & Hormones,Jan Aushadhi (PMBJP) product and MRP list,https://janaushadhi.gov.in/product-portfolio/product-mrp-list,Exported from the site's own Download Files button. Direct API calls to port 8443 return 500 from outside the browser.,False,,2026-08-06T05:37:19+00:00
2117,"Metoprolol Succinate (Extended-relase) 50mg, Telmisartan 40mg and Chlorthalidone 12.5mg Tablets",Metoprolol Succinate Extended relase,10's,10,23.44,True,2.344,Cardiovascular System (CVS),Jan Aushadhi (PMBJP) product and MRP list,https://janaushadhi.gov.in/product-portfolio/product-mrp-list,Exported from the site's own Download Files button. Direct API calls to port 8443 return 500 from outside the browser.,False,,2026-08-06T05:37:19+00:00
2118,Metoprolol Succinate Extended Release Tablets IP 12.5mg,Metoprolol Succinate Extended Release,10's,10,9.38,True,0.938,Cardiovascular System (CVS),Jan Aushadhi (PMBJP) product and MRP list,https://janaushadhi.gov.in/product-portfolio/product-mrp-list,Exported from the site's own Download Files button. Direct API calls to port 8443 return 500 from outside the browser.,False,,2026-08-06T05:37:19+00:00
2119,Miconazole Nitrate Cream IP 2% w/w,Miconazole Nitrate w w,15gm Tube,,11.25,True,,Dermatology/Topical/External,Jan Aushadhi (PMBJP) product and MRP list,https://janaushadhi.gov.in/product-portfolio/product-mrp-list,Exported from the site's own Download Files button. Direct API calls to port 8443 return 500 from outside the browser.,False,,2026-08-06T05:37:19+00:00
2120,Mometasone Aqueous Nasal Spray IP 0.05%w/v (nasal suspension in a pressurise container),Mometasone Aqueous Nasal Spray,120 MDI,120,95.63,True,0.7969,Respiratory,Jan Aushadhi (PMBJP) product and MRP list,https://janaushadhi.gov.in/product-portfolio/product-mrp-list,Exported from the site's own Download Files button. Direct API calls to port 8443 return 500 from outside the browser.,False,,2026-08-06T05:37:19+00:00
2122,Mycophenolate Sodium Gastro-resistant Tablets 360mg,Mycophenolate Sodium Gastro resistant,10's,10,145.0,True,14.5,Immunosuppressant,Jan Aushadhi (PMBJP) product and MRP list,https://janaushadhi.gov.in/product-portfolio/product-mrp-list,Exported from the site's own Download Files button. Direct API calls to port 8443 return 500 from outside the browser.,False,,2026-08-06T05:37:19+00:00
2123,Metformin Hydrochloride (sustained-relase) 500mg and Myo-Inositol 600mg Tablets,Metformin Hydrochloride sustained relase,10's,10,82.5,True,8.25,Polycystic ovary/ovarian Syndrome,Jan Aushadhi (PMBJP) product and MRP list,https://janaushadhi.gov.in/product-portfolio/product-mrp-list,Exported from the site's own Download Files button. Direct API calls to port 8443 return 500 from outside the browser.,False,,2026-08-06T05:37:19+00:00
2124,Nitroglycerin Controlled Release Tablets 6.4 mg,Nitroglycerin Controlled Release,30's in Bottle,30,51.56,True,1.7187,Cardiovascular System (CVS),Jan Aushadhi (PMBJP) product and MRP list,https://janaushadhi.gov.in/product-portfolio/product-mrp-list,Exported from the site's own Download Files button. Direct API calls to port 8443 return 500 from outside the browser.,False,,2026-08-06T05:37:19+00:00
2125,Nortriptyline Tablets IP 10mg,Nortriptyline,10's,10,9.38,True,0.938,Central Nervous System (CNS),Jan Aushadhi (PMBJP) product and MRP list,https://janaushadhi.gov.in/product-portfolio/product-mrp-list,Exported from the site's own Download Files button. Direct API calls to port 8443 return 500 from outside the browser.,False,,2026-08-06T05:37:19+00:00
2126,Ondansetron Orally disintegrating Tablets IP 8mg,Ondansetron Orally disintegrating,10's,10,10.31,True,1.031,Anti-Emetic,Jan Aushadhi (PMBJP) product and MRP list,https://janaushadhi.gov.in/product-portfolio/product-mrp-list,Exported from the site's own Download Files button. Direct API calls to port 8443 return 500 from outside the browser.,False,,2026-08-06T05:37:19+00:00
2127,Oxcarbazepine Tablets IP 150mg,Oxcarbazepine,10's,10,36.09,True,3.609,Central Nervous System (CNS),Jan Aushadhi (PMBJP) product and MRP list,https://janaushadhi.gov.in/product-portfolio/product-mrp-list,Exported from the site's own Download Files button. Direct API calls to port 8443 return 500 from outside the browser.,False,,2026-08-06T05:37:19+00:00
2128,Paracetamol 650mg and Caffeine 50mg Tablets IP,Paracetamol,10's,10,17.81,True,1.781,Analgesic/Antipyretic/Anti-Inflammatory,Jan Aushadhi (PMBJP) product and MRP list,https://janaushadhi.gov.in/product-portfolio/product-mrp-list,Exported from the site's own Download Files button. Direct API calls to port 8443 return 500 from outside the browser.,False,,2026-08-06T05:37:19+00:00
2129,Pirfenidone Tablets IP 400mg,Pirfenidone,10's,10,159.38,True,15.938,Respiratory,Jan Aushadhi (PMBJP) product and MRP list,https://janaushadhi.gov.in/product-portfolio/product-mrp-list,Exported from the site's own Download Files button. Direct API calls to port 8443 return 500 from outside the browser.,False,,2026-08-06T05:37:19+00:00
2130,"Potassium Magnesium Citrate 978mg, D-Mannose 300mg with Cranberry extract 200mg Sachet",Potassium Magnesium Citrate,5gm Sachet,,0.0,False,,Urology,Jan Aushadhi (PMBJP) product and MRP list,https://janaushadhi.gov.in/product-portfolio/product-mrp-list,Exported from the site's own Download Files button. Direct API calls to port 8443 return 500 from outside the browser.,False,,2026-08-06T05:37:19+00:00
2131,Prednisolone Sodium Phosphate Eye Drops IP 1%w/v,Prednisolone Sodium Phosphate Eye,10ml Drops,,14.06,True,,Opthalmic/Otic,Jan Aushadhi (PMBJP) product and MRP list,https://janaushadhi.gov.in/product-portfolio/product-mrp-list,Exported from the site's own Download Files button. Direct API calls to port 8443 return 500 from outside the browser.,False,,2026-08-06T05:37:19+00:00
2132,Pregabalin (Sustained release) 75mg and Methylcobalamin 1500mcg Tablets,Pregabalin Sustained release,10's,10,46.88,True,4.688,Central Nervous System (CNS),Jan Aushadhi (PMBJP) product and MRP list,https://janaushadhi.gov.in/product-portfolio/product-mrp-list,Exported from the site's own Download Files button. Direct API calls to port 8443 return 500 from outside the browser.,False,,2026-08-06T05:37:19+00:00
2133,Pregabalin Tablets IP 150mg,Pregabalin,10's,10,28.13,True,2.813,Central Nervous System (CNS),Jan Aushadhi (PMBJP) product and MRP list,https://janaushadhi.gov.in/product-portfolio/product-mrp-list,Exported from the site's own Download Files button. Direct API calls to port 8443 return 500 from outside the browser.,False,,2026-08-06T05:37:19+00:00
2134,Ribavirin Capsules USP 200mg,Ribavirin,4's,4,50.0,True,12.5,Hepato-protective,Jan Aushadhi (PMBJP) product and MRP list,https://janaushadhi.gov.in/product-portfolio/product-mrp-list,Exported from the site's own Download Files button. Direct API calls to port 8443 return 500 from outside the browser.,False,,2026-08-06T05:37:19+00:00
2135,Spironolactone 50mg and Torasemide 20mg Tablets,Spironolactone,10's,10,39.38,True,3.938,Diuretic,Jan Aushadhi (PMBJP) product and MRP list,https://janaushadhi.gov.in/product-portfolio/product-mrp-list,Exported from the site's own Download Files button. Direct API calls to port 8443 return 500 from outside the browser.,False,,2026-08-06T05:37:19+00:00
2136,Sumatriptan 85mg and Naproxen 500mg Tablets,Sumatriptan,2's,2,46.88,True,23.44,Analgesic/Antipyretic/Anti-Inflammatory,Jan Aushadhi (PMBJP) product and MRP list,https://janaushadhi.gov.in/product-portfolio/product-mrp-list,Exported from the site's own Download Files button. Direct API calls to port 8443 return 500 from outside the browser.,False,,2026-08-06T05:37:19+00:00
2137,"Telmisartan 40mg, Cilnidipine 10mg and Chlorthalidone 12.5mg Tablets",Telmisartan,10's,10,28.13,True,2.813,Cardiovascular System (CVS),Jan Aushadhi (PMBJP) product and MRP list,https://janaushadhi.gov.in/product-portfolio/product-mrp-list,Exported from the site's own Download Files button. Direct API calls to port 8443 return 500 from outside the browser.,False,,2026-08-06T05:37:19+00:00
2138,Torsemide Tablets IP 100mg,Torsemide,10's,10,46.88,True,4.688,Diuretic,Jan Aushadhi (PMBJP) product and MRP list,https://janaushadhi.gov.in/product-portfolio/product-mrp-list,Exported from the site's own Download Files button. Direct API calls to port 8443 return 500 from outside the browser.,False,,2026-08-06T05:37:19+00:00
2139,Valsartan Tablets IP 40 mg,Valsartan,10's,10,18.75,True,1.875,Cardiovascular System (CVS),Jan Aushadhi (PMBJP) product and MRP list,https://janaushadhi.gov.in/product-portfolio/product-mrp-list,Exported from the site's own Download Files button. Direct API calls to port 8443 return 500 from outside the browser.,False,,2026-08-06T05:37:19+00:00
2140,Verapamil Tablets IP 40mg,Verapamil,10's,10,4.22,True,0.422,Cardiovascular System (CVS),Jan Aushadhi (PMBJP) product and MRP list,https://janaushadhi.gov.in/product-portfolio/product-mrp-list,Exported from the site's own Download Files button. Direct API calls to port 8443 return 500 from outside the browser.,False,,2026-08-06T05:37:19+00:00
2141,Warfarin Tablets IP 1mg,Warfarin,10's,10,14.06,True,1.406,Cardiovascular System (CVS),Jan Aushadhi (PMBJP) product and MRP list,https://janaushadhi.gov.in/product-portfolio/product-mrp-list,Exported from the site's own Download Files button. Direct API calls to port 8443 return 500 from outside the browser.,False,,2026-08-06T05:37:19+00:00
2142,Warfarin Tablets IP 2mg,Warfarin,10's,10,14.06,True,1.406,Cardiovascular System (CVS),Jan Aushadhi (PMBJP) product and MRP list,https://janaushadhi.gov.in/product-portfolio/product-mrp-list,Exported from the site's own Download Files button. Direct API calls to port 8443 return 500 from outside the browser.,False,,2026-08-06T05:37:19+00:00
2143,Zinc Sulphate Dispersible Tablets IP 20mg,Zinc Sulphate Dispersible,10's,10,9.38,True,0.938,Supplement/Vitamin/Mineral,Jan Aushadhi (PMBJP) product and MRP list,https://janaushadhi.gov.in/product-portfolio/product-mrp-list,Exported from the site's own Download Files button. Direct API calls to port 8443 return 500 from outside the browser.,False,,2026-08-06T05:37:19+00:00
2144,Pyridostigmine Bromide Tablets IP 60mg,Pyridostigmine Bromide,10's,10,67.5,True,6.75,Central Nervous System (CNS),Jan Aushadhi (PMBJP) product and MRP list,https://janaushadhi.gov.in/product-portfolio/product-mrp-list,Exported from the site's own Download Files button. Direct API calls to port 8443 return 500 from outside the browser.,False,,2026-08-06T05:37:19+00:00
2145,Budesonide Powder for Inhalation IP 400mcg (Rotacaps),Budesonide for Inhalation,30's,30,102.54,True,3.418,Respiratory,Jan Aushadhi (PMBJP) product and MRP list,https://janaushadhi.gov.in/product-portfolio/product-mrp-list,Exported from the site's own Download Files button. Direct API calls to port 8443 return 500 from outside the browser.,False,,2026-08-06T05:37:19+00:00
2146,Combikit of Eplerenone Tablets 25mg and Torsemide Tablets IP 10mg,Combikit of Eplerenone,Combikit of 20 Tablets in Mono Carton,,0.0,False,,Diuretic,Jan Aushadhi (PMBJP) product and MRP list,https://janaushadhi.gov.in/product-portfolio/product-mrp-list,Exported from the site's own Download Files button. Direct API calls to port 8443 return 500 from outside the browser.,False,,2026-08-06T05:37:19+00:00
2147,Estradiol Tablets 2mg,Estradiol,28's,28,103.13,True,3.6832,Gynaecology,Jan Aushadhi (PMBJP) product and MRP list,https://janaushadhi.gov.in/product-portfolio/product-mrp-list,Exported from the site's own Download Files button. Direct API calls to port 8443 return 500 from outside the browser.,False,,2026-08-06T05:37:19+00:00
2148,Atorvastatin Tablets IP 80mg,Atorvastatin,10's,10,32.81,True,3.281,Cardiovascular System (CVS),Jan Aushadhi (PMBJP) product and MRP list,https://janaushadhi.gov.in/product-portfolio/product-mrp-list,Exported from the site's own Download Files button. Direct API calls to port 8443 return 500 from outside the browser.,False,,2026-08-06T05:37:19+00:00
2149,"Pre & Pro-Biotic Capsules (Bacillus Mesentericus - 2M, Clostridium Butyricum - 4M, Lactobacillus Sporogenes - 100M, Streptococcus Faecalis - 60M)",Pre Pro Biotic Bacillus Mesentericus M Clostridium Butyricum M Lactobacillus Sporogenes M Streptococcus Faecalis M,10's,10,51.56,True,5.156,Gastrointestinal (GIT),Jan Aushadhi (PMBJP) product and MRP list,https://janaushadhi.gov.in/product-portfolio/product-mrp-list,Exported from the site's own Download Files button. Direct API calls to port 8443 return 500 from outside the browser.,False,,2026-08-06T05:37:19+00:00
2150,Beclomethasone Dipropionate Inhalation IP 200mcg,Beclomethasone Dipropionate Inhalation,200 MDI,200,140.63,True,0.7031,Respiratory,Jan Aushadhi (PMBJP) product and MRP list,https://janaushadhi.gov.in/product-portfolio/product-mrp-list,Exported from the site's own Download Files button. Direct API calls to port 8443 return 500 from outside the browser.,False,,2026-08-06T05:37:19+00:00
2151,Beclomethasone Dipropionate Inhalation IP 100mcg,Beclomethasone Dipropionate Inhalation,200 MDI,200,124.69,True,0.6234,Respiratory,Jan Aushadhi (PMBJP) product and MRP list,https://janaushadhi.gov.in/product-portfolio/product-mrp-list,Exported from the site's own Download Files button. Direct API calls to port 8443 return 500 from outside the browser.,False,,2026-08-06T05:37:19+00:00
2152,Beclomethasone Dipropionate 100mcg Rotacaps IP,Beclomethasone Dipropionate,30's in Plastic container,30,0.0,False,,Respiratory,Jan Aushadhi (PMBJP) product and MRP list,https://janaushadhi.gov.in/product-portfolio/product-mrp-list,Exported from the site's own Download Files button. Direct API calls to port 8443 return 500 from outside the browser.,False,,2026-08-06T05:37:19+00:00
2153,Beclomethasone Dipropionate Rotacaps 200mcg,Beclomethasone Dipropionate Rotacaps,30's in Plastic container with monocarton,30,66.43,True,2.2143,Dermatology/Topical/External,Jan Aushadhi (PMBJP) product and MRP list,https://janaushadhi.gov.in/product-portfolio/product-mrp-list,Exported from the site's own Download Files button. Direct API calls to port 8443 return 500 from outside the browser.,False,,2026-08-06T05:37:19+00:00
2154,Beclomethasone Dipropionate Rotacaps 400mcg,Beclomethasone Dipropionate Rotacaps,30's in Plastic container with monocarton,30,67.94,True,2.2647,Dermatology/Topical/External,Jan Aushadhi (PMBJP) product and MRP list,https://janaushadhi.gov.in/product-portfolio/product-mrp-list,Exported from the site's own Download Files button. Direct API calls to port 8443 return 500 from outside the browser.,False,,2026-08-06T05:37:19+00:00
2155,Benidipine Hydrochloride Tablets 4mg,Benidipine Hydrochloride,10's,10,14.06,True,1.406,Cardiovascular System (CVS),Jan Aushadhi (PMBJP) product and MRP list,https://janaushadhi.gov.in/product-portfolio/product-mrp-list,Exported from the site's own Download Files button. Direct API calls to port 8443 return 500 from outside the browser.,False,,2026-08-06T05:37:19+00:00
2156,Bilastine 20mg Montelukast 10mg Tablets,Bilastine,10's,10,46.88,True,4.688,Respiratory,Jan Aushadhi (PMBJP) product and MRP list,https://janaushadhi.gov.in/product-portfolio/product-mrp-list,Exported from the site's own Download Files button. Direct API calls to port 8443 return 500 from outside the browser.,False,,2026-08-06T05:37:19+00:00
2158,Calcium Pantothenate 100mg Tablets IP,Calcium Pantothenate,10's,10,14.06,True,1.406,Ortho,Jan Aushadhi (PMBJP) product and MRP list,https://janaushadhi.gov.in/product-portfolio/product-mrp-list,Exported from the site's own Download Files button. Direct API calls to port 8443 return 500 from outside the browser.,False,,2026-08-06T05:37:19+00:00
2159,Cefpodoxime 200mg and Ofloxacin 200mg Tablets,Cefpodoxime,10's,10,100.31,True,10.031,Antibiotics,Jan Aushadhi (PMBJP) product and MRP list,https://janaushadhi.gov.in/product-portfolio/product-mrp-list,Exported from the site's own Download Files button. Direct API calls to port 8443 return 500 from outside the browser.,False,,2026-08-06T05:37:19+00:00
2160,"Clindamycin 100mg, Clotrimazole 100mg and Tinidazole 100mg Soft Gelatin Capsule (For Vaginal Use)",Clindamycin,7's,7,65.63,True,9.3757,Dermatology/Topical/External,Jan Aushadhi (PMBJP) product and MRP list,https://janaushadhi.gov.in/product-portfolio/product-mrp-list,Exported from the site's own Download Files button. Direct API calls to port 8443 return 500 from outside the browser.,False,,2026-08-06T05:37:19+00:00
2161,Diethylcarbamazine 150mg Tablets,Diethylcarbamazine,10's,10,10.0,True,1.0,Anthelmintic,Jan Aushadhi (PMBJP) product and MRP list,https://janaushadhi.gov.in/product-portfolio/product-mrp-list,Exported from the site's own Download Files button. Direct API calls to port 8443 return 500 from outside the browser.,False,,2026-08-06T05:37:19+00:00
2162,Eberconazole Cream 1% w/w,Eberconazole w w,30g Lemitube,,121.88,True,,Anti-fungal,Jan Aushadhi (PMBJP) product and MRP list,https://janaushadhi.gov.in/product-portfolio/product-mrp-list,Exported from the site's own Download Files button. Direct API calls to port 8443 return 500 from outside the browser.,False,,2026-08-06T05:37:19+00:00
2163,Enalapril Maleate Tablets IP 2.5mg,Enalapril Maleate,10's,10,6.56,True,0.656,Cardiovascular System (CVS),Jan Aushadhi (PMBJP) product and MRP list,https://janaushadhi.gov.in/product-portfolio/product-mrp-list,Exported from the site's own Download Files button. Direct API calls to port 8443 return 500 from outside the browser.,False,,2026-08-06T05:37:19+00:00
2164,Esomeprazole Magnessium 40mg (Enteric Coated ) and Itopride Hydrochloride 150mg (Sustained Release) Capsules.,Esomeprazole Magnessium,10's,10,46.88,True,4.688,Gastrointestinal (GIT),Jan Aushadhi (PMBJP) product and MRP list,https://janaushadhi.gov.in/product-portfolio/product-mrp-list,Exported from the site's own Download Files button. Direct API calls to port 8443 return 500 from outside the browser.,False,,2026-08-06T05:37:19+00:00
2165,Evogliptin 5mg and Metformin Hydrochloride Sustained Release 1000mg Tablets,Evogliptin,10's,10,0.0,False,,Anti-Diabetic,Jan Aushadhi (PMBJP) product and MRP list,https://janaushadhi.gov.in/product-portfolio/product-mrp-list,Exported from the site's own Download Files button. Direct API calls to port 8443 return 500 from outside the browser.,False,,2026-08-06T05:37:19+00:00
2166,Evogliptin 5mg and Metformin Hydrochloride Sustained Release 500mg Tablets,Evogliptin,10's,10,0.0,False,,Anti-Diabetic,Jan Aushadhi (PMBJP) product and MRP list,https://janaushadhi.gov.in/product-portfolio/product-mrp-list,Exported from the site's own Download Files button. Direct API calls to port 8443 return 500 from outside the browser.,False,,2026-08-06T05:37:19+00:00
2167,Evogliptin Tartarate 5mg Tablets,Evogliptin Tartarate,10's,10,0.0,False,,Anti-Diabetic,Jan Aushadhi (PMBJP) product and MRP list,https://janaushadhi.gov.in/product-portfolio/product-mrp-list,Exported from the site's own Download Files button. Direct API calls to port 8443 return 500 from outside the browser.,False,,2026-08-06T05:37:19+00:00
2168,Fenofibrate Capsules IP 200mg,Fenofibrate,10's,10,23.44,True,2.344,Cardiovascular System (CVS),Jan Aushadhi (PMBJP) product and MRP list,https://janaushadhi.gov.in/product-portfolio/product-mrp-list,Exported from the site's own Download Files button. Direct API calls to port 8443 return 500 from outside the browser.,False,,2026-08-06T05:37:19+00:00
2169,Flupirtine Maleate Capsules 100mg,Flupirtine Maleate,10's,10,32.81,True,3.281,Analgesic/Antipyretic/Anti-Inflammatory,Jan Aushadhi (PMBJP) product and MRP list,https://janaushadhi.gov.in/product-portfolio/product-mrp-list,Exported from the site's own Download Files button. Direct API calls to port 8443 return 500 from outside the browser.,False,,2026-08-06T05:37:19+00:00
2170,Glimepiride IP 0.5mg Tablets,Glimepiride,10's,10,3.28,True,0.328,Anti-Diabetic,Jan Aushadhi (PMBJP) product and MRP list,https://janaushadhi.gov.in/product-portfolio/product-mrp-list,Exported from the site's own Download Files button. Direct API calls to port 8443 return 500 from outside the browser.,False,,2026-08-06T05:37:19+00:00
2171,Glucosamine Sulphate 1500mg Tablets,Glucosamine Sulphate,10's,10,0.0,False,,Ortho,Jan Aushadhi (PMBJP) product and MRP list,https://janaushadhi.gov.in/product-portfolio/product-mrp-list,Exported from the site's own Download Files button. Direct API calls to port 8443 return 500 from outside the browser.,False,,2026-08-06T05:37:19+00:00
2172,Di-Hydralazine Hydrochloride 25mg Tablets USP,Di Hydralazine Hydrochloride,10's,10,0.0,False,,Anti-Histaminic,Jan Aushadhi (PMBJP) product and MRP list,https://janaushadhi.gov.in/product-portfolio/product-mrp-list,Exported from the site's own Download Files button. Direct API calls to port 8443 return 500 from outside the browser.,False,,2026-08-06T05:37:19+00:00
2173,Ibandronic Acid Tablets 150mg,Ibandronic Acid,1's,1,304.69,True,304.69,Ortho,Jan Aushadhi (PMBJP) product and MRP list,https://janaushadhi.gov.in/product-portfolio/product-mrp-list,Exported from the site's own Download Files button. Direct API calls to port 8443 return 500 from outside the browser.,False,,2026-08-06T05:37:19+00:00
2174,Ilaprazole Tablets 10mg,Ilaprazole,10's,10,23.44,True,2.344,Gastrointestinal (GIT),Jan Aushadhi (PMBJP) product and MRP list,https://janaushadhi.gov.in/product-portfolio/product-mrp-list,Exported from the site's own Download Files button. Direct API calls to port 8443 return 500 from outside the browser.,False,,2026-08-06T05:37:19+00:00
2175,Iron Sucrose Injection,Iron Sucrose,1's,1,30.94,True,30.94,Electrolytes,Jan Aushadhi (PMBJP) product and MRP list,https://janaushadhi.gov.in/product-portfolio/product-mrp-list,Exported from the site's own Download Files button. Direct API calls to port 8443 return 500 from outside the browser.,False,,2026-08-06T05:37:19+00:00
2176,Labetalol IP 200mg Tablets,Labetalol,10's,10,56.25,True,5.625,Cardiovascular System (CVS),Jan Aushadhi (PMBJP) product and MRP list,https://janaushadhi.gov.in/product-portfolio/product-mrp-list,Exported from the site's own Download Files button. Direct API calls to port 8443 return 500 from outside the browser.,False,,2026-08-06T05:37:19+00:00
2177,Lornoxicam 8mg and Paracetamol 325mg Tablets,Lornoxicam,10's,10,23.44,True,2.344,Analgesic/Antipyretic/Anti-Inflammatory,Jan Aushadhi (PMBJP) product and MRP list,https://janaushadhi.gov.in/product-portfolio/product-mrp-list,Exported from the site's own Download Files button. Direct API calls to port 8443 return 500 from outside the browser.,False,,2026-08-06T05:37:19+00:00
2178,Meloxicam 7.5mg Tablets BP,Meloxicam,10's,10,0.0,False,,Ortho,Jan Aushadhi (PMBJP) product and MRP list,https://janaushadhi.gov.in/product-portfolio/product-mrp-list,Exported from the site's own Download Files button. Direct API calls to port 8443 return 500 from outside the browser.,False,,2026-08-06T05:37:19+00:00
2179,Meloxicam 15mg Tablets BP,Meloxicam,10's,10,0.0,False,,Ortho,Jan Aushadhi (PMBJP) product and MRP list,https://janaushadhi.gov.in/product-portfolio/product-mrp-list,Exported from the site's own Download Files button. Direct API calls to port 8443 return 500 from outside the browser.,False,,2026-08-06T05:37:19+00:00
2180,Mesalamine Delayed Release Tablets 400mg,Mesalamine Delayed Release,10's,10,37.5,True,3.75,Gastrointestinal (GIT),Jan Aushadhi (PMBJP) product and MRP list,https://janaushadhi.gov.in/product-portfolio/product-mrp-list,Exported from the site's own Download Files button. Direct API calls to port 8443 return 500 from outside the browser.,False,,2026-08-06T05:37:19+00:00
2181,Metformin Hydrchloride 500mg (Sustained-release) and Glimipride 3mg Tablet IP,Metformin Hydrchloride,10's,10,28.13,True,2.813,Anti-Diabetic,Jan Aushadhi (PMBJP) product and MRP list,https://janaushadhi.gov.in/product-portfolio/product-mrp-list,Exported from the site's own Download Files button. Direct API calls to port 8443 return 500 from outside the browser.,False,,2026-08-06T05:37:19+00:00
2182,Metformin Hydrchloride 500mg (Sustained-release) and Glimipride 4mg Tablet IP,Metformin Hydrchloride,10's,10,32.81,True,3.281,Anti-Diabetic,Jan Aushadhi (PMBJP) product and MRP list,https://janaushadhi.gov.in/product-portfolio/product-mrp-list,Exported from the site's own Download Files button. Direct API calls to port 8443 return 500 from outside the browser.,False,,2026-08-06T05:37:19+00:00
2183,Metolazone 2.5mg Tablets IP,Metolazone,10's,10,0.0,False,,Cardiovascular System (CVS),Jan Aushadhi (PMBJP) product and MRP list,https://janaushadhi.gov.in/product-portfolio/product-mrp-list,Exported from the site's own Download Files button. Direct API calls to port 8443 return 500 from outside the browser.,False,,2026-08-06T05:37:19+00:00
2184,Moxifloxacin 0.5 %w/v and Prednisolone Acetate 1%w/v Eye Drops,Moxifloxacin,5ml Drops,,18.75,True,,Opthalmic/Otic,Jan Aushadhi (PMBJP) product and MRP list,https://janaushadhi.gov.in/product-portfolio/product-mrp-list,Exported from the site's own Download Files button. Direct API calls to port 8443 return 500 from outside the browser.,False,,2026-08-06T05:37:19+00:00
2185,Moxonidine Tablets 0.2mg,Moxonidine,10's,10,33.75,True,3.375,Cardiovascular System (CVS),Jan Aushadhi (PMBJP) product and MRP list,https://janaushadhi.gov.in/product-portfolio/product-mrp-list,Exported from the site's own Download Files button. Direct API calls to port 8443 return 500 from outside the browser.,False,,2026-08-06T05:37:19+00:00
2186,Oxcarbazepine Tablets IP 450mg,Oxcarbazepine,10's,10,106.88,True,10.688,Central Nervous System (CNS),Jan Aushadhi (PMBJP) product and MRP list,https://janaushadhi.gov.in/product-portfolio/product-mrp-list,Exported from the site's own Download Files button. Direct API calls to port 8443 return 500 from outside the browser.,False,,2026-08-06T05:37:19+00:00
2187,Oxcarbazepine Tablets IP 600 mg,Oxcarbazepine,10's,10,115.31,True,11.531,Central Nervous System (CNS),Jan Aushadhi (PMBJP) product and MRP list,https://janaushadhi.gov.in/product-portfolio/product-mrp-list,Exported from the site's own Download Files button. Direct API calls to port 8443 return 500 from outside the browser.,False,,2026-08-06T05:37:19+00:00
2188,Paroxetin Prolonged-release Tablets IP 25mg,Paroxetin Prolonged release,10's,10,37.5,True,3.75,Central Nervous System (CNS),Jan Aushadhi (PMBJP) product and MRP list,https://janaushadhi.gov.in/product-portfolio/product-mrp-list,Exported from the site's own Download Files button. Direct API calls to port 8443 return 500 from outside the browser.,False,,2026-08-06T05:37:19+00:00
2189,Paroxetine Prolonged-release Tablets IP 12.5mg,Paroxetine Prolonged release,10's,10,23.44,True,2.344,Central Nervous System (CNS),Jan Aushadhi (PMBJP) product and MRP list,https://janaushadhi.gov.in/product-portfolio/product-mrp-list,Exported from the site's own Download Files button. Direct API calls to port 8443 return 500 from outside the browser.,False,,2026-08-06T05:37:19+00:00
2190,Pramipexole Dihydrochloride Tablets 0.25mg,Pramipexole Dihydrochloride,10's,10,45.94,True,4.594,Central Nervous System (CNS),Jan Aushadhi (PMBJP) product and MRP list,https://janaushadhi.gov.in/product-portfolio/product-mrp-list,Exported from the site's own Download Files button. Direct API calls to port 8443 return 500 from outside the browser.,False,,2026-08-06T05:37:19+00:00
2191,Progesterone 100mg/2ml Injection IP,Progesterone,2ml Ampoule in Mono blister,,0.0,False,,Gynaecology,Jan Aushadhi (PMBJP) product and MRP list,https://janaushadhi.gov.in/product-portfolio/product-mrp-list,Exported from the site's own Download Files button. Direct API calls to port 8443 return 500 from outside the browser.,False,,2026-08-06T05:37:19+00:00
2192,Ramipril Tablets IP 10mg,Ramipril,10's,10,18.75,True,1.875,Cardiovascular System (CVS),Jan Aushadhi (PMBJP) product and MRP list,https://janaushadhi.gov.in/product-portfolio/product-mrp-list,Exported from the site's own Download Files button. Direct API calls to port 8443 return 500 from outside the browser.,False,,2026-08-06T05:37:19+00:00
2193,Remogliflozin Etabonate 100mg and Vildagliptin 50mg Tablets,Remogliflozin Etabonate,10's,10,0.0,False,,Anti-Diabetic,Jan Aushadhi (PMBJP) product and MRP list,https://janaushadhi.gov.in/product-portfolio/product-mrp-list,Exported from the site's own Download Files button. Direct API calls to port 8443 return 500 from outside the browser.,False,,2026-08-06T05:37:19+00:00
2194,Remogliflozin Etabonate 100mg and Metformin Hydrochloride 1000mg Tablets,Remogliflozin Etabonate,10's,10,0.0,False,,Anti-Diabetic,Jan Aushadhi (PMBJP) product and MRP list,https://janaushadhi.gov.in/product-portfolio/product-mrp-list,Exported from the site's own Download Files button. Direct API calls to port 8443 return 500 from outside the browser.,False,,2026-08-06T05:37:19+00:00
2195,Remogliflozin Etabonate 100mg Tablets,Remogliflozin Etabonate,10's,10,0.0,False,,Anti-Diabetic,Jan Aushadhi (PMBJP) product and MRP list,https://janaushadhi.gov.in/product-portfolio/product-mrp-list,Exported from the site's own Download Files button. Direct API calls to port 8443 return 500 from outside the browser.,False,,2026-08-06T05:37:19+00:00
2196,Remogliflozin Etabonate Tablets 100mg and Metformin Hydrochloride 500mg Tablets,Remogliflozin Etabonate,10's,10,0.0,False,,Anti-Diabetic,Jan Aushadhi (PMBJP) product and MRP list,https://janaushadhi.gov.in/product-portfolio/product-mrp-list,Exported from the site's own Download Files button. Direct API calls to port 8443 return 500 from outside the browser.,False,,2026-08-06T05:37:19+00:00
2197,Risperidone Tablets IP 3 mg,Risperidone,10's,10,10.31,True,1.031,Central Nervous System (CNS),Jan Aushadhi (PMBJP) product and MRP list,https://janaushadhi.gov.in/product-portfolio/product-mrp-list,Exported from the site's own Download Files button. Direct API calls to port 8443 return 500 from outside the browser.,False,,2026-08-06T05:37:19+00:00
2198,Ropinirole Tablets IP 0.5mg,Ropinirole,10's,10,14.06,True,1.406,Cardiovascular System (CVS),Jan Aushadhi (PMBJP) product and MRP list,https://janaushadhi.gov.in/product-portfolio/product-mrp-list,Exported from the site's own Download Files button. Direct API calls to port 8443 return 500 from outside the browser.,False,,2026-08-06T05:37:19+00:00
2199,Ropinirole Tablets 0.25mg,Ropinirole,10's,10,0.0,False,,Central Nervous System (CNS),Jan Aushadhi (PMBJP) product and MRP list,https://janaushadhi.gov.in/product-portfolio/product-mrp-list,Exported from the site's own Download Files button. Direct API calls to port 8443 return 500 from outside the browser.,False,,2026-08-06T05:37:19+00:00
2200,Selegiline Hydrochloride 5mg Tablets,Selegiline Hydrochloride,10's,10,28.13,True,2.813,Central Nervous System (CNS),Jan Aushadhi (PMBJP) product and MRP list,https://janaushadhi.gov.in/product-portfolio/product-mrp-list,Exported from the site's own Download Files button. Direct API calls to port 8443 return 500 from outside the browser.,False,,2026-08-06T05:37:19+00:00
2201,Sevelamer Carbonate Tablets 400mg,Sevelamer Carbonate,10's,10,51.56,True,5.156,Nephrology,Jan Aushadhi (PMBJP) product and MRP list,https://janaushadhi.gov.in/product-portfolio/product-mrp-list,Exported from the site's own Download Files button. Direct API calls to port 8443 return 500 from outside the browser.,False,,2026-08-06T05:37:19+00:00
2202,Propranolol Hydrochloride 40mg Sustained Release) and Flunarizine Dihydrochloride 10mg Tablets,Propranolol Hydrochloride,10's,10,18.75,True,1.875,Cardiovascular System (CVS),Jan Aushadhi (PMBJP) product and MRP list,https://janaushadhi.gov.in/product-portfolio/product-mrp-list,Exported from the site's own Download Files button. Direct API calls to port 8443 return 500 from outside the browser.,False,,2026-08-06T05:37:19+00:00
2203,"Telmisartan 80mg, Amlodipine 5mg and Hydrochlorothiazide 12.5mg Tablets",Telmisartan,10's,10,37.5,True,3.75,Cardiovascular System (CVS),Jan Aushadhi (PMBJP) product and MRP list,https://janaushadhi.gov.in/product-portfolio/product-mrp-list,Exported from the site's own Download Files button. Direct API calls to port 8443 return 500 from outside the browser.,False,,2026-08-06T05:37:19+00:00
2204,TenofovirÂ AlafenamideÂ Tablets IP 25mg,Tenofovir Alafenamide,30's in Bottle,30,562.5,True,18.75,Hepato-protective,Jan Aushadhi (PMBJP) product and MRP list,https://janaushadhi.gov.in/product-portfolio/product-mrp-list,Exported from the site's own Download Files button. Direct API calls to port 8443 return 500 from outside the browser.,False,,2026-08-06T05:37:19+00:00
2205,Verapamil Hydrochloride Prolonged Release 120mg Tablets IP,Verapamil Hydrochloride Prolonged Release,15's,15,0.0,False,,Cardiovascular System (CVS),Jan Aushadhi (PMBJP) product and MRP list,https://janaushadhi.gov.in/product-portfolio/product-mrp-list,Exported from the site's own Download Files button. Direct API calls to port 8443 return 500 from outside the browser.,False,,2026-08-06T05:37:19+00:00
2206,Vitamin E Capsules 600mg,Vitamin E,10's,10,26.25,True,2.625,Supplement/Vitamin/Mineral,Jan Aushadhi (PMBJP) product and MRP list,https://janaushadhi.gov.in/product-portfolio/product-mrp-list,Exported from the site's own Download Files button. Direct API calls to port 8443 return 500 from outside the browser.,False,,2026-08-06T05:37:19+00:00
2207,"Metformin Hydrochloride 500mg (Sustained Release), Voglibose 0.3mg and Glimepiride 1mg and Tablets",Metformin Hydrochloride,10's,10,23.44,True,2.344,Anti-Diabetic,Jan Aushadhi (PMBJP) product and MRP list,https://janaushadhi.gov.in/product-portfolio/product-mrp-list,Exported from the site's own Download Files button. Direct API calls to port 8443 return 500 from outside the browser.,False,,2026-08-06T05:37:19+00:00
2208,"Metformin Hydrochloride 500mg (Sustained Release), Voglibose 0.3mg and Glimepiride 2mg and Tablets",Metformin Hydrochloride,10's,10,28.13,True,2.813,Anti-Diabetic,Jan Aushadhi (PMBJP) product and MRP list,https://janaushadhi.gov.in/product-portfolio/product-mrp-list,Exported from the site's own Download Files button. Direct API calls to port 8443 return 500 from outside the browser.,False,,2026-08-06T05:37:19+00:00
2209,Ziprasidone 20mg Capsules,Ziprasidone,10's,10,42.19,True,4.219,Central Nervous System (CNS),Jan Aushadhi (PMBJP) product and MRP list,https://janaushadhi.gov.in/product-portfolio/product-mrp-list,Exported from the site's own Download Files button. Direct API calls to port 8443 return 500 from outside the browser.,False,,2026-08-06T05:37:19+00:00
2210,Perindopril Erbumine 8mg Tablets,Perindopril Erbumine,10's,10,75.0,True,7.5,Cardiovascular System (CVS),Jan Aushadhi (PMBJP) product and MRP list,https://janaushadhi.gov.in/product-portfolio/product-mrp-list,Exported from the site's own Download Files button. Direct API calls to port 8443 return 500 from outside the browser.,False,,2026-08-06T05:37:19+00:00
2211,Perindopril Erbumine 4mg and Indapamide 1.25mg Tablets,Perindopril Erbumine,10's,10,65.63,True,6.563,Cardiovascular System (CVS),Jan Aushadhi (PMBJP) product and MRP list,https://janaushadhi.gov.in/product-portfolio/product-mrp-list,Exported from the site's own Download Files button. Direct API calls to port 8443 return 500 from outside the browser.,False,,2026-08-06T05:37:19+00:00
2212,Micronized Purified flavanoid Fraction Tablets ( MPFF Diosmin 450mg and Hesperidin 50mg Tablets),Micronized Purified flavanoid Fraction MPFF Diosmin,10's,10,70.31,True,7.031,Cardiovascular System (CVS),Jan Aushadhi (PMBJP) product and MRP list,https://janaushadhi.gov.in/product-portfolio/product-mrp-list,Exported from the site's own Download Files button. Direct API calls to port 8443 return 500 from outside the browser.,False,,2026-08-06T05:37:19+00:00
2213,Ziprasidone 40mg Capsules,Ziprasidone,10's,10,65.63,True,6.563,Central Nervous System (CNS),Jan Aushadhi (PMBJP) product and MRP list,https://janaushadhi.gov.in/product-portfolio/product-mrp-list,Exported from the site's own Download Files button. Direct API calls to port 8443 return 500 from outside the browser.,False,,2026-08-06T05:37:19+00:00
2216,"Guaifenesin 50mg, Terbutaline 1.25 mg and Ambroxol 30 mg Syrup per 5ml (Suger free)",Guaifenesin,100 ml,100,28.13,True,0.2813,Respiratory,Jan Aushadhi (PMBJP) product and MRP list,https://janaushadhi.gov.in/product-portfolio/product-mrp-list,Exported from the site's own Download Files button. Direct API calls to port 8443 return 500 from outside the browser.,False,,2026-08-06T05:37:19+00:00
2217,"Guaifenesin 100mg, Terbutaline 1.25 mg and Ambroxol 15mg Syrup per 5ml (Suger free)",Guaifenesin,100 ml,100,28.13,True,0.2813,Respiratory,Jan Aushadhi (PMBJP) product and MRP list,https://janaushadhi.gov.in/product-portfolio/product-mrp-list,Exported from the site's own Download Files button. Direct API calls to port 8443 return 500 from outside the browser.,False,,2026-08-06T05:37:19+00:00
2218,Sacubitril 97mg and Valsartan 103mg Tablets,Sacubitril,7âs,,212.81,True,,Cardiovascular System (CVS),Jan Aushadhi (PMBJP) product and MRP list,https://janaushadhi.gov.in/product-portfolio/product-mrp-list,Exported from the site's own Download Files button. Direct API calls to port 8443 return 500 from outside the browser.,False,,2026-08-06T05:37:19+00:00
2219,Hydroxyprogesterone Injection 250mg,Hydroxyprogesterone,1ml ampoule in Mono blister pack,,28.13,True,,Gynaecology,Jan Aushadhi (PMBJP) product and MRP list,https://janaushadhi.gov.in/product-portfolio/product-mrp-list,Exported from the site's own Download Files button. Direct API calls to port 8443 return 500 from outside the browser.,False,,2026-08-06T05:37:19+00:00
2220,Hydroxyprogesterone Injection IP 500mg,Hydroxyprogesterone,2ml Ampoule in Mono blister,,46.88,True,,Gynaecology,Jan Aushadhi (PMBJP) product and MRP list,https://janaushadhi.gov.in/product-portfolio/product-mrp-list,Exported from the site's own Download Files button. Direct API calls to port 8443 return 500 from outside the browser.,False,,2026-08-06T05:37:19+00:00
2221,Alpha Ketoanalouge and Essential Amino Acid Tablets,Alpha Ketoanalouge and Essential Amino Acid,10's,10,80.0,True,8.0,Anti-Diabetic,Jan Aushadhi (PMBJP) product and MRP list,https://janaushadhi.gov.in/product-portfolio/product-mrp-list,Exported from the site's own Download Files button. Direct API calls to port 8443 return 500 from outside the browser.,False,,2026-08-06T05:37:19+00:00
2222,Allopurinol Tablets IP 300 mg,Allopurinol,10's,10,28.13,True,2.813,Respiratory,Jan Aushadhi (PMBJP) product and MRP list,https://janaushadhi.gov.in/product-portfolio/product-mrp-list,Exported from the site's own Download Files button. Direct API calls to port 8443 return 500 from outside the browser.,False,,2026-08-06T05:37:19+00:00
2223,Amisulpride Tablets IP 300mg,Amisulpride,10's,10,75.0,True,7.5,Ortho,Jan Aushadhi (PMBJP) product and MRP list,https://janaushadhi.gov.in/product-portfolio/product-mrp-list,Exported from the site's own Download Files button. Direct API calls to port 8443 return 500 from outside the browser.,False,,2026-08-06T05:37:19+00:00
2224,Acarbose 50mg and Metformin Hydrochloride 500mg Tablets,Acarbose,10's,10,77.81,True,7.781,Anti-Diabetic,Jan Aushadhi (PMBJP) product and MRP list,https://janaushadhi.gov.in/product-portfolio/product-mrp-list,Exported from the site's own Download Files button. Direct API calls to port 8443 return 500 from outside the browser.,False,,2026-08-06T05:37:19+00:00
2225,Acetylcysteine Effervescent Tablets 600mg,Acetylcysteine Effervescent,10's,10,126.56,True,12.656,Respiratory,Jan Aushadhi (PMBJP) product and MRP list,https://janaushadhi.gov.in/product-portfolio/product-mrp-list,Exported from the site's own Download Files button. Direct API calls to port 8443 return 500 from outside the browser.,False,,2026-08-06T05:37:19+00:00
2226,Alendronate Sodium Tablets USP 70mg,Alendronate Sodium,4's,4,18.75,True,4.6875,Ortho,Jan Aushadhi (PMBJP) product and MRP list,https://janaushadhi.gov.in/product-portfolio/product-mrp-list,Exported from the site's own Download Files button. Direct API calls to port 8443 return 500 from outside the browser.,False,,2026-08-06T05:37:19+00:00
2227,"Amlodipine 5 mg, Losartan Potassium 50 mg & Hydrochlorothiazide 12.5 mg Tablets",Amlodipine,10's,10,23.44,True,2.344,Cardiovascular System (CVS),Jan Aushadhi (PMBJP) product and MRP list,https://janaushadhi.gov.in/product-portfolio/product-mrp-list,Exported from the site's own Download Files button. Direct API calls to port 8443 return 500 from outside the browser.,False,,2026-08-06T05:37:19+00:00
2228,Amlodipine 5mg and Perindopril 4mg Tablets,Amlodipine,10's,10,28.13,True,2.813,Cardiovascular System (CVS),Jan Aushadhi (PMBJP) product and MRP list,https://janaushadhi.gov.in/product-portfolio/product-mrp-list,Exported from the site's own Download Files button. Direct API calls to port 8443 return 500 from outside the browser.,False,,2026-08-06T05:37:19+00:00
2229,Amorphous Hydrogel Wound Dressing with Colloidal Silver,Amorphous Hydrogel Wound Dressing with Colloidal Silver,10gm Lami Tube,,0.0,False,,Dermatology/Topical/External,Jan Aushadhi (PMBJP) product and MRP list,https://janaushadhi.gov.in/product-portfolio/product-mrp-list,Exported from the site's own Download Files button. Direct API calls to port 8443 return 500 from outside the browser.,False,,2026-08-06T05:37:19+00:00
2238,Protein Powder (100% Whey Protein) 1 kg (2.2 lbs) Jar,Protein Whey Protein kg lbs Jar,1 kg (2.2 lbs) Jar,1,1333.86,True,1333.86,Nutraceuticals,Jan Aushadhi (PMBJP) product and MRP list,https://janaushadhi.gov.in/product-portfolio/product-mrp-list,Exported from the site's own Download Files button. Direct API calls to port 8443 return 500 from outside the browser.,False,,2026-08-06T05:37:19+00:00
2239,Cereal Based Foods Products (for Baby above 6 months),Cereal Based Foods Products for Baby above months,300g Mono Carton,,0.0,False,,Nutraceuticals,Jan Aushadhi (PMBJP) product and MRP list,https://janaushadhi.gov.in/product-portfolio/product-mrp-list,Exported from the site's own Download Files button. Direct API calls to port 8443 return 500 from outside the browser.,False,,2026-08-06T05:37:19+00:00
2240,Diabetes Care Protein Powder,Diabetes Care Protein,400g Jar,,375.0,True,,Nutraceuticals,Jan Aushadhi (PMBJP) product and MRP list,https://janaushadhi.gov.in/product-portfolio/product-mrp-list,Exported from the site's own Download Files button. Direct API calls to port 8443 return 500 from outside the browser.,False,,2026-08-06T05:37:19+00:00
2241,Renal care protein powder (Low Protein),Renal care protein Low Protein,400g Jar,,355.93,True,,Nutraceuticals,Jan Aushadhi (PMBJP) product and MRP list,https://janaushadhi.gov.in/product-portfolio/product-mrp-list,Exported from the site's own Download Files button. Direct API calls to port 8443 return 500 from outside the browser.,False,,2026-08-06T05:37:19+00:00
2242,Renal care protein powder for dialysis patients (High Protein),Renal care protein for dialysis patients High Protein,400g Jar,,444.92,True,,Nutraceuticals,Jan Aushadhi (PMBJP) product and MRP list,https://janaushadhi.gov.in/product-portfolio/product-mrp-list,Exported from the site's own Download Files button. Direct API calls to port 8443 return 500 from outside the browser.,False,,2026-08-06T05:37:19+00:00
2243,Oral Rehydration Salt (Liquid form),Oral Rehydration Salt Liquid form,200ml Tetra Pack,,15.75,True,,Electrolytes,Jan Aushadhi (PMBJP) product and MRP list,https://janaushadhi.gov.in/product-portfolio/product-mrp-list,Exported from the site's own Download Files button. Direct API calls to port 8443 return 500 from outside the browser.,False,,2026-08-06T05:37:19+00:00
2244,Janushadhi Madhurak (Stevia Natural Sweetener (Liquid)),Janushadhi Madhurak Stevia Natural Sweetener Liquid,30ml Drops in Mono Carton,,100.0,True,,Nutraceuticals,Jan Aushadhi (PMBJP) product and MRP list,https://janaushadhi.gov.in/product-portfolio/product-mrp-list,Exported from the site's own Download Files button. Direct API calls to port 8443 return 500 from outside the browser.,False,,2026-08-06T05:37:19+00:00
2245,Janushadhi Madhurak (Stevia Natural Sweetener (Tablets/Pellets)),Janushadhi Madhurak Stevia Natural Sweetener Pellets,100's,100,75.0,True,0.75,Nutraceuticals,Jan Aushadhi (PMBJP) product and MRP list,https://janaushadhi.gov.in/product-portfolio/product-mrp-list,Exported from the site's own Download Files button. Direct API calls to port 8443 return 500 from outside the browser.,False,,2026-08-06T05:37:19+00:00
2246,Janaushadhi Women Protein (Chocolate) 250g,Janaushadhi Women Protein Chocolate,250g Jar,,204.66,True,,Nutraceuticals,Jan Aushadhi (PMBJP) product and MRP list,https://janaushadhi.gov.in/product-portfolio/product-mrp-list,Exported from the site's own Download Files button. Direct API calls to port 8443 return 500 from outside the browser.,False,,2026-08-06T05:37:19+00:00
2247,Janaushadhi Women Protein (Vanilla) 250 gm,Janaushadhi Women Protein Vanilla gm,250g Jar,,204.66,True,,Nutraceuticals,Jan Aushadhi (PMBJP) product and MRP list,https://janaushadhi.gov.in/product-portfolio/product-mrp-list,Exported from the site's own Download Files button. Direct API calls to port 8443 return 500 from outside the browser.,False,,2026-08-06T05:37:19+00:00
2248,"Janaushadhi Poshan (Malt based food with Cocoa, 30gm)",Janaushadhi Poshan Malt based food with Cocoa gm,30g Sachet,,8.9,True,,Nutraceuticals,Jan Aushadhi (PMBJP) product and MRP list,https://janaushadhi.gov.in/product-portfolio/product-mrp-list,Exported from the site's own Download Files button. Direct API calls to port 8443 return 500 from outside the browser.,False,,2026-08-06T05:37:19+00:00
2249,"Abacavir 600mg, Dolutegravir 50mg and Lamivudine 300mg Tablets",Abacavir,30's Bottle,30,2718.75,True,90.625,Anti-Retroviral,Jan Aushadhi (PMBJP) product and MRP list,https://janaushadhi.gov.in/product-portfolio/product-mrp-list,Exported from the site's own Download Files button. Direct API calls to port 8443 return 500 from outside the browser.,False,,2026-08-06T05:37:19+00:00
2250,Abacavir 600mg and Lamivudine 300mg Tablets,Abacavir,30's Bottle,30,867.19,True,28.9063,Anti-Retroviral,Jan Aushadhi (PMBJP) product and MRP list,https://janaushadhi.gov.in/product-portfolio/product-mrp-list,Exported from the site's own Download Files button. Direct API calls to port 8443 return 500 from outside the browser.,False,,2026-08-06T05:37:19+00:00
2251,Recombinant Human Tissue type Plasminogen Activator Injection 20mg (Alteplase),Recombinant Human Tissue type Plasminogen Activator,Vial with WFI and Transfer canula in Mono Carton,,0.0,False,,Cardiovascular System (CVS),Jan Aushadhi (PMBJP) product and MRP list,https://janaushadhi.gov.in/product-portfolio/product-mrp-list,Exported from the site's own Download Files button. Direct API calls to port 8443 return 500 from outside the browser.,False,,2026-08-06T05:37:19+00:00
2252,Recombinant Human Tissue type Plasminogen Activator Injection 50mg (Alteplase),Recombinant Human Tissue type Plasminogen Activator,Vial with WFI and Transfer canula in Mono Carton,,0.0,False,,Cardiovascular System (CVS),Jan Aushadhi (PMBJP) product and MRP list,https://janaushadhi.gov.in/product-portfolio/product-mrp-list,Exported from the site's own Download Files button. Direct API calls to port 8443 return 500 from outside the browser.,False,,2026-08-06T05:37:19+00:00
2253,Bisacodyl Suppositories IP 5mg,Bisacodyl Suppositories,5's,5,0.0,False,,Gastrointestinal (GIT),Jan Aushadhi (PMBJP) product and MRP list,https://janaushadhi.gov.in/product-portfolio/product-mrp-list,Exported from the site's own Download Files button. Direct API calls to port 8443 return 500 from outside the browser.,False,,2026-08-06T05:37:19+00:00
2254,Caffeine Citrate Injection 20mg/ml,Caffeine Citrate,2ml vial,,93.75,True,,Cardiovascular System (CVS),Jan Aushadhi (PMBJP) product and MRP list,https://janaushadhi.gov.in/product-portfolio/product-mrp-list,Exported from the site's own Download Files button. Direct API calls to port 8443 return 500 from outside the browser.,False,,2026-08-06T05:37:19+00:00
2255,Colchicine Tablets 0.5mg,Colchicine,10's,10,9.38,True,0.938,Ortho,Jan Aushadhi (PMBJP) product and MRP list,https://janaushadhi.gov.in/product-portfolio/product-mrp-list,Exported from the site's own Download Files button. Direct API calls to port 8443 return 500 from outside the browser.,False,,2026-08-06T05:37:19+00:00
2256,Midazolam Injection 10mg,Midazolam,10ml vial,,28.13,True,,Central Nervous System (CNS),Jan Aushadhi (PMBJP) product and MRP list,https://janaushadhi.gov.in/product-portfolio/product-mrp-list,Exported from the site's own Download Files button. Direct API calls to port 8443 return 500 from outside the browser.,False,,2026-08-06T05:37:19+00:00
2257,Rituximab 100mg/10ml Injection,Rituximab,10ml vial,,3750.0,True,,Oncology,Jan Aushadhi (PMBJP) product and MRP list,https://janaushadhi.gov.in/product-portfolio/product-mrp-list,Exported from the site's own Download Files button. Direct API calls to port 8443 return 500 from outside the browser.,True,rituximab is an oncology molecule,2026-08-06T05:37:19+00:00
2258,Rituximab 500mg/50ml Injection,Rituximab,50ml vial,,10968.75,True,,Oncology,Jan Aushadhi (PMBJP) product and MRP list,https://janaushadhi.gov.in/product-portfolio/product-mrp-list,Exported from the site's own Download Files button. Direct API calls to port 8443 return 500 from outside the browser.,True,rituximab is an oncology molecule,2026-08-06T05:37:19+00:00
2259,Salicylic Acid 1% w/v Foaming Facewash,Salicylic Acid w v Foaming Facewash,60ml Lami Tube,,46.88,True,,Derma Care,Jan Aushadhi (PMBJP) product and MRP list,https://janaushadhi.gov.in/product-portfolio/product-mrp-list,Exported from the site's own Download Files button. Direct API calls to port 8443 return 500 from outside the browser.,False,,2026-08-06T05:37:19+00:00
2260,Salicylic Acid 3% powder,Salicylic Acid,150gm bottle,,0.0,False,,Dermatology/Topical/External,Jan Aushadhi (PMBJP) product and MRP list,https://janaushadhi.gov.in/product-portfolio/product-mrp-list,Exported from the site's own Download Files button. Direct API calls to port 8443 return 500 from outside the browser.,False,,2026-08-06T05:37:19+00:00
2261,Salicylic Acid 2% w/v Foaming Facewash,Salicylic Acid w v Foaming Facewash,60ml Lami Tube,,65.63,True,,Derma Care,Jan Aushadhi (PMBJP) product and MRP list,https://janaushadhi.gov.in/product-portfolio/product-mrp-list,Exported from the site's own Download Files button. Direct API calls to port 8443 return 500 from outside the browser.,False,,2026-08-06T05:37:19+00:00
2262,Somatotropin 4 IU (Recombinant Human Growth Hormone) Powder for Injection,Somatotropin,Vial with WFI in Mono Carton,,0.0,False,,Steroids & Hormones,Jan Aushadhi (PMBJP) product and MRP list,https://janaushadhi.gov.in/product-portfolio/product-mrp-list,Exported from the site's own Download Files button. Direct API calls to port 8443 return 500 from outside the browser.,False,,2026-08-06T05:37:19+00:00
2263,Thiamine Hydrochloride Injection IP 100mg/ml,Thiamine Hydrochloride,2ml vial,,14.06,True,,Supplement/Vitamin/Mineral,Jan Aushadhi (PMBJP) product and MRP list,https://janaushadhi.gov.in/product-portfolio/product-mrp-list,Exported from the site's own Download Files button. Direct API calls to port 8443 return 500 from outside the browser.,False,,2026-08-06T05:37:19+00:00
2264,"Mecobalamin 1500mcg, Folic Acid 0.7mg and Niacinamide 100mg Injection (Painless)",Mecobalamin,2ml vial,,18.75,True,,Supplement/Vitamin/Mineral,Jan Aushadhi (PMBJP) product and MRP list,https://janaushadhi.gov.in/product-portfolio/product-mrp-list,Exported from the site's own Download Files button. Direct API calls to port 8443 return 500 from outside the browser.,False,,2026-08-06T05:37:19+00:00
2265,Multivitamin Syrup Chocolate Flavour,Multivitamin Chocolate Flavour,200ml Bottle,,0.0,False,,Supplement/Vitamin/Mineral,Jan Aushadhi (PMBJP) product and MRP list,https://janaushadhi.gov.in/product-portfolio/product-mrp-list,Exported from the site's own Download Files button. Direct API calls to port 8443 return 500 from outside the browser.,False,,2026-08-06T05:37:19+00:00
2266,Nicotine 2mg Oral Disintegrating Strips,Nicotine,12's in Mono Carton,12,74.0,True,6.1667,Smoking Cessation,Jan Aushadhi (PMBJP) product and MRP list,https://janaushadhi.gov.in/product-portfolio/product-mrp-list,Exported from the site's own Download Files button. Direct API calls to port 8443 return 500 from outside the browser.,False,,2026-08-06T05:37:19+00:00
2267,Nicotine Oral Disintegrating Strips 4mg,Nicotine Oral Disintegrating Strips,12's in Mono Carton,12,0.0,False,,Smoking Cessation,Jan Aushadhi (PMBJP) product and MRP list,https://janaushadhi.gov.in/product-portfolio/product-mrp-list,Exported from the site's own Download Files button. Direct API calls to port 8443 return 500 from outside the browser.,False,,2026-08-06T05:37:19+00:00
2268,Ondansetron 4mg Oral Disintegrating Strips,Ondansetron,12's in Mono Carton,12,51.56,True,4.2967,Anti-Emetic,Jan Aushadhi (PMBJP) product and MRP list,https://janaushadhi.gov.in/product-portfolio/product-mrp-list,Exported from the site's own Download Files button. Direct API calls to port 8443 return 500 from outside the browser.,False,,2026-08-06T05:37:19+00:00
2269,Ondansetron 8mg Oral Disintegrating Strips,Ondansetron,12's in Mono Carton,12,103.13,True,8.5942,Anti-Emetic,Jan Aushadhi (PMBJP) product and MRP list,https://janaushadhi.gov.in/product-portfolio/product-mrp-list,Exported from the site's own Download Files button. Direct API calls to port 8443 return 500 from outside the browser.,False,,2026-08-06T05:37:19+00:00
2270,Sildenafil 50mg Oral Disintegrating Strips,Sildenafil,5's in Mono Carton,5,46.88,True,9.376,Urology,Jan Aushadhi (PMBJP) product and MRP list,https://janaushadhi.gov.in/product-portfolio/product-mrp-list,Exported from the site's own Download Files button. Direct API calls to port 8443 return 500 from outside the browser.,False,,2026-08-06T05:37:19+00:00
2271,Vitamin D3 60000 IU Oral Disintegrating Strips,Vitamin D,10's in Mono Carton,10,84.38,True,8.438,Supplement/Vitamin/Mineral,Jan Aushadhi (PMBJP) product and MRP list,https://janaushadhi.gov.in/product-portfolio/product-mrp-list,Exported from the site's own Download Files button. Direct API calls to port 8443 return 500 from outside the browser.,False,,2026-08-06T05:37:19+00:00
2272,Dapagliflozin 5mg and Sitagliptin 50mg Tablets,Dapagliflozin,10's,10,37.5,True,3.75,Anti-Diabetic,Jan Aushadhi (PMBJP) product and MRP list,https://janaushadhi.gov.in/product-portfolio/product-mrp-list,Exported from the site's own Download Files button. Direct API calls to port 8443 return 500 from outside the browser.,False,,2026-08-06T05:37:19+00:00
2273,Dapagliflozin 10mg and Sitagliptin 100mg Tablets,Dapagliflozin,10's,10,65.63,True,6.563,Anti-Diabetic,Jan Aushadhi (PMBJP) product and MRP list,https://janaushadhi.gov.in/product-portfolio/product-mrp-list,Exported from the site's own Download Files button. Direct API calls to port 8443 return 500 from outside the browser.,False,,2026-08-06T05:37:19+00:00
2274,Pregabalin 75mg and Duloxetin (Delayed Release) 30mg Capsules,Pregabalin,10's,10,46.88,True,4.688,Central Nervous System (CNS),Jan Aushadhi (PMBJP) product and MRP list,https://janaushadhi.gov.in/product-portfolio/product-mrp-list,Exported from the site's own Download Files button. Direct API calls to port 8443 return 500 from outside the browser.,False,,2026-08-06T05:37:19+00:00
2275,Pregabalin 75mg and Duloxetin (Delayed Release) 20mg Capsules,Pregabalin,10's,10,42.19,True,4.219,Central Nervous System (CNS),Jan Aushadhi (PMBJP) product and MRP list,https://janaushadhi.gov.in/product-portfolio/product-mrp-list,Exported from the site's own Download Files button. Direct API calls to port 8443 return 500 from outside the browser.,False,,2026-08-06T05:37:19+00:00
2276,Pregabalin 50mg and Duloxetin (Delayed Release) 20mg Capsules,Pregabalin,10's,10,32.81,True,3.281,Central Nervous System (CNS),Jan Aushadhi (PMBJP) product and MRP list,https://janaushadhi.gov.in/product-portfolio/product-mrp-list,Exported from the site's own Download Files button. Direct API calls to port 8443 return 500 from outside the browser.,False,,2026-08-06T05:37:19+00:00
2277,Bempedoic Acid Tablets 180mg,Bempedoic Acid,10's,10,112.5,True,11.25,Cardiovascular System (CVS),Jan Aushadhi (PMBJP) product and MRP list,https://janaushadhi.gov.in/product-portfolio/product-mrp-list,Exported from the site's own Download Files button. Direct API calls to port 8443 return 500 from outside the browser.,False,,2026-08-06T05:37:19+00:00
2278,"Vitamin C Effervescent Tablets (Vitamin C 1000mg, Vitamin D3 400 IU, Zinc 10mg)",Vitamin C Effervescent Vitamin C,10's,10,0.0,False,,Supplement/Vitamin/Mineral,Jan Aushadhi (PMBJP) product and MRP list,https://janaushadhi.gov.in/product-portfolio/product-mrp-list,Exported from the site's own Download Files button. Direct API calls to port 8443 return 500 from outside the browser.,False,,2026-08-06T05:37:19+00:00
2279,Nandrolone Decanoate Injection IP 50mg/ml,Nandrolone Decanoate,1ml Ampoule in Mono Carton,,28.13,True,,Ortho,Jan Aushadhi (PMBJP) product and MRP list,https://janaushadhi.gov.in/product-portfolio/product-mrp-list,Exported from the site's own Download Files button. Direct API calls to port 8443 return 500 from outside the browser.,False,,2026-08-06T05:37:19+00:00
2280,Dextromethorphan Hydrobromide Lozenges 5mg,Dextromethorphan Hydrobromide Lozenges,10's,10,0.0,False,,Respiratory,Jan Aushadhi (PMBJP) product and MRP list,https://janaushadhi.gov.in/product-portfolio/product-mrp-list,Exported from the site's own Download Files button. Direct API calls to port 8443 return 500 from outside the browser.,False,,2026-08-06T05:37:19+00:00
2281,"Vitamin A 600mcg, Vitamin C 500mg, Vitamin D3 1000 IU and Zinc 50mg Chewable Tablets",Vitamin A,10's,10,0.0,False,,Supplement/Vitamin/Mineral,Jan Aushadhi (PMBJP) product and MRP list,https://janaushadhi.gov.in/product-portfolio/product-mrp-list,Exported from the site's own Download Files button. Direct API calls to port 8443 return 500 from outside the browser.,False,,2026-08-06T05:37:19+00:00
2282,"Para Aminobenzoic Acid100mg, Calcium Pant 100mg, Niacinamide12mg, L-Arginine50mg L-Cysteine50mg, DL-Methionine40mg, L-Lysine20mg, Zinc25mg, Inositol 10mg, Biotin10mg, Ferrous10mg, Copper2mg Tablets",Para Aminobenzoic Acid mg Calcium Pant,10's,10,0.0,False,,Supplement/Vitamin/Mineral,Jan Aushadhi (PMBJP) product and MRP list,https://janaushadhi.gov.in/product-portfolio/product-mrp-list,Exported from the site's own Download Files button. Direct API calls to port 8443 return 500 from outside the browser.,False,,2026-08-06T05:37:19+00:00
2283,Abiraterone Acetate Tablets 250mg,Abiraterone Acetate,120's bottle,120,0.0,False,,Oncology,Jan Aushadhi (PMBJP) product and MRP list,https://janaushadhi.gov.in/product-portfolio/product-mrp-list,Exported from the site's own Download Files button. Direct API calls to port 8443 return 500 from outside the browser.,True,indication names oncology,2026-08-06T05:37:19+00:00
2284,Acamprosate Calcium Tablets 333mg,Acamprosate Calcium,6's,6,46.88,True,7.8133,Anti-Alcoholism,Jan Aushadhi (PMBJP) product and MRP list,https://janaushadhi.gov.in/product-portfolio/product-mrp-list,Exported from the site's own Download Files button. Direct API calls to port 8443 return 500 from outside the browser.,False,,2026-08-06T05:37:19+00:00
2285,"Myo-Inositol 1000mg, L-Methyl Folate 100mcg, Vitamin D3 1000 IU, Acetylcysteine 600mg, L-Arginine 100mg Tablets",Myo Inositol,10's,10,0.0,False,,Supplement/Vitamin/Mineral,Jan Aushadhi (PMBJP) product and MRP list,https://janaushadhi.gov.in/product-portfolio/product-mrp-list,Exported from the site's own Download Files button. Direct API calls to port 8443 return 500 from outside the browser.,False,,2026-08-06T05:37:19+00:00
2286,Adapalene 0.1% w/w and Benzoyl Peroxide 2.5% w/w Gel,Adapalene w w and Benzoyl Peroxide w w,15gm Lami Tube,,23.44,True,,Derma Care,Jan Aushadhi (PMBJP) product and MRP list,https://janaushadhi.gov.in/product-portfolio/product-mrp-list,Exported from the site's own Download Files button. Direct API calls to port 8443 return 500 from outside the browser.,False,,2026-08-06T05:37:19+00:00
2287,Alogliptin 25mg Tablets,Alogliptin,10's,10,0.0,False,,Anti-Diabetic,Jan Aushadhi (PMBJP) product and MRP list,https://janaushadhi.gov.in/product-portfolio/product-mrp-list,Exported from the site's own Download Files button. Direct API calls to port 8443 return 500 from outside the browser.,False,,2026-08-06T05:37:19+00:00
2288,Armodafinil 50mg Tablets,Armodafinil,10's,10,0.0,False,,Central Nervous System (CNS),Jan Aushadhi (PMBJP) product and MRP list,https://janaushadhi.gov.in/product-portfolio/product-mrp-list,Exported from the site's own Download Files button. Direct API calls to port 8443 return 500 from outside the browser.,False,,2026-08-06T05:37:19+00:00
2289,Armodafinil 150mg Tablets,Armodafinil,10's,10,121.88,True,12.188,Central Nervous System (CNS),Jan Aushadhi (PMBJP) product and MRP list,https://janaushadhi.gov.in/product-portfolio/product-mrp-list,Exported from the site's own Download Files button. Direct API calls to port 8443 return 500 from outside the browser.,False,,2026-08-06T05:37:19+00:00
2290,Baclofen 20mg Extended Release (Gastric Retentive System) Tablets,Baclofen,10's,10,30.0,True,3.0,Analgesic/Antipyretic/Anti-Inflammatory,Jan Aushadhi (PMBJP) product and MRP list,https://janaushadhi.gov.in/product-portfolio/product-mrp-list,Exported from the site's own Download Files button. Direct API calls to port 8443 return 500 from outside the browser.,False,,2026-08-06T05:37:19+00:00
2291,Benazepril 5mg Tablets,Benazepril,10's,10,42.19,True,4.219,Cardiovascular System (CVS),Jan Aushadhi (PMBJP) product and MRP list,https://janaushadhi.gov.in/product-portfolio/product-mrp-list,Exported from the site's own Download Files button. Direct API calls to port 8443 return 500 from outside the browser.,False,,2026-08-06T05:37:19+00:00
2292,Benidipine 8mg Tablets,Benidipine,10's,10,23.44,True,2.344,Cardiovascular System (CVS),Jan Aushadhi (PMBJP) product and MRP list,https://janaushadhi.gov.in/product-portfolio/product-mrp-list,Exported from the site's own Download Files button. Direct API calls to port 8443 return 500 from outside the browser.,False,,2026-08-06T05:37:19+00:00
2293,Bosentan 62.5mg Tablets,Bosentan,10's,10,351.56,True,35.156,Cardiovascular System (CVS),Jan Aushadhi (PMBJP) product and MRP list,https://janaushadhi.gov.in/product-portfolio/product-mrp-list,Exported from the site's own Download Files button. Direct API calls to port 8443 return 500 from outside the browser.,False,,2026-08-06T05:37:19+00:00
2294,Brinzolamide 10mg and Brimonidine 2mg Ophthalmic Suspension 5ml,Brinzolamide,5ml in Mono Carton,,0.0,False,,Opthalmic/Otic,Jan Aushadhi (PMBJP) product and MRP list,https://janaushadhi.gov.in/product-portfolio/product-mrp-list,Exported from the site's own Download Files button. Direct API calls to port 8443 return 500 from outside the browser.,False,,2026-08-06T05:37:19+00:00
2295,Brivaracetam Tablets IP 50mg,Brivaracetam,10's,10,79.69,True,7.969,Central Nervous System (CNS),Jan Aushadhi (PMBJP) product and MRP list,https://janaushadhi.gov.in/product-portfolio/product-mrp-list,Exported from the site's own Download Files button. Direct API calls to port 8443 return 500 from outside the browser.,False,,2026-08-06T05:37:19+00:00
2296,"Calcitriol 0.25mcg, Calcium Carbonate 500mg, Vitamin K27 45mcg, Methylcobalamin 1500mcg, Zinc 7.5mg, Magnesium 50mg and L- Methylfolate 800mcg Capsules",Calcitriol,10's,10,46.88,True,4.688,Supplement/Vitamin/Mineral,Jan Aushadhi (PMBJP) product and MRP list,https://janaushadhi.gov.in/product-portfolio/product-mrp-list,Exported from the site's own Download Files button. Direct API calls to port 8443 return 500 from outside the browser.,False,,2026-08-06T05:37:19+00:00
2297,"Calcium (Calcium Carbonate) 1250mg, Vitamin D3 2000 IU, Mecobalamin (Vitamin B12) 1500mcg, L-Methylfolate Calcium (Vitamin B9) 1mg, Pyridoxal-5-Phosphate (Vitamin B6) 20mg Tablets",Calcium Calcium Carbonate,10's,10,37.5,True,3.75,Supplement/Vitamin/Mineral,Jan Aushadhi (PMBJP) product and MRP list,https://janaushadhi.gov.in/product-portfolio/product-mrp-list,Exported from the site's own Download Files button. Direct API calls to port 8443 return 500 from outside the browser.,False,,2026-08-06T05:37:19+00:00
2298,"Calcium Citrate 1000mg, Magnesium 100mg, Zinc 4mg and Vitamin D3 200 IU Tablets",Calcium Citrate,10's,10,14.06,True,1.406,Supplement/Vitamin/Mineral,Jan Aushadhi (PMBJP) product and MRP list,https://janaushadhi.gov.in/product-portfolio/product-mrp-list,Exported from the site's own Download Files button. Direct API calls to port 8443 return 500 from outside the browser.,False,,2026-08-06T05:37:19+00:00
2299,Nadifloxacin 1% w/w and Clobetasol Propionate 0.05% 10 gm skin cream,Nadifloxacin w w and Clobetasol Propionate gm skin,10gm Lami Tube,,32.81,True,,Dermatology/Topical/External,Jan Aushadhi (PMBJP) product and MRP list,https://janaushadhi.gov.in/product-portfolio/product-mrp-list,Exported from the site's own Download Files button. Direct API calls to port 8443 return 500 from outside the browser.,False,,2026-08-06T05:37:19+00:00
2301,Dapoxetine Tablets IP 30mg,Dapoxetine,4's,4,14.06,True,3.515,Urology,Jan Aushadhi (PMBJP) product and MRP list,https://janaushadhi.gov.in/product-portfolio/product-mrp-list,Exported from the site's own Download Files button. Direct API calls to port 8443 return 500 from outside the browser.,False,,2026-08-06T05:37:19+00:00
2302,Dasatinib 50mg Tablets,Dasatinib,60's Bottle,60,1031.25,True,17.1875,Oncology,Jan Aushadhi (PMBJP) product and MRP list,https://janaushadhi.gov.in/product-portfolio/product-mrp-list,Exported from the site's own Download Files button. Direct API calls to port 8443 return 500 from outside the browser.,True,indication names oncology,2026-08-06T05:37:19+00:00
2303,Deflazacort 30mg and Tamsulosin 0.4mg Tablets,Deflazacort,10's,10,187.5,True,18.75,Urology,Jan Aushadhi (PMBJP) product and MRP list,https://janaushadhi.gov.in/product-portfolio/product-mrp-list,Exported from the site's own Download Files button. Direct API calls to port 8443 return 500 from outside the browser.,False,,2026-08-06T05:37:19+00:00
2304,Desvenlafaxine Extended Release 50mg and Clonazepam 0.5mg Tablets,Desvenlafaxine Extended Release,10's,10,30.94,True,3.094,Central Nervous System (CNS),Jan Aushadhi (PMBJP) product and MRP list,https://janaushadhi.gov.in/product-portfolio/product-mrp-list,Exported from the site's own Download Files button. Direct API calls to port 8443 return 500 from outside the browser.,False,,2026-08-06T05:37:19+00:00
2305,Desvenlafaxine Extended Release 100mg and Clonazepam 0.5mg Tablets,Desvenlafaxine Extended Release,10's,10,56.25,True,5.625,Central Nervous System (CNS),Jan Aushadhi (PMBJP) product and MRP list,https://janaushadhi.gov.in/product-portfolio/product-mrp-list,Exported from the site's own Download Files button. Direct API calls to port 8443 return 500 from outside the browser.,False,,2026-08-06T05:37:19+00:00
2306,Desvenlafaxine Extended Release Tablets 50mg,Desvenlafaxine Extended Release,10's,10,23.44,True,2.344,Central Nervous System (CNS),Jan Aushadhi (PMBJP) product and MRP list,https://janaushadhi.gov.in/product-portfolio/product-mrp-list,Exported from the site's own Download Files button. Direct API calls to port 8443 return 500 from outside the browser.,False,,2026-08-06T05:37:19+00:00
2307,Desvenlafaxine Extended Release Tablets 100mg,Desvenlafaxine Extended Release,10's,10,42.19,True,4.219,Central Nervous System (CNS),Jan Aushadhi (PMBJP) product and MRP list,https://janaushadhi.gov.in/product-portfolio/product-mrp-list,Exported from the site's own Download Files button. Direct API calls to port 8443 return 500 from outside the browser.,False,,2026-08-06T05:37:19+00:00
2308,Dexlansoprazole MR Capsules 60mg,Dexlansoprazole MR,10's,10,93.75,True,9.375,Gastrointestinal (GIT),Jan Aushadhi (PMBJP) product and MRP list,https://janaushadhi.gov.in/product-portfolio/product-mrp-list,Exported from the site's own Download Files button. Direct API calls to port 8443 return 500 from outside the browser.,False,,2026-08-06T05:37:19+00:00
2309,"Paradichlorobenzene (2% w/v), Chlorbutol (5% w/v), Turpentine Oil (15% w/v) and Lidocaine (2% w/v) Ear drop",Paradichlorobenzene w v Chlorbutol w v Turpentine Oil w v and Lidocaine w v Ear,10ml Drop bottle in Mono Carton,,28.13,True,,Opthalmic/Otic,Jan Aushadhi (PMBJP) product and MRP list,https://janaushadhi.gov.in/product-portfolio/product-mrp-list,Exported from the site's own Download Files button. Direct API calls to port 8443 return 500 from outside the browser.,False,,2026-08-06T05:37:19+00:00
2310,Donepezil 5mg and Memantine 5mg Tablets,Donepezil,10's,10,18.75,True,1.875,Central Nervous System (CNS),Jan Aushadhi (PMBJP) product and MRP list,https://janaushadhi.gov.in/product-portfolio/product-mrp-list,Exported from the site's own Download Files button. Direct API calls to port 8443 return 500 from outside the browser.,False,,2026-08-06T05:37:19+00:00
2311,Donepezil 5mg and Memantine 10mg Tablets,Donepezil,10's,10,23.44,True,2.344,Central Nervous System (CNS),Jan Aushadhi (PMBJP) product and MRP list,https://janaushadhi.gov.in/product-portfolio/product-mrp-list,Exported from the site's own Download Files button. Direct API calls to port 8443 return 500 from outside the browser.,False,,2026-08-06T05:37:19+00:00
2312,Empagliflozin 10mg and Linagliptin 5mg Tablets,Empagliflozin,10's,10,0.0,False,,Anti-Diabetic,Jan Aushadhi (PMBJP) product and MRP list,https://janaushadhi.gov.in/product-portfolio/product-mrp-list,Exported from the site's own Download Files button. Direct API calls to port 8443 return 500 from outside the browser.,False,,2026-08-06T05:37:19+00:00
2313,Etizolam 0.5mg and Propranolol Hydrochloride 40mg Tablets,Etizolam,10's,10,28.13,True,2.813,Central Nervous System (CNS),Jan Aushadhi (PMBJP) product and MRP list,https://janaushadhi.gov.in/product-portfolio/product-mrp-list,Exported from the site's own Download Files button. Direct API calls to port 8443 return 500 from outside the browser.,False,,2026-08-06T05:37:19+00:00
2314,Flurbiprofen 0.03% w/v Eye Drop 5ml,Flurbiprofen w v Eye,5ml Drop bottle in Mono Carton,,14.06,True,,Opthalmic/Otic,Jan Aushadhi (PMBJP) product and MRP list,https://janaushadhi.gov.in/product-portfolio/product-mrp-list,Exported from the site's own Download Files button. Direct API calls to port 8443 return 500 from outside the browser.,False,,2026-08-06T05:37:19+00:00
2316,Flupentixole 0.5mg and Nortriptyline 10mg Tablets,Flupentixole,10's,10,14.06,True,1.406,Central Nervous System (CNS),Jan Aushadhi (PMBJP) product and MRP list,https://janaushadhi.gov.in/product-portfolio/product-mrp-list,Exported from the site's own Download Files button. Direct API calls to port 8443 return 500 from outside the browser.,False,,2026-08-06T05:37:19+00:00
2317,Fluromethalone 0.1% w/v Eye Drop 5ml,Fluromethalone w v Eye,5ml Drop bottle in Mono Carton,,28.13,True,,Opthalmic/Otic,Jan Aushadhi (PMBJP) product and MRP list,https://janaushadhi.gov.in/product-portfolio/product-mrp-list,Exported from the site's own Download Files button. Direct API calls to port 8443 return 500 from outside the browser.,False,,2026-08-06T05:37:19+00:00
2318,"Tannic Acid Glycerin 27% w/v, Potassium Iodide 0.05% w/v, Iodine 0.03% w/v, Menthol 0.05% w/v and Thymol 0.033% w/v with Glycerine Mouth Paint",Tannic Acid Glycerin w v Potassium Iodide w v Iodine w v Menthol w v and Thymol w v with Glycerine Mouth Paint,20ml Bottle in Mono Carton,,0.0,False,,Stomatologicals,Jan Aushadhi (PMBJP) product and MRP list,https://janaushadhi.gov.in/product-portfolio/product-mrp-list,Exported from the site's own Download Files button. Direct API calls to port 8443 return 500 from outside the browser.,False,,2026-08-06T05:37:19+00:00
2319,Ketorolac (0.5% W/V) and Moxifloxacin (0.5% W/V) Eye Drops,Ketorolac W V and Moxifloxacin W V Eye,5ml Drop bottle in Mono Carton,,18.75,True,,Opthalmic/Otic,Jan Aushadhi (PMBJP) product and MRP list,https://janaushadhi.gov.in/product-portfolio/product-mrp-list,Exported from the site's own Download Files button. Direct API calls to port 8443 return 500 from outside the browser.,False,,2026-08-06T05:37:19+00:00
2320,Lactic Acid 1.2% W/V Intimate Hygiene Wash,Lactic Acid W V Intimate Hygiene Wash,90ml in Mono Carton,,46.88,True,,Gynaecology,Jan Aushadhi (PMBJP) product and MRP list,https://janaushadhi.gov.in/product-portfolio/product-mrp-list,Exported from the site's own Download Files button. Direct API calls to port 8443 return 500 from outside the browser.,False,,2026-08-06T05:37:19+00:00
2321,Lapatinib Tablets IP 250mg,Lapatinib,30's Bottle,30,2710.0,True,90.3333,Oncology,Jan Aushadhi (PMBJP) product and MRP list,https://janaushadhi.gov.in/product-portfolio/product-mrp-list,Exported from the site's own Download Files button. Direct API calls to port 8443 return 500 from outside the browser.,True,indication names oncology,2026-08-06T05:37:19+00:00
2322,"Lidocaine (3% W/W), Calcium Dobesilate (0.25% W/W), Hydrocortisone (0.25% W/W), Phenylephrine (0.1% W/W), Zinc Oxide (5% W/W), Troxerutin (2% W/W) Cream",Lidocaine W W Calcium Dobesilate W W Hydrocortisone W W Phenylephrine W W Zinc Oxide W W Troxerutin W W,30gm Lami Tube,,0.0,False,,Dermatology/Topical/External,Jan Aushadhi (PMBJP) product and MRP list,https://janaushadhi.gov.in/product-portfolio/product-mrp-list,Exported from the site's own Download Files button. Direct API calls to port 8443 return 500 from outside the browser.,False,,2026-08-06T05:37:19+00:00
2323,Lithium Carbonate Tablets IP 300mg,Lithium Carbonate,10's,10,0.0,False,,Central Nervous System (CNS),Jan Aushadhi (PMBJP) product and MRP list,https://janaushadhi.gov.in/product-portfolio/product-mrp-list,Exported from the site's own Download Files button. Direct API calls to port 8443 return 500 from outside the browser.,False,,2026-08-06T05:37:19+00:00
2324,"L-Methylfoate Calcium 0.5mg, Vit K2 10mcg, Vit D 400 IU, Methylcobalamin 1500mcg, Pyridoxal-5-Phosphate 1.5mg, Lycopene 5000mcg, Calcium Citrate Malate 250mg Tablets",L Methylfoate Calcium,10's,10,0.0,False,,Supplement/Vitamin/Mineral,Jan Aushadhi (PMBJP) product and MRP list,https://janaushadhi.gov.in/product-portfolio/product-mrp-list,Exported from the site's own Download Files button. Direct API calls to port 8443 return 500 from outside the browser.,False,,2026-08-06T05:37:19+00:00
2325,Lorazepam Tablets IP 3mg,Lorazepam,10's,10,16.88,True,1.688,Central Nervous System (CNS),Jan Aushadhi (PMBJP) product and MRP list,https://janaushadhi.gov.in/product-portfolio/product-mrp-list,Exported from the site's own Download Files button. Direct API calls to port 8443 return 500 from outside the browser.,False,,2026-08-06T05:37:19+00:00
2326,"Lutein 10mg, Astaxanthin 2mg, Zeaxanthin 2mg, Omega 3 Fatty Acid 500mg Capsules",Lutein,10's,10,37.5,True,3.75,Supplement/Vitamin/Mineral,Jan Aushadhi (PMBJP) product and MRP list,https://janaushadhi.gov.in/product-portfolio/product-mrp-list,Exported from the site's own Download Files button. Direct API calls to port 8443 return 500 from outside the browser.,False,,2026-08-06T05:37:19+00:00
2327,"Omega 3 Fatty Acid 500mg, EPA 150mg, DHA 100mg, Bilberry Extract 50mg, Lutein 20% & Zeaxanthin 4%- 25mg, Beta carotene 4.8mg, Vitamin D3 10mcg Capsules",Omega Fatty Acid,30's Bottle,30,140.63,True,4.6877,Supplement/Vitamin/Mineral,Jan Aushadhi (PMBJP) product and MRP list,https://janaushadhi.gov.in/product-portfolio/product-mrp-list,Exported from the site's own Download Files button. Direct API calls to port 8443 return 500 from outside the browser.,False,,2026-08-06T05:37:19+00:00
2328,"Methylcobalamin 1500mcg, Vitamin B6 (Pyridoxine) 5mg Benfotiamine 50mg, Alpha Lipoic Acid 200mg, Folic Acid 5mg and Biotin 5mg Capsules",Methylcobalamin,10's,10,75.0,True,7.5,Supplement/Vitamin/Mineral,Jan Aushadhi (PMBJP) product and MRP list,https://janaushadhi.gov.in/product-portfolio/product-mrp-list,Exported from the site's own Download Files button. Direct API calls to port 8443 return 500 from outside the browser.,False,,2026-08-06T05:37:19+00:00
2329,Midazolam 0.5mg Nasal Spray,Midazolam,5ml bottle with nasal atomizer in Mono Carton,,0.0,False,,Central Nervous System (CNS),Jan Aushadhi (PMBJP) product and MRP list,https://janaushadhi.gov.in/product-portfolio/product-mrp-list,Exported from the site's own Download Files button. Direct API calls to port 8443 return 500 from outside the browser.,False,,2026-08-06T05:37:19+00:00
2330,Modafinil 100mg Tablets,Modafinil,10's,10,46.88,True,4.688,Central Nervous System (CNS),Jan Aushadhi (PMBJP) product and MRP list,https://janaushadhi.gov.in/product-portfolio/product-mrp-list,Exported from the site's own Download Files button. Direct API calls to port 8443 return 500 from outside the browser.,False,,2026-08-06T05:37:19+00:00
2331,Nadifloxacin 1% w/w cream,Nadifloxacin w w,10gm Lami Tube,,28.13,True,,Dermatology/Topical/External,Jan Aushadhi (PMBJP) product and MRP list,https://janaushadhi.gov.in/product-portfolio/product-mrp-list,Exported from the site's own Download Files button. Direct API calls to port 8443 return 500 from outside the browser.,False,,2026-08-06T05:37:19+00:00
2332,Nicoumalone (Acenocoumarol) 2mg Tablets,Nicoumalone Acenocoumarol,10's,10,14.06,True,1.406,Cardiovascular System (CVS),Jan Aushadhi (PMBJP) product and MRP list,https://janaushadhi.gov.in/product-portfolio/product-mrp-list,Exported from the site's own Download Files button. Direct API calls to port 8443 return 500 from outside the browser.,False,,2026-08-06T05:37:19+00:00
2333,Nintedanib Soft gelatin Capsules 150mg,Nintedanib Soft gelatin,10's,10,399.84,True,39.984,Oncology,Jan Aushadhi (PMBJP) product and MRP list,https://janaushadhi.gov.in/product-portfolio/product-mrp-list,Exported from the site's own Download Files button. Direct API calls to port 8443 return 500 from outside the browser.,True,indication names oncology,2026-08-06T05:37:19+00:00
2334,Nitazoxanide 500mg Tablets,Nitazoxanide,10's,10,51.56,True,5.156,Gastrointestinal (GIT),Jan Aushadhi (PMBJP) product and MRP list,https://janaushadhi.gov.in/product-portfolio/product-mrp-list,Exported from the site's own Download Files button. Direct API calls to port 8443 return 500 from outside the browser.,False,,2026-08-06T05:37:19+00:00
2335,Obeticholic Acid 10mg Tablets,Obeticholic Acid,10's,10,93.75,True,9.375,Hepato-Protective,Jan Aushadhi (PMBJP) product and MRP list,https://janaushadhi.gov.in/product-portfolio/product-mrp-list,Exported from the site's own Download Files button. Direct API calls to port 8443 return 500 from outside the browser.,False,,2026-08-06T05:37:19+00:00
2336,Obeticholic Acid 5mg Tablets,Obeticholic Acid,10's,10,56.25,True,5.625,Hepato-Protective,Jan Aushadhi (PMBJP) product and MRP list,https://janaushadhi.gov.in/product-portfolio/product-mrp-list,Exported from the site's own Download Files button. Direct API calls to port 8443 return 500 from outside the browser.,False,,2026-08-06T05:37:19+00:00
2337,Olopatadine Hydrochloride 0.4% w/v and Ketorolac 0.1 % w/v Ophthalmic Solution,Olopatadine Hydrochloride w v and Ketorolac w v Ophthalmic,5ml Drop bottle in Mono Carton,,0.0,False,,Opthalmic/Otic,Jan Aushadhi (PMBJP) product and MRP list,https://janaushadhi.gov.in/product-portfolio/product-mrp-list,Exported from the site's own Download Files button. Direct API calls to port 8443 return 500 from outside the browser.,False,,2026-08-06T05:37:19+00:00
2338,Oxybutynin Chloride 2.5mg Tablets,Oxybutynin Chloride,10's,10,46.88,True,4.688,Urology,Jan Aushadhi (PMBJP) product and MRP list,https://janaushadhi.gov.in/product-portfolio/product-mrp-list,Exported from the site's own Download Files button. Direct API calls to port 8443 return 500 from outside the browser.,False,,2026-08-06T05:37:19+00:00
2339,Polyethylene Glycol 400- 0.4% w/v and Propylene Glycol 0.3% w/v Ophthalmic solution,Polyethylene Glycol w v and Propylene Glycol w v Ophthalmic,10ml Drop bottle in Mono Carton,,0.0,False,,Opthalmic/Otic,Jan Aushadhi (PMBJP) product and MRP list,https://janaushadhi.gov.in/product-portfolio/product-mrp-list,Exported from the site's own Download Files button. Direct API calls to port 8443 return 500 from outside the browser.,False,,2026-08-06T05:37:19+00:00
2340,Pomalidomide 2mg Capsules,Pomalidomide,21's in bottle,21,703.13,True,33.4824,Oncology,Jan Aushadhi (PMBJP) product and MRP list,https://janaushadhi.gov.in/product-portfolio/product-mrp-list,Exported from the site's own Download Files button. Direct API calls to port 8443 return 500 from outside the browser.,True,indication names oncology,2026-08-06T05:37:19+00:00
2341,Pramipexole 0.75mg Tablets,Pramipexole,10's,10,15.0,True,1.5,Central Nervous System (CNS),Jan Aushadhi (PMBJP) product and MRP list,https://janaushadhi.gov.in/product-portfolio/product-mrp-list,Exported from the site's own Download Files button. Direct API calls to port 8443 return 500 from outside the browser.,False,,2026-08-06T05:37:19+00:00
2342,Pramipexole 1.5mg Tablets,Pramipexole,10's,10,24.38,True,2.438,Central Nervous System (CNS),Jan Aushadhi (PMBJP) product and MRP list,https://janaushadhi.gov.in/product-portfolio/product-mrp-list,Exported from the site's own Download Files button. Direct API calls to port 8443 return 500 from outside the browser.,False,,2026-08-06T05:37:19+00:00
2343,Procyclidine 2.5mg Tablets,Procyclidine,10's,10,0.0,False,,Central Nervous System (CNS),Jan Aushadhi (PMBJP) product and MRP list,https://janaushadhi.gov.in/product-portfolio/product-mrp-list,Exported from the site's own Download Files button. Direct API calls to port 8443 return 500 from outside the browser.,False,,2026-08-06T05:37:19+00:00
2344,Procyclidine 5mg Tablets,Procyclidine,10's,10,32.81,True,3.281,Central Nervous System (CNS),Jan Aushadhi (PMBJP) product and MRP list,https://janaushadhi.gov.in/product-portfolio/product-mrp-list,Exported from the site's own Download Files button. Direct API calls to port 8443 return 500 from outside the browser.,False,,2026-08-06T05:37:19+00:00
2345,"Pyridoxine-3mg, Niacinamide-50mg, Folic Acid-1.5mg, Lactic Acid Bacillus 4 million spores Capsules",Pyridoxine,10's,10,0.0,False,,Supplement/Vitamin/Mineral,Jan Aushadhi (PMBJP) product and MRP list,https://janaushadhi.gov.in/product-portfolio/product-mrp-list,Exported from the site's own Download Files button. Direct API calls to port 8443 return 500 from outside the browser.,False,,2026-08-06T05:37:19+00:00
2347,S-Adenosyl L-Methionine 200mg Tablets,S Adenosyl L Methionine,10's,10,112.5,True,11.25,Hepato-Protective,Jan Aushadhi (PMBJP) product and MRP list,https://janaushadhi.gov.in/product-portfolio/product-mrp-list,Exported from the site's own Download Files button. Direct API calls to port 8443 return 500 from outside the browser.,False,,2026-08-06T05:37:19+00:00
2348,S-Adenosyl L- Methionine 400mg Tablets,S Adenosyl L Methionine,10's,10,234.38,True,23.438,Hepato-Protective,Jan Aushadhi (PMBJP) product and MRP list,https://janaushadhi.gov.in/product-portfolio/product-mrp-list,Exported from the site's own Download Files button. Direct API calls to port 8443 return 500 from outside the browser.,False,,2026-08-06T05:37:19+00:00
2349,Sevelamer 800mg Tablets,Sevelamer,10's,10,75.0,True,7.5,Nephrology,Jan Aushadhi (PMBJP) product and MRP list,https://janaushadhi.gov.in/product-portfolio/product-mrp-list,Exported from the site's own Download Files button. Direct API calls to port 8443 return 500 from outside the browser.,False,,2026-08-06T05:37:19+00:00
2350,Tapentadol 100mg Extended Release Tablets,Tapentadol,10's,10,60.94,True,6.094,Analgesic/Antipyretic/Anti-Inflammatory,Jan Aushadhi (PMBJP) product and MRP list,https://janaushadhi.gov.in/product-portfolio/product-mrp-list,Exported from the site's own Download Files button. Direct API calls to port 8443 return 500 from outside the browser.,False,,2026-08-06T05:37:19+00:00
2351,Tapentadol 50mg Tablets,Tapentadol,10's,10,30.0,True,3.0,Analgesic/Antipyretic/Anti-Inflammatory,Jan Aushadhi (PMBJP) product and MRP list,https://janaushadhi.gov.in/product-portfolio/product-mrp-list,Exported from the site's own Download Files button. Direct API calls to port 8443 return 500 from outside the browser.,False,,2026-08-06T05:37:19+00:00
2352,Teneligliptin 20mg and Pioglitazone 15mg Tablets,Teneligliptin,10's,10,20.63,True,2.063,Anti-Diabetic,Jan Aushadhi (PMBJP) product and MRP list,https://janaushadhi.gov.in/product-portfolio/product-mrp-list,Exported from the site's own Download Files button. Direct API calls to port 8443 return 500 from outside the browser.,False,,2026-08-06T05:37:19+00:00
2353,Topiramate 100mg Tablets,Topiramate,10's,10,28.13,True,2.813,Central Nervous System (CNS),Jan Aushadhi (PMBJP) product and MRP list,https://janaushadhi.gov.in/product-portfolio/product-mrp-list,Exported from the site's own Download Files button. Direct API calls to port 8443 return 500 from outside the browser.,False,,2026-08-06T05:37:19+00:00
2354,Topiramate 50mg Tablets,Topiramate,10's,10,18.75,True,1.875,Central Nervous System (CNS),Jan Aushadhi (PMBJP) product and MRP list,https://janaushadhi.gov.in/product-portfolio/product-mrp-list,Exported from the site's own Download Files button. Direct API calls to port 8443 return 500 from outside the browser.,False,,2026-08-06T05:37:19+00:00
2355,Trazodone Hydrochloride 50mg Tablets,Trazodone Hydrochloride,10's,10,0.0,False,,Central Nervous System (CNS),Jan Aushadhi (PMBJP) product and MRP list,https://janaushadhi.gov.in/product-portfolio/product-mrp-list,Exported from the site's own Download Files button. Direct API calls to port 8443 return 500 from outside the browser.,False,,2026-08-06T05:37:19+00:00
2356,Valacyclovir Tablets 500mg,Valacyclovir,3's in Mono Carton,3,46.88,True,15.6267,Anti-Viral,Jan Aushadhi (PMBJP) product and MRP list,https://janaushadhi.gov.in/product-portfolio/product-mrp-list,Exported from the site's own Download Files button. Direct API calls to port 8443 return 500 from outside the browser.,False,,2026-08-06T05:37:19+00:00
2357,Venlafaxine Prolonged Release Capsules 37.5mg,Venlafaxine Prolonged Release,10's,10,18.75,True,1.875,Central Nervous System (CNS),Jan Aushadhi (PMBJP) product and MRP list,https://janaushadhi.gov.in/product-portfolio/product-mrp-list,Exported from the site's own Download Files button. Direct API calls to port 8443 return 500 from outside the browser.,False,,2026-08-06T05:37:19+00:00
2358,Venlafaxine Prolonged Release Capsules 75mg,Venlafaxine Prolonged Release,10's,10,28.13,True,2.813,Central Nervous System (CNS),Jan Aushadhi (PMBJP) product and MRP list,https://janaushadhi.gov.in/product-portfolio/product-mrp-list,Exported from the site's own Download Files button. Direct API calls to port 8443 return 500 from outside the browser.,False,,2026-08-06T05:37:19+00:00
2359,Venlafaxine Prolonged Release Capsules 150mg,Venlafaxine Prolonged Release,10's,10,0.0,False,,Central Nervous System (CNS),Jan Aushadhi (PMBJP) product and MRP list,https://janaushadhi.gov.in/product-portfolio/product-mrp-list,Exported from the site's own Download Files button. Direct API calls to port 8443 return 500 from outside the browser.,False,,2026-08-06T05:37:19+00:00
2360,Vildaglipitin 100mg Extended Release Tablets,Vildaglipitin,10's,10,42.19,True,4.219,Anti-Diabetic,Jan Aushadhi (PMBJP) product and MRP list,https://janaushadhi.gov.in/product-portfolio/product-mrp-list,Exported from the site's own Download Files button. Direct API calls to port 8443 return 500 from outside the browser.,False,,2026-08-06T05:37:19+00:00
2361,Zonisamide 50mg Capsules,Zonisamide,10's,10,55.02,True,5.502,Central Nervous System (CNS),Jan Aushadhi (PMBJP) product and MRP list,https://janaushadhi.gov.in/product-portfolio/product-mrp-list,Exported from the site's own Download Files button. Direct API calls to port 8443 return 500 from outside the browser.,False,,2026-08-06T05:37:19+00:00
2362,Zonisamide 100mg Capsules,Zonisamide,10's,10,103.13,True,10.313,Central Nervous System (CNS),Jan Aushadhi (PMBJP) product and MRP list,https://janaushadhi.gov.in/product-portfolio/product-mrp-list,Exported from the site's own Download Files button. Direct API calls to port 8443 return 500 from outside the browser.,False,,2026-08-06T05:37:19+00:00
2363,Sitagliptin 100mg and Metformin 1000mg Extended Release Tablets,Sitagliptin,10's,10,84.38,True,8.438,Anti-Diabetic,Jan Aushadhi (PMBJP) product and MRP list,https://janaushadhi.gov.in/product-portfolio/product-mrp-list,Exported from the site's own Download Files button. Direct API calls to port 8443 return 500 from outside the browser.,False,,2026-08-06T05:37:19+00:00
2364,Sitagliptin 50mg and Metformin 500mg Extended Release Tablets,Sitagliptin,10's,10,51.56,True,5.156,Anti-Diabetic,Jan Aushadhi (PMBJP) product and MRP list,https://janaushadhi.gov.in/product-portfolio/product-mrp-list,Exported from the site's own Download Files button. Direct API calls to port 8443 return 500 from outside the browser.,False,,2026-08-06T05:37:19+00:00
2365,Ketoconazole Shampoo 2 % w/v (30ml Pouch),Ketoconazole Shampoo w v,30ml Pouch,,18.75,True,,Derma Care,Jan Aushadhi (PMBJP) product and MRP list,https://janaushadhi.gov.in/product-portfolio/product-mrp-list,Exported from the site's own Download Files button. Direct API calls to port 8443 return 500 from outside the browser.,False,,2026-08-06T05:37:19+00:00
2366,Melatonin 5mg Tablets,Melatonin,15's,15,0.0,False,,Central Nervous System (CNS),Jan Aushadhi (PMBJP) product and MRP list,https://janaushadhi.gov.in/product-portfolio/product-mrp-list,Exported from the site's own Download Files button. Direct API calls to port 8443 return 500 from outside the browser.,False,,2026-08-06T05:37:19+00:00
2367,Methimazole 10mg Tablets,Methimazole,10's,10,0.0,False,,Anti-Thyroid,Jan Aushadhi (PMBJP) product and MRP list,https://janaushadhi.gov.in/product-portfolio/product-mrp-list,Exported from the site's own Download Files button. Direct API calls to port 8443 return 500 from outside the browser.,False,,2026-08-06T05:37:19+00:00
2368,Cilnidipine 10mg and Olmesartan Medoxomil 20mg Tablets,Cilnidipine,10's,10,23.44,True,2.344,Cardiovascular System (CVS),Jan Aushadhi (PMBJP) product and MRP list,https://janaushadhi.gov.in/product-portfolio/product-mrp-list,Exported from the site's own Download Files button. Direct API calls to port 8443 return 500 from outside the browser.,False,,2026-08-06T05:37:19+00:00
2369,Cilnidipine 10mg and Olmesartan Medoxomil 40mg Tablets,Cilnidipine,10's,10,28.13,True,2.813,Cardiovascular System (CVS),Jan Aushadhi (PMBJP) product and MRP list,https://janaushadhi.gov.in/product-portfolio/product-mrp-list,Exported from the site's own Download Files button. Direct API calls to port 8443 return 500 from outside the browser.,False,,2026-08-06T05:37:19+00:00
2370,Nebivolol 5mg and Cilnidipine 10mg Tablets,Nebivolol,10's,10,32.81,True,3.281,Cardiovascular System (CVS),Jan Aushadhi (PMBJP) product and MRP list,https://janaushadhi.gov.in/product-portfolio/product-mrp-list,Exported from the site's own Download Files button. Direct API calls to port 8443 return 500 from outside the browser.,False,,2026-08-06T05:37:19+00:00
2371,Nebivolol 2.5mg and Cilnidipine 10mg Tablets,Nebivolol,10's,10,23.44,True,2.344,Cardiovascular System (CVS),Jan Aushadhi (PMBJP) product and MRP list,https://janaushadhi.gov.in/product-portfolio/product-mrp-list,Exported from the site's own Download Files button. Direct API calls to port 8443 return 500 from outside the browser.,False,,2026-08-06T05:37:19+00:00
2372,Oxcarbazepine Tablets IP 300mg,Oxcarbazepine,15's,15,79.69,True,5.3127,Central Nervous System (CNS),Jan Aushadhi (PMBJP) product and MRP list,https://janaushadhi.gov.in/product-portfolio/product-mrp-list,Exported from the site's own Download Files button. Direct API calls to port 8443 return 500 from outside the browser.,False,,2026-08-06T05:37:19+00:00
2374,Shilajit Capsule 500 mg,Shilajit,60's in Bottle,60,160.0,True,2.6667,Ayurvedic,Jan Aushadhi (PMBJP) product and MRP list,https://janaushadhi.gov.in/product-portfolio/product-mrp-list,Exported from the site's own Download Files button. Direct API calls to port 8443 return 500 from outside the browser.,False,,2026-08-06T05:37:19+00:00
2375,Triphala Tablets 500 mg,Triphala,60's in Bottle,60,30.0,True,0.5,Ayurvedic,Jan Aushadhi (PMBJP) product and MRP list,https://janaushadhi.gov.in/product-portfolio/product-mrp-list,Exported from the site's own Download Files button. Direct API calls to port 8443 return 500 from outside the browser.,False,,2026-08-06T05:37:19+00:00
2376,Ashwagandha Tablets 250 mg,Ashwagandha,60's in Bottle,60,50.0,True,0.8333,Ayurvedic,Jan Aushadhi (PMBJP) product and MRP list,https://janaushadhi.gov.in/product-portfolio/product-mrp-list,Exported from the site's own Download Files button. Direct API calls to port 8443 return 500 from outside the browser.,False,,2026-08-06T05:37:19+00:00
2377,Madhu (Makshik) 100g,Madhu Makshik,100g PET Bottle,,40.0,True,,Nutraceuticals,Jan Aushadhi (PMBJP) product and MRP list,https://janaushadhi.gov.in/product-portfolio/product-mrp-list,Exported from the site's own Download Files button. Direct API calls to port 8443 return 500 from outside the browser.,False,,2026-08-06T05:37:19+00:00
2378,Madhu (Makshik) 250g,Madhu Makshik,250g PET Bottle,,80.0,True,,Nutraceuticals,Jan Aushadhi (PMBJP) product and MRP list,https://janaushadhi.gov.in/product-portfolio/product-mrp-list,Exported from the site's own Download Files button. Direct API calls to port 8443 return 500 from outside the browser.,False,,2026-08-06T05:37:19+00:00
2379,Madhu (Makshik) 500g,Madhu Makshik,500g PET Bottle,,0.0,False,,Nutraceuticals,Jan Aushadhi (PMBJP) product and MRP list,https://janaushadhi.gov.in/product-portfolio/product-mrp-list,Exported from the site's own Download Files button. Direct API calls to port 8443 return 500 from outside the browser.,False,,2026-08-06T05:37:19+00:00
2380,Chyawanprash Special 500g Jar,Chyawanprash Special,500g Jar,,125.0,True,,Ayurvedic,Jan Aushadhi (PMBJP) product and MRP list,https://janaushadhi.gov.in/product-portfolio/product-mrp-list,Exported from the site's own Download Files button. Direct API calls to port 8443 return 500 from outside the browser.,False,,2026-08-06T05:37:19+00:00
2381,Chyawanprash Special 1Kg Jar,Chyawanprash Special Kg Jar,1kg Jar,,226.0,True,,Ayurvedic,Jan Aushadhi (PMBJP) product and MRP list,https://janaushadhi.gov.in/product-portfolio/product-mrp-list,Exported from the site's own Download Files button. Direct API calls to port 8443 return 500 from outside the browser.,False,,2026-08-06T05:37:19+00:00
2382,Aceclofenac 200mg and Cyclobenzaprine 15mg Sustained Release Tablets,Aceclofenac,10's,10,0.0,False,,Analgesic/Antipyretic/Anti-Inflammatory,Jan Aushadhi (PMBJP) product and MRP list,https://janaushadhi.gov.in/product-portfolio/product-mrp-list,Exported from the site's own Download Files button. Direct API calls to port 8443 return 500 from outside the browser.,False,,2026-08-06T05:37:19+00:00
2383,Aceclofenac 100mg and Tizanidine 2mg Tablets,Aceclofenac,10's,10,0.0,False,,Analgesic/Antipyretic/Anti-Inflammatory,Jan Aushadhi (PMBJP) product and MRP list,https://janaushadhi.gov.in/product-portfolio/product-mrp-list,Exported from the site's own Download Files button. Direct API calls to port 8443 return 500 from outside the browser.,False,,2026-08-06T05:37:19+00:00
2384,Amorolfine Nail Lacquer 5.0% w/w,Amorolfine Nail Lacquer w w,2.5ml in Bottle,,0.0,False,,Dermatology/Topical/External,Jan Aushadhi (PMBJP) product and MRP list,https://janaushadhi.gov.in/product-portfolio/product-mrp-list,Exported from the site's own Download Files button. Direct API calls to port 8443 return 500 from outside the browser.,False,,2026-08-06T05:37:19+00:00
2385,Apixaban Tablets 2.5mg,Apixaban,10's,10,18.75,True,1.875,Anticoagulant,Jan Aushadhi (PMBJP) product and MRP list,https://janaushadhi.gov.in/product-portfolio/product-mrp-list,Exported from the site's own Download Files button. Direct API calls to port 8443 return 500 from outside the browser.,False,,2026-08-06T05:37:19+00:00
2386,Apixaban Tablets 5mg,Apixaban,10's,10,32.81,True,3.281,Anticoagulant,Jan Aushadhi (PMBJP) product and MRP list,https://janaushadhi.gov.in/product-portfolio/product-mrp-list,Exported from the site's own Download Files button. Direct API calls to port 8443 return 500 from outside the browser.,False,,2026-08-06T05:37:19+00:00
2387,Atorvastatin (10mg) + Aspirin (75mg) + Ramipril (5mg) Capsule,Atorvastatin,10's,10,0.0,False,,Cardiovascular System (CVS),Jan Aushadhi (PMBJP) product and MRP list,https://janaushadhi.gov.in/product-portfolio/product-mrp-list,Exported from the site's own Download Files button. Direct API calls to port 8443 return 500 from outside the browser.,False,,2026-08-06T05:37:19+00:00
2388,Atorvastatin (10mg) + Fenofibrate (160mg) + Ezetimibe (10mg) Tablets,Atorvastatin,10's,10,0.0,False,,Cardiovascular System (CVS),Jan Aushadhi (PMBJP) product and MRP list,https://janaushadhi.gov.in/product-portfolio/product-mrp-list,Exported from the site's own Download Files button. Direct API calls to port 8443 return 500 from outside the browser.,False,,2026-08-06T05:37:19+00:00
2389,Atorvastatin 10mg + Ezetimibe 10mg Tablets,Atorvastatin,10's,10,23.44,True,2.344,Cardiovascular System (CVS),Jan Aushadhi (PMBJP) product and MRP list,https://janaushadhi.gov.in/product-portfolio/product-mrp-list,Exported from the site's own Download Files button. Direct API calls to port 8443 return 500 from outside the browser.,False,,2026-08-06T05:37:19+00:00
2390,Atorvastatin 20mg + Ezetimibe 10mg Tablets,Atorvastatin,10's,10,28.13,True,2.813,Cardiovascular System (CVS),Jan Aushadhi (PMBJP) product and MRP list,https://janaushadhi.gov.in/product-portfolio/product-mrp-list,Exported from the site's own Download Files button. Direct API calls to port 8443 return 500 from outside the browser.,False,,2026-08-06T05:37:19+00:00
2391,Azelaic acid 10% w/w and Benzoic acid 0.2% w/w (as preservative) Cream,Azelaic acid w w and Benzoic acid w w as preservative,15gm Lami-Tube in Monopack,,37.5,True,,Derma Care,Jan Aushadhi (PMBJP) product and MRP list,https://janaushadhi.gov.in/product-portfolio/product-mrp-list,Exported from the site's own Download Files button. Direct API calls to port 8443 return 500 from outside the browser.,False,,2026-08-06T05:37:19+00:00
2392,Azelnidipine Tablets IP 16mg,Azelnidipine,10's,10,46.88,True,4.688,Cardiovascular System (CVS),Jan Aushadhi (PMBJP) product and MRP list,https://janaushadhi.gov.in/product-portfolio/product-mrp-list,Exported from the site's own Download Files button. Direct API calls to port 8443 return 500 from outside the browser.,False,,2026-08-06T05:37:19+00:00
2393,Azelnidipine 8mg + Telmisartan 40mg Tablets,Azelnidipine,10's,10,42.19,True,4.219,Cardiovascular System (CVS),Jan Aushadhi (PMBJP) product and MRP list,https://janaushadhi.gov.in/product-portfolio/product-mrp-list,Exported from the site's own Download Files button. Direct API calls to port 8443 return 500 from outside the browser.,False,,2026-08-06T05:37:19+00:00
2394,Azelnidipine Tablets IP 8mg,Azelnidipine,10's,10,28.13,True,2.813,Cardiovascular System (CVS),Jan Aushadhi (PMBJP) product and MRP list,https://janaushadhi.gov.in/product-portfolio/product-mrp-list,Exported from the site's own Download Files button. Direct API calls to port 8443 return 500 from outside the browser.,False,,2026-08-06T05:37:19+00:00
2395,Baricitinib Tablets 4mg,Baricitinib,7's,7,0.0,False,,Covid-19,Jan Aushadhi (PMBJP) product and MRP list,https://janaushadhi.gov.in/product-portfolio/product-mrp-list,Exported from the site's own Download Files button. Direct API calls to port 8443 return 500 from outside the browser.,False,,2026-08-06T05:37:19+00:00
2396,Benedipine (4mg) + Telmisartan (40mg) + Chlorthalidone (6.25mg) Tablets,Benedipine,10's,10,42.19,True,4.219,Cardiovascular System (CVS),Jan Aushadhi (PMBJP) product and MRP list,https://janaushadhi.gov.in/product-portfolio/product-mrp-list,Exported from the site's own Download Files button. Direct API calls to port 8443 return 500 from outside the browser.,False,,2026-08-06T05:37:19+00:00
2397,Bethanechol Chloride 25mg Tablets,Bethanechol Chloride,10's,10,87.19,True,8.719,Urology,Jan Aushadhi (PMBJP) product and MRP list,https://janaushadhi.gov.in/product-portfolio/product-mrp-list,Exported from the site's own Download Files button. Direct API calls to port 8443 return 500 from outside the browser.,False,,2026-08-06T05:37:19+00:00
2398,Bortezomib 2mg powder for Injection,Bortezomib,Vial with WFI,,665.63,True,,Oncology,Jan Aushadhi (PMBJP) product and MRP list,https://janaushadhi.gov.in/product-portfolio/product-mrp-list,Exported from the site's own Download Files button. Direct API calls to port 8443 return 500 from outside the browser.,True,indication names oncology,2026-08-06T05:37:19+00:00
2399,Bortezomib 2.5mg powder for Injection,Bortezomib,Vial with WFI,,0.0,False,,Oncology,Jan Aushadhi (PMBJP) product and MRP list,https://janaushadhi.gov.in/product-portfolio/product-mrp-list,Exported from the site's own Download Files button. Direct API calls to port 8443 return 500 from outside the browser.,True,indication names oncology,2026-08-06T05:37:19+00:00
2400,Caffeine (30mg) + Diphenhydramine (25mg) + Paracetamol (500mg) + Phenylephrine (5mg) Tablets,Caffeine,10's,10,9.38,True,0.938,Respiratory,Jan Aushadhi (PMBJP) product and MRP list,https://janaushadhi.gov.in/product-portfolio/product-mrp-list,Exported from the site's own Download Files button. Direct API calls to port 8443 return 500 from outside the browser.,False,,2026-08-06T05:37:19+00:00
2401,Carbimazole Tablets IP 20mg,Carbimazole,100's in Amber Coloured Glass Bottle,100,0.0,False,,Anti-Thyroid,Jan Aushadhi (PMBJP) product and MRP list,https://janaushadhi.gov.in/product-portfolio/product-mrp-list,Exported from the site's own Download Files button. Direct API calls to port 8443 return 500 from outside the browser.,False,,2026-08-06T05:37:19+00:00
2402,Cefadroxil Oral Suspension IP 125mg per 5ml (dry syrup),Cefadroxil Oral,30ml,,0.0,False,,Antibiotics,Jan Aushadhi (PMBJP) product and MRP list,https://janaushadhi.gov.in/product-portfolio/product-mrp-list,Exported from the site's own Download Files button. Direct API calls to port 8443 return 500 from outside the browser.,False,,2026-08-06T05:37:19+00:00
2403,Ceftazidime 2gm and Avibactam 0.5gm for Concentrate for Solution for Infusion,Ceftazidime gm and Avibactam gm for Concentrate for for Infusion,Vial with WFI,,1171.88,True,,Antibiotics,Jan Aushadhi (PMBJP) product and MRP list,https://janaushadhi.gov.in/product-portfolio/product-mrp-list,Exported from the site's own Download Files button. Direct API calls to port 8443 return 500 from outside the browser.,False,,2026-08-06T05:37:19+00:00
2404,Ciclopirox Olamine Cream 1% w/v,Ciclopirox Olamine w v,50 gm Lami Tube in Mono Carton,50,93.75,True,1.875,Dermatology/Topical/External,Jan Aushadhi (PMBJP) product and MRP list,https://janaushadhi.gov.in/product-portfolio/product-mrp-list,Exported from the site's own Download Files button. Direct API calls to port 8443 return 500 from outside the browser.,False,,2026-08-06T05:37:19+00:00
2405,Ciclopirox Olamine Nail Lacquer 8% w/v,Ciclopirox Olamine Nail Lacquer w v,2.5ml with applicator,,0.0,False,,Dermatology/Topical/External,Jan Aushadhi (PMBJP) product and MRP list,https://janaushadhi.gov.in/product-portfolio/product-mrp-list,Exported from the site's own Download Files button. Direct API calls to port 8443 return 500 from outside the browser.,False,,2026-08-06T05:37:19+00:00
2406,Clopidogrel 150mg Tablets,Clopidogrel,10's,10,33.75,True,3.375,Cardiovascular System (CVS),Jan Aushadhi (PMBJP) product and MRP list,https://janaushadhi.gov.in/product-portfolio/product-mrp-list,Exported from the site's own Download Files button. Direct API calls to port 8443 return 500 from outside the browser.,False,,2026-08-06T05:37:19+00:00
2407,Conjugated Estrogens 0.625mg Tablets,Conjugated Estrogens,28's,28,0.0,False,,Gynaecology,Jan Aushadhi (PMBJP) product and MRP list,https://janaushadhi.gov.in/product-portfolio/product-mrp-list,Exported from the site's own Download Files button. Direct API calls to port 8443 return 500 from outside the browser.,False,,2026-08-06T05:37:19+00:00
2408,Crizotinib Capsules 250mg,Crizotinib,10's Bottle,10,0.0,False,,Oncology,Jan Aushadhi (PMBJP) product and MRP list,https://janaushadhi.gov.in/product-portfolio/product-mrp-list,Exported from the site's own Download Files button. Direct API calls to port 8443 return 500 from outside the browser.,True,indication names oncology,2026-08-06T05:37:19+00:00
2409,Dapagliflozin 10mg+ VildagliptinÂ (Sustained release)100mg Tablets,Dapagliflozin,10's,10,56.25,True,5.625,Anti-Diabetic,Jan Aushadhi (PMBJP) product and MRP list,https://janaushadhi.gov.in/product-portfolio/product-mrp-list,Exported from the site's own Download Files button. Direct API calls to port 8443 return 500 from outside the browser.,False,,2026-08-06T05:37:19+00:00
2410,Dapagliflozin 5mg+ VildagliptinÂ (Sustained release)100mg Tablets,Dapagliflozin,10's,10,46.88,True,4.688,Anti-Diabetic,Jan Aushadhi (PMBJP) product and MRP list,https://janaushadhi.gov.in/product-portfolio/product-mrp-list,Exported from the site's own Download Files button. Direct API calls to port 8443 return 500 from outside the browser.,False,,2026-08-06T05:37:19+00:00
2411,Dasatinib Tablets 20mg,Dasatinib,60's Bottle in Monopack,60,1204.69,True,20.0782,Oncology,Jan Aushadhi (PMBJP) product and MRP list,https://janaushadhi.gov.in/product-portfolio/product-mrp-list,Exported from the site's own Download Files button. Direct API calls to port 8443 return 500 from outside the browser.,True,indication names oncology,2026-08-06T05:37:19+00:00
2412,Dasatinib Tablets 50mg,Dasatinib,60's Bottle in Monopack,60,2217.19,True,36.9532,Oncology,Jan Aushadhi (PMBJP) product and MRP list,https://janaushadhi.gov.in/product-portfolio/product-mrp-list,Exported from the site's own Download Files button. Direct API calls to port 8443 return 500 from outside the browser.,True,indication names oncology,2026-08-06T05:37:19+00:00
2413,Dasatinib Tablets 70mg,Dasatinib,60's Bottle in Monopack,60,2811.56,True,46.8593,Oncology,Jan Aushadhi (PMBJP) product and MRP list,https://janaushadhi.gov.in/product-portfolio/product-mrp-list,Exported from the site's own Download Files button. Direct API calls to port 8443 return 500 from outside the browser.,True,indication names oncology,2026-08-06T05:37:19+00:00
2414,"Diclofenac Diethylamine 1.16% w/w, Sesame Oil 2.50% w/w, Linseed Oil 0.50% w/w, Methylsalicylate 10% w/w and Menthol 5% w/w Gel",Diclofenac Diethylamine w w Sesame Oil w w Linseed Oil w w Methylsalicylate w w and Menthol w w,30gm Lami-Tube in Monopack,,70.31,True,,Analgesic/Antipyretic/Anti-Inflammatory,Jan Aushadhi (PMBJP) product and MRP list,https://janaushadhi.gov.in/product-portfolio/product-mrp-list,Exported from the site's own Download Files button. Direct API calls to port 8443 return 500 from outside the browser.,False,,2026-08-06T05:37:19+00:00
2415,Dolutegravir Tablets 50mg,Dolutegravir,30's Bottle,30,187.5,True,6.25,Anti-Retroviral,Jan Aushadhi (PMBJP) product and MRP list,https://janaushadhi.gov.in/product-portfolio/product-mrp-list,Exported from the site's own Download Files button. Direct API calls to port 8443 return 500 from outside the browser.,False,,2026-08-06T05:37:19+00:00
2416,Eltrombopag Tablets 25mg,Eltrombopag,7's,7,271.88,True,38.84,Treatment of Severe Aplastic Anemia,Jan Aushadhi (PMBJP) product and MRP list,https://janaushadhi.gov.in/product-portfolio/product-mrp-list,Exported from the site's own Download Files button. Direct API calls to port 8443 return 500 from outside the browser.,True,eltrombopag is an oncology molecule,2026-08-06T05:37:19+00:00
2417,Eltrombopag Tablets 50mg,Eltrombopag,7's,7,421.88,True,60.2686,Treatment of Severe Aplastic Anemia,Jan Aushadhi (PMBJP) product and MRP list,https://janaushadhi.gov.in/product-portfolio/product-mrp-list,Exported from the site's own Download Files button. Direct API calls to port 8443 return 500 from outside the browser.,True,eltrombopag is an oncology molecule,2026-08-06T05:37:19+00:00
2418,Ezetimibe Tablets IP 10mg,Ezetimibe,10's,10,18.75,True,1.875,Cardiovascular System (CVS),Jan Aushadhi (PMBJP) product and MRP list,https://janaushadhi.gov.in/product-portfolio/product-mrp-list,Exported from the site's own Download Files button. Direct API calls to port 8443 return 500 from outside the browser.,False,,2026-08-06T05:37:19+00:00
2419,Ezetimibe Tablets IP 5mg,Ezetimibe,10's,10,0.0,False,,Cardiovascular System (CVS),Jan Aushadhi (PMBJP) product and MRP list,https://janaushadhi.gov.in/product-portfolio/product-mrp-list,Exported from the site's own Download Files button. Direct API calls to port 8443 return 500 from outside the browser.,False,,2026-08-06T05:37:19+00:00
2420,Faropenem (200mg) + Clavulanic Acid (125mg) Tablets,Faropenem,6's,6,337.5,True,56.25,Antibiotics,Jan Aushadhi (PMBJP) product and MRP list,https://janaushadhi.gov.in/product-portfolio/product-mrp-list,Exported from the site's own Download Files button. Direct API calls to port 8443 return 500 from outside the browser.,False,,2026-08-06T05:37:19+00:00
2421,Fusidic Acid 2%w/w and Hydrocortisone Acetate Cream 1% w/w,Fusidic Acid,15gm Lami-Tube in Monopack,,79.69,True,,Dermatology/Topical/External,Jan Aushadhi (PMBJP) product and MRP list,https://janaushadhi.gov.in/product-portfolio/product-mrp-list,Exported from the site's own Download Files button. Direct API calls to port 8443 return 500 from outside the browser.,False,,2026-08-06T05:37:19+00:00
2422,"Glycolic Acid 2% w/v, Salicylic acid 1% w/v, Niacinamide 0.5%w/v, Licorice Extract 1% w/v, Vitamin E 0.2% w/v and Aloe Vera 1% w/v Face Wash",Glycolic Acid w v Salicylic acid w v Niacinamide,100ml Flip-top Bottle,,0.0,False,,Derma Care,Jan Aushadhi (PMBJP) product and MRP list,https://janaushadhi.gov.in/product-portfolio/product-mrp-list,Exported from the site's own Download Files button. Direct API calls to port 8443 return 500 from outside the browser.,False,,2026-08-06T05:37:19+00:00
2423,Hydrocortisone Acetate Cream IP 1% w/w,Hydrocortisone Acetate w w,15 g,15,28.13,True,1.8753,Dermatology/Topical/External,Jan Aushadhi (PMBJP) product and MRP list,https://janaushadhi.gov.in/product-portfolio/product-mrp-list,Exported from the site's own Download Files button. Direct API calls to port 8443 return 500 from outside the browser.,False,,2026-08-06T05:37:19+00:00
2424,Itraconazole (1% w/w) Gel,Itraconazole w w,15 g,15,28.13,True,1.8753,Anti-fungal,Jan Aushadhi (PMBJP) product and MRP list,https://janaushadhi.gov.in/product-portfolio/product-mrp-list,Exported from the site's own Download Files button. Direct API calls to port 8443 return 500 from outside the browser.,False,,2026-08-06T05:37:19+00:00
2425,Ivermectin Cream 1% w/w,Ivermectin w w,15 g,15,28.13,True,1.8753,Anthelmintic,Jan Aushadhi (PMBJP) product and MRP list,https://janaushadhi.gov.in/product-portfolio/product-mrp-list,Exported from the site's own Download Files button. Direct API calls to port 8443 return 500 from outside the browser.,False,,2026-08-06T05:37:19+00:00
2426,Leflunomide 10mg Tablets,Leflunomide,10's,10,32.81,True,3.281,Ortho,Jan Aushadhi (PMBJP) product and MRP list,https://janaushadhi.gov.in/product-portfolio/product-mrp-list,Exported from the site's own Download Files button. Direct API calls to port 8443 return 500 from outside the browser.,False,,2026-08-06T05:37:19+00:00
2427,Lenalidomide Capsules 25mg,Lenalidomide,30's in PET bottle in Mono Carton,30,1387.5,True,46.25,Oncology,Jan Aushadhi (PMBJP) product and MRP list,https://janaushadhi.gov.in/product-portfolio/product-mrp-list,Exported from the site's own Download Files button. Direct API calls to port 8443 return 500 from outside the browser.,True,indication names oncology,2026-08-06T05:37:19+00:00
2428,Lenalidomide Capsules 5mg,Lenalidomide,30's in PET bottle in Mono Carton,30,356.25,True,11.875,Oncology,Jan Aushadhi (PMBJP) product and MRP list,https://janaushadhi.gov.in/product-portfolio/product-mrp-list,Exported from the site's own Download Files button. Direct API calls to port 8443 return 500 from outside the browser.,True,indication names oncology,2026-08-06T05:37:19+00:00
2429,Levodopa 200mg and Carbidopa 50mg Prolonged Release Tablets IP,Levodopa,10's,10,0.0,False,,Central Nervous System (CNS),Jan Aushadhi (PMBJP) product and MRP list,https://janaushadhi.gov.in/product-portfolio/product-mrp-list,Exported from the site's own Download Files button. Direct API calls to port 8443 return 500 from outside the browser.,False,,2026-08-06T05:37:19+00:00
2430,Levosalbutamol 50mcg and Beclomethasone 50mcg Inhaler,Levosalbutamol,200 MDI,200,135.94,True,0.6797,Respiratory,Jan Aushadhi (PMBJP) product and MRP list,https://janaushadhi.gov.in/product-portfolio/product-mrp-list,Exported from the site's own Download Files button. Direct API calls to port 8443 return 500 from outside the browser.,False,,2026-08-06T05:37:19+00:00
2431,Lincomycin 250mg Capsules,Lincomycin,10's,10,27.19,True,2.719,Antibiotics,Jan Aushadhi (PMBJP) product and MRP list,https://janaushadhi.gov.in/product-portfolio/product-mrp-list,Exported from the site's own Download Files button. Direct API calls to port 8443 return 500 from outside the browser.,False,,2026-08-06T05:37:19+00:00
2432,Lincomycin 500mg Capsules,Lincomycin,10's,10,43.13,True,4.313,Antibiotics,Jan Aushadhi (PMBJP) product and MRP list,https://janaushadhi.gov.in/product-portfolio/product-mrp-list,Exported from the site's own Download Files button. Direct API calls to port 8443 return 500 from outside the browser.,False,,2026-08-06T05:37:19+00:00
2433,Luliconazole Cream IP 1% w/w 30gm,Luliconazole w w gm,30gm Lami-Tube in Monopack,,51.57,True,,Anti-fungal,Jan Aushadhi (PMBJP) product and MRP list,https://janaushadhi.gov.in/product-portfolio/product-mrp-list,Exported from the site's own Download Files button. Direct API calls to port 8443 return 500 from outside the browser.,False,,2026-08-06T05:37:19+00:00
2434,Macitentan Tablets 10mg,Macitentan,10's,10,0.0,False,,Cardiovascular System (CVS),Jan Aushadhi (PMBJP) product and MRP list,https://janaushadhi.gov.in/product-portfolio/product-mrp-list,Exported from the site's own Download Files button. Direct API calls to port 8443 return 500 from outside the browser.,False,,2026-08-06T05:37:19+00:00
2435,Mebendazole Oral Suspension 100mg per ml,Mebendazole Oral,30ml,,0.0,False,,Anthelmintic,Jan Aushadhi (PMBJP) product and MRP list,https://janaushadhi.gov.in/product-portfolio/product-mrp-list,Exported from the site's own Download Files button. Direct API calls to port 8443 return 500 from outside the browser.,False,,2026-08-06T05:37:19+00:00
2436,Mebeverine (135mg) + Chlordiazepoxide (5mg) Tablets,Mebeverine,10's,10,28.13,True,2.813,Gastrointestinal (GIT),Jan Aushadhi (PMBJP) product and MRP list,https://janaushadhi.gov.in/product-portfolio/product-mrp-list,Exported from the site's own Download Files button. Direct API calls to port 8443 return 500 from outside the browser.,False,,2026-08-06T05:37:19+00:00
2437,Methotrexate Tablets IP 15mg,Methotrexate,10's,10,32.81,True,3.281,Oncology,Jan Aushadhi (PMBJP) product and MRP list,https://janaushadhi.gov.in/product-portfolio/product-mrp-list,Exported from the site's own Download Files button. Direct API calls to port 8443 return 500 from outside the browser.,True,indication names oncology,2026-08-06T05:37:19+00:00
2438,Methotrexate Tablets IP 20mg,Methotrexate,10's,10,42.19,True,4.219,Oncology,Jan Aushadhi (PMBJP) product and MRP list,https://janaushadhi.gov.in/product-portfolio/product-mrp-list,Exported from the site's own Download Files button. Direct API calls to port 8443 return 500 from outside the browser.,True,indication names oncology,2026-08-06T05:37:19+00:00
2439,Metoclopramide Hydrochloride Syrup IP 5mg per 5ml,Metoclopramide Hydrochloride,60ml,,0.0,False,,Gastrointestinal (GIT),Jan Aushadhi (PMBJP) product and MRP list,https://janaushadhi.gov.in/product-portfolio/product-mrp-list,Exported from the site's own Download Files button. Direct API calls to port 8443 return 500 from outside the browser.,False,,2026-08-06T05:37:19+00:00
2440,Metoprolol Extended Release Tablets IP 100mg,Metoprolol Extended Release,10's,10,23.44,True,2.344,Cardiovascular System (CVS),Jan Aushadhi (PMBJP) product and MRP list,https://janaushadhi.gov.in/product-portfolio/product-mrp-list,Exported from the site's own Download Files button. Direct API calls to port 8443 return 500 from outside the browser.,False,,2026-08-06T05:37:19+00:00
2441,Metronidazole (1% w/w) + Povidone Iodine (5% w/w) Ointment,Metronidazole w w Povidone Iodine w w,20 g,20,18.75,True,0.9375,Dermatology/Topical/External,Jan Aushadhi (PMBJP) product and MRP list,https://janaushadhi.gov.in/product-portfolio/product-mrp-list,Exported from the site's own Download Files button. Direct API calls to port 8443 return 500 from outside the browser.,False,,2026-08-06T05:37:19+00:00
2442,Midodrine Hydrochloride Tablets 10mg,Midodrine Hydrochloride,10's,10,150.0,True,15.0,Cardiovascular System (CVS),Jan Aushadhi (PMBJP) product and MRP list,https://janaushadhi.gov.in/product-portfolio/product-mrp-list,Exported from the site's own Download Files button. Direct API calls to port 8443 return 500 from outside the browser.,False,,2026-08-06T05:37:19+00:00
2443,Midodrine Hydrochloride Tablets 2.5mg,Midodrine Hydrochloride,10's,10,51.56,True,5.156,Cardiovascular System (CVS),Jan Aushadhi (PMBJP) product and MRP list,https://janaushadhi.gov.in/product-portfolio/product-mrp-list,Exported from the site's own Download Files button. Direct API calls to port 8443 return 500 from outside the browser.,False,,2026-08-06T05:37:19+00:00
2444,Midodrine Hydrochloride Tablets 5mg,Midodrine Hydrochloride,10's,10,93.75,True,9.375,Cardiovascular System (CVS),Jan Aushadhi (PMBJP) product and MRP list,https://janaushadhi.gov.in/product-portfolio/product-mrp-list,Exported from the site's own Download Files button. Direct API calls to port 8443 return 500 from outside the browser.,False,,2026-08-06T05:37:19+00:00
2445,Nebivolol 2.5mg + Amlodipine 2.5mg Tablets,Nebivolol,10's,10,0.0,False,,Cardiovascular System (CVS),Jan Aushadhi (PMBJP) product and MRP list,https://janaushadhi.gov.in/product-portfolio/product-mrp-list,Exported from the site's own Download Files button. Direct API calls to port 8443 return 500 from outside the browser.,False,,2026-08-06T05:37:19+00:00
2446,Nebivolol 5mg + Amlodipine 5mg Tablets,Nebivolol,10's,10,26.25,True,2.625,Cardiovascular System (CVS),Jan Aushadhi (PMBJP) product and MRP list,https://janaushadhi.gov.in/product-portfolio/product-mrp-list,Exported from the site's own Download Files button. Direct API calls to port 8443 return 500 from outside the browser.,False,,2026-08-06T05:37:19+00:00
2447,Nintedanib Soft Gelatin Capsules 100mg,Nintedanib Soft Gelatin,10's,10,499.69,True,49.969,Oncology,Jan Aushadhi (PMBJP) product and MRP list,https://janaushadhi.gov.in/product-portfolio/product-mrp-list,Exported from the site's own Download Files button. Direct API calls to port 8443 return 500 from outside the browser.,True,indication names oncology,2026-08-06T05:37:19+00:00
2448,Olmesartan Medoxomil Tablets IP 10mg,Olmesartan Medoxomil,10's,10,9.38,True,0.938,Cardiovascular System (CVS),Jan Aushadhi (PMBJP) product and MRP list,https://janaushadhi.gov.in/product-portfolio/product-mrp-list,Exported from the site's own Download Files button. Direct API calls to port 8443 return 500 from outside the browser.,False,,2026-08-06T05:37:19+00:00
2449,"Oral Rehydration Salts IP (WHO Formula) Orange Flavour Sachet, 21g",Oral Rehydration Salts WHO Formula Orange Flavour Sachet,1's Sachet,1,10.0,True,10.0,Electrolytes,Jan Aushadhi (PMBJP) product and MRP list,https://janaushadhi.gov.in/product-portfolio/product-mrp-list,Exported from the site's own Download Files button. Direct API calls to port 8443 return 500 from outside the browser.,False,,2026-08-06T05:37:19+00:00
2450,Ozenoxacin Cream 1% w/w,Ozenoxacin w w,10gm Lami-Tube in Monopack,,65.63,True,,Dermatology/Topical/External,Jan Aushadhi (PMBJP) product and MRP list,https://janaushadhi.gov.in/product-portfolio/product-mrp-list,Exported from the site's own Download Files button. Direct API calls to port 8443 return 500 from outside the browser.,False,,2026-08-06T05:37:19+00:00
2451,Ozenoxacin Lotion 2% w/w,Ozenoxacin Lotion w w,10ml in Monopack,,140.63,True,,Dermatology/Topical/External,Jan Aushadhi (PMBJP) product and MRP list,https://janaushadhi.gov.in/product-portfolio/product-mrp-list,Exported from the site's own Download Files button. Direct API calls to port 8443 return 500 from outside the browser.,False,,2026-08-06T05:37:19+00:00
2452,Pazopanib Tablets 200mg,Pazopanib,30's bottle in Monopack,30,2062.5,True,68.75,Oncology,Jan Aushadhi (PMBJP) product and MRP list,https://janaushadhi.gov.in/product-portfolio/product-mrp-list,Exported from the site's own Download Files button. Direct API calls to port 8443 return 500 from outside the browser.,True,indication names oncology,2026-08-06T05:37:19+00:00
2453,Pazopanib Tablets 400mg,Pazopanib,30's bottle in Monopack,30,2906.25,True,96.875,Oncology,Jan Aushadhi (PMBJP) product and MRP list,https://janaushadhi.gov.in/product-portfolio/product-mrp-list,Exported from the site's own Download Files button. Direct API calls to port 8443 return 500 from outside the browser.,True,indication names oncology,2026-08-06T05:37:19+00:00
2454,Penicillin G Tablets 400000 IU,Penicillin G,10's,10,0.0,False,,Antibiotics,Jan Aushadhi (PMBJP) product and MRP list,https://janaushadhi.gov.in/product-portfolio/product-mrp-list,Exported from the site's own Download Files button. Direct API calls to port 8443 return 500 from outside the browser.,False,,2026-08-06T05:37:19+00:00
2455,Penicillin G Tablets 800000 IU,Penicillin G,10's,10,0.0,False,,Antibiotics,Jan Aushadhi (PMBJP) product and MRP list,https://janaushadhi.gov.in/product-portfolio/product-mrp-list,Exported from the site's own Download Files button. Direct API calls to port 8443 return 500 from outside the browser.,False,,2026-08-06T05:37:19+00:00
2456,Pepsin (12.50g) + Alpha-amylase (18.75mg) Capsules,Pepsin,10's,10,0.0,False,,Gastrointestinal (GIT),Jan Aushadhi (PMBJP) product and MRP list,https://janaushadhi.gov.in/product-portfolio/product-mrp-list,Exported from the site's own Download Files button. Direct API calls to port 8443 return 500 from outside the browser.,False,,2026-08-06T05:37:19+00:00
2457,Propranolol Tablets IP 20mg,Propranolol,10's,10,5.63,True,0.563,Cardiovascular System (CVS),Jan Aushadhi (PMBJP) product and MRP list,https://janaushadhi.gov.in/product-portfolio/product-mrp-list,Exported from the site's own Download Files button. Direct API calls to port 8443 return 500 from outside the browser.,False,,2026-08-06T05:37:19+00:00
2458,Quetiapine Tablets IP 50mg,Quetiapine,10's,10,16.88,True,1.688,Central Nervous System (CNS),Jan Aushadhi (PMBJP) product and MRP list,https://janaushadhi.gov.in/product-portfolio/product-mrp-list,Exported from the site's own Download Files button. Direct API calls to port 8443 return 500 from outside the browser.,False,,2026-08-06T05:37:19+00:00
2459,Ramipril 2.5mg and Hydrochlorothiazide12.5mg Tablets,Ramipril,10's,10,70.31,True,7.031,Cardiovascular System (CVS),Jan Aushadhi (PMBJP) product and MRP list,https://janaushadhi.gov.in/product-portfolio/product-mrp-list,Exported from the site's own Download Files button. Direct API calls to port 8443 return 500 from outside the browser.,False,,2026-08-06T05:37:19+00:00
2460,Ramipril Tablets IP 1.25mg,Ramipril,10's,10,0.0,False,,Cardiovascular System (CVS),Jan Aushadhi (PMBJP) product and MRP list,https://janaushadhi.gov.in/product-portfolio/product-mrp-list,Exported from the site's own Download Files button. Direct API calls to port 8443 return 500 from outside the browser.,False,,2026-08-06T05:37:19+00:00
2461,Remogliflozin Etabonate 100mg and Teneligliptin 10mg Tablets,Remogliflozin Etabonate,10's,10,0.0,False,,Anti-Diabetic,Jan Aushadhi (PMBJP) product and MRP list,https://janaushadhi.gov.in/product-portfolio/product-mrp-list,Exported from the site's own Download Files button. Direct API calls to port 8443 return 500 from outside the browser.,False,,2026-08-06T05:37:19+00:00
2462,"Remogliflozin Etabonate 100mg, Vildagliptin 50mg and Metformin Hydrochloride 500mg Tablets",Remogliflozin Etabonate,10's,10,0.0,False,,Anti-Diabetic,Jan Aushadhi (PMBJP) product and MRP list,https://janaushadhi.gov.in/product-portfolio/product-mrp-list,Exported from the site's own Download Files button. Direct API calls to port 8443 return 500 from outside the browser.,False,,2026-08-06T05:37:19+00:00
2463,Repaglinide 0.5mg and Voglibose 0.2mg Tablets IP,Repaglinide,10's,10,18.75,True,1.875,Anti-Diabetic,Jan Aushadhi (PMBJP) product and MRP list,https://janaushadhi.gov.in/product-portfolio/product-mrp-list,Exported from the site's own Download Files button. Direct API calls to port 8443 return 500 from outside the browser.,False,,2026-08-06T05:37:19+00:00
2464,Repaglinide 0.5mg and Voglibose 0.3mg Tablets IP,Repaglinide,10's,10,23.44,True,2.344,Anti-Diabetic,Jan Aushadhi (PMBJP) product and MRP list,https://janaushadhi.gov.in/product-portfolio/product-mrp-list,Exported from the site's own Download Files button. Direct API calls to port 8443 return 500 from outside the browser.,False,,2026-08-06T05:37:19+00:00
2465,Repaglinide 1mg and Voglibose 0.2mg Tablets IP,Repaglinide,10's,10,28.13,True,2.813,Anti-Diabetic,Jan Aushadhi (PMBJP) product and MRP list,https://janaushadhi.gov.in/product-portfolio/product-mrp-list,Exported from the site's own Download Files button. Direct API calls to port 8443 return 500 from outside the browser.,False,,2026-08-06T05:37:19+00:00
2466,Repaglinide 1mg and Voglibose 0.3mg Tablets IP,Repaglinide,10's,10,32.81,True,3.281,Anti-Diabetic,Jan Aushadhi (PMBJP) product and MRP list,https://janaushadhi.gov.in/product-portfolio/product-mrp-list,Exported from the site's own Download Files button. Direct API calls to port 8443 return 500 from outside the browser.,False,,2026-08-06T05:37:19+00:00
2467,Salmeterol 50mcg and Fluticasone 500mcg Rotacaps,Salmeterol,30's in Monocarton,30,140.63,True,4.6877,Respiratory,Jan Aushadhi (PMBJP) product and MRP list,https://janaushadhi.gov.in/product-portfolio/product-mrp-list,Exported from the site's own Download Files button. Direct API calls to port 8443 return 500 from outside the browser.,False,,2026-08-06T05:37:19+00:00
2468,Sorafenib Tablets 200mg,Sorafenib,120's Bottle,120,3000.0,True,25.0,Oncology,Jan Aushadhi (PMBJP) product and MRP list,https://janaushadhi.gov.in/product-portfolio/product-mrp-list,Exported from the site's own Download Files button. Direct API calls to port 8443 return 500 from outside the browser.,True,indication names oncology,2026-08-06T05:37:19+00:00
2469,Sunitinib Capsules 12.5mg,Sunitinib,28's Bottle,28,499.0,True,17.8214,Oncology,Jan Aushadhi (PMBJP) product and MRP list,https://janaushadhi.gov.in/product-portfolio/product-mrp-list,Exported from the site's own Download Files button. Direct API calls to port 8443 return 500 from outside the browser.,True,indication names oncology,2026-08-06T05:37:19+00:00
2470,Sunitinib Capsules 25mg,Sunitinib,28's Bottle,28,910.0,True,32.5,Oncology,Jan Aushadhi (PMBJP) product and MRP list,https://janaushadhi.gov.in/product-portfolio/product-mrp-list,Exported from the site's own Download Files button. Direct API calls to port 8443 return 500 from outside the browser.,True,indication names oncology,2026-08-06T05:37:19+00:00
2471,Telmisartan 40mg + Cilnidipine 10mg + Metoprolol ER 25 Tablets,Telmisartan,10's,10,30.0,True,3.0,Cardiovascular System (CVS),Jan Aushadhi (PMBJP) product and MRP list,https://janaushadhi.gov.in/product-portfolio/product-mrp-list,Exported from the site's own Download Files button. Direct API calls to port 8443 return 500 from outside the browser.,False,,2026-08-06T05:37:19+00:00
2472,Telmisartan 40mg + Cilnidipine 10mg + Metoprolol ER 50 Tablets,Telmisartan,10's,10,32.81,True,3.281,Cardiovascular System (CVS),Jan Aushadhi (PMBJP) product and MRP list,https://janaushadhi.gov.in/product-portfolio/product-mrp-list,Exported from the site's own Download Files button. Direct API calls to port 8443 return 500 from outside the browser.,False,,2026-08-06T05:37:19+00:00
2473,Telmisartan 40mg + Metoprolol ER 25mg + Chlorthalidon 12.5mg Tablets,Telmisartan,10's,10,32.81,True,3.281,Cardiovascular System (CVS),Jan Aushadhi (PMBJP) product and MRP list,https://janaushadhi.gov.in/product-portfolio/product-mrp-list,Exported from the site's own Download Files button. Direct API calls to port 8443 return 500 from outside the browser.,False,,2026-08-06T05:37:19+00:00
2474,Temozolomide Capsules IP 20mg,Temozolomide,5's in bottle,5,314.06,True,62.812,Oncology,Jan Aushadhi (PMBJP) product and MRP list,https://janaushadhi.gov.in/product-portfolio/product-mrp-list,Exported from the site's own Download Files button. Direct API calls to port 8443 return 500 from outside the browser.,True,indication names oncology,2026-08-06T05:37:19+00:00
2475,Teneligliptin 20mg and Dapagliflozin 10mg Tablets,Teneligliptin,10's,10,32.81,True,3.281,Anti-Diabetic,Jan Aushadhi (PMBJP) product and MRP list,https://janaushadhi.gov.in/product-portfolio/product-mrp-list,Exported from the site's own Download Files button. Direct API calls to port 8443 return 500 from outside the browser.,False,,2026-08-06T05:37:19+00:00
2476,Teneligliptin 20mg and Dapagliflozin 5mg Tablets,Teneligliptin,10's,10,28.13,True,2.813,Anti-Diabetic,Jan Aushadhi (PMBJP) product and MRP list,https://janaushadhi.gov.in/product-portfolio/product-mrp-list,Exported from the site's own Download Files button. Direct API calls to port 8443 return 500 from outside the browser.,False,,2026-08-06T05:37:19+00:00
2477,Thalidomide Capsules 100mg,Thalidomide,10's,10,150.0,True,15.0,Oncology,Jan Aushadhi (PMBJP) product and MRP list,https://janaushadhi.gov.in/product-portfolio/product-mrp-list,Exported from the site's own Download Files button. Direct API calls to port 8443 return 500 from outside the browser.,True,indication names oncology,2026-08-06T05:37:19+00:00
2478,Thalidomide Capsules 200mg,Thalidomide,10's,10,234.38,True,23.438,Oncology,Jan Aushadhi (PMBJP) product and MRP list,https://janaushadhi.gov.in/product-portfolio/product-mrp-list,Exported from the site's own Download Files button. Direct API calls to port 8443 return 500 from outside the browser.,True,indication names oncology,2026-08-06T05:37:19+00:00
2479,Thalidomide Capsules 50mg,Thalidomide,10's,10,84.38,True,8.438,Oncology,Jan Aushadhi (PMBJP) product and MRP list,https://janaushadhi.gov.in/product-portfolio/product-mrp-list,Exported from the site's own Download Files button. Direct API calls to port 8443 return 500 from outside the browser.,True,indication names oncology,2026-08-06T05:37:19+00:00
2480,Thyroxine Sodium Tablets IP 150mcg,Thyroxine Sodium,120's in Bottle,120,93.75,True,0.7812,Anti-Thyroid,Jan Aushadhi (PMBJP) product and MRP list,https://janaushadhi.gov.in/product-portfolio/product-mrp-list,Exported from the site's own Download Files button. Direct API calls to port 8443 return 500 from outside the browser.,False,,2026-08-06T05:37:19+00:00
2481,Ticagrelor Tablets IP 60mg,Ticagrelor,10's,10,89.06,True,8.906,Cardiovascular System (CVS),Jan Aushadhi (PMBJP) product and MRP list,https://janaushadhi.gov.in/product-portfolio/product-mrp-list,Exported from the site's own Download Files button. Direct API calls to port 8443 return 500 from outside the browser.,False,,2026-08-06T05:37:19+00:00
2482,Topiroxostat Tablets 20mg,Topiroxostat,10's,10,46.88,True,4.688,Treatment of Gout,Jan Aushadhi (PMBJP) product and MRP list,https://janaushadhi.gov.in/product-portfolio/product-mrp-list,Exported from the site's own Download Files button. Direct API calls to port 8443 return 500 from outside the browser.,False,,2026-08-06T05:37:19+00:00
2483,Topiroxostat Tablets 40mg,Topiroxostat,10's,10,84.38,True,8.438,Treatment of Gout,Jan Aushadhi (PMBJP) product and MRP list,https://janaushadhi.gov.in/product-portfolio/product-mrp-list,Exported from the site's own Download Files button. Direct API calls to port 8443 return 500 from outside the browser.,False,,2026-08-06T05:37:19+00:00
2484,Topiroxostat Tablets 60mg,Topiroxostat,10's,10,121.88,True,12.188,Treatment of Gout,Jan Aushadhi (PMBJP) product and MRP list,https://janaushadhi.gov.in/product-portfolio/product-mrp-list,Exported from the site's own Download Files button. Direct API calls to port 8443 return 500 from outside the browser.,False,,2026-08-06T05:37:19+00:00
2485,Torasemide 10mg + Spironolactone 25mg Tablets,Torasemide,10's,10,17.81,True,1.781,Urology,Jan Aushadhi (PMBJP) product and MRP list,https://janaushadhi.gov.in/product-portfolio/product-mrp-list,Exported from the site's own Download Files button. Direct API calls to port 8443 return 500 from outside the browser.,False,,2026-08-06T05:37:19+00:00
2486,Travoprost 40mcg and Timolol 5mg Eye Drops,Travoprost,2.5ml,,0.0,False,,Opthalmic/Otic,Jan Aushadhi (PMBJP) product and MRP list,https://janaushadhi.gov.in/product-portfolio/product-mrp-list,Exported from the site's own Download Files button. Direct API calls to port 8443 return 500 from outside the browser.,False,,2026-08-06T05:37:19+00:00
2487,Vortioxetine Tablets 10mg,Vortioxetine,10's,10,60.94,True,6.094,Central Nervous System (CNS),Jan Aushadhi (PMBJP) product and MRP list,https://janaushadhi.gov.in/product-portfolio/product-mrp-list,Exported from the site's own Download Files button. Direct API calls to port 8443 return 500 from outside the browser.,False,,2026-08-06T05:37:19+00:00
2488,Vortioxetine Tablets 20mg,Vortioxetine,10's,10,89.06,True,8.906,Central Nervous System (CNS),Jan Aushadhi (PMBJP) product and MRP list,https://janaushadhi.gov.in/product-portfolio/product-mrp-list,Exported from the site's own Download Files button. Direct API calls to port 8443 return 500 from outside the browser.,False,,2026-08-06T05:37:19+00:00
2489,Vortioxetine Tablets 5mg,Vortioxetine,10's,10,32.81,True,3.281,Central Nervous System (CNS),Jan Aushadhi (PMBJP) product and MRP list,https://janaushadhi.gov.in/product-portfolio/product-mrp-list,Exported from the site's own Download Files button. Direct API calls to port 8443 return 500 from outside the browser.,False,,2026-08-06T05:37:19+00:00
2490,Amlodipine Tablets IP 2.5mg,Amlodipine,15's,15,3.75,True,0.25,Cardiovascular System (CVS),Jan Aushadhi (PMBJP) product and MRP list,https://janaushadhi.gov.in/product-portfolio/product-mrp-list,Exported from the site's own Download Files button. Direct API calls to port 8443 return 500 from outside the browser.,False,,2026-08-06T05:37:19+00:00
2491,Cetirizine Tablets IP 5mg,Cetirizine,10's,10,0.0,False,,Anti-Histaminic,Jan Aushadhi (PMBJP) product and MRP list,https://janaushadhi.gov.in/product-portfolio/product-mrp-list,Exported from the site's own Download Files button. Direct API calls to port 8443 return 500 from outside the browser.,False,,2026-08-06T05:37:19+00:00
2492,Metoprolol Succinate 25mg (Extended Release) and Amlodipine Besilate 2.5mg Tablets IP,Metoprolol Succinate,10's,10,11.25,True,1.125,Cardiovascular System (CVS),Jan Aushadhi (PMBJP) product and MRP list,https://janaushadhi.gov.in/product-portfolio/product-mrp-list,Exported from the site's own Download Files button. Direct API calls to port 8443 return 500 from outside the browser.,False,,2026-08-06T05:37:19+00:00
2493,Povidone- Iodine Solution IP 10 % w/v,Povidone Iodine w v,100 ml Bottle,100,46.88,True,0.4688,Antiseptic/Disinfectants,Jan Aushadhi (PMBJP) product and MRP list,https://janaushadhi.gov.in/product-portfolio/product-mrp-list,Exported from the site's own Download Files button. Direct API calls to port 8443 return 500 from outside the browser.,False,,2026-08-06T05:37:19+00:00
2494,Rosuvastatin 20mg and Aspirin 75mg Capsules,Rosuvastatin,10's,10,37.5,True,3.75,Cardiovascular System (CVS),Jan Aushadhi (PMBJP) product and MRP list,https://janaushadhi.gov.in/product-portfolio/product-mrp-list,Exported from the site's own Download Files button. Direct API calls to port 8443 return 500 from outside the browser.,False,,2026-08-06T05:37:19+00:00
2495,Telmisartan 80mg and Chlorthalidone 12.5mg Tablets,Telmisartan,10's,10,28.13,True,2.813,Cardiovascular System (CVS),Jan Aushadhi (PMBJP) product and MRP list,https://janaushadhi.gov.in/product-portfolio/product-mrp-list,Exported from the site's own Download Files button. Direct API calls to port 8443 return 500 from outside the browser.,False,,2026-08-06T05:37:19+00:00
2496,Pantoprazole 40mg and Domperidone 10mg Capsules,Pantoprazole,10's,10,0.0,False,,Gastrointestinal (GIT),Jan Aushadhi (PMBJP) product and MRP list,https://janaushadhi.gov.in/product-portfolio/product-mrp-list,Exported from the site's own Download Files button. Direct API calls to port 8443 return 500 from outside the browser.,False,,2026-08-06T05:37:19+00:00
2497,Dapagliflozin 5mg and Metformin Hydrochloride (Extended Release) 500mg Tablets,Dapagliflozin,10's,10,28.13,True,2.813,Anti-Diabetic,Jan Aushadhi (PMBJP) product and MRP list,https://janaushadhi.gov.in/product-portfolio/product-mrp-list,Exported from the site's own Download Files button. Direct API calls to port 8443 return 500 from outside the browser.,False,,2026-08-06T05:37:19+00:00
2498,Clozapine tablets IP 200mg,Clozapine,10's,10,75.0,True,7.5,Central Nervous System (CNS),Jan Aushadhi (PMBJP) product and MRP list,https://janaushadhi.gov.in/product-portfolio/product-mrp-list,Exported from the site's own Download Files button. Direct API calls to port 8443 return 500 from outside the browser.,False,,2026-08-06T05:37:19+00:00
2499,"Aceclofenac 1.00% w/w, Menthol 5.00% w/w Spray",Aceclofenac w w Menthol w w Spray,100ml,,0.0,False,,Analgesic/Antipyretic/Anti-Inflammatory,Jan Aushadhi (PMBJP) product and MRP list,https://janaushadhi.gov.in/product-portfolio/product-mrp-list,Exported from the site's own Download Files button. Direct API calls to port 8443 return 500 from outside the browser.,False,,2026-08-06T05:37:19+00:00
2500,"Aceclofenac 1.5% w/w gel, 30g",Aceclofenac w w,30g,,0.0,False,,Analgesic/Antipyretic/Anti-Inflammatory,Jan Aushadhi (PMBJP) product and MRP list,https://janaushadhi.gov.in/product-portfolio/product-mrp-list,Exported from the site's own Download Files button. Direct API calls to port 8443 return 500 from outside the browser.,False,,2026-08-06T05:37:19+00:00
2501,Ambrisentan Tablets 10mg,Ambrisentan,10's,10,0.0,False,,Cardiovascular System (CVS),Jan Aushadhi (PMBJP) product and MRP list,https://janaushadhi.gov.in/product-portfolio/product-mrp-list,Exported from the site's own Download Files button. Direct API calls to port 8443 return 500 from outside the browser.,False,,2026-08-06T05:37:19+00:00
2502,Ambrisentan Tablets 5mg,Ambrisentan,10's,10,0.0,False,,Cardiovascular System (CVS),Jan Aushadhi (PMBJP) product and MRP list,https://janaushadhi.gov.in/product-portfolio/product-mrp-list,Exported from the site's own Download Files button. Direct API calls to port 8443 return 500 from outside the browser.,False,,2026-08-06T05:37:19+00:00
2503,Janaushadhi Antiseptic Bandage Spray (Cetrimide 0.10% w/w with Lidocaine 1.0% w/w Spray),Janaushadhi Antiseptic Bandage Spray Cetrimide w w with Lidocaine w w Spray,50ml,,0.0,False,,Antiseptic/Disinfectants,Jan Aushadhi (PMBJP) product and MRP list,https://janaushadhi.gov.in/product-portfolio/product-mrp-list,Exported from the site's own Download Files button. Direct API calls to port 8443 return 500 from outside the browser.,False,,2026-08-06T05:37:19+00:00
2504,Azilsartan Medoxomil Tablets 20mg,Azilsartan Medoxomil,10's,10,0.0,False,,Cardiovascular System (CVS),Jan Aushadhi (PMBJP) product and MRP list,https://janaushadhi.gov.in/product-portfolio/product-mrp-list,Exported from the site's own Download Files button. Direct API calls to port 8443 return 500 from outside the browser.,False,,2026-08-06T05:37:19+00:00
2505,Azilsartan Medoxomil Tablets 80mg,Azilsartan Medoxomil,10's,10,103.13,True,10.313,Cardiovascular System (CVS),Jan Aushadhi (PMBJP) product and MRP list,https://janaushadhi.gov.in/product-portfolio/product-mrp-list,Exported from the site's own Download Files button. Direct API calls to port 8443 return 500 from outside the browser.,False,,2026-08-06T05:37:19+00:00
2506,Benzoic acid 6% w/w and Salicylic acid 3% w/w IP Ointment,Benzoic acid w w and Salicylic acid w w,15g in Mono-carton,,12.19,True,,Dermatology/Topical/External,Jan Aushadhi (PMBJP) product and MRP list,https://janaushadhi.gov.in/product-portfolio/product-mrp-list,Exported from the site's own Download Files button. Direct API calls to port 8443 return 500 from outside the browser.,False,,2026-08-06T05:37:19+00:00
2507,Betamethasone Sodium Phosphate 0.1% w/v and Neomycin Sulphate 0.5% w/v Eye/Ear Drops,Betamethasone Sodium Phosphate w v and Neomycin Sulphate w v Eye Ear,5ml in Mono-carton,,0.0,False,,Opthalmic/Otic,Jan Aushadhi (PMBJP) product and MRP list,https://janaushadhi.gov.in/product-portfolio/product-mrp-list,Exported from the site's own Download Files button. Direct API calls to port 8443 return 500 from outside the browser.,False,,2026-08-06T05:37:19+00:00
2508,Betamethasone Sodium Phosphate 0.1% w/v and Ofloxacin 0.3% w/v Eye/Ear Drops,Betamethasone Sodium Phosphate w v and Ofloxacin w v Eye Ear,10ml in Mono-carton,,0.0,False,,Opthalmic/Otic,Jan Aushadhi (PMBJP) product and MRP list,https://janaushadhi.gov.in/product-portfolio/product-mrp-list,Exported from the site's own Download Files button. Direct API calls to port 8443 return 500 from outside the browser.,False,,2026-08-06T05:37:19+00:00
2509,Bilastine 10mg and Montelukast 4mg Orodispersible Tablets,Bilastine,10's,10,35.63,True,3.563,Respiratory,Jan Aushadhi (PMBJP) product and MRP list,https://janaushadhi.gov.in/product-portfolio/product-mrp-list,Exported from the site's own Download Files button. Direct API calls to port 8443 return 500 from outside the browser.,False,,2026-08-06T05:37:19+00:00
2510,Janaushadhi Burn Relief Spray (Lidocaine 3% w/w and Benzethonium 0.20% w/w Spray),Janaushadhi Burn Relief Spray Lidocaine w w and Benzethonium w w Spray,50ml,,0.0,False,,Burn Relief,Jan Aushadhi (PMBJP) product and MRP list,https://janaushadhi.gov.in/product-portfolio/product-mrp-list,Exported from the site's own Download Files button. Direct API calls to port 8443 return 500 from outside the browser.,False,,2026-08-06T05:37:19+00:00
2511,"Calamine 8% w/w, Aloe Vera Gel 10% w/w, Light Liquid Paraffin 10% w/w Lotion",Calamine w w Aloe Vera w w Light Liquid Paraffin w w Lotion,100ml,,56.25,True,,Dermatology/Topical/External,Jan Aushadhi (PMBJP) product and MRP list,https://janaushadhi.gov.in/product-portfolio/product-mrp-list,Exported from the site's own Download Files button. Direct API calls to port 8443 return 500 from outside the browser.,False,,2026-08-06T05:37:19+00:00
2512,"Calcium aspartate (500mg), Calcium Orotate (500mg), Calcitriol (0.25mcg), Minerals and Vitamins Tablets",Calcium aspartate,10's,10,56.25,True,5.625,Supplement/Vitamin/Mineral,Jan Aushadhi (PMBJP) product and MRP list,https://janaushadhi.gov.in/product-portfolio/product-mrp-list,Exported from the site's own Download Files button. Direct API calls to port 8443 return 500 from outside the browser.,False,,2026-08-06T05:37:19+00:00
2513,Calcium Citrate and Vitamin D3 Chewable Tablets,Calcium Citrate and Vitamin D Chewable,30's in container,30,32.81,True,1.0937,Supplement/Vitamin/Mineral,Jan Aushadhi (PMBJP) product and MRP list,https://janaushadhi.gov.in/product-portfolio/product-mrp-list,Exported from the site's own Download Files button. Direct API calls to port 8443 return 500 from outside the browser.,False,,2026-08-06T05:37:19+00:00
2514,"Cefixime 200 mg, Cloxacillin 500 mg (ER) and Lactic Acid Bacillus Tablets",Cefixime,10's,10,96.56,True,9.656,Antibiotics,Jan Aushadhi (PMBJP) product and MRP list,https://janaushadhi.gov.in/product-portfolio/product-mrp-list,Exported from the site's own Download Files button. Direct API calls to port 8443 return 500 from outside the browser.,False,,2026-08-06T05:37:19+00:00
2515,"Chlorhexidine Gluconate 0.2% w/v, Sodium Fluoride 0.05% w/v and Zinc Chloride 0.09% w/v Mouthwash (Sugar Free)",Chlorhexidine Gluconate w v Sodium Fluoride w v and Zinc Chloride w v Mouthwash Sugar Free,150ml,,37.5,True,,Stomatologicals,Jan Aushadhi (PMBJP) product and MRP list,https://janaushadhi.gov.in/product-portfolio/product-mrp-list,Exported from the site's own Download Files button. Direct API calls to port 8443 return 500 from outside the browser.,False,,2026-08-06T05:37:19+00:00
2516,"Chloroxylenol 4.80% w/v, Terpineol 9% v/v, Absolute Alcohol 13.10% v/v Liquid",Chloroxylenol w v Terpineol v v Absolute Alcohol v v Liquid,60ml,,18.75,True,,Antiseptic/Disinfectants,Jan Aushadhi (PMBJP) product and MRP list,https://janaushadhi.gov.in/product-portfolio/product-mrp-list,Exported from the site's own Download Files button. Direct API calls to port 8443 return 500 from outside the browser.,False,,2026-08-06T05:37:19+00:00
2517,Citicoline Syrup 500mg per 5ml,Citicoline,60 ml Bottle,60,0.0,False,,Central Nervous System (CNS),Jan Aushadhi (PMBJP) product and MRP list,https://janaushadhi.gov.in/product-portfolio/product-mrp-list,Exported from the site's own Download Files button. Direct API calls to port 8443 return 500 from outside the browser.,False,,2026-08-06T05:37:19+00:00
2518,Clotrimazole Vaginal Gel 2% w/w,Clotrimazole Vaginal w w,30g in Mono-carton with Applicator,,42.19,True,,Anti-fungal,Jan Aushadhi (PMBJP) product and MRP list,https://janaushadhi.gov.in/product-portfolio/product-mrp-list,Exported from the site's own Download Files button. Direct API calls to port 8443 return 500 from outside the browser.,False,,2026-08-06T05:37:19+00:00
2519,Combi kit of Torasemide 20mg Tablets and Eplerenone 25mg Tablets,Combi kit of Torasemide,20's in Combikit,20,0.0,False,,Urology,Jan Aushadhi (PMBJP) product and MRP list,https://janaushadhi.gov.in/product-portfolio/product-mrp-list,Exported from the site's own Download Files button. Direct API calls to port 8443 return 500 from outside the browser.,False,,2026-08-06T05:37:19+00:00
2520,Combipack of Ambrisentan 5mg and Tadalafil 20mg Tablets,Combipack of Ambrisentan,20's in Combikit,20,0.0,False,,Cardiovascular System (CVS),Jan Aushadhi (PMBJP) product and MRP list,https://janaushadhi.gov.in/product-portfolio/product-mrp-list,Exported from the site's own Download Files button. Direct API calls to port 8443 return 500 from outside the browser.,False,,2026-08-06T05:37:19+00:00
2521,Dapagliflozin 10mg and Sitagliptin 50mg Tablets,Dapagliflozin,10's,10,28.13,True,2.813,Anti-Diabetic,Jan Aushadhi (PMBJP) product and MRP list,https://janaushadhi.gov.in/product-portfolio/product-mrp-list,Exported from the site's own Download Files button. Direct API calls to port 8443 return 500 from outside the browser.,False,,2026-08-06T05:37:19+00:00
2522,"Dapagliflozin 10mg, Sitagliptin 100mg and Metformin Hydrochloride (Extended Release) 1000mg Tablets",Dapagliflozin,10's,10,70.31,True,7.031,Anti-Diabetic,Jan Aushadhi (PMBJP) product and MRP list,https://janaushadhi.gov.in/product-portfolio/product-mrp-list,Exported from the site's own Download Files button. Direct API calls to port 8443 return 500 from outside the browser.,False,,2026-08-06T05:37:19+00:00
2523,"Dapagliflozin 10mg, Sitagliptin 100mg and Metformin Hydrochloride (Extended Release) 500mg Tablets",Dapagliflozin,10's,10,67.5,True,6.75,Anti-Diabetic,Jan Aushadhi (PMBJP) product and MRP list,https://janaushadhi.gov.in/product-portfolio/product-mrp-list,Exported from the site's own Download Files button. Direct API calls to port 8443 return 500 from outside the browser.,False,,2026-08-06T05:37:19+00:00
2524,Dapagliflozin 5mg and Metformin Hydrochloride (Extended Release) 1000mg Tablets,Dapagliflozin,10's,10,32.81,True,3.281,Anti-Diabetic,Jan Aushadhi (PMBJP) product and MRP list,https://janaushadhi.gov.in/product-portfolio/product-mrp-list,Exported from the site's own Download Files button. Direct API calls to port 8443 return 500 from outside the browser.,False,,2026-08-06T05:37:19+00:00
2525,Dapagliflozin 5mg and Sitagliptin 100mg Tablets,Dapagliflozin,10's,10,46.88,True,4.688,Anti-Diabetic,Jan Aushadhi (PMBJP) product and MRP list,https://janaushadhi.gov.in/product-portfolio/product-mrp-list,Exported from the site's own Download Files button. Direct API calls to port 8443 return 500 from outside the browser.,False,,2026-08-06T05:37:19+00:00
2526,Deferasirox Dispersible Tablets 180mg,Deferasirox Dispersible,10's,10,46.88,True,4.688,Iron-Chelating Agents,Jan Aushadhi (PMBJP) product and MRP list,https://janaushadhi.gov.in/product-portfolio/product-mrp-list,Exported from the site's own Download Files button. Direct API calls to port 8443 return 500 from outside the browser.,False,,2026-08-06T05:37:19+00:00
2527,Deferasirox Dispersible Tablets 250mg,Deferasirox Dispersible,30's,30,65.63,True,2.1877,Iron-Chelating Agents,Jan Aushadhi (PMBJP) product and MRP list,https://janaushadhi.gov.in/product-portfolio/product-mrp-list,Exported from the site's own Download Files button. Direct API calls to port 8443 return 500 from outside the browser.,False,,2026-08-06T05:37:19+00:00
2528,Deferasirox Dispersible Tablets 360mg,Deferasirox Dispersible,10's,10,79.69,True,7.969,Iron-Chelating Agents,Jan Aushadhi (PMBJP) product and MRP list,https://janaushadhi.gov.in/product-portfolio/product-mrp-list,Exported from the site's own Download Files button. Direct API calls to port 8443 return 500 from outside the browser.,False,,2026-08-06T05:37:19+00:00
2529,Deferasirox Dispersible Tablets 400mg,Deferasirox Dispersible,10's,10,90.94,True,9.094,Iron-Chelating Agents,Jan Aushadhi (PMBJP) product and MRP list,https://janaushadhi.gov.in/product-portfolio/product-mrp-list,Exported from the site's own Download Files button. Direct API calls to port 8443 return 500 from outside the browser.,False,,2026-08-06T05:37:19+00:00
2530,Deferasirox Dispersible Tablets 500mg,Deferasirox Dispersible,30's,30,112.5,True,3.75,Iron-Chelating Agents,Jan Aushadhi (PMBJP) product and MRP list,https://janaushadhi.gov.in/product-portfolio/product-mrp-list,Exported from the site's own Download Files button. Direct API calls to port 8443 return 500 from outside the browser.,False,,2026-08-06T05:37:19+00:00
2531,Deferiprone Capsules 250mg,Deferiprone,50's,50,124.69,True,2.4938,Iron-Chelating Agents,Jan Aushadhi (PMBJP) product and MRP list,https://janaushadhi.gov.in/product-portfolio/product-mrp-list,Exported from the site's own Download Files button. Direct API calls to port 8443 return 500 from outside the browser.,False,,2026-08-06T05:37:19+00:00
2532,Deferiprone Capsules 500mg,Deferiprone,50's,50,234.38,True,4.6876,Iron-Chelating Agents,Jan Aushadhi (PMBJP) product and MRP list,https://janaushadhi.gov.in/product-portfolio/product-mrp-list,Exported from the site's own Download Files button. Direct API calls to port 8443 return 500 from outside the browser.,False,,2026-08-06T05:37:19+00:00
2533,Deflazacort oral Suspension 6mg per 5ml,Deflazacort oral,30ml in Mono-carton with measuring cap,,28.13,True,,Steroids & Hormones,Jan Aushadhi (PMBJP) product and MRP list,https://janaushadhi.gov.in/product-portfolio/product-mrp-list,Exported from the site's own Download Files button. Direct API calls to port 8443 return 500 from outside the browser.,False,,2026-08-06T05:37:19+00:00
2534,Denosumab (r-DNA origin) 60mg/ml in Pre-filled Syringe,Denosumab r DNA origin,1ml Pre-filled Syringe in Mono-carton,,4875.0,True,,Ortho,Jan Aushadhi (PMBJP) product and MRP list,https://janaushadhi.gov.in/product-portfolio/product-mrp-list,Exported from the site's own Download Files button. Direct API calls to port 8443 return 500 from outside the browser.,False,,2026-08-06T05:37:19+00:00
2535,Diclofenac 200mg Transdermal patch,Diclofenac,10's in Mono-carton,10,0.0,False,,Analgesic/Antipyretic/Anti-Inflammatory,Jan Aushadhi (PMBJP) product and MRP list,https://janaushadhi.gov.in/product-portfolio/product-mrp-list,Exported from the site's own Download Files button. Direct API calls to port 8443 return 500 from outside the browser.,False,,2026-08-06T05:37:19+00:00
2536,"Diclofenac Diethylamine 1.16% w/w, Sesame oil 2.5% w/w, Linseed oil 0.5% w/w, Methyl Salicylate 10% w/w & Menthol 5% w/w Gel",Diclofenac Diethylamine w w Sesame oil w w Linseed oil w w Methyl Salicylate w w Menthol w w,30g in Mono-carton,,0.0,False,,Analgesic/Antipyretic/Anti-Inflammatory,Jan Aushadhi (PMBJP) product and MRP list,https://janaushadhi.gov.in/product-portfolio/product-mrp-list,Exported from the site's own Download Files button. Direct API calls to port 8443 return 500 from outside the browser.,False,,2026-08-06T05:37:19+00:00
2537,"Diclofenac Sodium 2% w/v, Methyl Salicylate 10% w/v, Menthol 5%, Absolute alcohol 10% v/v Spray",Diclofenac Sodium w v Methyl Salicylate w v Menthol Absolute alcohol v v Spray,50ml,,0.0,False,,Analgesic/Antipyretic/Anti-Inflammatory,Jan Aushadhi (PMBJP) product and MRP list,https://janaushadhi.gov.in/product-portfolio/product-mrp-list,Exported from the site's own Download Files button. Direct API calls to port 8443 return 500 from outside the browser.,False,,2026-08-06T05:37:19+00:00
2538,Diclofenac Sodium 50mg and Thiocolchicoside 4mg Tablets,Diclofenac Sodium,10's,10,44.06,True,4.406,Analgesic/Antipyretic/Anti-Inflammatory,Jan Aushadhi (PMBJP) product and MRP list,https://janaushadhi.gov.in/product-portfolio/product-mrp-list,Exported from the site's own Download Files button. Direct API calls to port 8443 return 500 from outside the browser.,False,,2026-08-06T05:37:19+00:00
2539,Diclofenac Sodium 50mg and Thiocolchicoside 8mg Tablets,Diclofenac Sodium,10's,10,56.25,True,5.625,Analgesic/Antipyretic/Anti-Inflammatory,Jan Aushadhi (PMBJP) product and MRP list,https://janaushadhi.gov.in/product-portfolio/product-mrp-list,Exported from the site's own Download Files button. Direct API calls to port 8443 return 500 from outside the browser.,False,,2026-08-06T05:37:19+00:00
2540,Drotaverine Hydrochloride Injection 40mg per 2ml,Drotaverine Hydrochloride,2ml Ampoule,,9.38,True,,Gastrointestinal (GIT),Jan Aushadhi (PMBJP) product and MRP list,https://janaushadhi.gov.in/product-portfolio/product-mrp-list,Exported from the site's own Download Files button. Direct API calls to port 8443 return 500 from outside the browser.,False,,2026-08-06T05:37:19+00:00
2541,Duloxetin Hydrochloride (Delayed Release) 20mg and Mecobalamin 1.5mg Capsules,Duloxetin Hydrochloride Delayed Release,10's,10,0.0,False,,Central Nervous System (CNS),Jan Aushadhi (PMBJP) product and MRP list,https://janaushadhi.gov.in/product-portfolio/product-mrp-list,Exported from the site's own Download Files button. Direct API calls to port 8443 return 500 from outside the browser.,False,,2026-08-06T05:37:19+00:00
2542,Duloxetin Hydrochloride (Delayed Release) 30mg and Mecobalamin 1.5mg Capsules,Duloxetin Hydrochloride Delayed Release,10's,10,0.0,False,,Central Nervous System (CNS),Jan Aushadhi (PMBJP) product and MRP list,https://janaushadhi.gov.in/product-portfolio/product-mrp-list,Exported from the site's own Download Files button. Direct API calls to port 8443 return 500 from outside the browser.,False,,2026-08-06T05:37:19+00:00
2543,Ebastine 10mg and Phenylephrine 10mg Tablets,Ebastine,10's,10,0.0,False,,Respiratory,Jan Aushadhi (PMBJP) product and MRP list,https://janaushadhi.gov.in/product-portfolio/product-mrp-list,Exported from the site's own Download Files button. Direct API calls to port 8443 return 500 from outside the browser.,False,,2026-08-06T05:37:19+00:00
2544,Efonidipine Hydrochloride Ethanolate 20mg Tablets,Efonidipine Hydrochloride Ethanolate,10's,10,0.0,False,,Cardiovascular System (CVS),Jan Aushadhi (PMBJP) product and MRP list,https://janaushadhi.gov.in/product-portfolio/product-mrp-list,Exported from the site's own Download Files button. Direct API calls to port 8443 return 500 from outside the browser.,False,,2026-08-06T05:37:19+00:00
2545,Efonidipine Hydrochloride Ethanolate 40mg Tablets,Efonidipine Hydrochloride Ethanolate,10's,10,70.31,True,7.031,Cardiovascular System (CVS),Jan Aushadhi (PMBJP) product and MRP list,https://janaushadhi.gov.in/product-portfolio/product-mrp-list,Exported from the site's own Download Files button. Direct API calls to port 8443 return 500 from outside the browser.,False,,2026-08-06T05:37:19+00:00
2546,Empagliflozin 25mg and Linagliptin 5mg Tablets,Empagliflozin,10's,10,0.0,False,,Anti-Diabetic,Jan Aushadhi (PMBJP) product and MRP list,https://janaushadhi.gov.in/product-portfolio/product-mrp-list,Exported from the site's own Download Files button. Direct API calls to port 8443 return 500 from outside the browser.,False,,2026-08-06T05:37:19+00:00
2547,Entacapone Tablets IP 200mg,Entacapone,10's,10,0.0,False,,Central Nervous System (CNS),Jan Aushadhi (PMBJP) product and MRP list,https://janaushadhi.gov.in/product-portfolio/product-mrp-list,Exported from the site's own Download Files button. Direct API calls to port 8443 return 500 from outside the browser.,False,,2026-08-06T05:37:19+00:00
2548,Eplerenone 50mg Tablets,Eplerenone,10's,10,234.38,True,23.438,Cardiovascular System (CVS),Jan Aushadhi (PMBJP) product and MRP list,https://janaushadhi.gov.in/product-portfolio/product-mrp-list,Exported from the site's own Download Files button. Direct API calls to port 8443 return 500 from outside the browser.,False,,2026-08-06T05:37:19+00:00
2549,Etizolam 0.5mg and Escitalopram Oxalate 10mg Tablets,Etizolam,10's,10,18.75,True,1.875,Central Nervous System (CNS),Jan Aushadhi (PMBJP) product and MRP list,https://janaushadhi.gov.in/product-portfolio/product-mrp-list,Exported from the site's own Download Files button. Direct API calls to port 8443 return 500 from outside the browser.,False,,2026-08-06T05:37:19+00:00
2550,Etizolam 0.5mg and Escitalopram Oxalate 5mg Tablets,Etizolam,10's,10,14.06,True,1.406,Central Nervous System (CNS),Jan Aushadhi (PMBJP) product and MRP list,https://janaushadhi.gov.in/product-portfolio/product-mrp-list,Exported from the site's own Download Files button. Direct API calls to port 8443 return 500 from outside the browser.,False,,2026-08-06T05:37:19+00:00
2551,Etizolam Controlled release Tablets IP 1.5mg,Etizolam Controlled release,10's,10,0.0,False,,Central Nervous System (CNS),Jan Aushadhi (PMBJP) product and MRP list,https://janaushadhi.gov.in/product-portfolio/product-mrp-list,Exported from the site's own Download Files button. Direct API calls to port 8443 return 500 from outside the browser.,False,,2026-08-06T05:37:19+00:00
2552,Etoricoxib 60mg and Pregabalin 75mg (SR) Tablets,Etoricoxib,10's,10,37.5,True,3.75,Central Nervous System (CNS),Jan Aushadhi (PMBJP) product and MRP list,https://janaushadhi.gov.in/product-portfolio/product-mrp-list,Exported from the site's own Download Files button. Direct API calls to port 8443 return 500 from outside the browser.,False,,2026-08-06T05:37:19+00:00
2553,Feracrylum 1% w/w Gel,Feracrylum w w,15g in Mono-carton,,93.75,True,,Dermatology/Topical/External,Jan Aushadhi (PMBJP) product and MRP list,https://janaushadhi.gov.in/product-portfolio/product-mrp-list,Exported from the site's own Download Files button. Direct API calls to port 8443 return 500 from outside the browser.,False,,2026-08-06T05:37:19+00:00
2554,"Feracrylum 3% w/w, Centbucridine 0.5% w/w Gel",Feracrylum w w Centbucridine w w,20g in Mono-carton,,44.77,True,,Hemorrhoids & Anal fissures,Jan Aushadhi (PMBJP) product and MRP list,https://janaushadhi.gov.in/product-portfolio/product-mrp-list,Exported from the site's own Download Files button. Direct API calls to port 8443 return 500 from outside the browser.,False,,2026-08-06T05:37:19+00:00
2555,Ferric Carboxymaltose Injection 50mg/ml,Ferric Carboxymaltose,10ml Vial,,421.88,True,,Supplement/Vitamin/Mineral,Jan Aushadhi (PMBJP) product and MRP list,https://janaushadhi.gov.in/product-portfolio/product-mrp-list,Exported from the site's own Download Files button. Direct API calls to port 8443 return 500 from outside the browser.,False,,2026-08-06T05:37:19+00:00
2556,Fluconazole Dusting Powder 2% w/w,Fluconazole Dusting w w,30g,,0.0,False,,Anti-Fungal,Jan Aushadhi (PMBJP) product and MRP list,https://janaushadhi.gov.in/product-portfolio/product-mrp-list,Exported from the site's own Download Files button. Direct API calls to port 8443 return 500 from outside the browser.,False,,2026-08-06T05:37:19+00:00
2557,"Fluocinolone acetonide 0.01% w/w, Miconazole 2% w/w and Neomycin 0.5% w/w ointment, 10g",Fluocinolone acetonide w w Miconazole w w and Neomycin w w,15g,,0.0,False,,Dermatology/Topical/External,Jan Aushadhi (PMBJP) product and MRP list,https://janaushadhi.gov.in/product-portfolio/product-mrp-list,Exported from the site's own Download Files button. Direct API calls to port 8443 return 500 from outside the browser.,False,,2026-08-06T05:37:19+00:00
2558,"Janaushadhi Footcare Cream (Urea 10% w/w, Lactic acid 10% w/w, Propylene Glycol 10% w/w, Light Liquid Paraffin 10% w/w)",Janaushadhi Footcare Urea w w Lactic acid w w Propylene Glycol w w Light Liquid Paraffin w w,50g,,32.81,True,,Footcare Cream,Jan Aushadhi (PMBJP) product and MRP list,https://janaushadhi.gov.in/product-portfolio/product-mrp-list,Exported from the site's own Download Files button. Direct API calls to port 8443 return 500 from outside the browser.,False,,2026-08-06T05:37:19+00:00
2559,Frusemide 40mg and Amiloride 5mg Tablets,Frusemide,10's,10,0.0,False,,Urology,Jan Aushadhi (PMBJP) product and MRP list,https://janaushadhi.gov.in/product-portfolio/product-mrp-list,Exported from the site's own Download Files button. Direct API calls to port 8443 return 500 from outside the browser.,False,,2026-08-06T05:37:19+00:00
2560,Frusemide 40mg and Potassium Chloride 600mg (CR) Tablets,Frusemide,10's,10,0.0,False,,Urology,Jan Aushadhi (PMBJP) product and MRP list,https://janaushadhi.gov.in/product-portfolio/product-mrp-list,Exported from the site's own Download Files button. Direct API calls to port 8443 return 500 from outside the browser.,False,,2026-08-06T05:37:19+00:00
2561,Gabapentin 200mg and Nortriptyline 10mg Tablets,Gabapentin,10's,10,18.75,True,1.875,Central Nervous System (CNS),Jan Aushadhi (PMBJP) product and MRP list,https://janaushadhi.gov.in/product-portfolio/product-mrp-list,Exported from the site's own Download Files button. Direct API calls to port 8443 return 500 from outside the browser.,False,,2026-08-06T05:37:19+00:00
2562,"Gabapentin 6% w/w, Lignocaine 5% w/w and Baclofen 2% w/w gel",Gabapentin w w Lignocaine w w and Baclofen w w,30g,,60.94,True,,Central Nervous System (CNS),Jan Aushadhi (PMBJP) product and MRP list,https://janaushadhi.gov.in/product-portfolio/product-mrp-list,Exported from the site's own Download Files button. Direct API calls to port 8443 return 500 from outside the browser.,False,,2026-08-06T05:37:19+00:00
2563,"Hydroquinone 2% w/w, Tretinoin 0.05% w/w and Fluocinolone acetonide 0.01% w/w Cream",Hydroquinone w w Tretinoin w w and Fluocinolone acetonide w w,20g,,0.0,False,,Dermatology/Topical/External,Jan Aushadhi (PMBJP) product and MRP list,https://janaushadhi.gov.in/product-portfolio/product-mrp-list,Exported from the site's own Download Files button. Direct API calls to port 8443 return 500 from outside the browser.,False,,2026-08-06T05:37:19+00:00
2564,"Hydroquinone 4% w/w, Tretinoin 0.05% w/w and Fluocinolone acetonide 0.01% w/w cream, 20g",Hydroquinone w w Tretinoin w w and Fluocinolone acetonide w w,15g in Mono-carton,,0.0,False,,Dermatology/Topical/External,Jan Aushadhi (PMBJP) product and MRP list,https://janaushadhi.gov.in/product-portfolio/product-mrp-list,Exported from the site's own Download Files button. Direct API calls to port 8443 return 500 from outside the browser.,False,,2026-08-06T05:37:19+00:00
2565,Hydroxyzine Hydrochloride Drops 6mg per ml,Hydroxyzine Hydrochloride,15ml in Mono-carton with screw dropper,,18.75,True,,Anti-Histaminic,Jan Aushadhi (PMBJP) product and MRP list,https://janaushadhi.gov.in/product-portfolio/product-mrp-list,Exported from the site's own Download Files button. Direct API calls to port 8443 return 500 from outside the browser.,False,,2026-08-06T05:37:19+00:00
2566,Hydroxyzine Hydrochloride Syrup 10mg per 5ml,Hydroxyzine Hydrochloride,100ml with measuring cap,,23.44,True,,Anti-Histaminic,Jan Aushadhi (PMBJP) product and MRP list,https://janaushadhi.gov.in/product-portfolio/product-mrp-list,Exported from the site's own Download Files button. Direct API calls to port 8443 return 500 from outside the browser.,False,,2026-08-06T05:37:19+00:00
2567,Ibuprofen Oral Suspension 100mg/5ml,Ibuprofen Oral,100ml,,11.25,True,,Analgesic/Antipyretic/Anti-Inflammatory,Jan Aushadhi (PMBJP) product and MRP list,https://janaushadhi.gov.in/product-portfolio/product-mrp-list,Exported from the site's own Download Files button. Direct API calls to port 8443 return 500 from outside the browser.,False,,2026-08-06T05:37:19+00:00
2568,Iguratimod Tablets 25mg,Iguratimod,10's,10,93.75,True,9.375,Ortho,Jan Aushadhi (PMBJP) product and MRP list,https://janaushadhi.gov.in/product-portfolio/product-mrp-list,Exported from the site's own Download Files button. Direct API calls to port 8443 return 500 from outside the browser.,False,,2026-08-06T05:37:19+00:00
2569,Ilaprazole (gastro-resistant) 10mg and Domperidone (Prolonged release) 30mg capsules,Ilaprazole gastro resistant,10's,10,32.81,True,3.281,Gastrointestinal (GIT),Jan Aushadhi (PMBJP) product and MRP list,https://janaushadhi.gov.in/product-portfolio/product-mrp-list,Exported from the site's own Download Files button. Direct API calls to port 8443 return 500 from outside the browser.,False,,2026-08-06T05:37:19+00:00
2570,Imeglimin Hydrochloride Tablets 1000mg,Imeglimin Hydrochloride,10's,10,0.0,False,,Anti-Diabetic,Jan Aushadhi (PMBJP) product and MRP list,https://janaushadhi.gov.in/product-portfolio/product-mrp-list,Exported from the site's own Download Files button. Direct API calls to port 8443 return 500 from outside the browser.,False,,2026-08-06T05:37:19+00:00
2571,Imeglimin Hydrochloride Tablets 500mg,Imeglimin Hydrochloride,10's,10,55.31,True,5.531,Anti-Diabetic,Jan Aushadhi (PMBJP) product and MRP list,https://janaushadhi.gov.in/product-portfolio/product-mrp-list,Exported from the site's own Download Files button. Direct API calls to port 8443 return 500 from outside the browser.,False,,2026-08-06T05:37:19+00:00
2572,Indacaterol 150mcg and Mometasone Furoate 160mcg Powder for Inhalation,Indacaterol,15's in Bottle with Mono-carton,15,0.0,False,,Respiratory,Jan Aushadhi (PMBJP) product and MRP list,https://janaushadhi.gov.in/product-portfolio/product-mrp-list,Exported from the site's own Download Files button. Direct API calls to port 8443 return 500 from outside the browser.,False,,2026-08-06T05:37:19+00:00
2573,Indacaterol 150mcg and Mometasone Furoate 320mcg Powder for Inhalation,Indacaterol,15's in Bottle with Mono-carton,15,0.0,False,,Respiratory,Jan Aushadhi (PMBJP) product and MRP list,https://janaushadhi.gov.in/product-portfolio/product-mrp-list,Exported from the site's own Download Files button. Direct API calls to port 8443 return 500 from outside the browser.,False,,2026-08-06T05:37:19+00:00
2574,Indacaterol 150mcg and Mometasone Furoate 80mcg Powder for Inhalation,Indacaterol,15's in Bottle with Mono-carton,15,0.0,False,,Respiratory,Jan Aushadhi (PMBJP) product and MRP list,https://janaushadhi.gov.in/product-portfolio/product-mrp-list,Exported from the site's own Download Files button. Direct API calls to port 8443 return 500 from outside the browser.,False,,2026-08-06T05:37:19+00:00
2575,Ipratropium Bromide Inhaler 20mcg,Ipratropium Bromide Inhaler,200 MDI,200,0.0,False,,Respiratory,Jan Aushadhi (PMBJP) product and MRP list,https://janaushadhi.gov.in/product-portfolio/product-mrp-list,Exported from the site's own Download Files button. Direct API calls to port 8443 return 500 from outside the browser.,False,,2026-08-06T05:37:19+00:00
2576,Itraconazole Dusting Powder 1% w/w,Itraconazole Dusting w w,30g,,0.0,False,,Anti-Fungal,Jan Aushadhi (PMBJP) product and MRP list,https://janaushadhi.gov.in/product-portfolio/product-mrp-list,Exported from the site's own Download Files button. Direct API calls to port 8443 return 500 from outside the browser.,False,,2026-08-06T05:37:19+00:00
2577,Ivermectin 1.5mg and Albendazole 200mg Oral Suspension,Ivermectin,10ml in Mono-carton,,9.38,True,,Anthelmintic,Jan Aushadhi (PMBJP) product and MRP list,https://janaushadhi.gov.in/product-portfolio/product-mrp-list,Exported from the site's own Download Files button. Direct API calls to port 8443 return 500 from outside the browser.,False,,2026-08-06T05:37:19+00:00
2578,Ketoconazole 2% w/v and Zinc Pyrithione 1% w/v Shampoo,Ketoconazole w v and Zinc Pyrithione w v Shampoo,100ml,,75.0,True,,Derma Care,Jan Aushadhi (PMBJP) product and MRP list,https://janaushadhi.gov.in/product-portfolio/product-mrp-list,Exported from the site's own Download Files button. Direct API calls to port 8443 return 500 from outside the browser.,False,,2026-08-06T05:37:19+00:00
2579,Ketoconazole Dusting Powder 2% w/w,Ketoconazole Dusting w w,30g,,26.25,True,,Anti-Fungal,Jan Aushadhi (PMBJP) product and MRP list,https://janaushadhi.gov.in/product-portfolio/product-mrp-list,Exported from the site's own Download Files button. Direct API calls to port 8443 return 500 from outside the browser.,False,,2026-08-06T05:37:19+00:00
2580,Ketoprofen 2.5% Gel,Ketoprofen,30g in Mono-carton,,0.0,False,,Analgesic/Antipyretic/Anti-Inflammatory,Jan Aushadhi (PMBJP) product and MRP list,https://janaushadhi.gov.in/product-portfolio/product-mrp-list,Exported from the site's own Download Files button. Direct API calls to port 8443 return 500 from outside the browser.,False,,2026-08-06T05:37:19+00:00
2581,L-Arginine 3g and Proanthocyanidin 75 mg Granules (Sugar Free),L Arginine,6.5g Sachet,,23.44,True,,Supplement/Vitamin/Mineral,Jan Aushadhi (PMBJP) product and MRP list,https://janaushadhi.gov.in/product-portfolio/product-mrp-list,Exported from the site's own Download Files button. Direct API calls to port 8443 return 500 from outside the browser.,False,,2026-08-06T05:37:19+00:00
2582,Latanoprost 50mcg and Timolol Maleate 5mg Opthalmic solution,Latanoprost,2.5ml in Mono-carton,,0.0,False,,Opthalmic/Otic,Jan Aushadhi (PMBJP) product and MRP list,https://janaushadhi.gov.in/product-portfolio/product-mrp-list,Exported from the site's own Download Files button. Direct API calls to port 8443 return 500 from outside the browser.,False,,2026-08-06T05:37:19+00:00
2583,Leucovorin Calcium Tablets IP 15mg,Leucovorin Calcium,10's,10,0.0,False,,Antidote,Jan Aushadhi (PMBJP) product and MRP list,https://janaushadhi.gov.in/product-portfolio/product-mrp-list,Exported from the site's own Download Files button. Direct API calls to port 8443 return 500 from outside the browser.,False,,2026-08-06T05:37:19+00:00
2584,Levetiracetam Prolonged Release Tablets IP 1000mg,Levetiracetam Prolonged Release,10's,10,117.19,True,11.719,Central Nervous System (CNS),Jan Aushadhi (PMBJP) product and MRP list,https://janaushadhi.gov.in/product-portfolio/product-mrp-list,Exported from the site's own Download Files button. Direct API calls to port 8443 return 500 from outside the browser.,False,,2026-08-06T05:37:19+00:00
2585,"Levocetirizine Dihydrochloride 5mg, Montelukast 10mg and Ambroxol Hydrochloride (SR) 75mg Tablets",Levocetirizine Dihydrochloride,10's,10,32.81,True,3.281,Respiratory,Jan Aushadhi (PMBJP) product and MRP list,https://janaushadhi.gov.in/product-portfolio/product-mrp-list,Exported from the site's own Download Files button. Direct API calls to port 8443 return 500 from outside the browser.,False,,2026-08-06T05:37:19+00:00
2586,Levocloperastine 20mg and Chlorpheniramine Maleate 4mg per 5ml Oral suspension.,Levocloperastine,100ml with measuring cap in Mono-carton,,60.94,True,,Respiratory,Jan Aushadhi (PMBJP) product and MRP list,https://janaushadhi.gov.in/product-portfolio/product-mrp-list,Exported from the site's own Download Files button. Direct API calls to port 8443 return 500 from outside the browser.,False,,2026-08-06T05:37:19+00:00
2587,Levocloperastine Oral Suspension 20mg per 5ml,Levocloperastine Oral,100ml,,56.25,True,,Respiratory,Jan Aushadhi (PMBJP) product and MRP list,https://janaushadhi.gov.in/product-portfolio/product-mrp-list,Exported from the site's own Download Files button. Direct API calls to port 8443 return 500 from outside the browser.,False,,2026-08-06T05:37:19+00:00
2588,"Levodopa 100mg , Carbidopa 25mg and Entacapone 200mg Tablets IP",Levodopa,10's,10,0.0,False,,Central Nervous System (CNS),Jan Aushadhi (PMBJP) product and MRP list,https://janaushadhi.gov.in/product-portfolio/product-mrp-list,Exported from the site's own Download Files button. Direct API calls to port 8443 return 500 from outside the browser.,False,,2026-08-06T05:37:19+00:00
2589,"Levodopa 150mg , Carbidopa 37.5mg and Entacapone 200mg Tablets IP",Levodopa,10's,10,0.0,False,,Central Nervous System (CNS),Jan Aushadhi (PMBJP) product and MRP list,https://janaushadhi.gov.in/product-portfolio/product-mrp-list,Exported from the site's own Download Files button. Direct API calls to port 8443 return 500 from outside the browser.,False,,2026-08-06T05:37:19+00:00
2590,"Levodopa 50mg, Carbidopa 12.5mg and Entacapone 200mg Tablets IP",Levodopa,10's,10,0.0,False,,Central Nervous System (CNS),Jan Aushadhi (PMBJP) product and MRP list,https://janaushadhi.gov.in/product-portfolio/product-mrp-list,Exported from the site's own Download Files button. Direct API calls to port 8443 return 500 from outside the browser.,False,,2026-08-06T05:37:19+00:00
2591,Lignocaine (Lidocaine) Hydrochloride 1.5% w/w and Nifedipine 0.3% w/w Cream,Lignocaine Lidocaine Hydrochloride w w and Nifedipine w w,30g,,75.0,True,,Anaesthetics,Jan Aushadhi (PMBJP) product and MRP list,https://janaushadhi.gov.in/product-portfolio/product-mrp-list,Exported from the site's own Download Files button. Direct API calls to port 8443 return 500 from outside the browser.,False,,2026-08-06T05:37:19+00:00
2592,Lignocaine (Lidocaine) Hydrochloride 2.5% w/w and Prilocaine 2.5% w/w Gel,Lignocaine Lidocaine Hydrochloride w w and Prilocaine w w,30g,,0.0,False,,Anaesthetics,Jan Aushadhi (PMBJP) product and MRP list,https://janaushadhi.gov.in/product-portfolio/product-mrp-list,Exported from the site's own Download Files button. Direct API calls to port 8443 return 500 from outside the browser.,False,,2026-08-06T05:37:19+00:00
2594,"Lignocaine 4% w/w, Metronidazole 1% w/w and Sucralfate 7% w/w Cream",Lignocaine w w Metronidazole w w and Sucralfate w w,20g,,32.81,True,,Hemorrhoids & Anal Fissures,Jan Aushadhi (PMBJP) product and MRP list,https://janaushadhi.gov.in/product-portfolio/product-mrp-list,Exported from the site's own Download Files button. Direct API calls to port 8443 return 500 from outside the browser.,False,,2026-08-06T05:37:19+00:00
2595,Linagliptin 2.5mg and Dapagliflozin 10mg Tablets,Linagliptin,10's,10,0.0,False,,Anti-Diabetic,Jan Aushadhi (PMBJP) product and MRP list,https://janaushadhi.gov.in/product-portfolio/product-mrp-list,Exported from the site's own Download Files button. Direct API calls to port 8443 return 500 from outside the browser.,False,,2026-08-06T05:37:19+00:00
2596,Linagliptin 2.5mg and Dapagliflozin 5mg Tablets,Linagliptin,10's,10,0.0,False,,Anti-Diabetic,Jan Aushadhi (PMBJP) product and MRP list,https://janaushadhi.gov.in/product-portfolio/product-mrp-list,Exported from the site's own Download Files button. Direct API calls to port 8443 return 500 from outside the browser.,False,,2026-08-06T05:37:19+00:00
2597,Linagliptin 2.5mg and Metformin 850mg Tablets,Linagliptin,10's,10,33.75,True,3.375,Anti-Diabetic,Jan Aushadhi (PMBJP) product and MRP list,https://janaushadhi.gov.in/product-portfolio/product-mrp-list,Exported from the site's own Download Files button. Direct API calls to port 8443 return 500 from outside the browser.,False,,2026-08-06T05:37:19+00:00
2598,Linagliptin 5mg and Dapagliflozin 10mg Tablets,Linagliptin,10's,10,42.19,True,4.219,Anti-Diabetic,Jan Aushadhi (PMBJP) product and MRP list,https://janaushadhi.gov.in/product-portfolio/product-mrp-list,Exported from the site's own Download Files button. Direct API calls to port 8443 return 500 from outside the browser.,False,,2026-08-06T05:37:19+00:00
2599,Linagliptin 5mg and Dapagliflozin 5mg Tablets,Linagliptin,10's,10,0.0,False,,Anti-Diabetic,Jan Aushadhi (PMBJP) product and MRP list,https://janaushadhi.gov.in/product-portfolio/product-mrp-list,Exported from the site's own Download Files button. Direct API calls to port 8443 return 500 from outside the browser.,False,,2026-08-06T05:37:19+00:00
2601,Lobeglitazone Sulfate Tablets 0.5mg,Lobeglitazone Sulfate,10's,10,46.88,True,4.688,Anti-Diabetic,Jan Aushadhi (PMBJP) product and MRP list,https://janaushadhi.gov.in/product-portfolio/product-mrp-list,Exported from the site's own Download Files button. Direct API calls to port 8443 return 500 from outside the browser.,False,,2026-08-06T05:37:19+00:00
2602,Methotrexate Injection IP 25mg/ml,Methotrexate,1ml Ampoule,,0.0,False,,Oncology,Jan Aushadhi (PMBJP) product and MRP list,https://janaushadhi.gov.in/product-portfolio/product-mrp-list,Exported from the site's own Download Files button. Direct API calls to port 8443 return 500 from outside the browser.,True,indication names oncology,2026-08-06T05:37:19+00:00
2603,Methotrexate Injection IP 50mg/2ml,Methotrexate,2ml Ampoule,,0.0,False,,Oncology,Jan Aushadhi (PMBJP) product and MRP list,https://janaushadhi.gov.in/product-portfolio/product-mrp-list,Exported from the site's own Download Files button. Direct API calls to port 8443 return 500 from outside the browser.,True,indication names oncology,2026-08-06T05:37:19+00:00
2604,Metronidazole 2% w/w and Mupirocin 2% w/w Ointment,Metronidazole w w and Mupirocin w w,5g,,75.0,True,,Dermatology/Topical/External,Jan Aushadhi (PMBJP) product and MRP list,https://janaushadhi.gov.in/product-portfolio/product-mrp-list,Exported from the site's own Download Files button. Direct API calls to port 8443 return 500 from outside the browser.,False,,2026-08-06T05:37:19+00:00
2605,"Miconazole Nitrate 20mg, Mometasone Furoate 1mg and Nadifloxacin 10 mg cream",Miconazole Nitrate,10g,,0.0,False,,Dermatology/Topical/External,Jan Aushadhi (PMBJP) product and MRP list,https://janaushadhi.gov.in/product-portfolio/product-mrp-list,Exported from the site's own Download Files button. Direct API calls to port 8443 return 500 from outside the browser.,False,,2026-08-06T05:37:19+00:00
2606,Molnupiravir Capsules 200mg,Molnupiravir,10's,10,37.5,True,3.75,Covid-19,Jan Aushadhi (PMBJP) product and MRP list,https://janaushadhi.gov.in/product-portfolio/product-mrp-list,Exported from the site's own Download Files button. Direct API calls to port 8443 return 500 from outside the browser.,False,,2026-08-06T05:37:19+00:00
2607,Montelukast Sodium 10mg and Ebastine 10mg Tablets,Montelukast Sodium,10's,10,23.44,True,2.344,Respiratory,Jan Aushadhi (PMBJP) product and MRP list,https://janaushadhi.gov.in/product-portfolio/product-mrp-list,Exported from the site's own Download Files button. Direct API calls to port 8443 return 500 from outside the browser.,False,,2026-08-06T05:37:19+00:00
2608,"Janaushadhi Mouth Ulcer Gel (Choline Salicylate 8.7% w/w, Lignocaine Hydrochloride 2% w/w & Benzalkonium Chloride 0.01% w/w)",Janaushadhi Mouth Ulcer Choline Salicylate w w Lignocaine Hydrochloride w w Benzalkonium Chloride w w,10g,,14.06,True,,Mouth Ulcer Gel,Jan Aushadhi (PMBJP) product and MRP list,https://janaushadhi.gov.in/product-portfolio/product-mrp-list,Exported from the site's own Download Files button. Direct API calls to port 8443 return 500 from outside the browser.,False,,2026-08-06T05:37:19+00:00
2609,Naftifine Hydrochloride Cream 2% w/w,Naftifine Hydrochloride w w,20g in Mono-carton,,89.06,True,,Dermatology/Topical/External,Jan Aushadhi (PMBJP) product and MRP list,https://janaushadhi.gov.in/product-portfolio/product-mrp-list,Exported from the site's own Download Files button. Direct API calls to port 8443 return 500 from outside the browser.,False,,2026-08-06T05:37:19+00:00
2610,"Neomycin Sulphate 3400 Units, Polymyxin B Sulfate 5000 units and Bacitracin Zinc 400 Units Powder",Neomycin Sulphate Units Polymyxin B Sulfate units and Bacitracin Zinc Units,10g,,32.81,True,,Antibiotics,Jan Aushadhi (PMBJP) product and MRP list,https://janaushadhi.gov.in/product-portfolio/product-mrp-list,Exported from the site's own Download Files button. Direct API calls to port 8443 return 500 from outside the browser.,False,,2026-08-06T05:37:19+00:00
2611,Neostigmine Methylsulphate Injection IP 0.5mg/ml,Neostigmine Methylsulphate,5ml Ampoule,,13.13,True,,Central Nervous System (CNS),Jan Aushadhi (PMBJP) product and MRP list,https://janaushadhi.gov.in/product-portfolio/product-mrp-list,Exported from the site's own Download Files button. Direct API calls to port 8443 return 500 from outside the browser.,False,,2026-08-06T05:37:19+00:00
2612,Neostigmine Methylsulphate Injection IP 2.5mg/ml,Neostigmine Methylsulphate,1ml Ampoule,,0.0,False,,Central Nervous System (CNS),Jan Aushadhi (PMBJP) product and MRP list,https://janaushadhi.gov.in/product-portfolio/product-mrp-list,Exported from the site's own Download Files button. Direct API calls to port 8443 return 500 from outside the browser.,False,,2026-08-06T05:37:19+00:00
2613,Nitrofurantoin 50mg Tablets,Nitrofurantoin,10's,10,0.0,False,,Urology,Jan Aushadhi (PMBJP) product and MRP list,https://janaushadhi.gov.in/product-portfolio/product-mrp-list,Exported from the site's own Download Files button. Direct API calls to port 8443 return 500 from outside the browser.,False,,2026-08-06T05:37:19+00:00
2614,Nitrofurantoin Sustained Release Tablets 100mg,Nitrofurantoin Sustained Release,15's,15,28.13,True,1.8753,Urology,Jan Aushadhi (PMBJP) product and MRP list,https://janaushadhi.gov.in/product-portfolio/product-mrp-list,Exported from the site's own Download Files button. Direct API calls to port 8443 return 500 from outside the browser.,False,,2026-08-06T05:37:19+00:00
2615,Norethisterone Acetate Controlled Release Tablets 10mg,Norethisterone Acetate Controlled Release,10's,10,25.31,True,2.531,Gynaecology,Jan Aushadhi (PMBJP) product and MRP list,https://janaushadhi.gov.in/product-portfolio/product-mrp-list,Exported from the site's own Download Files button. Direct API calls to port 8443 return 500 from outside the browser.,False,,2026-08-06T05:37:19+00:00
2616,Ofloxacin 100mg and Metronidazole 200mg per 5ml Oral Suspension,Ofloxacin,60ml in Mono-carton with measuring cap,,32.81,True,,Antibiotics,Jan Aushadhi (PMBJP) product and MRP list,https://janaushadhi.gov.in/product-portfolio/product-mrp-list,Exported from the site's own Download Files button. Direct API calls to port 8443 return 500 from outside the browser.,False,,2026-08-06T05:37:19+00:00
2617,"Janaushadhi Pain Relief Spray (Wintergreen Tel 20% w/w, karpura 10% w/w, turpentine Oil 10% w/w, Nilgiri ka Tel 6% w/w, Pudina ka Phool 4% w/w, Lavang ka Tel 1% w/w, Cinnamon Oil 0.5% w/w)",Janaushadhi Pain Relief Spray Wintergreen Tel w w karpura w w turpentine Oil w w Nilgiri ka Tel w w Pudina ka Phool w w Lavang ka Tel w w Cinnamon Oil w w,50ml,,0.0,False,,Analgesic/Antipyretic/Anti-Inflammatory,Jan Aushadhi (PMBJP) product and MRP list,https://janaushadhi.gov.in/product-portfolio/product-mrp-list,Exported from the site's own Download Files button. Direct API calls to port 8443 return 500 from outside the browser.,False,,2026-08-06T05:37:19+00:00
2618,Panitumumab 100mg Infusion,Panitumumab,5ml Vial,,0.0,False,,Oncology,Jan Aushadhi (PMBJP) product and MRP list,https://janaushadhi.gov.in/product-portfolio/product-mrp-list,Exported from the site's own Download Files button. Direct API calls to port 8443 return 500 from outside the browser.,True,panitumumab is an oncology molecule,2026-08-06T05:37:19+00:00
2619,Panitumumab 400mg Infusion,Panitumumab,20ml Vial,,0.0,False,,Oncology,Jan Aushadhi (PMBJP) product and MRP list,https://janaushadhi.gov.in/product-portfolio/product-mrp-list,Exported from the site's own Download Files button. Direct API calls to port 8443 return 500 from outside the browser.,True,panitumumab is an oncology molecule,2026-08-06T05:37:19+00:00
2620,"Papain 10mg, Fungal Diastase (Alpha Amylase 1:800) 20mg, Caraway oil 2mg, Anise Oil 2mg and Dil oil 2mg Oral Drops",Papain,15ml in Mono-carton with screw dropper,,0.0,False,,Gastrointestinal (GIT),Jan Aushadhi (PMBJP) product and MRP list,https://janaushadhi.gov.in/product-portfolio/product-mrp-list,Exported from the site's own Download Files button. Direct API calls to port 8443 return 500 from outside the browser.,False,,2026-08-06T05:37:19+00:00
2621,Papain 60mg and Fungal Diastase (Alpha Amylase 1:800) 75mg Syrup,Papain,200ml in Mono-carton,,0.0,False,,Gastrointestinal (GIT),Jan Aushadhi (PMBJP) product and MRP list,https://janaushadhi.gov.in/product-portfolio/product-mrp-list,Exported from the site's own Download Files button. Direct API calls to port 8443 return 500 from outside the browser.,False,,2026-08-06T05:37:19+00:00
2622,Potassium Nitrate 5% w/w and Sodium Monofluoro Phosphate 0.7% w/w Toothpaste Gel (Fresh-Mint Flavour),Potassium Nitrate w w and Sodium Monofluoro Phosphate w w Toothpaste Fresh Mint Flavour,100g,,32.81,True,,Stomatologicals,Jan Aushadhi (PMBJP) product and MRP list,https://janaushadhi.gov.in/product-portfolio/product-mrp-list,Exported from the site's own Download Files button. Direct API calls to port 8443 return 500 from outside the browser.,False,,2026-08-06T05:37:19+00:00
2623,Povidone Iodine IP 5% w/w Spray,Povidone Iodine w w Spray,50ml,,0.0,False,,Antiseptic/Disinfectants,Jan Aushadhi (PMBJP) product and MRP list,https://janaushadhi.gov.in/product-portfolio/product-mrp-list,Exported from the site's own Download Files button. Direct API calls to port 8443 return 500 from outside the browser.,False,,2026-08-06T05:37:19+00:00
2624,Quetiapine Prolonged release Tablets IP 300mg,Quetiapine Prolonged release,10's,10,70.31,True,7.031,Central Nervous System (CNS),Jan Aushadhi (PMBJP) product and MRP list,https://janaushadhi.gov.in/product-portfolio/product-mrp-list,Exported from the site's own Download Files button. Direct API calls to port 8443 return 500 from outside the browser.,False,,2026-08-06T05:37:19+00:00
2625,Rasagiline Tablets 0.5mg,Rasagiline,10's,10,0.0,False,,Central Nervous System (CNS),Jan Aushadhi (PMBJP) product and MRP list,https://janaushadhi.gov.in/product-portfolio/product-mrp-list,Exported from the site's own Download Files button. Direct API calls to port 8443 return 500 from outside the browser.,False,,2026-08-06T05:37:19+00:00
2626,Rasagiline Tablets 1mg,Rasagiline,10's,10,0.0,False,,Central Nervous System (CNS),Jan Aushadhi (PMBJP) product and MRP list,https://janaushadhi.gov.in/product-portfolio/product-mrp-list,Exported from the site's own Download Files button. Direct API calls to port 8443 return 500 from outside the browser.,False,,2026-08-06T05:37:19+00:00
2627,Selexipag Tablets 200mcg,Selexipag,10's,10,393.75,True,39.375,Cardiovascular System (CVS),Jan Aushadhi (PMBJP) product and MRP list,https://janaushadhi.gov.in/product-portfolio/product-mrp-list,Exported from the site's own Download Files button. Direct API calls to port 8443 return 500 from outside the browser.,False,,2026-08-06T05:37:19+00:00
2628,Selexipag Tablets 400mcg,Selexipag,10's,10,0.0,False,,Cardiovascular System (CVS),Jan Aushadhi (PMBJP) product and MRP list,https://janaushadhi.gov.in/product-portfolio/product-mrp-list,Exported from the site's own Download Files button. Direct API calls to port 8443 return 500 from outside the browser.,False,,2026-08-06T05:37:19+00:00
2629,Sertaconazole Dusting Powder 2% w/w,Sertaconazole Dusting w w,30g,,0.0,False,,Anti-Fungal,Jan Aushadhi (PMBJP) product and MRP list,https://janaushadhi.gov.in/product-portfolio/product-mrp-list,Exported from the site's own Download Files button. Direct API calls to port 8443 return 500 from outside the browser.,False,,2026-08-06T05:37:19+00:00
2630,Sildenafil Tablets IP 20mg,Sildenafil,10's,10,6.56,True,0.656,Cardiovascular System (CVS),Jan Aushadhi (PMBJP) product and MRP list,https://janaushadhi.gov.in/product-portfolio/product-mrp-list,Exported from the site's own Download Files button. Direct API calls to port 8443 return 500 from outside the browser.,False,,2026-08-06T05:37:19+00:00
2631,Sirolimus Tablets 1mg,Sirolimus,10's,10,187.5,True,18.75,Immunosuppressant,Jan Aushadhi (PMBJP) product and MRP list,https://janaushadhi.gov.in/product-portfolio/product-mrp-list,Exported from the site's own Download Files button. Direct API calls to port 8443 return 500 from outside the browser.,False,,2026-08-06T05:37:19+00:00
2632,Sitagliptin 100mg and Metformin 500mg Extended Release Tablets,Sitagliptin,10's,10,65.63,True,6.563,Anti-Diabetic,Jan Aushadhi (PMBJP) product and MRP list,https://janaushadhi.gov.in/product-portfolio/product-mrp-list,Exported from the site's own Download Files button. Direct API calls to port 8443 return 500 from outside the browser.,False,,2026-08-06T05:37:19+00:00
2633,Strontium chloride hexahydrate 10% w/w Toothpaste,Strontium chloride hexahydrate w w Toothpaste,100g,,0.0,False,,Stomatologicals,Jan Aushadhi (PMBJP) product and MRP list,https://janaushadhi.gov.in/product-portfolio/product-mrp-list,Exported from the site's own Download Files button. Direct API calls to port 8443 return 500 from outside the browser.,False,,2026-08-06T05:37:19+00:00
2634,"Surgical Spirit IP (Methyl Salicylate 0.5% v/v, Diethyl Pthalate 2% v/v & Castor Oil 2.5% v/v)",Surgical Spirit Methyl Salicylate v v Diethyl Pthalate v v Castor Oil v v,100ml,,0.0,False,,Antiseptic/Disinfectants,Jan Aushadhi (PMBJP) product and MRP list,https://janaushadhi.gov.in/product-portfolio/product-mrp-list,Exported from the site's own Download Files button. Direct API calls to port 8443 return 500 from outside the browser.,False,,2026-08-06T05:37:19+00:00
2635,Telmisartan 40mg and Bisoprolol Fumarate 2.5mg Tablets,Telmisartan,10's,10,18.75,True,1.875,Cardiovascular System (CVS),Jan Aushadhi (PMBJP) product and MRP list,https://janaushadhi.gov.in/product-portfolio/product-mrp-list,Exported from the site's own Download Files button. Direct API calls to port 8443 return 500 from outside the browser.,False,,2026-08-06T05:37:19+00:00
2636,Telmisartan 40mg and Bisoprolol Fumarate 5mg Tablets,Telmisartan,10's,10,23.44,True,2.344,Cardiovascular System (CVS),Jan Aushadhi (PMBJP) product and MRP list,https://janaushadhi.gov.in/product-portfolio/product-mrp-list,Exported from the site's own Download Files button. Direct API calls to port 8443 return 500 from outside the browser.,False,,2026-08-06T05:37:19+00:00
2637,"Teneligliptin 20mg, Metformin Hydrochloride 1000mg (Sustained Release) and Pioglitazone 15mg Tablets IP",Teneligliptin,10's,10,70.31,True,7.031,Anti-Diabetic,Jan Aushadhi (PMBJP) product and MRP list,https://janaushadhi.gov.in/product-portfolio/product-mrp-list,Exported from the site's own Download Files button. Direct API calls to port 8443 return 500 from outside the browser.,False,,2026-08-06T05:37:19+00:00
2638,"Teneligliptin 20mg, Metformin Hydrochloride 500mg (Sustained Release) and Pioglitazone 15mg Tablets IP",Teneligliptin,10's,10,42.19,True,4.219,Anti-Diabetic,Jan Aushadhi (PMBJP) product and MRP list,https://janaushadhi.gov.in/product-portfolio/product-mrp-list,Exported from the site's own Download Files button. Direct API calls to port 8443 return 500 from outside the browser.,False,,2026-08-06T05:37:19+00:00
2639,Terbinafine Hydrochloride Dusting Powder 1% w/w,Terbinafine Hydrochloride Dusting w w,30g,,0.0,False,,Anti-Fungal,Jan Aushadhi (PMBJP) product and MRP list,https://janaushadhi.gov.in/product-portfolio/product-mrp-list,Exported from the site's own Download Files button. Direct API calls to port 8443 return 500 from outside the browser.,False,,2026-08-06T05:37:19+00:00
2640,"Throat Spray (Chamomile extract, peppermint oil, Sage oil, Pine Needle oil, Bergamot oil, Cineole oil, Methyl salicylate, Ethyl Alcohol, Propylene Glycol, Glycerin, Citric acid, Polysorbate 80, water)",Throat Spray Chamomile extract peppermint oil Sage oil Pine Needle oil Bergamot oil Cineole oil Methyl salicylate Ethyl Alcohol Propylene Glycol Glycerin Citric acid Polysorbate water,50ml in Mono-carton,,0.0,False,,Throat Spray for Freshness,Jan Aushadhi (PMBJP) product and MRP list,https://janaushadhi.gov.in/product-portfolio/product-mrp-list,Exported from the site's own Download Files button. Direct API calls to port 8443 return 500 from outside the browser.,False,,2026-08-06T05:37:19+00:00
2641,Tobramycin 0.3% w/v and Fluoromethalone 0.1% w/v Opthalmic Solution IP,Tobramycin w v and Fluoromethalone w v Opthalmic,5ml in Mono-carton,,0.0,False,,Opthalmic/Otic,Jan Aushadhi (PMBJP) product and MRP list,https://janaushadhi.gov.in/product-portfolio/product-mrp-list,Exported from the site's own Download Files button. Direct API calls to port 8443 return 500 from outside the browser.,False,,2026-08-06T05:37:19+00:00
2642,Tofacitinib 2.0% w/w Ointment,Tofacitinib w w,20g,,328.13,True,,Dermatology/Topical/External,Jan Aushadhi (PMBJP) product and MRP list,https://janaushadhi.gov.in/product-portfolio/product-mrp-list,Exported from the site's own Download Files button. Direct API calls to port 8443 return 500 from outside the browser.,False,,2026-08-06T05:37:19+00:00
2643,Tofacitinib Extended Release Tablets 11mg,Tofacitinib Extended Release,10's,10,126.56,True,12.656,Ortho,Jan Aushadhi (PMBJP) product and MRP list,https://janaushadhi.gov.in/product-portfolio/product-mrp-list,Exported from the site's own Download Files button. Direct API calls to port 8443 return 500 from outside the browser.,False,,2026-08-06T05:37:19+00:00
2644,Tofacitinib Extended Release Tablets 22mg,Tofacitinib Extended Release,10's,10,225.0,True,22.5,Ortho,Jan Aushadhi (PMBJP) product and MRP list,https://janaushadhi.gov.in/product-portfolio/product-mrp-list,Exported from the site's own Download Files button. Direct API calls to port 8443 return 500 from outside the browser.,False,,2026-08-06T05:37:19+00:00
2645,Tofacitinib Tablets 10mg,Tofacitinib,10's,10,93.75,True,9.375,Ortho,Jan Aushadhi (PMBJP) product and MRP list,https://janaushadhi.gov.in/product-portfolio/product-mrp-list,Exported from the site's own Download Files button. Direct API calls to port 8443 return 500 from outside the browser.,False,,2026-08-06T05:37:19+00:00
2646,Tofacitinib Tablets 5mg,Tofacitinib,10's,10,51.56,True,5.156,Ortho,Jan Aushadhi (PMBJP) product and MRP list,https://janaushadhi.gov.in/product-portfolio/product-mrp-list,Exported from the site's own Download Files button. Direct API calls to port 8443 return 500 from outside the browser.,False,,2026-08-06T05:37:19+00:00
2647,Tolperisone Hydrochloride 150mg and Diclofenac Sodium 50mg Tablets,Tolperisone Hydrochloride,10's,10,18.75,True,1.875,Analgesic/Antipyretic/Anti-Inflammatory,Jan Aushadhi (PMBJP) product and MRP list,https://janaushadhi.gov.in/product-portfolio/product-mrp-list,Exported from the site's own Download Files button. Direct API calls to port 8443 return 500 from outside the browser.,False,,2026-08-06T05:37:19+00:00
2648,Torasemide 10mg and Amiloride 5mg Tablets,Torasemide,10's,10,0.0,False,,Urology,Jan Aushadhi (PMBJP) product and MRP list,https://janaushadhi.gov.in/product-portfolio/product-mrp-list,Exported from the site's own Download Files button. Direct API calls to port 8443 return 500 from outside the browser.,False,,2026-08-06T05:37:19+00:00
2649,Tramadol Hydrochloride (IR) 50mg and Diclofenac Sodium (SR) 75mg Tablets,Tramadol Hydrochloride IR,10's,10,18.75,True,1.875,Analgesic/Antipyretic/Anti-Inflammatory,Jan Aushadhi (PMBJP) product and MRP list,https://janaushadhi.gov.in/product-portfolio/product-mrp-list,Exported from the site's own Download Files button. Direct API calls to port 8443 return 500 from outside the browser.,False,,2026-08-06T05:37:19+00:00
2650,Tranylcypromine Tablets 10mg,Tranylcypromine,10's,10,0.0,False,,Central Nervous System (CNS),Jan Aushadhi (PMBJP) product and MRP list,https://janaushadhi.gov.in/product-portfolio/product-mrp-list,Exported from the site's own Download Files button. Direct API calls to port 8443 return 500 from outside the browser.,False,,2026-08-06T05:37:19+00:00
2651,Triclofos oral Solution IP,Triclofos oral,30ml in Mono-carton,,0.0,False,,Central Nervous System (CNS),Jan Aushadhi (PMBJP) product and MRP list,https://janaushadhi.gov.in/product-portfolio/product-mrp-list,Exported from the site's own Download Files button. Direct API calls to port 8443 return 500 from outside the browser.,False,,2026-08-06T05:37:19+00:00
2652,Tulobuterol Transdermal patch 0.5mg,Tulobuterol Transdermal patch,14's in Mono-carton,14,0.0,False,,Respiratory,Jan Aushadhi (PMBJP) product and MRP list,https://janaushadhi.gov.in/product-portfolio/product-mrp-list,Exported from the site's own Download Files button. Direct API calls to port 8443 return 500 from outside the browser.,False,,2026-08-06T05:37:19+00:00
2653,Vildagliptin 100mg and Metformin Hydrochloride (sustained release) 1000mg Tablets,Vildagliptin,10's,10,42.19,True,4.219,Anti-Diabetic,Jan Aushadhi (PMBJP) product and MRP list,https://janaushadhi.gov.in/product-portfolio/product-mrp-list,Exported from the site's own Download Files button. Direct API calls to port 8443 return 500 from outside the browser.,False,,2026-08-06T05:37:19+00:00
2654,Vildagliptin 100mg and Metformin Hydrochloride (sustained release) 500mg Tablets,Vildagliptin,10's,10,37.5,True,3.75,Anti-Diabetic,Jan Aushadhi (PMBJP) product and MRP list,https://janaushadhi.gov.in/product-portfolio/product-mrp-list,Exported from the site's own Download Files button. Direct API calls to port 8443 return 500 from outside the browser.,False,,2026-08-06T05:37:19+00:00
2655,Vildagliptin 50mg and Metformin Hydrochloride (sustained release) 1000mg Tablets,Vildagliptin,15's,15,32.81,True,2.1873,Anti-Diabetic,Jan Aushadhi (PMBJP) product and MRP list,https://janaushadhi.gov.in/product-portfolio/product-mrp-list,Exported from the site's own Download Files button. Direct API calls to port 8443 return 500 from outside the browser.,False,,2026-08-06T05:37:19+00:00
2656,Vildagliptin 50mg and Metformin Hydrochloride (sustained release) 500mg Tablets,Vildagliptin,15's,15,28.13,True,1.8753,Anti-Diabetic,Jan Aushadhi (PMBJP) product and MRP list,https://janaushadhi.gov.in/product-portfolio/product-mrp-list,Exported from the site's own Download Files button. Direct API calls to port 8443 return 500 from outside the browser.,False,,2026-08-06T05:37:19+00:00
2657,Acyclovir Dispersible Tablets IP 200 mg,Acyclovir Dispersible,5's,5,14.06,True,2.812,Anti-Viral,Jan Aushadhi (PMBJP) product and MRP list,https://janaushadhi.gov.in/product-portfolio/product-mrp-list,Exported from the site's own Download Files button. Direct API calls to port 8443 return 500 from outside the browser.,False,,2026-08-06T05:37:19+00:00
2658,Amisulpride Tablets IP 25 mg,Amisulpride,10's,10,0.0,False,,Central Nervous System (CNS),Jan Aushadhi (PMBJP) product and MRP list,https://janaushadhi.gov.in/product-portfolio/product-mrp-list,Exported from the site's own Download Files button. Direct API calls to port 8443 return 500 from outside the browser.,False,,2026-08-06T05:37:19+00:00
2659,Amisulpride Sustained Release Tablets 100 mg,Amisulpride Sustained Release,10's,10,0.0,False,,Central Nervous System (CNS),Jan Aushadhi (PMBJP) product and MRP list,https://janaushadhi.gov.in/product-portfolio/product-mrp-list,Exported from the site's own Download Files button. Direct API calls to port 8443 return 500 from outside the browser.,False,,2026-08-06T05:37:19+00:00
2660,Amisulpride Sustained Release Tablets 200 mg,Amisulpride Sustained Release,10's,10,0.0,False,,Central Nervous System (CNS),Jan Aushadhi (PMBJP) product and MRP list,https://janaushadhi.gov.in/product-portfolio/product-mrp-list,Exported from the site's own Download Files button. Direct API calls to port 8443 return 500 from outside the browser.,False,,2026-08-06T05:37:19+00:00
2661,Amisulpride Sustained Release Tablets 300 mg,Amisulpride Sustained Release,10's,10,0.0,False,,Central Nervous System (CNS),Jan Aushadhi (PMBJP) product and MRP list,https://janaushadhi.gov.in/product-portfolio/product-mrp-list,Exported from the site's own Download Files button. Direct API calls to port 8443 return 500 from outside the browser.,False,,2026-08-06T05:37:19+00:00
2662,Amisulpride Sustained Release Tablets 400 mg,Amisulpride Sustained Release,10's,10,0.0,False,,Central Nervous System (CNS),Jan Aushadhi (PMBJP) product and MRP list,https://janaushadhi.gov.in/product-portfolio/product-mrp-list,Exported from the site's own Download Files button. Direct API calls to port 8443 return 500 from outside the browser.,False,,2026-08-06T05:37:19+00:00
2663,Budesonide 160 mcg and Formoterol 4.5mcg Inhalation Powder,Budesonide,60 doses in MDI inhaler,60,0.0,False,,Respiratory,Jan Aushadhi (PMBJP) product and MRP list,https://janaushadhi.gov.in/product-portfolio/product-mrp-list,Exported from the site's own Download Files button. Direct API calls to port 8443 return 500 from outside the browser.,False,,2026-08-06T05:37:19+00:00
2664,Cabozantinib Tablets 20 mg,Cabozantinib,30's bottle,30,1453.13,True,48.4377,Oncology,Jan Aushadhi (PMBJP) product and MRP list,https://janaushadhi.gov.in/product-portfolio/product-mrp-list,Exported from the site's own Download Files button. Direct API calls to port 8443 return 500 from outside the browser.,True,indication names oncology,2026-08-06T05:37:19+00:00
2665,Cabozantinib Tablets 40 mg,Cabozantinib,30's bottle,30,2296.88,True,76.5627,Oncology,Jan Aushadhi (PMBJP) product and MRP list,https://janaushadhi.gov.in/product-portfolio/product-mrp-list,Exported from the site's own Download Files button. Direct API calls to port 8443 return 500 from outside the browser.,True,indication names oncology,2026-08-06T05:37:19+00:00
2666,Cabozantinib Tablets 60 mg,Cabozantinib,30's bottle,30,3562.5,True,118.75,Oncology,Jan Aushadhi (PMBJP) product and MRP list,https://janaushadhi.gov.in/product-portfolio/product-mrp-list,Exported from the site's own Download Files button. Direct API calls to port 8443 return 500 from outside the browser.,True,indication names oncology,2026-08-06T05:37:19+00:00
2667,Cariprazine Capsules 1.5 mg,Cariprazine,10's,10,50.63,True,5.063,Central Nervous System (CNS),Jan Aushadhi (PMBJP) product and MRP list,https://janaushadhi.gov.in/product-portfolio/product-mrp-list,Exported from the site's own Download Files button. Direct API calls to port 8443 return 500 from outside the browser.,False,,2026-08-06T05:37:19+00:00
2668,Cariprazine Capsules 3 mg,Cariprazine,10's,10,81.56,True,8.156,Central Nervous System (CNS),Jan Aushadhi (PMBJP) product and MRP list,https://janaushadhi.gov.in/product-portfolio/product-mrp-list,Exported from the site's own Download Files button. Direct API calls to port 8443 return 500 from outside the browser.,False,,2026-08-06T05:37:19+00:00
2669,Cariprazine Capsules 4.5 mg,Cariprazine,10's,10,0.0,False,,Central Nervous System (CNS),Jan Aushadhi (PMBJP) product and MRP list,https://janaushadhi.gov.in/product-portfolio/product-mrp-list,Exported from the site's own Download Files button. Direct API calls to port 8443 return 500 from outside the browser.,False,,2026-08-06T05:37:19+00:00
2670,Cariprazine Capsules 6 mg,Cariprazine,10's,10,0.0,False,,Central Nervous System (CNS),Jan Aushadhi (PMBJP) product and MRP list,https://janaushadhi.gov.in/product-portfolio/product-mrp-list,Exported from the site's own Download Files button. Direct API calls to port 8443 return 500 from outside the browser.,False,,2026-08-06T05:37:19+00:00
2671,Cefazolin Sodium Injection IP 250 mg,Cefazolin Sodium,Vial with WFI,,0.0,False,,Antibiotics,Jan Aushadhi (PMBJP) product and MRP list,https://janaushadhi.gov.in/product-portfolio/product-mrp-list,Exported from the site's own Download Files button. Direct API calls to port 8443 return 500 from outside the browser.,False,,2026-08-06T05:37:19+00:00
2672,Cefazolin Sodium Injection IP 500 mg,Cefazolin Sodium,Vial with WFI,,0.0,False,,Antibiotics,Jan Aushadhi (PMBJP) product and MRP list,https://janaushadhi.gov.in/product-portfolio/product-mrp-list,Exported from the site's own Download Files button. Direct API calls to port 8443 return 500 from outside the browser.,False,,2026-08-06T05:37:19+00:00
2673,Cefazolin Sodium Injection IP 1g,Cefazolin Sodium,Vial with WFI,,0.0,False,,Antibiotics,Jan Aushadhi (PMBJP) product and MRP list,https://janaushadhi.gov.in/product-portfolio/product-mrp-list,Exported from the site's own Download Files button. Direct API calls to port 8443 return 500 from outside the browser.,False,,2026-08-06T05:37:19+00:00
2674,Clindamycin Phosphate Gel 1%w/w,Clindamycin Phosphate,20gm Tube,,30.0,True,,Antibiotics,Jan Aushadhi (PMBJP) product and MRP list,https://janaushadhi.gov.in/product-portfolio/product-mrp-list,Exported from the site's own Download Files button. Direct API calls to port 8443 return 500 from outside the browser.,False,,2026-08-06T05:37:19+00:00
2675,Cyclobenzaprine Extended-release Capsules 15mg,Cyclobenzaprine Extended release,10's,10,0.0,False,,Central Nervous System (CNS),Jan Aushadhi (PMBJP) product and MRP list,https://janaushadhi.gov.in/product-portfolio/product-mrp-list,Exported from the site's own Download Files button. Direct API calls to port 8443 return 500 from outside the browser.,False,,2026-08-06T05:37:19+00:00
2676,Gliclazide 60 mg (Extended Release) and Metformin Hydrochloride 1000 mg (Extended Release) Tablets,Gliclazide,10's,10,68.44,True,6.844,Anti-Diabetic,Jan Aushadhi (PMBJP) product and MRP list,https://janaushadhi.gov.in/product-portfolio/product-mrp-list,Exported from the site's own Download Files button. Direct API calls to port 8443 return 500 from outside the browser.,False,,2026-08-06T05:37:19+00:00
2677,"Dapagliflozin 10mg, Vildagliptin 100mg (SR) and Metformin Hydrochloride 1000mg (SR) Tablets",Dapagliflozin,15's,15,65.63,True,4.3753,Anti-Diabetic,Jan Aushadhi (PMBJP) product and MRP list,https://janaushadhi.gov.in/product-portfolio/product-mrp-list,Exported from the site's own Download Files button. Direct API calls to port 8443 return 500 from outside the browser.,False,,2026-08-06T05:37:19+00:00
2678,"Dapagliflozin 10mg, Vildagliptin 100mg (SR) and Metformin Hydrochloride 500mg (SR) Tablets",Dapagliflozin,15's,15,60.94,True,4.0627,Anti-Diabetic,Jan Aushadhi (PMBJP) product and MRP list,https://janaushadhi.gov.in/product-portfolio/product-mrp-list,Exported from the site's own Download Files button. Direct API calls to port 8443 return 500 from outside the browser.,False,,2026-08-06T05:37:19+00:00
2679,Desloratadine Tablets 10 mg,Desloratadine,10's,10,23.44,True,2.344,Anti-Histaminic,Jan Aushadhi (PMBJP) product and MRP list,https://janaushadhi.gov.in/product-portfolio/product-mrp-list,Exported from the site's own Download Files button. Direct API calls to port 8443 return 500 from outside the browser.,False,,2026-08-06T05:37:19+00:00
2680,Dexchlorpheniramine Maleate Sustained Release Tablets 6mg,Dexchlorpheniramine Maleate Sustained Release,10's,10,0.0,False,,Anti-Histaminic,Jan Aushadhi (PMBJP) product and MRP list,https://janaushadhi.gov.in/product-portfolio/product-mrp-list,Exported from the site's own Download Files button. Direct API calls to port 8443 return 500 from outside the browser.,False,,2026-08-06T05:37:19+00:00
2681,Dexchlorpheniramine Maleate Tablets IP 2mg,Dexchlorpheniramine Maleate,10's,10,0.0,False,,Anti-Histaminic,Jan Aushadhi (PMBJP) product and MRP list,https://janaushadhi.gov.in/product-portfolio/product-mrp-list,Exported from the site's own Download Files button. Direct API calls to port 8443 return 500 from outside the browser.,False,,2026-08-06T05:37:19+00:00
2682,Donepezil Hydrochloride Orally Disintegrating Strips 10 mg,Donepezil Hydrochloride Orally Disintegrating Strips,10's in mono-carton,10,82.5,True,8.25,Central Nervous System (CNS),Jan Aushadhi (PMBJP) product and MRP list,https://janaushadhi.gov.in/product-portfolio/product-mrp-list,Exported from the site's own Download Files button. Direct API calls to port 8443 return 500 from outside the browser.,False,,2026-08-06T05:37:19+00:00
2683,Donepezil Hydrochloride Orally Disintegrating Strips 5 mg,Donepezil Hydrochloride Orally Disintegrating Strips,10's in mono-carton,10,57.19,True,5.719,Central Nervous System (CNS),Jan Aushadhi (PMBJP) product and MRP list,https://janaushadhi.gov.in/product-portfolio/product-mrp-list,Exported from the site's own Download Files button. Direct API calls to port 8443 return 500 from outside the browser.,False,,2026-08-06T05:37:19+00:00
2684,Everolimus Tablets 0.25 mg,Everolimus,10's,10,250.0,True,25.0,Immunosuppressant,Jan Aushadhi (PMBJP) product and MRP list,https://janaushadhi.gov.in/product-portfolio/product-mrp-list,Exported from the site's own Download Files button. Direct API calls to port 8443 return 500 from outside the browser.,False,,2026-08-06T05:37:19+00:00
2685,Everolimus Tablets 0.5 mg,Everolimus,10's,10,450.0,True,45.0,Immunosuppressant,Jan Aushadhi (PMBJP) product and MRP list,https://janaushadhi.gov.in/product-portfolio/product-mrp-list,Exported from the site's own Download Files button. Direct API calls to port 8443 return 500 from outside the browser.,False,,2026-08-06T05:37:19+00:00
2686,Everolimus Tablets 5 mg,Everolimus,10's,10,3600.0,True,360.0,Immunosuppressant,Jan Aushadhi (PMBJP) product and MRP list,https://janaushadhi.gov.in/product-portfolio/product-mrp-list,Exported from the site's own Download Files button. Direct API calls to port 8443 return 500 from outside the browser.,False,,2026-08-06T05:37:19+00:00
2687,Everolimus Tablets 10 mg,Everolimus,10's,10,7000.0,True,700.0,Immunosuppressant,Jan Aushadhi (PMBJP) product and MRP list,https://janaushadhi.gov.in/product-portfolio/product-mrp-list,Exported from the site's own Download Files button. Direct API calls to port 8443 return 500 from outside the browser.,False,,2026-08-06T05:37:19+00:00
2688,Feracrylum mouth wash/Gargle 1% w/v (Mint Flavour),Feracrylum mouth wash Gargle w v Mint Flavour,50ml,,98.44,True,,Antiseptic/Disinfectants,Jan Aushadhi (PMBJP) product and MRP list,https://janaushadhi.gov.in/product-portfolio/product-mrp-list,Exported from the site's own Download Files button. Direct API calls to port 8443 return 500 from outside the browser.,False,,2026-08-06T05:37:19+00:00
2689,Feracrylum Sterile Antiseptic Solution 1% w/v,Feracrylum Sterile Antiseptic w v,100ml,,140.63,True,,Antiseptic/Disinfectants,Jan Aushadhi (PMBJP) product and MRP list,https://janaushadhi.gov.in/product-portfolio/product-mrp-list,Exported from the site's own Download Files button. Direct API calls to port 8443 return 500 from outside the browser.,False,,2026-08-06T05:37:19+00:00
2690,Fluocinonide Topical Gel 0.05%w/w,Fluocinonide Topical,15gm Tube,,0.0,False,,Dermatology/Topical/External,Jan Aushadhi (PMBJP) product and MRP list,https://janaushadhi.gov.in/product-portfolio/product-mrp-list,Exported from the site's own Download Files button. Direct API calls to port 8443 return 500 from outside the browser.,False,,2026-08-06T05:37:19+00:00
2691,Hydrochlorothiazide Tablets IP 25 mg,Hydrochlorothiazide,10's,10,8.44,True,0.844,Diuretic,Jan Aushadhi (PMBJP) product and MRP list,https://janaushadhi.gov.in/product-portfolio/product-mrp-list,Exported from the site's own Download Files button. Direct API calls to port 8443 return 500 from outside the browser.,False,,2026-08-06T05:37:19+00:00
2692,Hydrocortisone Tablets 10mg,Hydrocortisone,10's,10,18.75,True,1.875,Steroids & Hormones,Jan Aushadhi (PMBJP) product and MRP list,https://janaushadhi.gov.in/product-portfolio/product-mrp-list,Exported from the site's own Download Files button. Direct API calls to port 8443 return 500 from outside the browser.,False,,2026-08-06T05:37:19+00:00
2693,Hydrocortisone Tablets 5mg,Hydrocortisone,10's,10,10.31,True,1.031,Steroids & Hormones,Jan Aushadhi (PMBJP) product and MRP list,https://janaushadhi.gov.in/product-portfolio/product-mrp-list,Exported from the site's own Download Files button. Direct API calls to port 8443 return 500 from outside the browser.,False,,2026-08-06T05:37:19+00:00
2694,Inosine Pranobex Tablets 500 mg,Inosine Pranobex,10's,10,271.88,True,27.188,Anti-Viral,Jan Aushadhi (PMBJP) product and MRP list,https://janaushadhi.gov.in/product-portfolio/product-mrp-list,Exported from the site's own Download Files button. Direct API calls to port 8443 return 500 from outside the browser.,False,,2026-08-06T05:37:19+00:00
2695,Itraconazole Capsules 130mg,Itraconazole,10's,10,70.31,True,7.031,Anti-Fungal,Jan Aushadhi (PMBJP) product and MRP list,https://janaushadhi.gov.in/product-portfolio/product-mrp-list,Exported from the site's own Download Files button. Direct API calls to port 8443 return 500 from outside the browser.,False,,2026-08-06T05:37:19+00:00
2696,Itraconazole Capsules 65mg,Itraconazole,10's,10,42.19,True,4.219,Anti-Fungal,Jan Aushadhi (PMBJP) product and MRP list,https://janaushadhi.gov.in/product-portfolio/product-mrp-list,Exported from the site's own Download Files button. Direct API calls to port 8443 return 500 from outside the browser.,False,,2026-08-06T05:37:19+00:00
2697,Itraconazole Eye drops 1% w/v,Itraconazole Eye w v,5ml Drops,,0.0,False,,Anti-Fungal,Jan Aushadhi (PMBJP) product and MRP list,https://janaushadhi.gov.in/product-portfolio/product-mrp-list,Exported from the site's own Download Files button. Direct API calls to port 8443 return 500 from outside the browser.,False,,2026-08-06T05:37:19+00:00
2698,Levocetirizine Orally Disintegrating Strips 2.5 mg,Levocetirizine Orally Disintegrating Strips,10's in mono-carton,10,0.0,False,,Anti-Histaminic,Jan Aushadhi (PMBJP) product and MRP list,https://janaushadhi.gov.in/product-portfolio/product-mrp-list,Exported from the site's own Download Files button. Direct API calls to port 8443 return 500 from outside the browser.,False,,2026-08-06T05:37:19+00:00
2699,Levocetirizine Orally Disintegrating Strips 5 mg,Levocetirizine Orally Disintegrating Strips,10's in mono-carton,10,70.31,True,7.031,Anti-Histaminic,Jan Aushadhi (PMBJP) product and MRP list,https://janaushadhi.gov.in/product-portfolio/product-mrp-list,Exported from the site's own Download Files button. Direct API calls to port 8443 return 500 from outside the browser.,False,,2026-08-06T05:37:19+00:00
2700,Linagliptin 5mg and Metformin Hydrochloride 1000mg Tablets,Linagliptin,15's,15,65.63,True,4.3753,Anti-Diabetic,Jan Aushadhi (PMBJP) product and MRP list,https://janaushadhi.gov.in/product-portfolio/product-mrp-list,Exported from the site's own Download Files button. Direct API calls to port 8443 return 500 from outside the browser.,False,,2026-08-06T05:37:19+00:00
2701,Lurasidone Hydrochloride Tablets 20 mg,Lurasidone Hydrochloride,10's,10,0.0,False,,Central Nervous System (CNS),Jan Aushadhi (PMBJP) product and MRP list,https://janaushadhi.gov.in/product-portfolio/product-mrp-list,Exported from the site's own Download Files button. Direct API calls to port 8443 return 500 from outside the browser.,False,,2026-08-06T05:37:19+00:00
2702,Lurasidone Hydrochloride Tablets 40 mg,Lurasidone Hydrochloride,10's,10,86.25,True,8.625,Central Nervous System (CNS),Jan Aushadhi (PMBJP) product and MRP list,https://janaushadhi.gov.in/product-portfolio/product-mrp-list,Exported from the site's own Download Files button. Direct API calls to port 8443 return 500 from outside the browser.,False,,2026-08-06T05:37:19+00:00
2703,Lurasidone Hydrochloride Tablets 80 mg,Lurasidone Hydrochloride,10's,10,134.06,True,13.406,Central Nervous System (CNS),Jan Aushadhi (PMBJP) product and MRP list,https://janaushadhi.gov.in/product-portfolio/product-mrp-list,Exported from the site's own Download Files button. Direct API calls to port 8443 return 500 from outside the browser.,False,,2026-08-06T05:37:19+00:00
2704,Maraviroc Tablets 150 mg,Maraviroc,60's in bottle,60,0.0,False,,Central Nervous System (CNS),Jan Aushadhi (PMBJP) product and MRP list,https://janaushadhi.gov.in/product-portfolio/product-mrp-list,Exported from the site's own Download Files button. Direct API calls to port 8443 return 500 from outside the browser.,False,,2026-08-06T05:37:19+00:00
2705,Mecobalamin Orally Disintegrating Strips 1500 mcg,Mecobalamin Orally Disintegrating Strips,10's in mono-carton,10,65.63,True,6.563,Supplement/Vitamin/Mineral,Jan Aushadhi (PMBJP) product and MRP list,https://janaushadhi.gov.in/product-portfolio/product-mrp-list,Exported from the site's own Download Files button. Direct API calls to port 8443 return 500 from outside the browser.,False,,2026-08-06T05:37:19+00:00
2706,Metformin Hydrochloride Tablets IP 250 mg,Metformin Hydrochloride,10's,10,3.75,True,0.375,Anti-Diabetic,Jan Aushadhi (PMBJP) product and MRP list,https://janaushadhi.gov.in/product-portfolio/product-mrp-list,Exported from the site's own Download Files button. Direct API calls to port 8443 return 500 from outside the browser.,False,,2026-08-06T05:37:19+00:00
2707,Metoprolol Tartrate 50mg and Hydrochlorothiazide 12.5 mg Tablets,Metoprolol Tartrate,10's,10,14.06,True,1.406,Cardiovascular System (CVS),Jan Aushadhi (PMBJP) product and MRP list,https://janaushadhi.gov.in/product-portfolio/product-mrp-list,Exported from the site's own Download Files button. Direct API calls to port 8443 return 500 from outside the browser.,False,,2026-08-06T05:37:19+00:00
2708,Montelukast Sodium 4mg and Fexofenadine 60mg per 5ml Suspension,Montelukast Sodium,60ml Bottle,,0.0,False,,Respiratory,Jan Aushadhi (PMBJP) product and MRP list,https://janaushadhi.gov.in/product-portfolio/product-mrp-list,Exported from the site's own Download Files button. Direct API calls to port 8443 return 500 from outside the browser.,False,,2026-08-06T05:37:19+00:00
2709,Omeprazole 20mg Powder for Oral suspension (Sodium bicarbonate as buffer),Omeprazole,10 sachet in monocarton,10,74.06,True,7.406,Gastrointestinal (GIT),Jan Aushadhi (PMBJP) product and MRP list,https://janaushadhi.gov.in/product-portfolio/product-mrp-list,Exported from the site's own Download Files button. Direct API calls to port 8443 return 500 from outside the browser.,False,,2026-08-06T05:37:19+00:00
2710,N-Acetylcysteine 600 mg And Pyridoxine Hydrochloride 50 mg Tablets,N Acetylcysteine,10's,10,0.0,False,,Nephrology,Jan Aushadhi (PMBJP) product and MRP list,https://janaushadhi.gov.in/product-portfolio/product-mrp-list,Exported from the site's own Download Files button. Direct API calls to port 8443 return 500 from outside the browser.,False,,2026-08-06T05:37:19+00:00
2711,Naproxen 500 mg Delayed Release and Esomeprazole 20mg Tablet,Naproxen,10's,10,0.0,False,,Ortho,Jan Aushadhi (PMBJP) product and MRP list,https://janaushadhi.gov.in/product-portfolio/product-mrp-list,Exported from the site's own Download Files button. Direct API calls to port 8443 return 500 from outside the browser.,False,,2026-08-06T05:37:19+00:00
2712,Nebivolol Hydrochloride Tablets IP 10 mg,Nebivolol Hydrochloride,10's,10,42.19,True,4.219,Cardiovascular System (CVS),Jan Aushadhi (PMBJP) product and MRP list,https://janaushadhi.gov.in/product-portfolio/product-mrp-list,Exported from the site's own Download Files button. Direct API calls to port 8443 return 500 from outside the browser.,False,,2026-08-06T05:37:19+00:00
2713,Nifedipine Extended Release Tablets IP 30 mg,Nifedipine Extended Release,10's,10,14.06,True,1.406,Cardiovascular System (CVS),Jan Aushadhi (PMBJP) product and MRP list,https://janaushadhi.gov.in/product-portfolio/product-mrp-list,Exported from the site's own Download Files button. Direct API calls to port 8443 return 500 from outside the browser.,False,,2026-08-06T05:37:19+00:00
2714,Nifedipine Extended Release Tablets IP 60 mg,Nifedipine Extended Release,10's,10,0.0,False,,Cardiovascular System (CVS),Jan Aushadhi (PMBJP) product and MRP list,https://janaushadhi.gov.in/product-portfolio/product-mrp-list,Exported from the site's own Download Files button. Direct API calls to port 8443 return 500 from outside the browser.,False,,2026-08-06T05:37:19+00:00
2715,Octreotide long acting release Injection 20mg (Lyophilised),Octreotide long acting release,Vial,,0.0,False,,Oncology,Jan Aushadhi (PMBJP) product and MRP list,https://janaushadhi.gov.in/product-portfolio/product-mrp-list,Exported from the site's own Download Files button. Direct API calls to port 8443 return 500 from outside the browser.,True,indication names oncology,2026-08-06T05:37:19+00:00
2716,Octreotide long acting release Injection 30mg (Lyophilised),Octreotide long acting release,Vial,,12000.0,True,,Oncology,Jan Aushadhi (PMBJP) product and MRP list,https://janaushadhi.gov.in/product-portfolio/product-mrp-list,Exported from the site's own Download Files button. Direct API calls to port 8443 return 500 from outside the browser.,True,indication names oncology,2026-08-06T05:37:19+00:00
2717,Octreotide injection 50 mcg,Octreotide,1ml Ampoule,,80.0,True,,Oncology,Jan Aushadhi (PMBJP) product and MRP list,https://janaushadhi.gov.in/product-portfolio/product-mrp-list,Exported from the site's own Download Files button. Direct API calls to port 8443 return 500 from outside the browser.,True,indication names oncology,2026-08-06T05:37:19+00:00
2718,Octreotide injection 100mcg,Octreotide,1ml Ampoule,,140.0,True,,Oncology,Jan Aushadhi (PMBJP) product and MRP list,https://janaushadhi.gov.in/product-portfolio/product-mrp-list,Exported from the site's own Download Files button. Direct API calls to port 8443 return 500 from outside the browser.,True,indication names oncology,2026-08-06T05:37:19+00:00
2719,Olaparib Tablet 100 mg,Olaparib,30's in bottle,30,0.0,False,,Oncology,Jan Aushadhi (PMBJP) product and MRP list,https://janaushadhi.gov.in/product-portfolio/product-mrp-list,Exported from the site's own Download Files button. Direct API calls to port 8443 return 500 from outside the browser.,True,indication names oncology,2026-08-06T05:37:19+00:00
2720,Olaparib Tablet 150 mg,Olaparib,30's in bottle,30,0.0,False,,Oncology,Jan Aushadhi (PMBJP) product and MRP list,https://janaushadhi.gov.in/product-portfolio/product-mrp-list,Exported from the site's own Download Files button. Direct API calls to port 8443 return 500 from outside the browser.,True,indication names oncology,2026-08-06T05:37:19+00:00
2721,Olmesartan 40mg and Amlodipine 5mg Tablets,Olmesartan,10's,10,32.81,True,3.281,Cardiovascular System (CVS),Jan Aushadhi (PMBJP) product and MRP list,https://janaushadhi.gov.in/product-portfolio/product-mrp-list,Exported from the site's own Download Files button. Direct API calls to port 8443 return 500 from outside the browser.,False,,2026-08-06T05:37:19+00:00
2722,"Olmesartan Medoxomil 20mg, Cilnidipine 10mg and Chlorthalidone 12.5mg Tablets",Olmesartan Medoxomil,10's,10,32.81,True,3.281,Cardiovascular System (CVS),Jan Aushadhi (PMBJP) product and MRP list,https://janaushadhi.gov.in/product-portfolio/product-mrp-list,Exported from the site's own Download Files button. Direct API calls to port 8443 return 500 from outside the browser.,False,,2026-08-06T05:37:19+00:00
2723,"Olmesartan Medoxomil 20mg, Cilnidipine 10mg and Chlorthalidone 6.25mg Tablets",Olmesartan Medoxomil,10's,10,28.13,True,2.813,Cardiovascular System (CVS),Jan Aushadhi (PMBJP) product and MRP list,https://janaushadhi.gov.in/product-portfolio/product-mrp-list,Exported from the site's own Download Files button. Direct API calls to port 8443 return 500 from outside the browser.,False,,2026-08-06T05:37:19+00:00
2724,"Olmesartan Medoxomil 40mg, Cilnidipine 10mg and Chlorthalidone 12.5mg Tablets",Olmesartan Medoxomil,10's,10,37.5,True,3.75,Cardiovascular System (CVS),Jan Aushadhi (PMBJP) product and MRP list,https://janaushadhi.gov.in/product-portfolio/product-mrp-list,Exported from the site's own Download Files button. Direct API calls to port 8443 return 500 from outside the browser.,False,,2026-08-06T05:37:19+00:00
2725,Oseltamivir Phosphate Capsules IP 30mg,Oseltamivir Phosphate,10's,10,84.38,True,8.438,Anti-Viral,Jan Aushadhi (PMBJP) product and MRP list,https://janaushadhi.gov.in/product-portfolio/product-mrp-list,Exported from the site's own Download Files button. Direct API calls to port 8443 return 500 from outside the browser.,False,,2026-08-06T05:37:19+00:00
2726,Pancreatin Capsules 40000,Pancreatin,10's,10,0.0,False,,Enzyme Preparation,Jan Aushadhi (PMBJP) product and MRP list,https://janaushadhi.gov.in/product-portfolio/product-mrp-list,Exported from the site's own Download Files button. Direct API calls to port 8443 return 500 from outside the browser.,False,,2026-08-06T05:37:19+00:00
2727,Pilocarpine Tablets 5mg,Pilocarpine,10's,10,0.0,False,,Opthalmic/Otic,Jan Aushadhi (PMBJP) product and MRP list,https://janaushadhi.gov.in/product-portfolio/product-mrp-list,Exported from the site's own Download Files button. Direct API calls to port 8443 return 500 from outside the browser.,False,,2026-08-06T05:37:19+00:00
2728,Rebamipide Tablets 100 mg,Rebamipide,10's,10,46.88,True,4.688,Gastrointestinal (GIT),Jan Aushadhi (PMBJP) product and MRP list,https://janaushadhi.gov.in/product-portfolio/product-mrp-list,Exported from the site's own Download Files button. Direct API calls to port 8443 return 500 from outside the browser.,False,,2026-08-06T05:37:19+00:00
2729,Risperidone 2mg Trihexyphenidyl 2 mg Tablets (mouth Dissolving ),Risperidone,10's,10,9.38,True,0.938,Central Nervous System (CNS),Jan Aushadhi (PMBJP) product and MRP list,https://janaushadhi.gov.in/product-portfolio/product-mrp-list,Exported from the site's own Download Files button. Direct API calls to port 8443 return 500 from outside the browser.,False,,2026-08-06T05:37:19+00:00
2730,Risperidone 3mg Trihexyphenidyl 2 mg Tablets,Risperidone,10's,10,0.0,False,,Central Nervous System (CNS),Jan Aushadhi (PMBJP) product and MRP list,https://janaushadhi.gov.in/product-portfolio/product-mrp-list,Exported from the site's own Download Files button. Direct API calls to port 8443 return 500 from outside the browser.,False,,2026-08-06T05:37:19+00:00
2731,Rivaroxaban Tablet 15 mg,Rivaroxaban,14's,14,117.19,True,8.3707,Anticoagulant,Jan Aushadhi (PMBJP) product and MRP list,https://janaushadhi.gov.in/product-portfolio/product-mrp-list,Exported from the site's own Download Files button. Direct API calls to port 8443 return 500 from outside the browser.,False,,2026-08-06T05:37:19+00:00
2732,Rivaroxaban Tablet 2.5 mg,Rivaroxaban,14's,14,42.19,True,3.0136,Anticoagulant,Jan Aushadhi (PMBJP) product and MRP list,https://janaushadhi.gov.in/product-portfolio/product-mrp-list,Exported from the site's own Download Files button. Direct API calls to port 8443 return 500 from outside the browser.,False,,2026-08-06T05:37:19+00:00
2733,Rivastigmine Capsules 1.5mg,Rivastigmine,10's,10,46.88,True,4.688,Central Nervous System (CNS),Jan Aushadhi (PMBJP) product and MRP list,https://janaushadhi.gov.in/product-portfolio/product-mrp-list,Exported from the site's own Download Files button. Direct API calls to port 8443 return 500 from outside the browser.,False,,2026-08-06T05:37:19+00:00
2734,Rivastigmine Capsules 3mg,Rivastigmine,10's,10,0.0,False,,Central Nervous System (CNS),Jan Aushadhi (PMBJP) product and MRP list,https://janaushadhi.gov.in/product-portfolio/product-mrp-list,Exported from the site's own Download Files button. Direct API calls to port 8443 return 500 from outside the browser.,False,,2026-08-06T05:37:19+00:00
2735,Rivastigmine Capsules 4.5 mg,Rivastigmine,10's,10,0.0,False,,Central Nervous System (CNS),Jan Aushadhi (PMBJP) product and MRP list,https://janaushadhi.gov.in/product-portfolio/product-mrp-list,Exported from the site's own Download Files button. Direct API calls to port 8443 return 500 from outside the browser.,False,,2026-08-06T05:37:19+00:00
2736,Rivastigmine Capsules 6 mg,Rivastigmine,10's,10,0.0,False,,Central Nervous System (CNS),Jan Aushadhi (PMBJP) product and MRP list,https://janaushadhi.gov.in/product-portfolio/product-mrp-list,Exported from the site's own Download Files button. Direct API calls to port 8443 return 500 from outside the browser.,False,,2026-08-06T05:37:19+00:00
2737,Rivastigmine Transdermal Patch 9mg (4.6mg/24 hour),Rivastigmine Transdermal Patch,30's in monocarton,30,0.0,False,,Central Nervous System (CNS),Jan Aushadhi (PMBJP) product and MRP list,https://janaushadhi.gov.in/product-portfolio/product-mrp-list,Exported from the site's own Download Files button. Direct API calls to port 8443 return 500 from outside the browser.,False,,2026-08-06T05:37:19+00:00
2738,Rivastigmine Transdermal Patch 18mg (9.5mg/24 hour),Rivastigmine Transdermal Patch,30's in monocarton,30,0.0,False,,Central Nervous System (CNS),Jan Aushadhi (PMBJP) product and MRP list,https://janaushadhi.gov.in/product-portfolio/product-mrp-list,Exported from the site's own Download Files button. Direct API calls to port 8443 return 500 from outside the browser.,False,,2026-08-06T05:37:19+00:00
2739,Rivastigmine Transdermal Patch 27mg (13.3mg/24 hour),Rivastigmine Transdermal Patch,30's in monocarton,30,0.0,False,,Central Nervous System (CNS),Jan Aushadhi (PMBJP) product and MRP list,https://janaushadhi.gov.in/product-portfolio/product-mrp-list,Exported from the site's own Download Files button. Direct API calls to port 8443 return 500 from outside the browser.,False,,2026-08-06T05:37:19+00:00
2740,Rizatriptan Benzoate Orally Disintegrating Strips 5 mg,Rizatriptan Benzoate Orally Disintegrating Strips,5's in Mono-carton,5,90.94,True,18.188,Central Nervous System (CNS),Jan Aushadhi (PMBJP) product and MRP list,https://janaushadhi.gov.in/product-portfolio/product-mrp-list,Exported from the site's own Download Files button. Direct API calls to port 8443 return 500 from outside the browser.,False,,2026-08-06T05:37:19+00:00
2741,Rizatriptan Benzoate Orally Disintegrating Strips 10 mg,Rizatriptan Benzoate Orally Disintegrating Strips,5's in Mono-carton,5,150.0,True,30.0,Central Nervous System (CNS),Jan Aushadhi (PMBJP) product and MRP list,https://janaushadhi.gov.in/product-portfolio/product-mrp-list,Exported from the site's own Download Files button. Direct API calls to port 8443 return 500 from outside the browser.,False,,2026-08-06T05:37:19+00:00
2742,Romiplostim Powder and Solvent for solution for Injection 250mcg per 0.5 vial,Romiplostim and Solvent for for,Vial,,0.0,False,,Coagulants,Jan Aushadhi (PMBJP) product and MRP list,https://janaushadhi.gov.in/product-portfolio/product-mrp-list,Exported from the site's own Download Files button. Direct API calls to port 8443 return 500 from outside the browser.,True,romiplostim is an oncology molecule,2026-08-06T05:37:19+00:00
2743,Romiplostim Powder and Solvent for solution for Injection 500mcg per vial,Romiplostim and Solvent for for,Vial,,0.0,False,,Coagulants,Jan Aushadhi (PMBJP) product and MRP list,https://janaushadhi.gov.in/product-portfolio/product-mrp-list,Exported from the site's own Download Files button. Direct API calls to port 8443 return 500 from outside the browser.,True,romiplostim is an oncology molecule,2026-08-06T05:37:19+00:00
2744,Latanoprost Eye Drops IP 0.005% w/v (50mcg per ml),Latanoprost Eye w v,3ml Drop,,187.5,True,,Opthalmic/Otic,Jan Aushadhi (PMBJP) product and MRP list,https://janaushadhi.gov.in/product-portfolio/product-mrp-list,Exported from the site's own Download Files button. Direct API calls to port 8443 return 500 from outside the browser.,False,,2026-08-06T05:37:19+00:00
2745,Sildenafil Orally Disintegrating Strips 100 mg,Sildenafil Orally Disintegrating Strips,5's in mono-carton,5,0.0,False,,Urology,Jan Aushadhi (PMBJP) product and MRP list,https://janaushadhi.gov.in/product-portfolio/product-mrp-list,Exported from the site's own Download Files button. Direct API calls to port 8443 return 500 from outside the browser.,False,,2026-08-06T05:37:19+00:00
2746,"Sitagliptin 50mg, Glimepiride 1mg and Metformin Hydrochloride 1000mg Tablets",Sitagliptin,10's,10,58.13,True,5.813,Anti-Diabetic,Jan Aushadhi (PMBJP) product and MRP list,https://janaushadhi.gov.in/product-portfolio/product-mrp-list,Exported from the site's own Download Files button. Direct API calls to port 8443 return 500 from outside the browser.,False,,2026-08-06T05:37:19+00:00
2747,"Sitagliptin 50mg, Glimepiride 2mg and Metformin Hydrochloride 1000mg Tablets",Sitagliptin,10's,10,60.94,True,6.094,Anti-Diabetic,Jan Aushadhi (PMBJP) product and MRP list,https://janaushadhi.gov.in/product-portfolio/product-mrp-list,Exported from the site's own Download Files button. Direct API calls to port 8443 return 500 from outside the browser.,False,,2026-08-06T05:37:19+00:00
2748,Spironolactone Tablets IP 50 mg,Spironolactone,15's,15,34.22,True,2.2813,Diuretic,Jan Aushadhi (PMBJP) product and MRP list,https://janaushadhi.gov.in/product-portfolio/product-mrp-list,Exported from the site's own Download Files button. Direct API calls to port 8443 return 500 from outside the browser.,False,,2026-08-06T05:37:19+00:00
2749,Spironolactone Tablets IP 100mg,Spironolactone,15's,15,79.69,True,5.3127,Diuretic,Jan Aushadhi (PMBJP) product and MRP list,https://janaushadhi.gov.in/product-portfolio/product-mrp-list,Exported from the site's own Download Files button. Direct API calls to port 8443 return 500 from outside the browser.,False,,2026-08-06T05:37:19+00:00
2750,Tadalafil Oral Disintegrating Strips 10 mg,Tadalafil Oral Disintegrating Strips,1's,1,9.38,True,9.38,Urology,Jan Aushadhi (PMBJP) product and MRP list,https://janaushadhi.gov.in/product-portfolio/product-mrp-list,Exported from the site's own Download Files button. Direct API calls to port 8443 return 500 from outside the browser.,False,,2026-08-06T05:37:19+00:00
2751,Tadalafil Oral Disintegrating Strips 20 mg,Tadalafil Oral Disintegrating Strips,1's,1,14.06,True,14.06,Urology,Jan Aushadhi (PMBJP) product and MRP list,https://janaushadhi.gov.in/product-portfolio/product-mrp-list,Exported from the site's own Download Files button. Direct API calls to port 8443 return 500 from outside the browser.,False,,2026-08-06T05:37:19+00:00
2752,Tadalafil Tablets IP 2.5 mg,Tadalafil,10's,10,9.38,True,0.938,Urology,Jan Aushadhi (PMBJP) product and MRP list,https://janaushadhi.gov.in/product-portfolio/product-mrp-list,Exported from the site's own Download Files button. Direct API calls to port 8443 return 500 from outside the browser.,False,,2026-08-06T05:37:19+00:00
2753,Tadalafil Tablets IP 5 mg,Tadalafil,10's,10,11.25,True,1.125,Urology,Jan Aushadhi (PMBJP) product and MRP list,https://janaushadhi.gov.in/product-portfolio/product-mrp-list,Exported from the site's own Download Files button. Direct API calls to port 8443 return 500 from outside the browser.,False,,2026-08-06T05:37:19+00:00
2754,Tadalafil Tablets IP 10 mg,Tadalafil,4's,4,9.38,True,2.345,Urology,Jan Aushadhi (PMBJP) product and MRP list,https://janaushadhi.gov.in/product-portfolio/product-mrp-list,Exported from the site's own Download Files button. Direct API calls to port 8443 return 500 from outside the browser.,False,,2026-08-06T05:37:19+00:00
2755,"Teneligliptin 20mg, Dapagliflozin 10mg and Metformin Hydrochloride (Sustained Release) 1000mg Tablets",Teneligliptin,10's,10,46.88,True,4.688,Anti-Diabetic,Jan Aushadhi (PMBJP) product and MRP list,https://janaushadhi.gov.in/product-portfolio/product-mrp-list,Exported from the site's own Download Files button. Direct API calls to port 8443 return 500 from outside the browser.,False,,2026-08-06T05:37:19+00:00
2756,"Teneligliptin 20mg, Dapagliflozin 10mg and Metformin Hydrochloride (Sustained Release) 500mg Tablets",Teneligliptin,10's,10,42.19,True,4.219,Anti-Diabetic,Jan Aushadhi (PMBJP) product and MRP list,https://janaushadhi.gov.in/product-portfolio/product-mrp-list,Exported from the site's own Download Files button. Direct API calls to port 8443 return 500 from outside the browser.,False,,2026-08-06T05:37:19+00:00
2757,Thyroxine Sodium Tablets IP 62.5mcg,Thyroxine Sodium,100's Bottle,100,54.38,True,0.5438,Anti-Thyroid,Jan Aushadhi (PMBJP) product and MRP list,https://janaushadhi.gov.in/product-portfolio/product-mrp-list,Exported from the site's own Download Files button. Direct API calls to port 8443 return 500 from outside the browser.,False,,2026-08-06T05:37:19+00:00
2758,Torsemide 20 mg and Spironolactone 25 mg Tablets,Torsemide,15's,15,39.38,True,2.6253,Diuretic,Jan Aushadhi (PMBJP) product and MRP list,https://janaushadhi.gov.in/product-portfolio/product-mrp-list,Exported from the site's own Download Files button. Direct API calls to port 8443 return 500 from outside the browser.,False,,2026-08-06T05:37:19+00:00
2759,Torsemide 5 mg and Spironolactone 50 mg Tablets,Torsemide,15's,15,42.19,True,2.8127,Diuretic,Jan Aushadhi (PMBJP) product and MRP list,https://janaushadhi.gov.in/product-portfolio/product-mrp-list,Exported from the site's own Download Files button. Direct API calls to port 8443 return 500 from outside the browser.,False,,2026-08-06T05:37:19+00:00
2760,Trazodone Hydrochloride Tablets IP 100 mg,Trazodone Hydrochloride,10's,10,46.88,True,4.688,Central Nervous System (CNS),Jan Aushadhi (PMBJP) product and MRP list,https://janaushadhi.gov.in/product-portfolio/product-mrp-list,Exported from the site's own Download Files button. Direct API calls to port 8443 return 500 from outside the browser.,False,,2026-08-06T05:37:19+00:00
2761,Trazodone Hydrochloride Tablets IP 25 mg,Trazodone Hydrochloride,10's,10,14.06,True,1.406,Central Nervous System (CNS),Jan Aushadhi (PMBJP) product and MRP list,https://janaushadhi.gov.in/product-portfolio/product-mrp-list,Exported from the site's own Download Files button. Direct API calls to port 8443 return 500 from outside the browser.,False,,2026-08-06T05:37:19+00:00
2762,Trientine Hydrochloride Capsules 250 mg,Trientine Hydrochloride,100's in Bottle,100,10231.88,True,102.3188,Hepato-Protective,Jan Aushadhi (PMBJP) product and MRP list,https://janaushadhi.gov.in/product-portfolio/product-mrp-list,Exported from the site's own Download Files button. Direct API calls to port 8443 return 500 from outside the browser.,False,,2026-08-06T05:37:19+00:00
2763,Ubidecarenone (Co-enzyme Q10) Capsules 100 mg,Ubidecarenone Co enzyme Q,10's,10,84.38,True,8.438,Supplement/Vitamin/Mineral,Jan Aushadhi (PMBJP) product and MRP list,https://janaushadhi.gov.in/product-portfolio/product-mrp-list,Exported from the site's own Download Files button. Direct API calls to port 8443 return 500 from outside the browser.,False,,2026-08-06T05:37:19+00:00
2764,Ubidecarenone (Co-enzyme Q10) Capsules 300 mg,Ubidecarenone Co enzyme Q,10's,10,234.38,True,23.438,Supplement/Vitamin/Mineral,Jan Aushadhi (PMBJP) product and MRP list,https://janaushadhi.gov.in/product-portfolio/product-mrp-list,Exported from the site's own Download Files button. Direct API calls to port 8443 return 500 from outside the browser.,False,,2026-08-06T05:37:19+00:00
2765,Vancomycin Hydrochloride for Intravenous Infusion IP 1000 mg,Vancomycin Hydrochloride for Intravenous Infusion,Vial,,0.0,False,,Antibiotics,Jan Aushadhi (PMBJP) product and MRP list,https://janaushadhi.gov.in/product-portfolio/product-mrp-list,Exported from the site's own Download Files button. Direct API calls to port 8443 return 500 from outside the browser.,False,,2026-08-06T05:37:19+00:00
2766,Vancomycin Hydrochloride Capsules IP 250mg,Vancomycin Hydrochloride,10's,10,0.0,False,,Antibiotics,Jan Aushadhi (PMBJP) product and MRP list,https://janaushadhi.gov.in/product-portfolio/product-mrp-list,Exported from the site's own Download Files button. Direct API calls to port 8443 return 500 from outside the browser.,False,,2026-08-06T05:37:19+00:00
2767,Vasopressin injection IP 20IU,Vasopressin,1ml Ampoule,,80.0,True,,Anti-Diuretic,Jan Aushadhi (PMBJP) product and MRP list,https://janaushadhi.gov.in/product-portfolio/product-mrp-list,Exported from the site's own Download Files button. Direct API calls to port 8443 return 500 from outside the browser.,False,,2026-08-06T05:37:19+00:00
2768,Vildagliptin 50mg and Dapagliflozin 5mg Tablets,Vildagliptin,15's,15,0.0,False,,Anti-Diabetic,Jan Aushadhi (PMBJP) product and MRP list,https://janaushadhi.gov.in/product-portfolio/product-mrp-list,Exported from the site's own Download Files button. Direct API calls to port 8443 return 500 from outside the browser.,False,,2026-08-06T05:37:19+00:00
2769,Vincristine Injection 1mg,Vincristine,1ml Vial,,0.0,False,,Oncology,Jan Aushadhi (PMBJP) product and MRP list,https://janaushadhi.gov.in/product-portfolio/product-mrp-list,Exported from the site's own Download Files button. Direct API calls to port 8443 return 500 from outside the browser.,True,indication names oncology,2026-08-06T05:37:19+00:00
2770,Zolpidem Tablets IP 5mg,Zolpidem,10's,10,9.38,True,0.938,Central Nervous System (CNS),Jan Aushadhi (PMBJP) product and MRP list,https://janaushadhi.gov.in/product-portfolio/product-mrp-list,Exported from the site's own Download Files button. Direct API calls to port 8443 return 500 from outside the browser.,False,,2026-08-06T05:37:19+00:00
2771,Fluconazole Tablets IP 50 mg,Fluconazole,4's,4,7.5,True,1.875,Anti-Fungal,Jan Aushadhi (PMBJP) product and MRP list,https://janaushadhi.gov.in/product-portfolio/product-mrp-list,Exported from the site's own Download Files button. Direct API calls to port 8443 return 500 from outside the browser.,False,,2026-08-06T05:37:19+00:00
2772,Fluconazole Tablets IP 200 mg,Fluconazole,4's,4,22.5,True,5.625,Anti-Fungal,Jan Aushadhi (PMBJP) product and MRP list,https://janaushadhi.gov.in/product-portfolio/product-mrp-list,Exported from the site's own Download Files button. Direct API calls to port 8443 return 500 from outside the browser.,False,,2026-08-06T05:37:19+00:00
2773,Fluconazole Tablets IP 400 mg,Fluconazole,1's,1,9.38,True,9.38,Anti-Fungal,Jan Aushadhi (PMBJP) product and MRP list,https://janaushadhi.gov.in/product-portfolio/product-mrp-list,Exported from the site's own Download Files button. Direct API calls to port 8443 return 500 from outside the browser.,False,,2026-08-06T05:37:19+00:00
2774,Fluconazole Injection 2mg per ml,Fluconazole,100ml Bottle,,0.0,False,,Anti-Fungal,Jan Aushadhi (PMBJP) product and MRP list,https://janaushadhi.gov.in/product-portfolio/product-mrp-list,Exported from the site's own Download Files button. Direct API calls to port 8443 return 500 from outside the browser.,False,,2026-08-06T05:37:19+00:00
2775,Janaushadhi Urja (Glucose Powder (Orange Flavour) 1kg),Janaushadhi Urja Glucose Orange Flavour kg,1kg Screw-Cap jar with scoop,,0.0,False,,Nutraceuticals,Jan Aushadhi (PMBJP) product and MRP list,https://janaushadhi.gov.in/product-portfolio/product-mrp-list,Exported from the site's own Download Files button. Direct API calls to port 8443 return 500 from outside the browser.,False,,2026-08-06T05:37:19+00:00
2776,Janaushadhi Urja (Glucose Powder 500g),Janaushadhi Urja Glucose,500g Screw-Cap jar with scoop,,0.0,False,,Nutraceuticals,Jan Aushadhi (PMBJP) product and MRP list,https://janaushadhi.gov.in/product-portfolio/product-mrp-list,Exported from the site's own Download Files button. Direct API calls to port 8443 return 500 from outside the browser.,False,,2026-08-06T05:37:19+00:00
2777,Janaushadhi Urja (Glucose Powder 1kg),Janaushadhi Urja Glucose kg,1kg Screw-Cap jar with scoop,,0.0,False,,Nutraceuticals,Jan Aushadhi (PMBJP) product and MRP list,https://janaushadhi.gov.in/product-portfolio/product-mrp-list,Exported from the site's own Download Files button. Direct API calls to port 8443 return 500 from outside the browser.,False,,2026-08-06T05:37:19+00:00
2778,Janaushadhi Onco-Care Protein Powder,Janaushadhi Onco Care Protein,500g HDPE Container,,0.0,False,,Nutraceuticals,Jan Aushadhi (PMBJP) product and MRP list,https://janaushadhi.gov.in/product-portfolio/product-mrp-list,Exported from the site's own Download Files button. Direct API calls to port 8443 return 500 from outside the browser.,False,,2026-08-06T05:37:19+00:00
2779,"Janaushadhi Poshan (Malt based food with Cocoa, 1000gm)",Janaushadhi Poshan Malt based food with Cocoa gm,1000g HDPE Container,,266.95,True,,Nutraceuticals,Jan Aushadhi (PMBJP) product and MRP list,https://janaushadhi.gov.in/product-portfolio/product-mrp-list,Exported from the site's own Download Files button. Direct API calls to port 8443 return 500 from outside the browser.,False,,2026-08-06T05:37:19+00:00
2780,"Janaushadhi Poshan (Malt based food, 1000gm)",Janaushadhi Poshan Malt based food gm,1000g HDPE Container,,266.95,True,,Nutraceuticals,Jan Aushadhi (PMBJP) product and MRP list,https://janaushadhi.gov.in/product-portfolio/product-mrp-list,Exported from the site's own Download Files button. Direct API calls to port 8443 return 500 from outside the browser.,False,,2026-08-06T05:37:19+00:00
2781,Janaushadhi Ragi Malt based food (500gm),Janaushadhi Ragi Malt based food gm,500g HDPE Container,,169.07,True,,Nutraceuticals,Jan Aushadhi (PMBJP) product and MRP list,https://janaushadhi.gov.in/product-portfolio/product-mrp-list,Exported from the site's own Download Files button. Direct API calls to port 8443 return 500 from outside the browser.,False,,2026-08-06T05:37:19+00:00
2782,Janaushadhi Ragi Malt based food (1000gm),Janaushadhi Ragi Malt based food gm,1000g HDPE Container,,0.0,False,,Nutraceuticals,Jan Aushadhi (PMBJP) product and MRP list,https://janaushadhi.gov.in/product-portfolio/product-mrp-list,Exported from the site's own Download Files button. Direct API calls to port 8443 return 500 from outside the browser.,False,,2026-08-06T05:37:19+00:00
2783,Janaushadhi Ragi Sticks (Chocolate),Janaushadhi Ragi Sticks Chocolate,Screw-cap plastic container,,0.0,False,,Nutraceuticals,Jan Aushadhi (PMBJP) product and MRP list,https://janaushadhi.gov.in/product-portfolio/product-mrp-list,Exported from the site's own Download Files button. Direct API calls to port 8443 return 500 from outside the browser.,False,,2026-08-06T05:37:19+00:00
2784,Janaushadhi Energy Drink (Orange Flavour),Janaushadhi Energy Drink Orange Flavour,200ml Tetra Pack,,0.0,False,,Nutraceuticals,Jan Aushadhi (PMBJP) product and MRP list,https://janaushadhi.gov.in/product-portfolio/product-mrp-list,Exported from the site's own Download Files button. Direct API calls to port 8443 return 500 from outside the browser.,False,,2026-08-06T05:37:19+00:00
2785,Abiraterone Acetate Tablets 500mg,Abiraterone Acetate,60's bottle,60,0.0,False,,Oncology,Jan Aushadhi (PMBJP) product and MRP list,https://janaushadhi.gov.in/product-portfolio/product-mrp-list,Exported from the site's own Download Files button. Direct API calls to port 8443 return 500 from outside the browser.,True,indication names oncology,2026-08-06T05:37:19+00:00
2786,Amlodipine + Enalapril Tablet (5/5 Mg),Amlodipine Enalapril,10's,10,0.0,False,,Cardiovascular System (CVS),Jan Aushadhi (PMBJP) product and MRP list,https://janaushadhi.gov.in/product-portfolio/product-mrp-list,Exported from the site's own Download Files button. Direct API calls to port 8443 return 500 from outside the browser.,False,,2026-08-06T05:37:19+00:00
2787,Amlodipine + Indapamide Tablet (5/1.5 Mg),Amlodipine Indapamide,10's,10,0.0,False,,Cardiovascular System (CVS),Jan Aushadhi (PMBJP) product and MRP list,https://janaushadhi.gov.in/product-portfolio/product-mrp-list,Exported from the site's own Download Files button. Direct API calls to port 8443 return 500 from outside the browser.,False,,2026-08-06T05:37:19+00:00
2789,Atenolol + Chlorthalidone Tablet (25/12.5 Mg),Atenolol Chlorthalidone,10's,10,0.0,False,,Cardiovascular System (CVS),Jan Aushadhi (PMBJP) product and MRP list,https://janaushadhi.gov.in/product-portfolio/product-mrp-list,Exported from the site's own Download Files button. Direct API calls to port 8443 return 500 from outside the browser.,False,,2026-08-06T05:37:19+00:00
2790,Atenolol + Chlorthalidone Tablet (50/12.5 Mg),Atenolol Chlorthalidone,10's,10,0.0,False,,Cardiovascular System (CVS),Jan Aushadhi (PMBJP) product and MRP list,https://janaushadhi.gov.in/product-portfolio/product-mrp-list,Exported from the site's own Download Files button. Direct API calls to port 8443 return 500 from outside the browser.,False,,2026-08-06T05:37:19+00:00
2791,Atenolol + Indapamide Tablet (50/2.5 Mg),Atenolol Indapamide,10's,10,0.0,False,,Cardiovascular System (CVS),Jan Aushadhi (PMBJP) product and MRP list,https://janaushadhi.gov.in/product-portfolio/product-mrp-list,Exported from the site's own Download Files button. Direct API calls to port 8443 return 500 from outside the browser.,False,,2026-08-06T05:37:19+00:00
2792,Atenolol + Losartan Tablet (50/50 Mg),Atenolol Losartan,10's,10,0.0,False,,Cardiovascular System (CVS),Jan Aushadhi (PMBJP) product and MRP list,https://janaushadhi.gov.in/product-portfolio/product-mrp-list,Exported from the site's own Download Files button. Direct API calls to port 8443 return 500 from outside the browser.,False,,2026-08-06T05:37:19+00:00
2793,Atenolol + Nifedipine Tablet (50/20 Mg),Atenolol Nifedipine,10's,10,0.0,False,,Cardiovascular System (CVS),Jan Aushadhi (PMBJP) product and MRP list,https://janaushadhi.gov.in/product-portfolio/product-mrp-list,Exported from the site's own Download Files button. Direct API calls to port 8443 return 500 from outside the browser.,False,,2026-08-06T05:37:19+00:00
2794,Atomoxetine Tablet (10 Mg),Atomoxetine,10's,10,0.0,False,,Central Nervous System (CNS),Jan Aushadhi (PMBJP) product and MRP list,https://janaushadhi.gov.in/product-portfolio/product-mrp-list,Exported from the site's own Download Files button. Direct API calls to port 8443 return 500 from outside the browser.,False,,2026-08-06T05:37:19+00:00
2795,Azelaic Acid 20% Cream,Azelaic Acid,15GM,,0.0,False,,Dermatology/Topical/External,Jan Aushadhi (PMBJP) product and MRP list,https://janaushadhi.gov.in/product-portfolio/product-mrp-list,Exported from the site's own Download Files button. Direct API calls to port 8443 return 500 from outside the browser.,False,,2026-08-06T05:37:19+00:00
2796,Benidipine + Telmisartan Tablet (4/40 Mg),Benidipine Telmisartan,15's,15,0.0,False,,Cardiovascular System (CVS),Jan Aushadhi (PMBJP) product and MRP list,https://janaushadhi.gov.in/product-portfolio/product-mrp-list,Exported from the site's own Download Files button. Direct API calls to port 8443 return 500 from outside the browser.,False,,2026-08-06T05:37:19+00:00
2797,Benzoyl Peroxide 5% Soap,Benzoyl Peroxide Soap,75GM,,0.0,False,,Dermatology/Topical/External,Jan Aushadhi (PMBJP) product and MRP list,https://janaushadhi.gov.in/product-portfolio/product-mrp-list,Exported from the site's own Download Files button. Direct API calls to port 8443 return 500 from outside the browser.,False,,2026-08-06T05:37:19+00:00
2798,Benzoyl Peroxide Gel 5%,Benzoyl Peroxide,15GM,,0.0,False,,Dermatology/Topical/External,Jan Aushadhi (PMBJP) product and MRP list,https://janaushadhi.gov.in/product-portfolio/product-mrp-list,Exported from the site's own Download Files button. Direct API calls to port 8443 return 500 from outside the browser.,False,,2026-08-06T05:37:19+00:00
2799,Buspirone Tablet (10 Mg),Buspirone,10's,10,0.0,False,,Central Nervous System (CNS),Jan Aushadhi (PMBJP) product and MRP list,https://janaushadhi.gov.in/product-portfolio/product-mrp-list,Exported from the site's own Download Files button. Direct API calls to port 8443 return 500 from outside the browser.,False,,2026-08-06T05:37:19+00:00
2800,Buspirone Tablet (5 Mg),Buspirone,10's,10,0.0,False,,Central Nervous System (CNS),Jan Aushadhi (PMBJP) product and MRP list,https://janaushadhi.gov.in/product-portfolio/product-mrp-list,Exported from the site's own Download Files button. Direct API calls to port 8443 return 500 from outside the browser.,False,,2026-08-06T05:37:19+00:00
2801,Carbetocin Injection 100mcg /ml,Carbetocin,1ML,,0.0,False,,Gynaecology,Jan Aushadhi (PMBJP) product and MRP list,https://janaushadhi.gov.in/product-portfolio/product-mrp-list,Exported from the site's own Download Files button. Direct API calls to port 8443 return 500 from outside the browser.,False,,2026-08-06T05:37:19+00:00
2802,Clonazepam + Propranolol Tablet (0.25/10 Mg),Clonazepam Propranolol,10's,10,0.0,False,,Central Nervous System (CNS),Jan Aushadhi (PMBJP) product and MRP list,https://janaushadhi.gov.in/product-portfolio/product-mrp-list,Exported from the site's own Download Files button. Direct API calls to port 8443 return 500 from outside the browser.,False,,2026-08-06T05:37:19+00:00
2803,Clonazepam + Propranolol Tablet (0.25/20 Mg),Clonazepam Propranolol,10's,10,0.0,False,,Central Nervous System (CNS),Jan Aushadhi (PMBJP) product and MRP list,https://janaushadhi.gov.in/product-portfolio/product-mrp-list,Exported from the site's own Download Files button. Direct API calls to port 8443 return 500 from outside the browser.,False,,2026-08-06T05:37:19+00:00
2804,Clonazepam + Propranolol Tablet (0.5/20 Mg),Clonazepam Propranolol,10's,10,0.0,False,,Central Nervous System (CNS),Jan Aushadhi (PMBJP) product and MRP list,https://janaushadhi.gov.in/product-portfolio/product-mrp-list,Exported from the site's own Download Files button. Direct API calls to port 8443 return 500 from outside the browser.,False,,2026-08-06T05:37:19+00:00
2805,"Combo pack of Vitamin C Injection IP and Vitamin B12, Folic acid and Niacinamide injection",Combo pack of Vitamin C and Vitamin B Folic acid and Niacinamide,1's,1,0.0,False,,Supplement/Vitamin/Mineral,Jan Aushadhi (PMBJP) product and MRP list,https://janaushadhi.gov.in/product-portfolio/product-mrp-list,Exported from the site's own Download Files button. Direct API calls to port 8443 return 500 from outside the browser.,False,,2026-08-06T05:37:19+00:00
2806,Enzalutamide Tablet 40Mg,Enzalutamide,28's in Bottle,28,0.0,False,,Oncology,Jan Aushadhi (PMBJP) product and MRP list,https://janaushadhi.gov.in/product-portfolio/product-mrp-list,Exported from the site's own Download Files button. Direct API calls to port 8443 return 500 from outside the browser.,True,indication names oncology,2026-08-06T05:37:19+00:00
2807,Filgrastim injection 300mcg,Filgrastim,1ML Vial,,0.0,False,,Immunostimulator,Jan Aushadhi (PMBJP) product and MRP list,https://janaushadhi.gov.in/product-portfolio/product-mrp-list,Exported from the site's own Download Files button. Direct API calls to port 8443 return 500 from outside the browser.,True,filgrastim is an oncology molecule,2026-08-06T05:37:19+00:00
2808,Flecanide Tablets 100Mg,Flecanide,10's,10,0.0,False,,Cardiovascular System (CVS),Jan Aushadhi (PMBJP) product and MRP list,https://janaushadhi.gov.in/product-portfolio/product-mrp-list,Exported from the site's own Download Files button. Direct API calls to port 8443 return 500 from outside the browser.,False,,2026-08-06T05:37:19+00:00
2809,Flecanide Tablets 50Mg,Flecanide,10's,10,0.0,False,,Cardiovascular System (CVS),Jan Aushadhi (PMBJP) product and MRP list,https://janaushadhi.gov.in/product-portfolio/product-mrp-list,Exported from the site's own Download Files button. Direct API calls to port 8443 return 500 from outside the browser.,False,,2026-08-06T05:37:19+00:00
2810,Fluoxetine 10 Mg Tablet,Fluoxetine,10's,10,0.0,False,,Central Nervous System (CNS),Jan Aushadhi (PMBJP) product and MRP list,https://janaushadhi.gov.in/product-portfolio/product-mrp-list,Exported from the site's own Download Files button. Direct API calls to port 8443 return 500 from outside the browser.,False,,2026-08-06T05:37:19+00:00
2811,Fluoxetine Capsules 60Mg,Fluoxetine,10's,10,0.0,False,,Central Nervous System (CNS),Jan Aushadhi (PMBJP) product and MRP list,https://janaushadhi.gov.in/product-portfolio/product-mrp-list,Exported from the site's own Download Files button. Direct API calls to port 8443 return 500 from outside the browser.,False,,2026-08-06T05:37:19+00:00
2812,Gliclazide + Pioglitazone + Metformin Tablet (30/15/500 Mg),Gliclazide Pioglitazone Metformin,10's,10,0.0,False,,Anti-Diabetic,Jan Aushadhi (PMBJP) product and MRP list,https://janaushadhi.gov.in/product-portfolio/product-mrp-list,Exported from the site's own Download Files button. Direct API calls to port 8443 return 500 from outside the browser.,False,,2026-08-06T05:37:19+00:00
2813,Gliclazide + Pioglitazone + Metformin Tablet (60/15/500 Mg),Gliclazide Pioglitazone Metformin,10's,10,0.0,False,,Anti-Diabetic,Jan Aushadhi (PMBJP) product and MRP list,https://janaushadhi.gov.in/product-portfolio/product-mrp-list,Exported from the site's own Download Files button. Direct API calls to port 8443 return 500 from outside the browser.,False,,2026-08-06T05:37:19+00:00
2814,Glycolic Acid Cream 12%,Glycolic Acid,30GM,,0.0,False,,Dermatology/Topical/External,Jan Aushadhi (PMBJP) product and MRP list,https://janaushadhi.gov.in/product-portfolio/product-mrp-list,Exported from the site's own Download Files button. Direct API calls to port 8443 return 500 from outside the browser.,False,,2026-08-06T05:37:19+00:00
2815,Glycolic Acid Cream 6%,Glycolic Acid,30GM,,0.0,False,,Dermatology/Topical/External,Jan Aushadhi (PMBJP) product and MRP list,https://janaushadhi.gov.in/product-portfolio/product-mrp-list,Exported from the site's own Download Files button. Direct API calls to port 8443 return 500 from outside the browser.,False,,2026-08-06T05:37:19+00:00
2816,Glycopyrrolate Tablet 1Mg,Glycopyrrolate,10's,10,0.0,False,,Gastrointestinal (GIT),Jan Aushadhi (PMBJP) product and MRP list,https://janaushadhi.gov.in/product-portfolio/product-mrp-list,Exported from the site's own Download Files button. Direct API calls to port 8443 return 500 from outside the browser.,False,,2026-08-06T05:37:19+00:00
2817,Glycopyrrolate Tablet 2Mg,Glycopyrrolate,10's,10,0.0,False,,Gastrointestinal (GIT),Jan Aushadhi (PMBJP) product and MRP list,https://janaushadhi.gov.in/product-portfolio/product-mrp-list,Exported from the site's own Download Files button. Direct API calls to port 8443 return 500 from outside the browser.,False,,2026-08-06T05:37:19+00:00
2818,Halobetasol & Fusidic Acid Cream 0.05/2%,Halobetasol Fusidic Acid,10GM,,0.0,False,,Dermatology/Topical/External,Jan Aushadhi (PMBJP) product and MRP list,https://janaushadhi.gov.in/product-portfolio/product-mrp-list,Exported from the site's own Download Files button. Direct API calls to port 8443 return 500 from outside the browser.,False,,2026-08-06T05:37:19+00:00
2819,"Human Papillomavirus Quadrivalent (Types 6, 11, 16, And 18) Vaccine, Recombinant",Human Papillomavirus Quadrivalent Types And Vaccine Recombinant,0.5 ml in 1 prefilled syringe,,0.0,False,,Oncology,Jan Aushadhi (PMBJP) product and MRP list,https://janaushadhi.gov.in/product-portfolio/product-mrp-list,Exported from the site's own Download Files button. Direct API calls to port 8443 return 500 from outside the browser.,True,indication names oncology,2026-08-06T05:37:19+00:00
2820,Ibrutinib Capsule 140 Mg,Ibrutinib,30's in Bottle,30,0.0,False,,Oncology,Jan Aushadhi (PMBJP) product and MRP list,https://janaushadhi.gov.in/product-portfolio/product-mrp-list,Exported from the site's own Download Files button. Direct API calls to port 8443 return 500 from outside the browser.,True,indication names oncology,2026-08-06T05:37:19+00:00
2821,Imipramine + Diazepam Tablet (25/2 Mg),Imipramine Diazepam,10's,10,0.0,False,,Central Nervous System (CNS),Jan Aushadhi (PMBJP) product and MRP list,https://janaushadhi.gov.in/product-portfolio/product-mrp-list,Exported from the site's own Download Files button. Direct API calls to port 8443 return 500 from outside the browser.,False,,2026-08-06T05:37:19+00:00
2822,Imipramine + Diazepam Tablet (25/5 Mg),Imipramine Diazepam,10's,10,0.0,False,,Central Nervous System (CNS),Jan Aushadhi (PMBJP) product and MRP list,https://janaushadhi.gov.in/product-portfolio/product-mrp-list,Exported from the site's own Download Files button. Direct API calls to port 8443 return 500 from outside the browser.,False,,2026-08-06T05:37:19+00:00
2823,Testosterone Enanthate Injection 250mg per 1 ml,Testosterone Enanthate,1 ML,1,0.0,False,,Steroids & Hormones,Jan Aushadhi (PMBJP) product and MRP list,https://janaushadhi.gov.in/product-portfolio/product-mrp-list,Exported from the site's own Download Files button. Direct API calls to port 8443 return 500 from outside the browser.,False,,2026-08-06T05:37:19+00:00
2824,Lenvatinib Capsules IP 4Mg,Lenvatinib,10's bottle,10,0.0,False,,Oncology,Jan Aushadhi (PMBJP) product and MRP list,https://janaushadhi.gov.in/product-portfolio/product-mrp-list,Exported from the site's own Download Files button. Direct API calls to port 8443 return 500 from outside the browser.,True,indication names oncology,2026-08-06T05:37:19+00:00
2825,Levetiracetam Tablets IP 500 Mg XR,Levetiracetam,10's,10,0.0,False,,Central Nervous System (CNS),Jan Aushadhi (PMBJP) product and MRP list,https://janaushadhi.gov.in/product-portfolio/product-mrp-list,Exported from the site's own Download Files button. Direct API calls to port 8443 return 500 from outside the browser.,False,,2026-08-06T05:37:19+00:00
2826,Losartan + Chlorthalidone Tablet (25/6.25 Mg),Losartan Chlorthalidone,10's,10,0.0,False,,Cardiovascular System (CVS),Jan Aushadhi (PMBJP) product and MRP list,https://janaushadhi.gov.in/product-portfolio/product-mrp-list,Exported from the site's own Download Files button. Direct API calls to port 8443 return 500 from outside the browser.,False,,2026-08-06T05:37:19+00:00
2827,Losartan + S- Amlodipine Tablet (50/2.5 Mg),Losartan S Amlodipine,10's,10,0.0,False,,Cardiovascular System (CVS),Jan Aushadhi (PMBJP) product and MRP list,https://janaushadhi.gov.in/product-portfolio/product-mrp-list,Exported from the site's own Download Files button. Direct API calls to port 8443 return 500 from outside the browser.,False,,2026-08-06T05:37:19+00:00
2828,Melatonin + Zolpidem Tablet (3/10 Mg),Melatonin Zolpidem,10's,10,0.0,False,,Central Nervous System (CNS),Jan Aushadhi (PMBJP) product and MRP list,https://janaushadhi.gov.in/product-portfolio/product-mrp-list,Exported from the site's own Download Files button. Direct API calls to port 8443 return 500 from outside the browser.,False,,2026-08-06T05:37:19+00:00
2829,Melatonin + Zolpidem Tablet (3/5 Mg),Melatonin Zolpidem,10's,10,0.0,False,,Central Nervous System (CNS),Jan Aushadhi (PMBJP) product and MRP list,https://janaushadhi.gov.in/product-portfolio/product-mrp-list,Exported from the site's own Download Files button. Direct API calls to port 8443 return 500 from outside the browser.,False,,2026-08-06T05:37:19+00:00
2830,Methylphenidate Tablet 10Mg,Methylphenidate,10's,10,0.0,False,,Central Nervous System (CNS),Jan Aushadhi (PMBJP) product and MRP list,https://janaushadhi.gov.in/product-portfolio/product-mrp-list,Exported from the site's own Download Files button. Direct API calls to port 8443 return 500 from outside the browser.,False,,2026-08-06T05:37:19+00:00
2831,Methylphenidate Tablet 18Mg,Methylphenidate,10's,10,0.0,False,,Central Nervous System (CNS),Jan Aushadhi (PMBJP) product and MRP list,https://janaushadhi.gov.in/product-portfolio/product-mrp-list,Exported from the site's own Download Files button. Direct API calls to port 8443 return 500 from outside the browser.,False,,2026-08-06T05:37:19+00:00
2832,Methylphenidate Tablet 20Mg,Methylphenidate,10's,10,0.0,False,,Central Nervous System (CNS),Jan Aushadhi (PMBJP) product and MRP list,https://janaushadhi.gov.in/product-portfolio/product-mrp-list,Exported from the site's own Download Files button. Direct API calls to port 8443 return 500 from outside the browser.,False,,2026-08-06T05:37:19+00:00
2833,Methylphenidate Tablet 5Mg,Methylphenidate,10's,10,0.0,False,,Central Nervous System (CNS),Jan Aushadhi (PMBJP) product and MRP list,https://janaushadhi.gov.in/product-portfolio/product-mrp-list,Exported from the site's own Download Files button. Direct API calls to port 8443 return 500 from outside the browser.,False,,2026-08-06T05:37:19+00:00
2834,Metoprolol + Chlorthalidone Tablet (25/6.25 Mg),Metoprolol Chlorthalidone,10's,10,0.0,False,,Cardiovascular System (CVS),Jan Aushadhi (PMBJP) product and MRP list,https://janaushadhi.gov.in/product-portfolio/product-mrp-list,Exported from the site's own Download Files button. Direct API calls to port 8443 return 500 from outside the browser.,False,,2026-08-06T05:37:19+00:00
2835,Metoprolol + Chlorthalidone Tablet (50/12.5 Mg),Metoprolol Chlorthalidone,10's,10,0.0,False,,Cardiovascular System (CVS),Jan Aushadhi (PMBJP) product and MRP list,https://janaushadhi.gov.in/product-portfolio/product-mrp-list,Exported from the site's own Download Files button. Direct API calls to port 8443 return 500 from outside the browser.,False,,2026-08-06T05:37:19+00:00
2836,Metoprolol + Chlorthalidone Tablet (50/6.25 Mg),Metoprolol Chlorthalidone,10's,10,0.0,False,,Cardiovascular System (CVS),Jan Aushadhi (PMBJP) product and MRP list,https://janaushadhi.gov.in/product-portfolio/product-mrp-list,Exported from the site's own Download Files button. Direct API calls to port 8443 return 500 from outside the browser.,False,,2026-08-06T05:37:19+00:00
2837,Minoxidil 5Mg Tablet,Minoxidil,10's,10,0.0,False,,Cardiovascular System (CVS),Jan Aushadhi (PMBJP) product and MRP list,https://janaushadhi.gov.in/product-portfolio/product-mrp-list,Exported from the site's own Download Files button. Direct API calls to port 8443 return 500 from outside the browser.,False,,2026-08-06T05:37:19+00:00
2838,Naltrexone 50Mg Tablets,Naltrexone,10's,10,0.0,False,,Anti-Alcoholism,Jan Aushadhi (PMBJP) product and MRP list,https://janaushadhi.gov.in/product-portfolio/product-mrp-list,Exported from the site's own Download Files button. Direct API calls to port 8443 return 500 from outside the browser.,False,,2026-08-06T05:37:19+00:00
2839,Nimodipine Tablet (30 Mg),Nimodipine,10's,10,0.0,False,,Cardiovascular System (CVS),Jan Aushadhi (PMBJP) product and MRP list,https://janaushadhi.gov.in/product-portfolio/product-mrp-list,Exported from the site's own Download Files button. Direct API calls to port 8443 return 500 from outside the browser.,False,,2026-08-06T05:37:19+00:00
2840,Olmesartan + Amlodipine + Chlorthalidone Tablet (40/5/12.5 Mg),Olmesartan Amlodipine Chlorthalidone,10's,10,0.0,False,,Cardiovascular System (CVS),Jan Aushadhi (PMBJP) product and MRP list,https://janaushadhi.gov.in/product-portfolio/product-mrp-list,Exported from the site's own Download Files button. Direct API calls to port 8443 return 500 from outside the browser.,False,,2026-08-06T05:37:19+00:00
2841,Olmesartan + Metoprolol Tablet (20/25 Mg),Olmesartan Metoprolol,10's,10,0.0,False,,Cardiovascular System (CVS),Jan Aushadhi (PMBJP) product and MRP list,https://janaushadhi.gov.in/product-portfolio/product-mrp-list,Exported from the site's own Download Files button. Direct API calls to port 8443 return 500 from outside the browser.,False,,2026-08-06T05:37:19+00:00
2842,Olmesartan + Metoprolol Tablet (20/50 Mg),Olmesartan Metoprolol,10's,10,0.0,False,,Cardiovascular System (CVS),Jan Aushadhi (PMBJP) product and MRP list,https://janaushadhi.gov.in/product-portfolio/product-mrp-list,Exported from the site's own Download Files button. Direct API calls to port 8443 return 500 from outside the browser.,False,,2026-08-06T05:37:19+00:00
2843,Opipramol Dihydrochloride Tablets (50 Mg),Opipramol Dihydrochloride,10's,10,0.0,False,,Central Nervous System (CNS),Jan Aushadhi (PMBJP) product and MRP list,https://janaushadhi.gov.in/product-portfolio/product-mrp-list,Exported from the site's own Download Files button. Direct API calls to port 8443 return 500 from outside the browser.,False,,2026-08-06T05:37:19+00:00
2844,Opipramol Tablet (50 Mg),Opipramol,10's,10,0.0,False,,Central Nervous System (CNS),Jan Aushadhi (PMBJP) product and MRP list,https://janaushadhi.gov.in/product-portfolio/product-mrp-list,Exported from the site's own Download Files button. Direct API calls to port 8443 return 500 from outside the browser.,False,,2026-08-06T05:37:19+00:00
2845,Orlistat Capsules 60Mg,Orlistat,10's,10,0.0,False,,Weight management,Jan Aushadhi (PMBJP) product and MRP list,https://janaushadhi.gov.in/product-portfolio/product-mrp-list,Exported from the site's own Download Files button. Direct API calls to port 8443 return 500 from outside the browser.,False,,2026-08-06T05:37:19+00:00
2846,Perampanel Tablet (2 Mg),Perampanel,10's,10,0.0,False,,Central Nervous System (CNS),Jan Aushadhi (PMBJP) product and MRP list,https://janaushadhi.gov.in/product-portfolio/product-mrp-list,Exported from the site's own Download Files button. Direct API calls to port 8443 return 500 from outside the browser.,False,,2026-08-06T05:37:19+00:00
2847,Perampanel Tablet (4 Mg),Perampanel,10's,10,0.0,False,,Central Nervous System (CNS),Jan Aushadhi (PMBJP) product and MRP list,https://janaushadhi.gov.in/product-portfolio/product-mrp-list,Exported from the site's own Download Files button. Direct API calls to port 8443 return 500 from outside the browser.,False,,2026-08-06T05:37:19+00:00
2848,Pioglitazone + Glimepiride Tablet (15/2 Mg),Pioglitazone Glimepiride,10's,10,0.0,False,,Anti-Diabetic,Jan Aushadhi (PMBJP) product and MRP list,https://janaushadhi.gov.in/product-portfolio/product-mrp-list,Exported from the site's own Download Files button. Direct API calls to port 8443 return 500 from outside the browser.,False,,2026-08-06T05:37:19+00:00
2849,Polmacoxib 2 Mg Capsules,Polmacoxib,10's,10,0.0,False,,Ortho,Jan Aushadhi (PMBJP) product and MRP list,https://janaushadhi.gov.in/product-portfolio/product-mrp-list,Exported from the site's own Download Files button. Direct API calls to port 8443 return 500 from outside the browser.,False,,2026-08-06T05:37:19+00:00
2850,Rosuvastatin + Cholecalciferol Tablet (10 Mg/1000 IU),Rosuvastatin Cholecalciferol,10's,10,0.0,False,,Cardiovascular System (CVS),Jan Aushadhi (PMBJP) product and MRP list,https://janaushadhi.gov.in/product-portfolio/product-mrp-list,Exported from the site's own Download Files button. Direct API calls to port 8443 return 500 from outside the browser.,False,,2026-08-06T05:37:19+00:00
2851,Rosuvastatin + Ezetimibe Tablet (10/ 10Mg),Rosuvastatin Ezetimibe,10's,10,0.0,False,,Cardiovascular System (CVS),Jan Aushadhi (PMBJP) product and MRP list,https://janaushadhi.gov.in/product-portfolio/product-mrp-list,Exported from the site's own Download Files button. Direct API calls to port 8443 return 500 from outside the browser.,False,,2026-08-06T05:37:19+00:00
2852,Rosuvastatin + Ezetimibe Tablet (20/ 10Mg),Rosuvastatin Ezetimibe,10's,10,0.0,False,,Cardiovascular System (CVS),Jan Aushadhi (PMBJP) product and MRP list,https://janaushadhi.gov.in/product-portfolio/product-mrp-list,Exported from the site's own Download Files button. Direct API calls to port 8443 return 500 from outside the browser.,False,,2026-08-06T05:37:19+00:00
2853,Rosuvastatin 20Mg And Clopidogrel 75Mg Capsules,Rosuvastatin,10's,10,0.0,False,,Cardiovascular System (CVS),Jan Aushadhi (PMBJP) product and MRP list,https://janaushadhi.gov.in/product-portfolio/product-mrp-list,Exported from the site's own Download Files button. Direct API calls to port 8443 return 500 from outside the browser.,False,,2026-08-06T05:37:19+00:00
2854,Safinamide Tablet (50 Mg),Safinamide,10's,10,0.0,False,,Central Nervous System (CNS),Jan Aushadhi (PMBJP) product and MRP list,https://janaushadhi.gov.in/product-portfolio/product-mrp-list,Exported from the site's own Download Files button. Direct API calls to port 8443 return 500 from outside the browser.,False,,2026-08-06T05:37:19+00:00
2855,S-Amlodipine + Hydrochlorothiazide Tablet (2.5/12.5 Mg),S Amlodipine Hydrochlorothiazide,10's,10,0.0,False,,Cardiovascular System (CVS),Jan Aushadhi (PMBJP) product and MRP list,https://janaushadhi.gov.in/product-portfolio/product-mrp-list,Exported from the site's own Download Files button. Direct API calls to port 8443 return 500 from outside the browser.,False,,2026-08-06T05:37:19+00:00
2856,Sitagliptin + Pioglitazone + Metformin Tablet (100/15/500 Mg),Sitagliptin Pioglitazone Metformin,10's,10,0.0,False,,Anti-Diabetic,Jan Aushadhi (PMBJP) product and MRP list,https://janaushadhi.gov.in/product-portfolio/product-mrp-list,Exported from the site's own Download Files button. Direct API calls to port 8443 return 500 from outside the browser.,False,,2026-08-06T05:37:19+00:00
2857,S-Metoprolol + S-Amlodipine Tablet (25/2.5 Mg),S Metoprolol S Amlodipine,10's,10,0.0,False,,Cardiovascular System (CVS),Jan Aushadhi (PMBJP) product and MRP list,https://janaushadhi.gov.in/product-portfolio/product-mrp-list,Exported from the site's own Download Files button. Direct API calls to port 8443 return 500 from outside the browser.,False,,2026-08-06T05:37:19+00:00
2858,S-Metoprolol + S-Amlodipine Tablet (25/5 Mg),S Metoprolol S Amlodipine,10's,10,0.0,False,,Cardiovascular System (CVS),Jan Aushadhi (PMBJP) product and MRP list,https://janaushadhi.gov.in/product-portfolio/product-mrp-list,Exported from the site's own Download Files button. Direct API calls to port 8443 return 500 from outside the browser.,False,,2026-08-06T05:37:19+00:00
2859,S-Metoprolol + Telmisartan Tablet (25/ 20Mg),S Metoprolol Telmisartan,10's,10,0.0,False,,Cardiovascular System (CVS),Jan Aushadhi (PMBJP) product and MRP list,https://janaushadhi.gov.in/product-portfolio/product-mrp-list,Exported from the site's own Download Files button. Direct API calls to port 8443 return 500 from outside the browser.,False,,2026-08-06T05:37:19+00:00
2860,Telmisartan + Indapamide Tablet (40/1.5 Mg),Telmisartan Indapamide,10's,10,0.0,False,,Cardiovascular System (CVS),Jan Aushadhi (PMBJP) product and MRP list,https://janaushadhi.gov.in/product-portfolio/product-mrp-list,Exported from the site's own Download Files button. Direct API calls to port 8443 return 500 from outside the browser.,False,,2026-08-06T05:37:19+00:00
2861,Telmisartan + Rosuvastatin Tablet (40/10 Mg),Telmisartan Rosuvastatin,10's,10,0.0,False,,Cardiovascular System (CVS),Jan Aushadhi (PMBJP) product and MRP list,https://janaushadhi.gov.in/product-portfolio/product-mrp-list,Exported from the site's own Download Files button. Direct API calls to port 8443 return 500 from outside the browser.,False,,2026-08-06T05:37:19+00:00
2862,Telmisartan + S- Amlodipine Tablet (40/2.5 Mg),Telmisartan S Amlodipine,15's,15,0.0,False,,Cardiovascular System (CVS),Jan Aushadhi (PMBJP) product and MRP list,https://janaushadhi.gov.in/product-portfolio/product-mrp-list,Exported from the site's own Download Files button. Direct API calls to port 8443 return 500 from outside the browser.,False,,2026-08-06T05:37:19+00:00
2863,Telmisartan + S- Amlodipine Tablet (40/5 Mg),Telmisartan S Amlodipine,15's,15,0.0,False,,Cardiovascular System (CVS),Jan Aushadhi (PMBJP) product and MRP list,https://janaushadhi.gov.in/product-portfolio/product-mrp-list,Exported from the site's own Download Files button. Direct API calls to port 8443 return 500 from outside the browser.,False,,2026-08-06T05:37:19+00:00
2864,Tianeptine Tablet (12.5 Mg),Tianeptine,10's,10,0.0,False,,Central Nervous System (CNS),Jan Aushadhi (PMBJP) product and MRP list,https://janaushadhi.gov.in/product-portfolio/product-mrp-list,Exported from the site's own Download Files button. Direct API calls to port 8443 return 500 from outside the browser.,False,,2026-08-06T05:37:19+00:00
2865,Tofisopam Tablet (50 Mg),Tofisopam,10's,10,0.0,False,,Central Nervous System (CNS),Jan Aushadhi (PMBJP) product and MRP list,https://janaushadhi.gov.in/product-portfolio/product-mrp-list,Exported from the site's own Download Files button. Direct API calls to port 8443 return 500 from outside the browser.,False,,2026-08-06T05:37:19+00:00
2866,Trifluoperazine + Trihexyphenidyl Tablet (2.5/1 Mg),Trifluoperazine Trihexyphenidyl,10's,10,0.0,False,,Central Nervous System (CNS),Jan Aushadhi (PMBJP) product and MRP list,https://janaushadhi.gov.in/product-portfolio/product-mrp-list,Exported from the site's own Download Files button. Direct API calls to port 8443 return 500 from outside the browser.,False,,2026-08-06T05:37:19+00:00
2867,Trifluoperazine + Trihexyphenidyl Tablet (5/2 Mg),Trifluoperazine Trihexyphenidyl,10's,10,0.0,False,,Central Nervous System (CNS),Jan Aushadhi (PMBJP) product and MRP list,https://janaushadhi.gov.in/product-portfolio/product-mrp-list,Exported from the site's own Download Files button. Direct API calls to port 8443 return 500 from outside the browser.,False,,2026-08-06T05:37:19+00:00
2868,Voglibose + Metformin + Gliclazide Tablet (0.2/500/80 Mg),Voglibose Metformin Gliclazide,10's,10,0.0,False,,Anti-Diabetic,Jan Aushadhi (PMBJP) product and MRP list,https://janaushadhi.gov.in/product-portfolio/product-mrp-list,Exported from the site's own Download Files button. Direct API calls to port 8443 return 500 from outside the browser.,False,,2026-08-06T05:37:19+00:00
2869,Voglibose + Metformin + Gliclazide Tablet (0.3/500/80 Mg),Voglibose Metformin Gliclazide,15's,15,0.0,False,,Anti-Diabetic,Jan Aushadhi (PMBJP) product and MRP list,https://janaushadhi.gov.in/product-portfolio/product-mrp-list,Exported from the site's own Download Files button. Direct API calls to port 8443 return 500 from outside the browser.,False,,2026-08-06T05:37:19+00:00
2870,Cefepime 250 Mg Inection,Cefepime,1.0 Injection in 1 vial,,0.0,False,,Antibiotics,Jan Aushadhi (PMBJP) product and MRP list,https://janaushadhi.gov.in/product-portfolio/product-mrp-list,Exported from the site's own Download Files button. Direct API calls to port 8443 return 500 from outside the browser.,False,,2026-08-06T05:37:19+00:00
2871,Cefepime 1000Mg and Tazobactam 125Mg Injection,Cefepime,1.0 Injection in 1 vial,,0.0,False,,Antibiotics,Jan Aushadhi (PMBJP) product and MRP list,https://janaushadhi.gov.in/product-portfolio/product-mrp-list,Exported from the site's own Download Files button. Direct API calls to port 8443 return 500 from outside the browser.,False,,2026-08-06T05:37:19+00:00
2872,Ciclesonide (200Mcg) + Formoterol (6Mcg) + Tiotropium (9Mcg) Inhaler,Ciclesonide,200 MDI in 1 packet,200,0.0,False,,Respiratory,Jan Aushadhi (PMBJP) product and MRP list,https://janaushadhi.gov.in/product-portfolio/product-mrp-list,Exported from the site's own Download Files button. Direct API calls to port 8443 return 500 from outside the browser.,False,,2026-08-06T05:37:19+00:00
2873,Dolutegravir (50 Mg) + Emtricitabine (200 Mg) + Tenofovir Alafenamide (25 Mg) Tablets,Dolutegravir,30's in Bottle,30,0.0,False,,Anti-retroviral,Jan Aushadhi (PMBJP) product and MRP list,https://janaushadhi.gov.in/product-portfolio/product-mrp-list,Exported from the site's own Download Files button. Direct API calls to port 8443 return 500 from outside the browser.,False,,2026-08-06T05:37:19+00:00
2874,Dolutegravir (50Mg) + Lamivudine (300Mg) + Tenofovir Disoproxil Fumarate (300Mg) Tablets,Dolutegravir,30's in Bottle,30,0.0,False,,Anti-retroviral,Jan Aushadhi (PMBJP) product and MRP list,https://janaushadhi.gov.in/product-portfolio/product-mrp-list,Exported from the site's own Download Files button. Direct API calls to port 8443 return 500 from outside the browser.,False,,2026-08-06T05:37:19+00:00
2875,Ketoprofen 30 Mg Patch,Ketoprofen,7's pack,7,0.0,False,,Analgesic/Antipyretic/Anti-Inflammatory,Jan Aushadhi (PMBJP) product and MRP list,https://janaushadhi.gov.in/product-portfolio/product-mrp-list,Exported from the site's own Download Files button. Direct API calls to port 8443 return 500 from outside the browser.,False,,2026-08-06T05:37:19+00:00
2876,Lamivudine 100 Mg Tablets,Lamivudine,10's,10,0.0,False,,Hepato-Protective,Jan Aushadhi (PMBJP) product and MRP list,https://janaushadhi.gov.in/product-portfolio/product-mrp-list,Exported from the site's own Download Files button. Direct API calls to port 8443 return 500 from outside the browser.,False,,2026-08-06T05:37:19+00:00
2877,Levetiracetam (100Mg) Injection,Levetiracetam,5.0 ml in 1 vial,,0.0,False,,Central Nervous System (CNS),Jan Aushadhi (PMBJP) product and MRP list,https://janaushadhi.gov.in/product-portfolio/product-mrp-list,Exported from the site's own Download Files button. Direct API calls to port 8443 return 500 from outside the browser.,False,,2026-08-06T05:37:19+00:00
2878,Levetiracetam 500 Mg Injection,Levetiracetam,5.0 ml in 1 vial,,0.0,False,,Central Nervous System (CNS),Jan Aushadhi (PMBJP) product and MRP list,https://janaushadhi.gov.in/product-portfolio/product-mrp-list,Exported from the site's own Download Files button. Direct API calls to port 8443 return 500 from outside the browser.,False,,2026-08-06T05:37:19+00:00
2879,Magnesium Sulphate Injection 50%,Magnesium Sulphate,2 ml/ 1 Vial,2,0.0,False,,Supplement/Vitamin/Mineral,Jan Aushadhi (PMBJP) product and MRP list,https://janaushadhi.gov.in/product-portfolio/product-mrp-list,Exported from the site's own Download Files button. Direct API calls to port 8443 return 500 from outside the browser.,False,,2026-08-06T05:37:19+00:00
2880,Minocycline (100Mg) Modified Release Capsule,Minocycline,10's,10,0.0,False,,Antibiotics,Jan Aushadhi (PMBJP) product and MRP list,https://janaushadhi.gov.in/product-portfolio/product-mrp-list,Exported from the site's own Download Files button. Direct API calls to port 8443 return 500 from outside the browser.,False,,2026-08-06T05:37:19+00:00
2881,Minocycline (45Mg) Extended Release Tablet,Minocycline,10's,10,0.0,False,,Antibiotics,Jan Aushadhi (PMBJP) product and MRP list,https://janaushadhi.gov.in/product-portfolio/product-mrp-list,Exported from the site's own Download Files button. Direct API calls to port 8443 return 500 from outside the browser.,False,,2026-08-06T05:37:19+00:00
2882,Minocycline (50Mg) Tablet,Minocycline,10's,10,0.0,False,,Antibiotics,Jan Aushadhi (PMBJP) product and MRP list,https://janaushadhi.gov.in/product-portfolio/product-mrp-list,Exported from the site's own Download Files button. Direct API calls to port 8443 return 500 from outside the browser.,False,,2026-08-06T05:37:19+00:00
2883,Minocycline (65Mg) Extended Release Tablet,Minocycline,10's,10,0.0,False,,Antibiotics,Jan Aushadhi (PMBJP) product and MRP list,https://janaushadhi.gov.in/product-portfolio/product-mrp-list,Exported from the site's own Download Files button. Direct API calls to port 8443 return 500 from outside the browser.,False,,2026-08-06T05:37:19+00:00
2884,Minocycline 100 Mg Tab,Minocycline,10's,10,0.0,False,,Antibiotics,Jan Aushadhi (PMBJP) product and MRP list,https://janaushadhi.gov.in/product-portfolio/product-mrp-list,Exported from the site's own Download Files button. Direct API calls to port 8443 return 500 from outside the browser.,False,,2026-08-06T05:37:19+00:00
2885,Mosapride (5Mg) + Dimethicone (125Mg) Chewable Tablet,Mosapride,10's,10,0.0,False,,Gastrointestinal (GIT),Jan Aushadhi (PMBJP) product and MRP list,https://janaushadhi.gov.in/product-portfolio/product-mrp-list,Exported from the site's own Download Files button. Direct API calls to port 8443 return 500 from outside the browser.,False,,2026-08-06T05:37:19+00:00
2886,Mosapride Citrate 5 Mg Tablet,Mosapride Citrate,10's,10,0.0,False,,Gastrointestinal (GIT),Jan Aushadhi (PMBJP) product and MRP list,https://janaushadhi.gov.in/product-portfolio/product-mrp-list,Exported from the site's own Download Files button. Direct API calls to port 8443 return 500 from outside the browser.,False,,2026-08-06T05:37:19+00:00
2887,Nifedipine 5Mg Capsule,Nifedipine,10's,10,0.0,False,,Cardiovascular System (CVS),Jan Aushadhi (PMBJP) product and MRP list,https://janaushadhi.gov.in/product-portfolio/product-mrp-list,Exported from the site's own Download Files button. Direct API calls to port 8443 return 500 from outside the browser.,False,,2026-08-06T05:37:19+00:00
2888,Olopatadine 5 Mg Tab,Olopatadine,10's,10,0.0,False,,Anti-Histaminic,Jan Aushadhi (PMBJP) product and MRP list,https://janaushadhi.gov.in/product-portfolio/product-mrp-list,Exported from the site's own Download Files button. Direct API calls to port 8443 return 500 from outside the browser.,False,,2026-08-06T05:37:19+00:00
2889,Pantoprazole (40 Mg) + Mosapride (15 Mg) Tablet,Pantoprazole,10's,10,0.0,False,,Gastrointestinal (GIT),Jan Aushadhi (PMBJP) product and MRP list,https://janaushadhi.gov.in/product-portfolio/product-mrp-list,Exported from the site's own Download Files button. Direct API calls to port 8443 return 500 from outside the browser.,False,,2026-08-06T05:37:19+00:00
2890,Phenobarbitone 200mg/1ml Injection,Phenobarbitone,10 ml /vial,10,0.0,False,,Central Nervous System (CNS),Jan Aushadhi (PMBJP) product and MRP list,https://janaushadhi.gov.in/product-portfolio/product-mrp-list,Exported from the site's own Download Files button. Direct API calls to port 8443 return 500 from outside the browser.,False,,2026-08-06T05:37:19+00:00
2891,Phenobarbitone Sodium 20mg per 5ml Syrup,Phenobarbitone Sodium,100 ml,100,0.0,False,,Central Nervous System (CNS),Jan Aushadhi (PMBJP) product and MRP list,https://janaushadhi.gov.in/product-portfolio/product-mrp-list,Exported from the site's own Download Files button. Direct API calls to port 8443 return 500 from outside the browser.,False,,2026-08-06T05:37:19+00:00
2892,Prednisolone (15Mg/5Ml) Syrup,Prednisolone,60 ml / 1 Bottle,60,0.0,False,,Steroids & Hormones,Jan Aushadhi (PMBJP) product and MRP list,https://janaushadhi.gov.in/product-portfolio/product-mrp-list,Exported from the site's own Download Files button. Direct API calls to port 8443 return 500 from outside the browser.,False,,2026-08-06T05:37:19+00:00
2893,Prednisolone Dispersible Tablet (20Mg),Prednisolone Dispersible,15's,15,0.0,False,,Steroids & Hormones,Jan Aushadhi (PMBJP) product and MRP list,https://janaushadhi.gov.in/product-portfolio/product-mrp-list,Exported from the site's own Download Files button. Direct API calls to port 8443 return 500 from outside the browser.,False,,2026-08-06T05:37:19+00:00
2894,Prednisolone Tablet (40Mg),Prednisolone,10's,10,0.0,False,,Steroids & Hormones,Jan Aushadhi (PMBJP) product and MRP list,https://janaushadhi.gov.in/product-portfolio/product-mrp-list,Exported from the site's own Download Files button. Direct API calls to port 8443 return 500 from outside the browser.,False,,2026-08-06T05:37:19+00:00
2895,Rabeprazole (20 Mg) + Mosapride (15Mg) Tablet,Rabeprazole,10's,10,0.0,False,,Gastrointestinal (GIT),Jan Aushadhi (PMBJP) product and MRP list,https://janaushadhi.gov.in/product-portfolio/product-mrp-list,Exported from the site's own Download Files button. Direct API calls to port 8443 return 500 from outside the browser.,False,,2026-08-06T05:37:19+00:00
2896,Rupatadine (10Mg) + Montelukast (10Mg) Tablet,Rupatadine,10's,10,0.0,False,,Respiratory,Jan Aushadhi (PMBJP) product and MRP list,https://janaushadhi.gov.in/product-portfolio/product-mrp-list,Exported from the site's own Download Files button. Direct API calls to port 8443 return 500 from outside the browser.,False,,2026-08-06T05:37:19+00:00
2897,Rupatadine 10 Mg Tab,Rupatadine,10's,10,0.0,False,,Anti-Histaminic,Jan Aushadhi (PMBJP) product and MRP list,https://janaushadhi.gov.in/product-portfolio/product-mrp-list,Exported from the site's own Download Files button. Direct API calls to port 8443 return 500 from outside the browser.,False,,2026-08-06T05:37:19+00:00
2898,Sumatriptan 50 Mg Tablets,Sumatriptan,10's,10,0.0,False,,Anti-Migraine,Jan Aushadhi (PMBJP) product and MRP list,https://janaushadhi.gov.in/product-portfolio/product-mrp-list,Exported from the site's own Download Files button. Direct API calls to port 8443 return 500 from outside the browser.,False,,2026-08-06T05:37:19+00:00
2899,Terazosin (1Mg) Tab,Terazosin,10's,10,0.0,False,,Cardiovascular System (CVS),Jan Aushadhi (PMBJP) product and MRP list,https://janaushadhi.gov.in/product-portfolio/product-mrp-list,Exported from the site's own Download Files button. Direct API calls to port 8443 return 500 from outside the browser.,False,,2026-08-06T05:37:19+00:00
2900,Terazosin (2Mg) Tab,Terazosin,10's,10,0.0,False,,Cardiovascular System (CVS),Jan Aushadhi (PMBJP) product and MRP list,https://janaushadhi.gov.in/product-portfolio/product-mrp-list,Exported from the site's own Download Files button. Direct API calls to port 8443 return 500 from outside the browser.,False,,2026-08-06T05:37:19+00:00
5001,Absorbent Cotton Wool IP 75 g,Absorbent Cotton Wool,1's,1,27.19,True,27.19,Surgical & Medical Consumables,Jan Aushadhi (PMBJP) product and MRP list,https://janaushadhi.gov.in/product-portfolio/product-mrp-list,Exported from the site's own Download Files button. Direct API calls to port 8443 return 500 from outside the browser.,False,,2026-08-06T05:37:19+00:00
5002,Absorbent Cotton Wool IP 200 g,Absorbent Cotton Wool,1's,1,63.75,True,63.75,Surgical & Medical Consumables,Jan Aushadhi (PMBJP) product and MRP list,https://janaushadhi.gov.in/product-portfolio/product-mrp-list,Exported from the site's own Download Files button. Direct API calls to port 8443 return 500 from outside the browser.,False,,2026-08-06T05:37:19+00:00
5003,Absorbent Cotton Wool IP 500 g,Absorbent Cotton Wool,1's,1,161.25,True,161.25,Surgical & Medical Consumables,Jan Aushadhi (PMBJP) product and MRP list,https://janaushadhi.gov.in/product-portfolio/product-mrp-list,Exported from the site's own Download Files button. Direct API calls to port 8443 return 500 from outside the browser.,False,,2026-08-06T05:37:19+00:00
5004,Crepe Bandage B.P. 15 cm x 4 M,Crepe Bandage B P cm x M,1's,1,51.56,True,51.56,Surgical & Medical Consumables,Jan Aushadhi (PMBJP) product and MRP list,https://janaushadhi.gov.in/product-portfolio/product-mrp-list,Exported from the site's own Download Files button. Direct API calls to port 8443 return 500 from outside the browser.,False,,2026-08-06T05:37:19+00:00
5005,Crepe Bandage B. P.10 cm x 4 M,Crepe Bandage B P cm x M,1's,1,33.75,True,33.75,Surgical & Medical Consumables,Jan Aushadhi (PMBJP) product and MRP list,https://janaushadhi.gov.in/product-portfolio/product-mrp-list,Exported from the site's own Download Files button. Direct API calls to port 8443 return 500 from outside the browser.,False,,2026-08-06T05:37:19+00:00
5006,Cotton Bandage 7.5 cm x 4 M,Cotton Bandage cm x M,1's,1,14.06,True,14.06,Surgical & Medical Consumables,Jan Aushadhi (PMBJP) product and MRP list,https://janaushadhi.gov.in/product-portfolio/product-mrp-list,Exported from the site's own Download Files button. Direct API calls to port 8443 return 500 from outside the browser.,False,,2026-08-06T05:37:19+00:00
5007,Cotton Bandage 10 cm x 4 M,Cotton Bandage cm x M,1's,1,18.75,True,18.75,Surgical & Medical Consumables,Jan Aushadhi (PMBJP) product and MRP list,https://janaushadhi.gov.in/product-portfolio/product-mrp-list,Exported from the site's own Download Files button. Direct API calls to port 8443 return 500 from outside the browser.,False,,2026-08-06T05:37:19+00:00
5008,Cotton Bandages(Non Sterile) 15 cm x 4 M,Cotton Bandages Non Sterile cm x M,1's,1,28.13,True,28.13,Surgical & Medical Consumables,Jan Aushadhi (PMBJP) product and MRP list,https://janaushadhi.gov.in/product-portfolio/product-mrp-list,Exported from the site's own Download Files button. Direct API calls to port 8443 return 500 from outside the browser.,False,,2026-08-06T05:37:19+00:00
5009,Janaushadhi Suraksha (Adhesive Bandages Washproof),Janaushadhi Suraksha Adhesive Bandages Washproof,1's,1,1.03,True,1.03,Surgical & Medical Consumables,Jan Aushadhi (PMBJP) product and MRP list,https://janaushadhi.gov.in/product-portfolio/product-mrp-list,Exported from the site's own Download Files button. Direct API calls to port 8443 return 500 from outside the browser.,False,,2026-08-06T05:37:19+00:00
5010,Syringe 2 ml with needle 24G,Syringe,1's,1,2.57,True,2.57,Surgical & Medical Consumables,Jan Aushadhi (PMBJP) product and MRP list,https://janaushadhi.gov.in/product-portfolio/product-mrp-list,Exported from the site's own Download Files button. Direct API calls to port 8443 return 500 from outside the browser.,False,,2026-08-06T05:37:19+00:00
5011,Syringe 5 ml with needle 24G,Syringe,1's,1,3.09,True,3.09,Surgical & Medical Consumables,Jan Aushadhi (PMBJP) product and MRP list,https://janaushadhi.gov.in/product-portfolio/product-mrp-list,Exported from the site's own Download Files button. Direct API calls to port 8443 return 500 from outside the browser.,False,,2026-08-06T05:37:19+00:00
5012,Syringe 10 ml with needle 21G,Syringe,1's,1,4.64,True,4.64,Surgical & Medical Consumables,Jan Aushadhi (PMBJP) product and MRP list,https://janaushadhi.gov.in/product-portfolio/product-mrp-list,Exported from the site's own Download Files button. Direct API calls to port 8443 return 500 from outside the browser.,False,,2026-08-06T05:37:19+00:00
5013,Syringe 20 ml with needle 23G,Syringe,1's,1,8.44,True,8.44,Surgical & Medical Consumables,Jan Aushadhi (PMBJP) product and MRP list,https://janaushadhi.gov.in/product-portfolio/product-mrp-list,Exported from the site's own Download Files button. Direct API calls to port 8443 return 500 from outside the browser.,False,,2026-08-06T05:37:19+00:00
5014,Needle 16G,Needle,1's,1,1.88,True,1.88,Surgical & Medical Consumables,Jan Aushadhi (PMBJP) product and MRP list,https://janaushadhi.gov.in/product-portfolio/product-mrp-list,Exported from the site's own Download Files button. Direct API calls to port 8443 return 500 from outside the browser.,False,,2026-08-06T05:37:19+00:00
5015,Needle 18G,Needle,1's,1,1.41,True,1.41,Surgical & Medical Consumables,Jan Aushadhi (PMBJP) product and MRP list,https://janaushadhi.gov.in/product-portfolio/product-mrp-list,Exported from the site's own Download Files button. Direct API calls to port 8443 return 500 from outside the browser.,False,,2026-08-06T05:37:19+00:00
5016,Needle 23G,Needle,1's,1,0.94,True,0.94,Surgical & Medical Consumables,Jan Aushadhi (PMBJP) product and MRP list,https://janaushadhi.gov.in/product-portfolio/product-mrp-list,Exported from the site's own Download Files button. Direct API calls to port 8443 return 500 from outside the browser.,False,,2026-08-06T05:37:19+00:00
5017,Needle 26G half inch,Needle,1's,1,1.41,True,1.41,Surgical & Medical Consumables,Jan Aushadhi (PMBJP) product and MRP list,https://janaushadhi.gov.in/product-portfolio/product-mrp-list,Exported from the site's own Download Files button. Direct API calls to port 8443 return 500 from outside the browser.,False,,2026-08-06T05:37:19+00:00
5019,Paper Adhesive Plaster 1 inch X 9m,Paper Adhesive Plaster inch X m,1's,1,23.44,True,23.44,Surgical & Medical Consumables,Jan Aushadhi (PMBJP) product and MRP list,https://janaushadhi.gov.in/product-portfolio/product-mrp-list,Exported from the site's own Download Files button. Direct API calls to port 8443 return 500 from outside the browser.,False,,2026-08-06T05:37:19+00:00
5020,Paper Adhesive Plaster 2 inch X 9m,Paper Adhesive Plaster inch X m,1's,1,51.56,True,51.56,Surgical & Medical Consumables,Jan Aushadhi (PMBJP) product and MRP list,https://janaushadhi.gov.in/product-portfolio/product-mrp-list,Exported from the site's own Download Files button. Direct API calls to port 8443 return 500 from outside the browser.,False,,2026-08-06T05:37:19+00:00
5021,Paper Adhesive Plaster 3 inch X 9m,Paper Adhesive Plaster inch X m,1's,1,75.0,True,75.0,Surgical & Medical Consumables,Jan Aushadhi (PMBJP) product and MRP list,https://janaushadhi.gov.in/product-portfolio/product-mrp-list,Exported from the site's own Download Files button. Direct API calls to port 8443 return 500 from outside the browser.,False,,2026-08-06T05:37:19+00:00
5022,Plaster of Paris BP Bandages 15cm X 2.7m / Roll,Plaster of Paris Bandages cm X m Roll,1's,1,79.69,True,79.69,Surgical & Medical Consumables,Jan Aushadhi (PMBJP) product and MRP list,https://janaushadhi.gov.in/product-portfolio/product-mrp-list,Exported from the site's own Download Files button. Direct API calls to port 8443 return 500 from outside the browser.,False,,2026-08-06T05:37:19+00:00
5023,Plaster of Paris BP Bandages 10cm X 2.7m / Roll,Plaster of Paris Bandages cm X m Roll,1's,1,56.25,True,56.25,Surgical & Medical Consumables,Jan Aushadhi (PMBJP) product and MRP list,https://janaushadhi.gov.in/product-portfolio/product-mrp-list,Exported from the site's own Download Files button. Direct API calls to port 8443 return 500 from outside the browser.,False,,2026-08-06T05:37:19+00:00
5024,Scalp Vein Set (Disposable) (18G),Scalp Vein Set Disposable,1's,1,6.56,True,6.56,Surgical & Medical Consumables,Jan Aushadhi (PMBJP) product and MRP list,https://janaushadhi.gov.in/product-portfolio/product-mrp-list,Exported from the site's own Download Files button. Direct API calls to port 8443 return 500 from outside the browser.,False,,2026-08-06T05:37:19+00:00
5025,Scalp Vein Set (Disposable) (20G),Scalp Vein Set Disposable,1's,1,6.56,True,6.56,Surgical & Medical Consumables,Jan Aushadhi (PMBJP) product and MRP list,https://janaushadhi.gov.in/product-portfolio/product-mrp-list,Exported from the site's own Download Files button. Direct API calls to port 8443 return 500 from outside the browser.,False,,2026-08-06T05:37:19+00:00
5026,Scalp Vein Set (Disposable) (22G),Scalp Vein Set Disposable,1's,1,6.56,True,6.56,Surgical & Medical Consumables,Jan Aushadhi (PMBJP) product and MRP list,https://janaushadhi.gov.in/product-portfolio/product-mrp-list,Exported from the site's own Download Files button. Direct API calls to port 8443 return 500 from outside the browser.,False,,2026-08-06T05:37:19+00:00
5027,Scalp Vein Set (Disposable) (24G),Scalp Vein Set Disposable,1's,1,6.56,True,6.56,Surgical & Medical Consumables,Jan Aushadhi (PMBJP) product and MRP list,https://janaushadhi.gov.in/product-portfolio/product-mrp-list,Exported from the site's own Download Files button. Direct API calls to port 8443 return 500 from outside the browser.,False,,2026-08-06T05:37:19+00:00
5030,"Surgical Blade, No. 22, Sterilized",Surgical Blade No Sterilized,1's,1,3.75,True,3.75,Surgical & Medical Consumables,Jan Aushadhi (PMBJP) product and MRP list,https://janaushadhi.gov.in/product-portfolio/product-mrp-list,Exported from the site's own Download Files button. Direct API calls to port 8443 return 500 from outside the browser.,False,,2026-08-06T05:37:19+00:00
5033,"Surgical Blade, No. 15, Sterilized",Surgical Blade No Sterilized,1's,1,3.75,True,3.75,Surgical & Medical Consumables,Jan Aushadhi (PMBJP) product and MRP list,https://janaushadhi.gov.in/product-portfolio/product-mrp-list,Exported from the site's own Download Files button. Direct API calls to port 8443 return 500 from outside the browser.,False,,2026-08-06T05:37:19+00:00
5037,"I.V Cannula (Sterile, Disposable), 26 G",I V Cannula Sterile Disposable,1's pack,1,15.94,True,15.94,Surgical & Medical Consumables,Jan Aushadhi (PMBJP) product and MRP list,https://janaushadhi.gov.in/product-portfolio/product-mrp-list,Exported from the site's own Download Files button. Direct API calls to port 8443 return 500 from outside the browser.,False,,2026-08-06T05:37:19+00:00
5039,Sterile Disposable Spinal Needle 22G x 3 Â½ inch,Sterile Disposable Spinal Needle,1's,1,51.56,True,51.56,Surgical & Medical Consumables,Jan Aushadhi (PMBJP) product and MRP list,https://janaushadhi.gov.in/product-portfolio/product-mrp-list,Exported from the site's own Download Files button. Direct API calls to port 8443 return 500 from outside the browser.,False,,2026-08-06T05:37:19+00:00
5040,Sterile Disposable Spinal Needle 25G x 3 Â½ inch,Sterile Disposable Spinal Needle,1's,1,51.56,True,51.56,Surgical & Medical Consumables,Jan Aushadhi (PMBJP) product and MRP list,https://janaushadhi.gov.in/product-portfolio/product-mrp-list,Exported from the site's own Download Files button. Direct API calls to port 8443 return 500 from outside the browser.,False,,2026-08-06T05:37:19+00:00
5041,"Urine Collecting Bag, Disposable, 2000ml",Urine Collecting Bag Disposable,1's pack,1,30.0,True,30.0,Surgical & Medical Consumables,Jan Aushadhi (PMBJP) product and MRP list,https://janaushadhi.gov.in/product-portfolio/product-mrp-list,Exported from the site's own Download Files button. Direct API calls to port 8443 return 500 from outside the browser.,False,,2026-08-06T05:37:19+00:00
5046,"Endotracheal Tube Plain, Size 2.5, Sterile, Single use",Endotracheal Tube Plain Size Sterile Single use,1's,1,32.81,True,32.81,Surgical & Medical Consumables,Jan Aushadhi (PMBJP) product and MRP list,https://janaushadhi.gov.in/product-portfolio/product-mrp-list,Exported from the site's own Download Files button. Direct API calls to port 8443 return 500 from outside the browser.,False,,2026-08-06T05:37:19+00:00
5047,"Endotracheal Tube Plain, Size 3, Sterile, Single use",Endotracheal Tube Plain Size Sterile Single use,1's,1,32.81,True,32.81,Surgical & Medical Consumables,Jan Aushadhi (PMBJP) product and MRP list,https://janaushadhi.gov.in/product-portfolio/product-mrp-list,Exported from the site's own Download Files button. Direct API calls to port 8443 return 500 from outside the browser.,False,,2026-08-06T05:37:19+00:00
5048,"Endotracheal Tube Plain, Size 3.5, Sterile, Single use",Endotracheal Tube Plain Size Sterile Single use,1's,1,32.81,True,32.81,Surgical & Medical Consumables,Jan Aushadhi (PMBJP) product and MRP list,https://janaushadhi.gov.in/product-portfolio/product-mrp-list,Exported from the site's own Download Files button. Direct API calls to port 8443 return 500 from outside the browser.,False,,2026-08-06T05:37:19+00:00
5049,"Endotracheal Tube Plain, Size 4, Sterile, Single use",Endotracheal Tube Plain Size Sterile Single use,1's,1,32.81,True,32.81,Surgical & Medical Consumables,Jan Aushadhi (PMBJP) product and MRP list,https://janaushadhi.gov.in/product-portfolio/product-mrp-list,Exported from the site's own Download Files button. Direct API calls to port 8443 return 500 from outside the browser.,False,,2026-08-06T05:37:19+00:00
5050,"Endotracheal Tube Plain, Size 4.5, Sterile, Single use",Endotracheal Tube Plain Size Sterile Single use,1's,1,32.81,True,32.81,Surgical & Medical Consumables,Jan Aushadhi (PMBJP) product and MRP list,https://janaushadhi.gov.in/product-portfolio/product-mrp-list,Exported from the site's own Download Files button. Direct API calls to port 8443 return 500 from outside the browser.,False,,2026-08-06T05:37:19+00:00
5051,"Endotracheal Tube Plain, Size 5, Sterile, Single use",Endotracheal Tube Plain Size Sterile Single use,1's,1,32.81,True,32.81,Surgical & Medical Consumables,Jan Aushadhi (PMBJP) product and MRP list,https://janaushadhi.gov.in/product-portfolio/product-mrp-list,Exported from the site's own Download Files button. Direct API calls to port 8443 return 500 from outside the browser.,False,,2026-08-06T05:37:19+00:00
5052,"Endotracheal Tube Plain, Size 8.5, Sterile, Single use",Endotracheal Tube Plain Size Sterile Single use,1's,1,37.5,True,37.5,Surgical & Medical Consumables,Jan Aushadhi (PMBJP) product and MRP list,https://janaushadhi.gov.in/product-portfolio/product-mrp-list,Exported from the site's own Download Files button. Direct API calls to port 8443 return 500 from outside the browser.,False,,2026-08-06T05:37:19+00:00
5053,"Endotracheal Tube Cuffed, Size 4",Endotracheal Tube Cuffed Size,1's,1,75.0,True,75.0,Surgical & Medical Consumables,Jan Aushadhi (PMBJP) product and MRP list,https://janaushadhi.gov.in/product-portfolio/product-mrp-list,Exported from the site's own Download Files button. Direct API calls to port 8443 return 500 from outside the browser.,False,,2026-08-06T05:37:19+00:00
5054,"Endotracheal Tube Cuffed, Size 4.5",Endotracheal Tube Cuffed Size,1's,1,70.31,True,70.31,Surgical & Medical Consumables,Jan Aushadhi (PMBJP) product and MRP list,https://janaushadhi.gov.in/product-portfolio/product-mrp-list,Exported from the site's own Download Files button. Direct API calls to port 8443 return 500 from outside the browser.,False,,2026-08-06T05:37:19+00:00
5055,"Endotracheal Tube Cuffed, Size 5",Endotracheal Tube Cuffed Size,1's,1,65.63,True,65.63,Surgical & Medical Consumables,Jan Aushadhi (PMBJP) product and MRP list,https://janaushadhi.gov.in/product-portfolio/product-mrp-list,Exported from the site's own Download Files button. Direct API calls to port 8443 return 500 from outside the browser.,False,,2026-08-06T05:37:19+00:00
5056,"Endotracheal Tube Cuffed, Size 6",Endotracheal Tube Cuffed Size,1's,1,65.63,True,65.63,Surgical & Medical Consumables,Jan Aushadhi (PMBJP) product and MRP list,https://janaushadhi.gov.in/product-portfolio/product-mrp-list,Exported from the site's own Download Files button. Direct API calls to port 8443 return 500 from outside the browser.,False,,2026-08-06T05:37:19+00:00
5057,"Endotracheal Tube Cuffed, Size 6.5",Endotracheal Tube Cuffed Size,1's,1,65.63,True,65.63,Surgical & Medical Consumables,Jan Aushadhi (PMBJP) product and MRP list,https://janaushadhi.gov.in/product-portfolio/product-mrp-list,Exported from the site's own Download Files button. Direct API calls to port 8443 return 500 from outside the browser.,False,,2026-08-06T05:37:19+00:00
5058,"Endotracheal Tube Cuffed, Size 7",Endotracheal Tube Cuffed Size,1's,1,65.63,True,65.63,Surgical & Medical Consumables,Jan Aushadhi (PMBJP) product and MRP list,https://janaushadhi.gov.in/product-portfolio/product-mrp-list,Exported from the site's own Download Files button. Direct API calls to port 8443 return 500 from outside the browser.,False,,2026-08-06T05:37:19+00:00
5059,"Endotracheal Tube Cuffed, Size 7.5",Endotracheal Tube Cuffed Size,1's,1,65.63,True,65.63,Surgical & Medical Consumables,Jan Aushadhi (PMBJP) product and MRP list,https://janaushadhi.gov.in/product-portfolio/product-mrp-list,Exported from the site's own Download Files button. Direct API calls to port 8443 return 500 from outside the browser.,False,,2026-08-06T05:37:19+00:00
5060,"Endotracheal Tube Cuffed, Size 8",Endotracheal Tube Cuffed Size,1's,1,65.63,True,65.63,Surgical & Medical Consumables,Jan Aushadhi (PMBJP) product and MRP list,https://janaushadhi.gov.in/product-portfolio/product-mrp-list,Exported from the site's own Download Files button. Direct API calls to port 8443 return 500 from outside the browser.,False,,2026-08-06T05:37:19+00:00
5061,"Endotracheal Tube Cuffed, Size 8.5",Endotracheal Tube Cuffed Size,1's,1,65.63,True,65.63,Surgical & Medical Consumables,Jan Aushadhi (PMBJP) product and MRP list,https://janaushadhi.gov.in/product-portfolio/product-mrp-list,Exported from the site's own Download Files button. Direct API calls to port 8443 return 500 from outside the browser.,False,,2026-08-06T05:37:19+00:00
5062,"Endotracheal Tube Cuffed, Size 9",Endotracheal Tube Cuffed Size,1's,1,65.63,True,65.63,Surgical & Medical Consumables,Jan Aushadhi (PMBJP) product and MRP list,https://janaushadhi.gov.in/product-portfolio/product-mrp-list,Exported from the site's own Download Files button. Direct API calls to port 8443 return 500 from outside the browser.,False,,2026-08-06T05:37:19+00:00
5064,"Tracheostomy Tube (PVC), Sterilised, single use Size-24",Tracheostomy Tube PVC Sterilised single use Size,1's,1,206.25,True,206.25,Surgical & Medical Consumables,Jan Aushadhi (PMBJP) product and MRP list,https://janaushadhi.gov.in/product-portfolio/product-mrp-list,Exported from the site's own Download Files button. Direct API calls to port 8443 return 500 from outside the browser.,False,,2026-08-06T05:37:19+00:00
5065,"Abdominal Drainage Kit, Sterile (2000ml, 24 Graduate)",Abdominal Drainage Kit Sterile,1's,1,93.75,True,93.75,Surgical & Medical Consumables,Jan Aushadhi (PMBJP) product and MRP list,https://janaushadhi.gov.in/product-portfolio/product-mrp-list,Exported from the site's own Download Files button. Direct API calls to port 8443 return 500 from outside the browser.,False,,2026-08-06T05:37:19+00:00
5066,"Abdominal Drainage Kit, Sterile (2000ml, 28 Graduate)",Abdominal Drainage Kit Sterile,1's,1,93.75,True,93.75,Surgical & Medical Consumables,Jan Aushadhi (PMBJP) product and MRP list,https://janaushadhi.gov.in/product-portfolio/product-mrp-list,Exported from the site's own Download Files button. Direct API calls to port 8443 return 500 from outside the browser.,False,,2026-08-06T05:37:19+00:00
5067,Corrugated Drainage Sheet,Corrugated Drainage Sheet,1's,1,26.0,True,26.0,Surgical & Medical Consumables,Jan Aushadhi (PMBJP) product and MRP list,https://janaushadhi.gov.in/product-portfolio/product-mrp-list,Exported from the site's own Download Files button. Direct API calls to port 8443 return 500 from outside the browser.,False,,2026-08-06T05:37:19+00:00
5070,Sterilized Umbilical Cotton Tape 3mm x 75cm,Sterilized Umbilical Cotton Tape mm x cm,1's,1,39.38,True,39.38,Surgical & Medical Consumables,Jan Aushadhi (PMBJP) product and MRP list,https://janaushadhi.gov.in/product-portfolio/product-mrp-list,Exported from the site's own Download Files button. Direct API calls to port 8443 return 500 from outside the browser.,False,,2026-08-06T05:37:19+00:00
5071,"Bone Wax, Sterilised",Bone Wax Sterilised,1's,1,45.0,True,45.0,Surgical & Medical Consumables,Jan Aushadhi (PMBJP) product and MRP list,https://janaushadhi.gov.in/product-portfolio/product-mrp-list,Exported from the site's own Download Files button. Direct API calls to port 8443 return 500 from outside the browser.,False,,2026-08-06T05:37:19+00:00
5073,Crepe Bandage B.P. 6 cm x 4 M,Crepe Bandage B P cm x M,1's,1,22.5,True,22.5,Surgical & Medical Consumables,Jan Aushadhi (PMBJP) product and MRP list,https://janaushadhi.gov.in/product-portfolio/product-mrp-list,Exported from the site's own Download Files button. Direct API calls to port 8443 return 500 from outside the browser.,False,,2026-08-06T05:37:19+00:00
5077,Rapid Diagnostic Malaria Test Kit,Rapid Diagnostic Malaria Test Kit,1's mono-carton,1,25.31,True,25.31,Surgical & Medical Consumables,Jan Aushadhi (PMBJP) product and MRP list,https://janaushadhi.gov.in/product-portfolio/product-mrp-list,Exported from the site's own Download Files button. Direct API calls to port 8443 return 500 from outside the browser.,False,,2026-08-06T05:37:19+00:00
5078,Dengue Test Kit,Dengue Test Kit,1's mono-carton,1,42.19,True,42.19,Surgical & Medical Consumables,Jan Aushadhi (PMBJP) product and MRP list,https://janaushadhi.gov.in/product-portfolio/product-mrp-list,Exported from the site's own Download Files button. Direct API calls to port 8443 return 500 from outside the browser.,False,,2026-08-06T05:37:19+00:00
5079,Janaushadhi Ankur (HCG- Pregnancy Test Kit),Janaushadhi Ankur HCG Pregnancy Test Kit,1's,1,18.75,True,18.75,Surgical & Medical Consumables,Jan Aushadhi (PMBJP) product and MRP list,https://janaushadhi.gov.in/product-portfolio/product-mrp-list,Exported from the site's own Download Files button. Direct API calls to port 8443 return 500 from outside the browser.,False,,2026-08-06T05:37:19+00:00
5094,Sterile Gauze Pad size 2X2,Sterile Gauze Pad size X,1's,1,6.56,True,6.56,Surgical & Medical Consumables,Jan Aushadhi (PMBJP) product and MRP list,https://janaushadhi.gov.in/product-portfolio/product-mrp-list,Exported from the site's own Download Files button. Direct API calls to port 8443 return 500 from outside the browser.,False,,2026-08-06T05:37:19+00:00
5095,Sterile Gauze Pad size 3X3,Sterile Gauze Pad size X,1's,1,7.5,True,7.5,Surgical & Medical Consumables,Jan Aushadhi (PMBJP) product and MRP list,https://janaushadhi.gov.in/product-portfolio/product-mrp-list,Exported from the site's own Download Files button. Direct API calls to port 8443 return 500 from outside the browser.,False,,2026-08-06T05:37:19+00:00
5096,Sterile Gauze Pad size 4X4,Sterile Gauze Pad size X,1's,1,8.44,True,8.44,Surgical & Medical Consumables,Jan Aushadhi (PMBJP) product and MRP list,https://janaushadhi.gov.in/product-portfolio/product-mrp-list,Exported from the site's own Download Files button. Direct API calls to port 8443 return 500 from outside the browser.,False,,2026-08-06T05:37:19+00:00
5097,Alcohol Swab (Spirit Swab),Alcohol Swab Spirit Swab,1's,1,1.03,True,1.03,Surgical & Medical Consumables,Jan Aushadhi (PMBJP) product and MRP list,https://janaushadhi.gov.in/product-portfolio/product-mrp-list,Exported from the site's own Download Files button. Direct API calls to port 8443 return 500 from outside the browser.,False,,2026-08-06T05:37:19+00:00
6001,"Surgical Rubber Gloves-Disposable, Sterile, 6.5 inch",Surgical Rubber Gloves Disposable Sterile inch,PAIR,,20.63,True,,Surgical & Medical Consumables,Jan Aushadhi (PMBJP) product and MRP list,https://janaushadhi.gov.in/product-portfolio/product-mrp-list,Exported from the site's own Download Files button. Direct API calls to port 8443 return 500 from outside the browser.,False,,2026-08-06T05:37:19+00:00
6002,"Surgical Rubber Gloves-Disposable, Sterile, 7 inch",Surgical Rubber Gloves Disposable Sterile inch,PAIR,,20.63,True,,Surgical & Medical Consumables,Jan Aushadhi (PMBJP) product and MRP list,https://janaushadhi.gov.in/product-portfolio/product-mrp-list,Exported from the site's own Download Files button. Direct API calls to port 8443 return 500 from outside the browser.,False,,2026-08-06T05:37:19+00:00
6003,"Surgical Rubber Gloves-Disposable, Sterile, 7.5 inch",Surgical Rubber Gloves Disposable Sterile inch,PAIR,,20.63,True,,Surgical & Medical Consumables,Jan Aushadhi (PMBJP) product and MRP list,https://janaushadhi.gov.in/product-portfolio/product-mrp-list,Exported from the site's own Download Files button. Direct API calls to port 8443 return 500 from outside the browser.,False,,2026-08-06T05:37:19+00:00
6004,"Surgical Rubber Gloves-Disposable, Sterile, 8 inch",Surgical Rubber Gloves Disposable Sterile inch,PAIR,,18.75,True,,Surgical & Medical Consumables,Jan Aushadhi (PMBJP) product and MRP list,https://janaushadhi.gov.in/product-portfolio/product-mrp-list,Exported from the site's own Download Files button. Direct API calls to port 8443 return 500 from outside the browser.,False,,2026-08-06T05:37:19+00:00
6006,"Rubber Examination Gloves, Non-sterile (Small)",Rubber Examination Gloves Non sterile Small,1's,1,3.28,True,3.28,Surgical & Medical Consumables,Jan Aushadhi (PMBJP) product and MRP list,https://janaushadhi.gov.in/product-portfolio/product-mrp-list,Exported from the site's own Download Files button. Direct API calls to port 8443 return 500 from outside the browser.,False,,2026-08-06T05:37:19+00:00
6007,"Rubber Examination Gloves, Non-sterile (Medium)",Rubber Examination Gloves Non sterile Medium,1's,1,3.97,True,3.97,Surgical & Medical Consumables,Jan Aushadhi (PMBJP) product and MRP list,https://janaushadhi.gov.in/product-portfolio/product-mrp-list,Exported from the site's own Download Files button. Direct API calls to port 8443 return 500 from outside the browser.,False,,2026-08-06T05:37:19+00:00
6009,"Surgical Cap, Disposable(for Surgeons/Nurses)",Surgical Cap Disposable for Surgeons Nurses,1's,1,2.0,True,2.0,Surgical & Medical Consumables,Jan Aushadhi (PMBJP) product and MRP list,https://janaushadhi.gov.in/product-portfolio/product-mrp-list,Exported from the site's own Download Files button. Direct API calls to port 8443 return 500 from outside the browser.,False,,2026-08-06T05:37:19+00:00
6010,Suction Catheter FG 5,Suction Catheter FG,1's,1,13.13,True,13.13,Surgical & Medical Consumables,Jan Aushadhi (PMBJP) product and MRP list,https://janaushadhi.gov.in/product-portfolio/product-mrp-list,Exported from the site's own Download Files button. Direct API calls to port 8443 return 500 from outside the browser.,False,,2026-08-06T05:37:19+00:00
6011,"Suction Catheter FG (6), 50 cm, Sterilized",Suction Catheter FG cm Sterilized,1's,1,6.56,True,6.56,Surgical & Medical Consumables,Jan Aushadhi (PMBJP) product and MRP list,https://janaushadhi.gov.in/product-portfolio/product-mrp-list,Exported from the site's own Download Files button. Direct API calls to port 8443 return 500 from outside the browser.,False,,2026-08-06T05:37:19+00:00
6012,"Suction Catheter FG (8), 50 cm, Sterilized",Suction Catheter FG cm Sterilized,1's,1,6.56,True,6.56,Surgical & Medical Consumables,Jan Aushadhi (PMBJP) product and MRP list,https://janaushadhi.gov.in/product-portfolio/product-mrp-list,Exported from the site's own Download Files button. Direct API calls to port 8443 return 500 from outside the browser.,False,,2026-08-06T05:37:19+00:00
6013,"Suction Catheter FG (10), 50 cm, Sterilized",Suction Catheter FG cm Sterilized,1's,1,7.5,True,7.5,Surgical & Medical Consumables,Jan Aushadhi (PMBJP) product and MRP list,https://janaushadhi.gov.in/product-portfolio/product-mrp-list,Exported from the site's own Download Files button. Direct API calls to port 8443 return 500 from outside the browser.,False,,2026-08-06T05:37:19+00:00
6014,"Suction Catheter FG (12), 50 cm, Sterilized",Suction Catheter FG cm Sterilized,1's,1,7.5,True,7.5,Surgical & Medical Consumables,Jan Aushadhi (PMBJP) product and MRP list,https://janaushadhi.gov.in/product-portfolio/product-mrp-list,Exported from the site's own Download Files button. Direct API calls to port 8443 return 500 from outside the browser.,False,,2026-08-06T05:37:19+00:00
6015,"Suction Catheter FG (14), 50 cm, Sterilized",Suction Catheter FG cm Sterilized,1's,1,8.44,True,8.44,Surgical & Medical Consumables,Jan Aushadhi (PMBJP) product and MRP list,https://janaushadhi.gov.in/product-portfolio/product-mrp-list,Exported from the site's own Download Files button. Direct API calls to port 8443 return 500 from outside the browser.,False,,2026-08-06T05:37:19+00:00
6016,"Suction Catheter FG (16), 50 cm, Sterilized",Suction Catheter FG cm Sterilized,1's,1,9.38,True,9.38,Surgical & Medical Consumables,Jan Aushadhi (PMBJP) product and MRP list,https://janaushadhi.gov.in/product-portfolio/product-mrp-list,Exported from the site's own Download Files button. Direct API calls to port 8443 return 500 from outside the browser.,False,,2026-08-06T05:37:19+00:00
6017,"Suction Catheter FG (18), 50 cm, Sterilized",Suction Catheter FG cm Sterilized,1's,1,9.38,True,9.38,Surgical & Medical Consumables,Jan Aushadhi (PMBJP) product and MRP list,https://janaushadhi.gov.in/product-portfolio/product-mrp-list,Exported from the site's own Download Files button. Direct API calls to port 8443 return 500 from outside the browser.,False,,2026-08-06T05:37:19+00:00
6018,"Suction Catheter FG (20), 50 cm, Sterilized",Suction Catheter FG cm Sterilized,1's,1,10.31,True,10.31,Surgical & Medical Consumables,Jan Aushadhi (PMBJP) product and MRP list,https://janaushadhi.gov.in/product-portfolio/product-mrp-list,Exported from the site's own Download Files button. Direct API calls to port 8443 return 500 from outside the browser.,False,,2026-08-06T05:37:19+00:00
6020,"Sterile Catheter Single Use for Urinary Drainage (Foley Balloon Catheter), 2 way (8FG)",Sterile Catheter Single Use for Urinary Drainage Foley Balloon Catheter way FG,1's,1,60.94,True,60.94,Surgical & Medical Consumables,Jan Aushadhi (PMBJP) product and MRP list,https://janaushadhi.gov.in/product-portfolio/product-mrp-list,Exported from the site's own Download Files button. Direct API calls to port 8443 return 500 from outside the browser.,False,,2026-08-06T05:37:19+00:00
6021,"Sterile Catheter Single Use for Urinary Drainage (Foley Balloon Catheter), 2 way (10FG)",Sterile Catheter Single Use for Urinary Drainage Foley Balloon Catheter way FG,1's,1,60.94,True,60.94,Surgical & Medical Consumables,Jan Aushadhi (PMBJP) product and MRP list,https://janaushadhi.gov.in/product-portfolio/product-mrp-list,Exported from the site's own Download Files button. Direct API calls to port 8443 return 500 from outside the browser.,False,,2026-08-06T05:37:19+00:00
6022,"Sterile Catheter Single Use for Urinary Drainage (Foley Balloon Catheter), 2 way (16FG)",Sterile Catheter Single Use for Urinary Drainage Foley Balloon Catheter way FG,1's,1,37.5,True,37.5,Surgical & Medical Consumables,Jan Aushadhi (PMBJP) product and MRP list,https://janaushadhi.gov.in/product-portfolio/product-mrp-list,Exported from the site's own Download Files button. Direct API calls to port 8443 return 500 from outside the browser.,False,,2026-08-06T05:37:19+00:00
6023,"Sterile Catheter Single Use for Urinary Drainage (Foley Balloon Catheter), 2 way (18FG)",Sterile Catheter Single Use for Urinary Drainage Foley Balloon Catheter way FG,1's,1,37.5,True,37.5,Surgical & Medical Consumables,Jan Aushadhi (PMBJP) product and MRP list,https://janaushadhi.gov.in/product-portfolio/product-mrp-list,Exported from the site's own Download Files button. Direct API calls to port 8443 return 500 from outside the browser.,False,,2026-08-06T05:37:19+00:00
6024,"Sterile Catheter Single Use for Urinary Drainage (Foley Balloon Catheter), 2 way (20FG)",Sterile Catheter Single Use for Urinary Drainage Foley Balloon Catheter way FG,1's,1,37.5,True,37.5,Surgical & Medical Consumables,Jan Aushadhi (PMBJP) product and MRP list,https://janaushadhi.gov.in/product-portfolio/product-mrp-list,Exported from the site's own Download Files button. Direct API calls to port 8443 return 500 from outside the browser.,False,,2026-08-06T05:37:19+00:00
6025,"Sterile Catheter Single Use for Urinary Drainage (Foley Balloon Catheter), 2 way (22FG)",Sterile Catheter Single Use for Urinary Drainage Foley Balloon Catheter way FG,1's,1,37.5,True,37.5,Surgical & Medical Consumables,Jan Aushadhi (PMBJP) product and MRP list,https://janaushadhi.gov.in/product-portfolio/product-mrp-list,Exported from the site's own Download Files button. Direct API calls to port 8443 return 500 from outside the browser.,False,,2026-08-06T05:37:19+00:00
6026,"Sterile Catheter Single Use for Urinary Drainage (Foley Balloon Catheter), 2 way (24FG)",Sterile Catheter Single Use for Urinary Drainage Foley Balloon Catheter way FG,1's,1,37.5,True,37.5,Surgical & Medical Consumables,Jan Aushadhi (PMBJP) product and MRP list,https://janaushadhi.gov.in/product-portfolio/product-mrp-list,Exported from the site's own Download Files button. Direct API calls to port 8443 return 500 from outside the browser.,False,,2026-08-06T05:37:19+00:00
6027,"Infant Feeding Tube, Sterile (Size-10 Fg, length 50 cm)",Infant Feeding Tube Sterile Size Fg length cm,1's,1,9.38,True,9.38,Surgical & Medical Consumables,Jan Aushadhi (PMBJP) product and MRP list,https://janaushadhi.gov.in/product-portfolio/product-mrp-list,Exported from the site's own Download Files button. Direct API calls to port 8443 return 500 from outside the browser.,False,,2026-08-06T05:37:19+00:00
6028,"Infant Feeding Tube, Sterile (Size-8 Fg, length 50 cm)",Infant Feeding Tube Sterile Size Fg length cm,1's,1,9.38,True,9.38,Surgical & Medical Consumables,Jan Aushadhi (PMBJP) product and MRP list,https://janaushadhi.gov.in/product-portfolio/product-mrp-list,Exported from the site's own Download Files button. Direct API calls to port 8443 return 500 from outside the browser.,False,,2026-08-06T05:37:19+00:00
6029,"Infant Feeding Tube, Sterile (Size-5 Fg, length 50 cm)",Infant Feeding Tube Sterile Size Fg length cm,1's,1,9.38,True,9.38,Surgical & Medical Consumables,Jan Aushadhi (PMBJP) product and MRP list,https://janaushadhi.gov.in/product-portfolio/product-mrp-list,Exported from the site's own Download Files button. Direct API calls to port 8443 return 500 from outside the browser.,False,,2026-08-06T05:37:19+00:00
6030,Sterile Disposable Perfusion set with airway and needle adult use 150cm long smooth kink resist,Sterile Disposable Perfusion set with airway and needle adult use cm long smooth kink resist,1's,1,12.19,True,12.19,Surgical & Medical Consumables,Jan Aushadhi (PMBJP) product and MRP list,https://janaushadhi.gov.in/product-portfolio/product-mrp-list,Exported from the site's own Download Files button. Direct API calls to port 8443 return 500 from outside the browser.,False,,2026-08-06T05:37:19+00:00
6031,Sterile Disposable Infusion set with Microdrip (I.V.) (Pediatric use),Sterile Disposable Infusion set with Microdrip I V Pediatric use,1's,1,51.56,True,51.56,Surgical & Medical Consumables,Jan Aushadhi (PMBJP) product and MRP list,https://janaushadhi.gov.in/product-portfolio/product-mrp-list,Exported from the site's own Download Files button. Direct API calls to port 8443 return 500 from outside the browser.,False,,2026-08-06T05:37:19+00:00
6032,Sterile Disposable Infusion set with Microdrip (I.V.) (Adult use),Sterile Disposable Infusion set with Microdrip I V Adult use,1's,1,14.06,True,14.06,Surgical & Medical Consumables,Jan Aushadhi (PMBJP) product and MRP list,https://janaushadhi.gov.in/product-portfolio/product-mrp-list,Exported from the site's own Download Files button. Direct API calls to port 8443 return 500 from outside the browser.,False,,2026-08-06T05:37:19+00:00
6033,Insulin Syringe (40 units) with 30G needle,Insulin Syringe units with,1's,1,5.16,True,5.16,Surgical & Medical Consumables,Jan Aushadhi (PMBJP) product and MRP list,https://janaushadhi.gov.in/product-portfolio/product-mrp-list,Exported from the site's own Download Files button. Direct API calls to port 8443 return 500 from outside the browser.,False,,2026-08-06T05:37:19+00:00
6035,"I.V Cannula (Sterile, Disposable), 18 G",I V Cannula Sterile Disposable,1's,1,14.06,True,14.06,Surgical & Medical Consumables,Jan Aushadhi (PMBJP) product and MRP list,https://janaushadhi.gov.in/product-portfolio/product-mrp-list,Exported from the site's own Download Files button. Direct API calls to port 8443 return 500 from outside the browser.,False,,2026-08-06T05:37:19+00:00
6036,"I.V Cannula (Sterile, Disposable), 20 G",I V Cannula Sterile Disposable,1's,1,14.06,True,14.06,Surgical & Medical Consumables,Jan Aushadhi (PMBJP) product and MRP list,https://janaushadhi.gov.in/product-portfolio/product-mrp-list,Exported from the site's own Download Files button. Direct API calls to port 8443 return 500 from outside the browser.,False,,2026-08-06T05:37:19+00:00
6037,"I.V Cannula (Sterile, Disposable), 22 G",I V Cannula Sterile Disposable,1's,1,14.06,True,14.06,Surgical & Medical Consumables,Jan Aushadhi (PMBJP) product and MRP list,https://janaushadhi.gov.in/product-portfolio/product-mrp-list,Exported from the site's own Download Files button. Direct API calls to port 8443 return 500 from outside the browser.,False,,2026-08-06T05:37:19+00:00
6038,"I.V Cannula (Sterile, Disposable), 24 G",I V Cannula Sterile Disposable,1's,1,14.06,True,14.06,Surgical & Medical Consumables,Jan Aushadhi (PMBJP) product and MRP list,https://janaushadhi.gov.in/product-portfolio/product-mrp-list,Exported from the site's own Download Files button. Direct API calls to port 8443 return 500 from outside the browser.,False,,2026-08-06T05:37:19+00:00
6039,"Nasal Oxygen Cannula set, Twin bore (Adult)",Nasal Oxygen Cannula set Twin bore Adult,1's,1,28.13,True,28.13,Surgical & Medical Consumables,Jan Aushadhi (PMBJP) product and MRP list,https://janaushadhi.gov.in/product-portfolio/product-mrp-list,Exported from the site's own Download Files button. Direct API calls to port 8443 return 500 from outside the browser.,False,,2026-08-06T05:37:19+00:00
6040,"Absorbent Gelatin Sponge, Sterilized (80mm x 50mm x 10mm)",Absorbent Gelatin Sponge Sterilized mm x mm x mm,1's,1,93.75,True,93.75,Surgical & Medical Consumables,Jan Aushadhi (PMBJP) product and MRP list,https://janaushadhi.gov.in/product-portfolio/product-mrp-list,Exported from the site's own Download Files button. Direct API calls to port 8443 return 500 from outside the browser.,False,,2026-08-06T05:37:19+00:00
6042,Blood Transfusion Set with Filter 170 Micron,Blood Transfusion Set with Filter Micron,1's,1,16.88,True,16.88,Surgical & Medical Consumables,Jan Aushadhi (PMBJP) product and MRP list,https://janaushadhi.gov.in/product-portfolio/product-mrp-list,Exported from the site's own Download Files button. Direct API calls to port 8443 return 500 from outside the browser.,False,,2026-08-06T05:37:19+00:00
6045,Ryles Tube/Nasogastric Tube (Size 10),Ryles Tube Nasogastric Tube Size,1's,1,10.31,True,10.31,Surgical & Medical Consumables,Jan Aushadhi (PMBJP) product and MRP list,https://janaushadhi.gov.in/product-portfolio/product-mrp-list,Exported from the site's own Download Files button. Direct API calls to port 8443 return 500 from outside the browser.,False,,2026-08-06T05:37:19+00:00
6046,Ryles Tube/Nasogastric Tube (Size 12),Ryles Tube Nasogastric Tube Size,1's,1,10.31,True,10.31,Surgical & Medical Consumables,Jan Aushadhi (PMBJP) product and MRP list,https://janaushadhi.gov.in/product-portfolio/product-mrp-list,Exported from the site's own Download Files button. Direct API calls to port 8443 return 500 from outside the browser.,False,,2026-08-06T05:37:19+00:00
6047,Ryles Tube/Nasogastric Tube (Size 14),Ryles Tube Nasogastric Tube Size,1's,1,10.31,True,10.31,Surgical & Medical Consumables,Jan Aushadhi (PMBJP) product and MRP list,https://janaushadhi.gov.in/product-portfolio/product-mrp-list,Exported from the site's own Download Files button. Direct API calls to port 8443 return 500 from outside the browser.,False,,2026-08-06T05:37:19+00:00
6048,Ryles Tube/Nasogastric Tube (Size 16),Ryles Tube Nasogastric Tube Size,1's,1,10.31,True,10.31,Surgical & Medical Consumables,Jan Aushadhi (PMBJP) product and MRP list,https://janaushadhi.gov.in/product-portfolio/product-mrp-list,Exported from the site's own Download Files button. Direct API calls to port 8443 return 500 from outside the browser.,False,,2026-08-06T05:37:19+00:00
6049,Ryles Tube/Nasogastric Tube (Size 18),Ryles Tube Nasogastric Tube Size,1's,1,10.31,True,10.31,Surgical & Medical Consumables,Jan Aushadhi (PMBJP) product and MRP list,https://janaushadhi.gov.in/product-portfolio/product-mrp-list,Exported from the site's own Download Files button. Direct API calls to port 8443 return 500 from outside the browser.,False,,2026-08-06T05:37:19+00:00
6050,Knee Cap (Small),Knee Cap Small,Pair,,120.0,True,,Surgical & Medical Consumables,Jan Aushadhi (PMBJP) product and MRP list,https://janaushadhi.gov.in/product-portfolio/product-mrp-list,Exported from the site's own Download Files button. Direct API calls to port 8443 return 500 from outside the browser.,False,,2026-08-06T05:37:19+00:00
6051,Knee Cap (Medium),Knee Cap Medium,Pair,,120.0,True,,Surgical & Medical Consumables,Jan Aushadhi (PMBJP) product and MRP list,https://janaushadhi.gov.in/product-portfolio/product-mrp-list,Exported from the site's own Download Files button. Direct API calls to port 8443 return 500 from outside the browser.,False,,2026-08-06T05:37:19+00:00
6052,Knee Cap (Large),Knee Cap Large,Pair,,120.0,True,,Surgical & Medical Consumables,Jan Aushadhi (PMBJP) product and MRP list,https://janaushadhi.gov.in/product-portfolio/product-mrp-list,Exported from the site's own Download Files button. Direct API calls to port 8443 return 500 from outside the browser.,False,,2026-08-06T05:37:19+00:00
7001,Hot Water Bag (Small),Hot Water Bag Small,1's,1,160.0,True,160.0,Surgical & Medical Consumables,Jan Aushadhi (PMBJP) product and MRP list,https://janaushadhi.gov.in/product-portfolio/product-mrp-list,Exported from the site's own Download Files button. Direct API calls to port 8443 return 500 from outside the browser.,False,,2026-08-06T05:37:19+00:00
8001,"Chromic Suture (3/8 Cir Rb Needle 40mm, Length 76 cm)",Chromic Suture Cir Rb Needle mm Length cm,1's,1,42.19,True,42.19,Surgical & Medical Consumables,Jan Aushadhi (PMBJP) product and MRP list,https://janaushadhi.gov.in/product-portfolio/product-mrp-list,Exported from the site's own Download Files button. Direct API calls to port 8443 return 500 from outside the browser.,False,,2026-08-06T05:37:19+00:00
8002,"Chromic Suture (1/2 Cir Rb Needle 20mm, Length 76 cm)",Chromic Suture Cir Rb Needle mm Length cm,1's,1,75.0,True,75.0,Surgical & Medical Consumables,Jan Aushadhi (PMBJP) product and MRP list,https://janaushadhi.gov.in/product-portfolio/product-mrp-list,Exported from the site's own Download Files button. Direct API calls to port 8443 return 500 from outside the browser.,False,,2026-08-06T05:37:19+00:00
8003,"Chromic Suture (1/2 Cir Rb Needle 30mm, Length 76 cm)",Chromic Suture Cir Rb Needle mm Length cm,1's,1,42.19,True,42.19,Surgical & Medical Consumables,Jan Aushadhi (PMBJP) product and MRP list,https://janaushadhi.gov.in/product-portfolio/product-mrp-list,Exported from the site's own Download Files button. Direct API calls to port 8443 return 500 from outside the browser.,False,,2026-08-06T05:37:19+00:00
8005,"Chromic Suture (1/2 Cir Rb Needle 40mm, Length 76 cm)",Chromic Suture Cir Rb Needle mm Length cm,1's,1,42.19,True,42.19,Surgical & Medical Consumables,Jan Aushadhi (PMBJP) product and MRP list,https://janaushadhi.gov.in/product-portfolio/product-mrp-list,Exported from the site's own Download Files button. Direct API calls to port 8443 return 500 from outside the browser.,False,,2026-08-06T05:37:19+00:00
8006,"Chromic Suture (3/8 Cir Rb Needle 30mm, Length 76 cm)",Chromic Suture Cir Rb Needle mm Length cm,1's,1,42.19,True,42.19,Surgical & Medical Consumables,Jan Aushadhi (PMBJP) product and MRP list,https://janaushadhi.gov.in/product-portfolio/product-mrp-list,Exported from the site's own Download Files button. Direct API calls to port 8443 return 500 from outside the browser.,False,,2026-08-06T05:37:19+00:00
8007,"Chromic Suture (1/2 Cir Rb Needle 45mm, Length 100 cm)",Chromic Suture Cir Rb Needle mm Length cm,1's,1,46.88,True,46.88,Surgical & Medical Consumables,Jan Aushadhi (PMBJP) product and MRP list,https://janaushadhi.gov.in/product-portfolio/product-mrp-list,Exported from the site's own Download Files button. Direct API calls to port 8443 return 500 from outside the browser.,False,,2026-08-06T05:37:19+00:00
8012,"Surgical Suture (Absorbable, Synthetic) 1/2 Cir Rb, Niddle 20mm, Length 70cm",Surgical Suture Absorbable Synthetic Cir Rb Niddle mm Length cm,1's,1,46.88,True,46.88,Surgical & Medical Consumables,Jan Aushadhi (PMBJP) product and MRP list,https://janaushadhi.gov.in/product-portfolio/product-mrp-list,Exported from the site's own Download Files button. Direct API calls to port 8443 return 500 from outside the browser.,False,,2026-08-06T05:37:19+00:00
8013,"Surgical Suture (Absorbable, Synthetic) 1/2 Cir Rb, Niddle 30mm, Length 90cm, USP-2/0",Surgical Suture Absorbable Synthetic Cir Rb Niddle mm Length cm,1's,1,42.19,True,42.19,Surgical & Medical Consumables,Jan Aushadhi (PMBJP) product and MRP list,https://janaushadhi.gov.in/product-portfolio/product-mrp-list,Exported from the site's own Download Files button. Direct API calls to port 8443 return 500 from outside the browser.,False,,2026-08-06T05:37:19+00:00
8014,"Surgical Suture (Absorbable, Synthetic) 1/2 Cir Rb, Niddle 30mm, Length 90cm, USP-1/0",Surgical Suture Absorbable Synthetic Cir Rb Niddle mm Length cm,1's,1,51.56,True,51.56,Surgical & Medical Consumables,Jan Aushadhi (PMBJP) product and MRP list,https://janaushadhi.gov.in/product-portfolio/product-mrp-list,Exported from the site's own Download Files button. Direct API calls to port 8443 return 500 from outside the browser.,False,,2026-08-06T05:37:19+00:00
8015,"Surgical Suture (Absorbable, Synthetic) 1/2 Cir Rb, Tapercut Niddle 40mm, Length 90cm",Surgical Suture Absorbable Synthetic Cir Rb Tapercut Niddle mm Length cm,1's,1,220.31,True,220.31,Surgical & Medical Consumables,Jan Aushadhi (PMBJP) product and MRP list,https://janaushadhi.gov.in/product-portfolio/product-mrp-list,Exported from the site's own Download Files button. Direct API calls to port 8443 return 500 from outside the browser.,False,,2026-08-06T05:37:19+00:00
8019,"Surgical Suture (Absorbable, Synthetic) 1/2 Cir Rb, Niddle 40mm, Length 90cm, USP-2/0",Surgical Suture Absorbable Synthetic Cir Rb Niddle mm Length cm,1's,1,220.31,True,220.31,Surgical & Medical Consumables,Jan Aushadhi (PMBJP) product and MRP list,https://janaushadhi.gov.in/product-portfolio/product-mrp-list,Exported from the site's own Download Files button. Direct API calls to port 8443 return 500 from outside the browser.,False,,2026-08-06T05:37:19+00:00
8021,"Surgical Suture (Absorbable, Synthetic) 3/8 Cir Rb, cutting Niddle 22mm, Length 45cm",Surgical Suture Absorbable Synthetic Cir Rb cutting Niddle mm Length cm,1's,1,37.5,True,37.5,Surgical & Medical Consumables,Jan Aushadhi (PMBJP) product and MRP list,https://janaushadhi.gov.in/product-portfolio/product-mrp-list,Exported from the site's own Download Files button. Direct API calls to port 8443 return 500 from outside the browser.,False,,2026-08-06T05:37:19+00:00
8022,"Surgical Suture (Absorbable, Synthetic) 1/2 Cir Rb, Niddle 20mm, Length 70cm, USP 4/0",Surgical Suture Absorbable Synthetic Cir Rb Niddle mm Length cm,1's,1,42.19,True,42.19,Surgical & Medical Consumables,Jan Aushadhi (PMBJP) product and MRP list,https://janaushadhi.gov.in/product-portfolio/product-mrp-list,Exported from the site's own Download Files button. Direct API calls to port 8443 return 500 from outside the browser.,False,,2026-08-06T05:37:19+00:00
8023,"Silk Suture (1/2 Cir Rb needle 20mm, Length 76 cm), USP-3/0",Silk Suture Cir Rb needle mm Length cm,1's,1,28.13,True,28.13,Surgical & Medical Consumables,Jan Aushadhi (PMBJP) product and MRP list,https://janaushadhi.gov.in/product-portfolio/product-mrp-list,Exported from the site's own Download Files button. Direct API calls to port 8443 return 500 from outside the browser.,False,,2026-08-06T05:37:19+00:00
8024,"Silk Suture (3/8 Circle Reverse cutting needle 26mm, Length 76 cm), Silk Suture (3/8 Circle Reverse cutting needle 26mm, Length 76 cm), USP3/0",Silk Suture Circle Reverse cutting needle mm Length cm Silk Suture Circle Reverse cutting needle mm Length cm USP,1's,1,28.13,True,28.13,Surgical & Medical Consumables,Jan Aushadhi (PMBJP) product and MRP list,https://janaushadhi.gov.in/product-portfolio/product-mrp-list,Exported from the site's own Download Files button. Direct API calls to port 8443 return 500 from outside the browser.,False,,2026-08-06T05:37:19+00:00
8025,"Silk Suture (3/8 Circle Reverse cutting needle 45mm, Length 76 cm), USP 2/0",Silk Suture Circle Reverse cutting needle mm Length cm,1's,1,28.13,True,28.13,Surgical & Medical Consumables,Jan Aushadhi (PMBJP) product and MRP list,https://janaushadhi.gov.in/product-portfolio/product-mrp-list,Exported from the site's own Download Files button. Direct API calls to port 8443 return 500 from outside the browser.,False,,2026-08-06T05:37:19+00:00
8026,"Silk Suture (3/8 Cir Rb needle 20mm, Length 76 cm) USP 2/0,",Silk Suture Cir Rb needle mm Length cm,1's,1,51.56,True,51.56,Surgical & Medical Consumables,Jan Aushadhi (PMBJP) product and MRP list,https://janaushadhi.gov.in/product-portfolio/product-mrp-list,Exported from the site's own Download Files button. Direct API calls to port 8443 return 500 from outside the browser.,False,,2026-08-06T05:37:19+00:00
8027,"Silk Suture (3/8 Cir Rb needle 16mm, Length 76 cm), USP 4/0",Silk Suture Cir Rb needle mm Length cm,1's,1,32.81,True,32.81,Surgical & Medical Consumables,Jan Aushadhi (PMBJP) product and MRP list,https://janaushadhi.gov.in/product-portfolio/product-mrp-list,Exported from the site's own Download Files button. Direct API calls to port 8443 return 500 from outside the browser.,False,,2026-08-06T05:37:19+00:00
8028,"Polyamide (3/8 Cir Micropoint Spatulated,6mm,length 38 Cm) size 8/0",Polyamide Cir Micropoint Spatulated mm length Cm size,1's,1,328.13,True,328.13,Surgical & Medical Consumables,Jan Aushadhi (PMBJP) product and MRP list,https://janaushadhi.gov.in/product-portfolio/product-mrp-list,Exported from the site's own Download Files button. Direct API calls to port 8443 return 500 from outside the browser.,False,,2026-08-06T05:37:19+00:00
8029,"Polyamide (3/8 Conventional Cutting Needle 16mm Length 70 cm), USP 3/0",Polyamide Conventional Cutting Needle mm Length cm,1's,1,28.13,True,28.13,Surgical & Medical Consumables,Jan Aushadhi (PMBJP) product and MRP list,https://janaushadhi.gov.in/product-portfolio/product-mrp-list,Exported from the site's own Download Files button. Direct API calls to port 8443 return 500 from outside the browser.,False,,2026-08-06T05:37:19+00:00
8030,"Polyamide (3/8 Conventional Cutting Needle 19mm Length 60 cm), Polyamide (3/8 Conventional Cutting Needle 19mm Length 60 cm), USP 4/0",Polyamide Conventional Cutting Needle mm Length cm Polyamide Conventional Cutting Needle mm Length cm,1's,1,56.25,True,56.25,Surgical & Medical Consumables,Jan Aushadhi (PMBJP) product and MRP list,https://janaushadhi.gov.in/product-portfolio/product-mrp-list,Exported from the site's own Download Files button. Direct API calls to port 8443 return 500 from outside the browser.,False,,2026-08-06T05:37:19+00:00
8031,"Polyamide (3/8 Cir Slim Blade Cutting Needle 15mm, Length 70 Cm)size 5/0",Polyamide Cir Slim Blade Cutting Needle mm Length Cm size,1's,1,65.63,True,65.63,Surgical & Medical Consumables,Jan Aushadhi (PMBJP) product and MRP list,https://janaushadhi.gov.in/product-portfolio/product-mrp-list,Exported from the site's own Download Files button. Direct API calls to port 8443 return 500 from outside the browser.,False,,2026-08-06T05:37:19+00:00
8032,"Polyamide (3/8 R Cutting Needle 45mm, Length 70 Cm.)size 2./0",Polyamide R Cutting Needle mm Length Cm size,1's,1,26.25,True,26.25,Surgical & Medical Consumables,Jan Aushadhi (PMBJP) product and MRP list,https://janaushadhi.gov.in/product-portfolio/product-mrp-list,Exported from the site's own Download Files button. Direct API calls to port 8443 return 500 from outside the browser.,False,,2026-08-06T05:37:19+00:00
8034,"Polyamide (3/8 Cutting Edge Needle, Double Arms Needle 6 mm, Suture Length 35-42 Cm Size 10/0",Polyamide Cutting Edge Needle Double Arms Needle mm Suture Length Cm Size,1's,1,403.13,True,403.13,Surgical & Medical Consumables,Jan Aushadhi (PMBJP) product and MRP list,https://janaushadhi.gov.in/product-portfolio/product-mrp-list,Exported from the site's own Download Files button. Direct API calls to port 8443 return 500 from outside the browser.,False,,2026-08-06T05:37:19+00:00
8035,"Polypropylene Suture (1/2 Cir Rb, 13mm Needle, Suture Length 75cm, double arm), USP 5/0",Polypropylene Suture Cir Rb mm Needle Suture Length cm double arm,1's,1,187.5,True,187.5,Surgical & Medical Consumables,Jan Aushadhi (PMBJP) product and MRP list,https://janaushadhi.gov.in/product-portfolio/product-mrp-list,Exported from the site's own Download Files button. Direct API calls to port 8443 return 500 from outside the browser.,False,,2026-08-06T05:37:19+00:00
8036,"Polypropylene Suture (3/8 Cir Rb, 8mm Needle, Suture Length 60cm), USP 7/0",Polypropylene Suture Cir Rb mm Needle Suture Length cm,1's,1,112.5,True,112.5,Surgical & Medical Consumables,Jan Aushadhi (PMBJP) product and MRP list,https://janaushadhi.gov.in/product-portfolio/product-mrp-list,Exported from the site's own Download Files button. Direct API calls to port 8443 return 500 from outside the browser.,False,,2026-08-06T05:37:19+00:00
8038,"Polypropylene Suture (3/8 Cir Rb, 16mm Needle, Suture Length 70cm), USP 5/0",Polypropylene Suture Cir Rb mm Needle Suture Length cm,1's,1,42.19,True,42.19,Surgical & Medical Consumables,Jan Aushadhi (PMBJP) product and MRP list,https://janaushadhi.gov.in/product-portfolio/product-mrp-list,Exported from the site's own Download Files button. Direct API calls to port 8443 return 500 from outside the browser.,False,,2026-08-06T05:37:19+00:00
8039,"Polypropylene Suture (1/2 Cir Rb, 30mm Needle, Suture Length 90cm), USP 2/0",Polypropylene Suture Cir Rb mm Needle Suture Length cm,1's,1,46.88,True,46.88,Surgical & Medical Consumables,Jan Aushadhi (PMBJP) product and MRP list,https://janaushadhi.gov.in/product-portfolio/product-mrp-list,Exported from the site's own Download Files button. Direct API calls to port 8443 return 500 from outside the browser.,False,,2026-08-06T05:37:19+00:00
8040,"Polypropylene Suture (1/2 Cir Rb, 45mm Needle, Suture Length 90cm), Polypropylene Suture (1/2 Cir Rb, 45mm Needle, Suture Length 90cm), USP 1",Polypropylene Suture Cir Rb mm Needle Suture Length cm Polypropylene Suture Cir Rb mm Needle Suture Length cm,1's,1,56.25,True,56.25,Surgical & Medical Consumables,Jan Aushadhi (PMBJP) product and MRP list,https://janaushadhi.gov.in/product-portfolio/product-mrp-list,Exported from the site's own Download Files button. Direct API calls to port 8443 return 500 from outside the browser.,False,,2026-08-06T05:37:19+00:00
8041,"Polypropylene Suture (1/2 Cir Rb, 17mm Needle, Suture Length 90cm), USP 4/0",Polypropylene Suture Cir Rb mm Needle Suture Length cm,1's,1,46.88,True,46.88,Surgical & Medical Consumables,Jan Aushadhi (PMBJP) product and MRP list,https://janaushadhi.gov.in/product-portfolio/product-mrp-list,Exported from the site's own Download Files button. Direct API calls to port 8443 return 500 from outside the browser.,False,,2026-08-06T05:37:19+00:00
8042,"Polypropylene Suture (1/2 Tapercut, 17mm Double Needle, Suture Length 70cm), USP3/0",Polypropylene Suture Tapercut mm Double Needle Suture Length cm USP,1's,1,79.69,True,79.69,Surgical & Medical Consumables,Jan Aushadhi (PMBJP) product and MRP list,https://janaushadhi.gov.in/product-portfolio/product-mrp-list,Exported from the site's own Download Files button. Direct API calls to port 8443 return 500 from outside the browser.,False,,2026-08-06T05:37:19+00:00
8043,"Polypropylene Suture (1/2 Cir Rb, 25mm Needle, Suture Length 90cm), USP 3/0",Polypropylene Suture Cir Rb mm Needle Suture Length cm,1's,1,46.88,True,46.88,Surgical & Medical Consumables,Jan Aushadhi (PMBJP) product and MRP list,https://janaushadhi.gov.in/product-portfolio/product-mrp-list,Exported from the site's own Download Files button. Direct API calls to port 8443 return 500 from outside the browser.,False,,2026-08-06T05:37:19+00:00
8044,"Polypropylene Suture (1/2 Cir Rb, 30mm Needle, Suture Length 90cm) double arm, USP 1/0",Polypropylene Suture Cir Rb mm Needle Suture Length cm double arm,1's,1,65.63,True,65.63,Surgical & Medical Consumables,Jan Aushadhi (PMBJP) product and MRP list,https://janaushadhi.gov.in/product-portfolio/product-mrp-list,Exported from the site's own Download Files button. Direct API calls to port 8443 return 500 from outside the browser.,False,,2026-08-06T05:37:19+00:00
8045,"Polypropylene Suture (1/2 Tapercut, 17mm Double Needle, Suture Length 75cm) double arm, USP 5/0",Polypropylene Suture Tapercut mm Double Needle Suture Length cm double arm,1's,1,243.75,True,243.75,Surgical & Medical Consumables,Jan Aushadhi (PMBJP) product and MRP list,https://janaushadhi.gov.in/product-portfolio/product-mrp-list,Exported from the site's own Download Files button. Direct API calls to port 8443 return 500 from outside the browser.,False,,2026-08-06T05:37:19+00:00
8046,"Polypropylene Suture (1/2 Tapercut, 25mm Double Needle, Suture Length 90cm) double arm, USP 1/0",Polypropylene Suture Tapercut mm Double Needle Suture Length cm double arm,1's,1,201.56,True,201.56,Surgical & Medical Consumables,Jan Aushadhi (PMBJP) product and MRP list,https://janaushadhi.gov.in/product-portfolio/product-mrp-list,Exported from the site's own Download Files button. Direct API calls to port 8443 return 500 from outside the browser.,False,,2026-08-06T05:37:19+00:00
8048,"Polypropylene Suture (3/8 Cir Rb, 13mm Needle, Suture Length 90cm) double arm, USP 6/0",Polypropylene Suture Cir Rb mm Needle Suture Length cm double arm,1's,1,229.69,True,229.69,Surgical & Medical Consumables,Jan Aushadhi (PMBJP) product and MRP list,https://janaushadhi.gov.in/product-portfolio/product-mrp-list,Exported from the site's own Download Files button. Direct API calls to port 8443 return 500 from outside the browser.,False,,2026-08-06T05:37:19+00:00
8051,"Polypropylene Suture (1/2 Cir Rb, 40mm Needle, Suture Length 90cm), USP 1",Polypropylene Suture Cir Rb mm Needle Suture Length cm,1's,1,51.56,True,51.56,Surgical & Medical Consumables,Jan Aushadhi (PMBJP) product and MRP list,https://janaushadhi.gov.in/product-portfolio/product-mrp-list,Exported from the site's own Download Files button. Direct API calls to port 8443 return 500 from outside the browser.,False,,2026-08-06T05:37:19+00:00
8052,"Polypropylene Suture (1/2 Cir Rb, Reverse Cutting, 45mm Needle, Suture Length 100cm), USP 1",Polypropylene Suture Cir Rb Reverse Cutting mm Needle Suture Length cm,1's,1,51.56,True,51.56,Surgical & Medical Consumables,Jan Aushadhi (PMBJP) product and MRP list,https://janaushadhi.gov.in/product-portfolio/product-mrp-list,Exported from the site's own Download Files button. Direct API calls to port 8443 return 500 from outside the browser.,False,,2026-08-06T05:37:19+00:00
8053,"Polypropylene Suture (3/8 Cir Rb 8mm Double Needle, Suture Length 70cm), USP 8/0",Polypropylene Suture Cir Rb mm Double Needle Suture Length cm,1's,1,112.5,True,112.5,Surgical & Medical Consumables,Jan Aushadhi (PMBJP) product and MRP list,https://janaushadhi.gov.in/product-portfolio/product-mrp-list,Exported from the site's own Download Files button. Direct API calls to port 8443 return 500 from outside the browser.,False,,2026-08-06T05:37:19+00:00
8055,"Polypropylene Suture (1/2 Cir Rb 13mm Needle, Suture Length 70cm, double arm), USP 6/0",Polypropylene Suture Cir Rb mm Needle Suture Length cm double arm,1's,1,239.06,True,239.06,Surgical & Medical Consumables,Jan Aushadhi (PMBJP) product and MRP list,https://janaushadhi.gov.in/product-portfolio/product-mrp-list,Exported from the site's own Download Files button. Direct API calls to port 8443 return 500 from outside the browser.,False,,2026-08-06T05:37:19+00:00
8056,"Polypropylene Suture (1/2 Circle, Tapercut, 17mm Needle, Suture Length 90cm, double arm), USP 3/0",Polypropylene Suture Circle Tapercut mm Needle Suture Length cm double arm,1's,1,65.63,True,65.63,Surgical & Medical Consumables,Jan Aushadhi (PMBJP) product and MRP list,https://janaushadhi.gov.in/product-portfolio/product-mrp-list,Exported from the site's own Download Files button. Direct API calls to port 8443 return 500 from outside the browser.,False,,2026-08-06T05:37:19+00:00
8057,"Polypropylene Suture (1/2 Cir Rb, 25mm Needle, Suture Length 75cm, double arm), USP 3/0",Polypropylene Suture Cir Rb mm Needle Suture Length cm double arm,1's,1,60.94,True,60.94,Surgical & Medical Consumables,Jan Aushadhi (PMBJP) product and MRP list,https://janaushadhi.gov.in/product-portfolio/product-mrp-list,Exported from the site's own Download Files button. Direct API calls to port 8443 return 500 from outside the browser.,False,,2026-08-06T05:37:19+00:00
8058,"Polybutylate / Silicon Coated Polyster Braided Green / Blue (1/2 Cir Tapercut, 17 Mm Double Needle, Suture Length 75 Cm)size 4/0",Polybutylate Silicon Coated Polyster Braided Green Blue Cir Tapercut Mm Double Needle Suture Length Cm size,1's,1,79.69,True,79.69,Surgical & Medical Consumables,Jan Aushadhi (PMBJP) product and MRP list,https://janaushadhi.gov.in/product-portfolio/product-mrp-list,Exported from the site's own Download Files button. Direct API calls to port 8443 return 500 from outside the browser.,False,,2026-08-06T05:37:19+00:00
8059,"Polybutylate Coated Polyster Braided White (1/2 Cir Tapercut, 17 Mm Double Needle, Suture Length 90 Cm)size 2/0",Polybutylate Coated Polyster Braided White Cir Tapercut Mm Double Needle Suture Length Cm size,1's,1,79.69,True,79.69,Surgical & Medical Consumables,Jan Aushadhi (PMBJP) product and MRP list,https://janaushadhi.gov.in/product-portfolio/product-mrp-list,Exported from the site's own Download Files button. Direct API calls to port 8443 return 500 from outside the browser.,False,,2026-08-06T05:37:19+00:00
8060,"Polybutylate / Silicon Coated Polyster Braided Green / Blue (1/2 Cir Tapercut,17 Mm Double Needle, Suture Length 90 Cm)size 2/0,",Polybutylate Silicon Coated Polyster Braided Green Blue Cir Tapercut Mm Double Needle Suture Length Cm size,1's,1,79.69,True,79.69,Surgical & Medical Consumables,Jan Aushadhi (PMBJP) product and MRP list,https://janaushadhi.gov.in/product-portfolio/product-mrp-list,Exported from the site's own Download Files button. Direct API calls to port 8443 return 500 from outside the browser.,False,,2026-08-06T05:37:19+00:00
8061,"Polybutylate Coated with Polyster Braided (green/ Blue) 1/2 Circle Tapercut, 17mm Double Armed Needle, Suture Length of 90cm with Pledgets Size 6 x 3 x 1.5mm",Polybutylate Coated with Polyster Braided green Blue Circle Tapercut mm Double Armed Needle Suture Length of cm with Pledgets Size x x mm,1's,1,239.06,True,239.06,Surgical & Medical Consumables,Jan Aushadhi (PMBJP) product and MRP list,https://janaushadhi.gov.in/product-portfolio/product-mrp-list,Exported from the site's own Download Files button. Direct API calls to port 8443 return 500 from outside the browser.,False,,2026-08-06T05:37:19+00:00
8062,"Polybutylate Coated with Polyster Braided (green/ Blue) 1/2 Circle Tapercut, 25mm Double Armed Needle, Suture Length of 90cm with Pledgets Size 6 x 3 x 1.5mm",Polybutylate Coated with Polyster Braided green Blue Circle Tapercut mm Double Armed Needle Suture Length of cm with Pledgets Size x x mm,1's,1,239.06,True,239.06,Surgical & Medical Consumables,Jan Aushadhi (PMBJP) product and MRP list,https://janaushadhi.gov.in/product-portfolio/product-mrp-list,Exported from the site's own Download Files button. Direct API calls to port 8443 return 500 from outside the browser.,False,,2026-08-06T05:37:19+00:00
8066,"Polyglecaprone/Polyglyconate Suture (1/2 Circle Cutting 16mm Needle, Suture length 70cm), USP 4/0",Polyglecaprone Polyglyconate Suture Circle Cutting mm Needle Suture length cm,1's,1,131.25,True,131.25,Surgical & Medical Consumables,Jan Aushadhi (PMBJP) product and MRP list,https://janaushadhi.gov.in/product-portfolio/product-mrp-list,Exported from the site's own Download Files button. Direct API calls to port 8443 return 500 from outside the browser.,False,,2026-08-06T05:37:19+00:00
8067,"Polyglecaprone/Polyglyconate Suture (3/8 Circle Cutting 25mm Needle, Suture length 70cm), USP 3/0",Polyglecaprone Polyglyconate Suture Circle Cutting mm Needle Suture length cm,1's,1,60.94,True,60.94,Surgical & Medical Consumables,Jan Aushadhi (PMBJP) product and MRP list,https://janaushadhi.gov.in/product-portfolio/product-mrp-list,Exported from the site's own Download Files button. Direct API calls to port 8443 return 500 from outside the browser.,False,,2026-08-06T05:37:19+00:00
8078,Skin Grafting Knife Blade (Sterile),Skin Grafting Knife Blade Sterile,1's,1,84.38,True,84.38,Surgical & Medical Consumables,Jan Aushadhi (PMBJP) product and MRP list,https://janaushadhi.gov.in/product-portfolio/product-mrp-list,Exported from the site's own Download Files button. Direct API calls to port 8443 return 500 from outside the browser.,False,,2026-08-06T05:37:19+00:00
8080,"Surgical Face Mask, Disposable",Surgical Face Mask Disposable,1's,1,2.0,True,2.0,Surgical & Medical Consumables,Jan Aushadhi (PMBJP) product and MRP list,https://janaushadhi.gov.in/product-portfolio/product-mrp-list,Exported from the site's own Download Files button. Direct API calls to port 8443 return 500 from outside the browser.,False,,2026-08-06T05:37:19+00:00
8082,Umbilical Catheter (For New Born),Umbilical Catheter For New Born,1's,1,56.25,True,56.25,Surgical & Medical Consumables,Jan Aushadhi (PMBJP) product and MRP list,https://janaushadhi.gov.in/product-portfolio/product-mrp-list,Exported from the site's own Download Files button. Direct API calls to port 8443 return 500 from outside the browser.,False,,2026-08-06T05:37:19+00:00
8087,Automatic Snap-Out Folding Walking Cane Stick with Adjustable Length,Automatic Snap Out Folding Walking Cane Stick with Adjustable Length,1's,1,0.0,False,,Surgical & Medical Consumables,Jan Aushadhi (PMBJP) product and MRP list,https://janaushadhi.gov.in/product-portfolio/product-mrp-list,Exported from the site's own Download Files button. Direct API calls to port 8443 return 500 from outside the browser.,False,,2026-08-06T05:37:19+00:00
8088,Walking Stick Tripod,Walking Stick Tripod,1's,1,540.0,True,540.0,Surgical & Medical Consumables,Jan Aushadhi (PMBJP) product and MRP list,https://janaushadhi.gov.in/product-portfolio/product-mrp-list,Exported from the site's own Download Files button. Direct API calls to port 8443 return 500 from outside the browser.,False,,2026-08-06T05:37:19+00:00
8089,"Abdominal Belt Velcro, Cream color (Large)",Abdominal Belt Velcro color Large,1's,1,240.0,True,240.0,Surgical & Medical Consumables,Jan Aushadhi (PMBJP) product and MRP list,https://janaushadhi.gov.in/product-portfolio/product-mrp-list,Exported from the site's own Download Files button. Direct API calls to port 8443 return 500 from outside the browser.,False,,2026-08-06T05:37:19+00:00
8090,"Abdominal Belt Velcro, Cream color (Small)",Abdominal Belt Velcro color Small,1's,1,240.0,True,240.0,Surgical & Medical Consumables,Jan Aushadhi (PMBJP) product and MRP list,https://janaushadhi.gov.in/product-portfolio/product-mrp-list,Exported from the site's own Download Files button. Direct API calls to port 8443 return 500 from outside the browser.,False,,2026-08-06T05:37:19+00:00
8091,"Abdominal Belt Velcro, Cream color (Medium)",Abdominal Belt Velcro color Medium,1's,1,240.0,True,240.0,Surgical & Medical Consumables,Jan Aushadhi (PMBJP) product and MRP list,https://janaushadhi.gov.in/product-portfolio/product-mrp-list,Exported from the site's own Download Files button. Direct API calls to port 8443 return 500 from outside the browser.,False,,2026-08-06T05:37:19+00:00
8092,"Abdominal Belt Velcro, Cream color (XL)",Abdominal Belt Velcro color XL,1's,1,250.0,True,250.0,Surgical & Medical Consumables,Jan Aushadhi (PMBJP) product and MRP list,https://janaushadhi.gov.in/product-portfolio/product-mrp-list,Exported from the site's own Download Files button. Direct API calls to port 8443 return 500 from outside the browser.,False,,2026-08-06T05:37:19+00:00
8093,"Abdominal Belt Velcro, Cream color (XXL)",Abdominal Belt Velcro color XXL,1's,1,250.0,True,250.0,Surgical & Medical Consumables,Jan Aushadhi (PMBJP) product and MRP list,https://janaushadhi.gov.in/product-portfolio/product-mrp-list,Exported from the site's own Download Files button. Direct API calls to port 8443 return 500 from outside the browser.,False,,2026-08-06T05:37:19+00:00
8099,Cervical Collar (Small),Cervical Collar Small,1's,1,120.0,True,120.0,Surgical & Medical Consumables,Jan Aushadhi (PMBJP) product and MRP list,https://janaushadhi.gov.in/product-portfolio/product-mrp-list,Exported from the site's own Download Files button. Direct API calls to port 8443 return 500 from outside the browser.,False,,2026-08-06T05:37:19+00:00
8100,Cervical Collar (Medium),Cervical Collar Medium,1's,1,120.0,True,120.0,Surgical & Medical Consumables,Jan Aushadhi (PMBJP) product and MRP list,https://janaushadhi.gov.in/product-portfolio/product-mrp-list,Exported from the site's own Download Files button. Direct API calls to port 8443 return 500 from outside the browser.,False,,2026-08-06T05:37:19+00:00
8101,Cervical Collar (Large),Cervical Collar Large,1's,1,120.0,True,120.0,Surgical & Medical Consumables,Jan Aushadhi (PMBJP) product and MRP list,https://janaushadhi.gov.in/product-portfolio/product-mrp-list,Exported from the site's own Download Files button. Direct API calls to port 8443 return 500 from outside the browser.,False,,2026-08-06T05:37:19+00:00
8102,Cervical Collar (Extra Large),Cervical Collar Extra Large,1's,1,120.0,True,120.0,Surgical & Medical Consumables,Jan Aushadhi (PMBJP) product and MRP list,https://janaushadhi.gov.in/product-portfolio/product-mrp-list,Exported from the site's own Download Files button. Direct API calls to port 8443 return 500 from outside the browser.,False,,2026-08-06T05:37:19+00:00
8103,Thumb and Wrist brace (Small),Thumb and Wrist brace Small,1's,1,90.0,True,90.0,Surgical & Medical Consumables,Jan Aushadhi (PMBJP) product and MRP list,https://janaushadhi.gov.in/product-portfolio/product-mrp-list,Exported from the site's own Download Files button. Direct API calls to port 8443 return 500 from outside the browser.,False,,2026-08-06T05:37:19+00:00
8104,Thumb and Wrist brace (Medium),Thumb and Wrist brace Medium,1's,1,90.0,True,90.0,Surgical & Medical Consumables,Jan Aushadhi (PMBJP) product and MRP list,https://janaushadhi.gov.in/product-portfolio/product-mrp-list,Exported from the site's own Download Files button. Direct API calls to port 8443 return 500 from outside the browser.,False,,2026-08-06T05:37:19+00:00
8105,Thumb and Wrist brace (Large),Thumb and Wrist brace Large,1's,1,90.0,True,90.0,Surgical & Medical Consumables,Jan Aushadhi (PMBJP) product and MRP list,https://janaushadhi.gov.in/product-portfolio/product-mrp-list,Exported from the site's own Download Files button. Direct API calls to port 8443 return 500 from outside the browser.,False,,2026-08-06T05:37:19+00:00
8106,Thumb and Wrist brace (Extra Large),Thumb and Wrist brace Extra Large,1's,1,90.0,True,90.0,Surgical & Medical Consumables,Jan Aushadhi (PMBJP) product and MRP list,https://janaushadhi.gov.in/product-portfolio/product-mrp-list,Exported from the site's own Download Files button. Direct API calls to port 8443 return 500 from outside the browser.,False,,2026-08-06T05:37:19+00:00
8107,Janaushadhi Swabhiman (Adult Diaper (Medium)),Janaushadhi Swabhiman Adult Diaper Medium,5's,5,121.88,True,24.376,Surgical & Medical Consumables,Jan Aushadhi (PMBJP) product and MRP list,https://janaushadhi.gov.in/product-portfolio/product-mrp-list,Exported from the site's own Download Files button. Direct API calls to port 8443 return 500 from outside the browser.,False,,2026-08-06T05:37:19+00:00
8108,Janaushadhi Swabhiman (Adult Diaper (Large)),Janaushadhi Swabhiman Adult Diaper Large,5's,5,131.25,True,26.25,Surgical & Medical Consumables,Jan Aushadhi (PMBJP) product and MRP list,https://janaushadhi.gov.in/product-portfolio/product-mrp-list,Exported from the site's own Download Files button. Direct API calls to port 8443 return 500 from outside the browser.,False,,2026-08-06T05:37:19+00:00
8109,Janaushadhi Swabhiman (Adult Diaper (XL)),Janaushadhi Swabhiman Adult Diaper XL,5's,5,150.0,True,30.0,Surgical & Medical Consumables,Jan Aushadhi (PMBJP) product and MRP list,https://janaushadhi.gov.in/product-portfolio/product-mrp-list,Exported from the site's own Download Files button. Direct API calls to port 8443 return 500 from outside the browser.,False,,2026-08-06T05:37:19+00:00
8110,Janaushadhi Bachpan (Baby Diaper (Small)),Janaushadhi Bachpan Baby Diaper Small,5's,5,30.94,True,6.188,Surgical & Medical Consumables,Jan Aushadhi (PMBJP) product and MRP list,https://janaushadhi.gov.in/product-portfolio/product-mrp-list,Exported from the site's own Download Files button. Direct API calls to port 8443 return 500 from outside the browser.,False,,2026-08-06T05:37:19+00:00
8111,Janaushadhi Bachpan (Baby Diaper (New Born)),Janaushadhi Bachpan Baby Diaper New Born,5's,5,30.94,True,6.188,Surgical & Medical Consumables,Jan Aushadhi (PMBJP) product and MRP list,https://janaushadhi.gov.in/product-portfolio/product-mrp-list,Exported from the site's own Download Files button. Direct API calls to port 8443 return 500 from outside the browser.,False,,2026-08-06T05:37:19+00:00
8113,Hernia Belt (Small),Hernia Belt Small,1's mono-carton,1,180.0,True,180.0,Surgical & Medical Consumables,Jan Aushadhi (PMBJP) product and MRP list,https://janaushadhi.gov.in/product-portfolio/product-mrp-list,Exported from the site's own Download Files button. Direct API calls to port 8443 return 500 from outside the browser.,False,,2026-08-06T05:37:19+00:00
8114,Knee Brace Belt (Medium),Knee Brace Belt Medium,1's mono-carton,1,525.0,True,525.0,Surgical & Medical Consumables,Jan Aushadhi (PMBJP) product and MRP list,https://janaushadhi.gov.in/product-portfolio/product-mrp-list,Exported from the site's own Download Files button. Direct API calls to port 8443 return 500 from outside the browser.,False,,2026-08-06T05:37:19+00:00
8115,Knee Brace Belt (Large),Knee Brace Belt Large,1's mono-carton,1,525.0,True,525.0,Surgical & Medical Consumables,Jan Aushadhi (PMBJP) product and MRP list,https://janaushadhi.gov.in/product-portfolio/product-mrp-list,Exported from the site's own Download Files button. Direct API calls to port 8443 return 500 from outside the browser.,False,,2026-08-06T05:37:19+00:00
8116,IV Cannula Fixator (Medium 6cm x 5cm),IV Cannula Fixator Medium cm x cm,1's pack,1,9.38,True,9.38,Surgical & Medical Consumables,Jan Aushadhi (PMBJP) product and MRP list,https://janaushadhi.gov.in/product-portfolio/product-mrp-list,Exported from the site's own Download Files button. Direct API calls to port 8443 return 500 from outside the browser.,False,,2026-08-06T05:37:19+00:00
8117,"Cervical Pillow (polyester, PU foam)",Cervical Pillow polyester PU foam,1's mono-carton,1,500.0,True,500.0,Surgical & Medical Consumables,Jan Aushadhi (PMBJP) product and MRP list,https://janaushadhi.gov.in/product-portfolio/product-mrp-list,Exported from the site's own Download Files button. Direct API calls to port 8443 return 500 from outside the browser.,False,,2026-08-06T05:37:19+00:00
8120,"Lancets, Round Sterile, 28G",Lancets Round Sterile,50 pcs/Box,50,37.5,True,0.75,Surgical & Medical Consumables,Jan Aushadhi (PMBJP) product and MRP list,https://janaushadhi.gov.in/product-portfolio/product-mrp-list,Exported from the site's own Download Files button. Direct API calls to port 8443 return 500 from outside the browser.,False,,2026-08-06T05:37:19+00:00
8121,Glucometer Test Strip,Glucometer Test Strip,25 Strips,25,210.94,True,8.4376,Surgical & Medical Consumables,Jan Aushadhi (PMBJP) product and MRP list,https://janaushadhi.gov.in/product-portfolio/product-mrp-list,Exported from the site's own Download Files button. Direct API calls to port 8443 return 500 from outside the browser.,False,,2026-08-06T05:37:19+00:00
8122,"GLUCOMETER DIGITAL (1 glucometer, 25 strips, 25 lancets,1 lancing device,1 battery 3V, Warranty card)",GLUCOMETER DIGITAL glucometer strips lancets lancing device battery V Warranty card,1 Kit,1,492.19,True,492.19,Surgical & Medical Consumables,Jan Aushadhi (PMBJP) product and MRP list,https://janaushadhi.gov.in/product-portfolio/product-mrp-list,Exported from the site's own Download Files button. Direct API calls to port 8443 return 500 from outside the browser.,False,,2026-08-06T05:37:19+00:00
8123,Adhesive Surgical Paper Tape  Size 5cmx5m,Adhesive Surgical Paper Tape Size cmx m,1's,1,24.38,True,24.38,Surgical & Medical Consumables,Jan Aushadhi (PMBJP) product and MRP list,https://janaushadhi.gov.in/product-portfolio/product-mrp-list,Exported from the site's own Download Files button. Direct API calls to port 8443 return 500 from outside the browser.,False,,2026-08-06T05:37:19+00:00
8124,Adhesive Surgical Paper Tape Size 2.5cmx5m,Adhesive Surgical Paper Tape Size cmx m,1's,1,12.19,True,12.19,Surgical & Medical Consumables,Jan Aushadhi (PMBJP) product and MRP list,https://janaushadhi.gov.in/product-portfolio/product-mrp-list,Exported from the site's own Download Files button. Direct API calls to port 8443 return 500 from outside the browser.,False,,2026-08-06T05:37:19+00:00
8125,Adhesive Surgical Paper Tape  Size 1.25cmx5m,Adhesive Surgical Paper Tape Size cmx m,1's,1,6.56,True,6.56,Surgical & Medical Consumables,Jan Aushadhi (PMBJP) product and MRP list,https://janaushadhi.gov.in/product-portfolio/product-mrp-list,Exported from the site's own Download Files button. Direct API calls to port 8443 return 500 from outside the browser.,False,,2026-08-06T05:37:19+00:00
8126,Pollution Control Mask/Nanofiber Mask:  made up of high efficiency nanofiber material with non ret,Pollution Control Mask Nanofiber Mask made up of high efficiency nanofiber material with non ret,1's Monopack,1,56.25,True,56.25,Surgical & Medical Consumables,Jan Aushadhi (PMBJP) product and MRP list,https://janaushadhi.gov.in/product-portfolio/product-mrp-list,Exported from the site's own Download Files button. Direct API calls to port 8443 return 500 from outside the browser.,False,,2026-08-06T05:37:19+00:00
8127,Nebulizer Mask with Tubing,Nebulizer Mask with Tubing,1's pack,1,56.25,True,56.25,Surgical & Medical Consumables,Jan Aushadhi (PMBJP) product and MRP list,https://janaushadhi.gov.in/product-portfolio/product-mrp-list,Exported from the site's own Download Files button. Direct API calls to port 8443 return 500 from outside the browser.,False,,2026-08-06T05:37:19+00:00
8128,Medical Digital Thermometer,Medical Digital Thermometer,1's mono-carton,1,88.98,True,88.98,Surgical & Medical Consumables,Jan Aushadhi (PMBJP) product and MRP list,https://janaushadhi.gov.in/product-portfolio/product-mrp-list,Exported from the site's own Download Files button. Direct API calls to port 8443 return 500 from outside the browser.,False,,2026-08-06T05:37:19+00:00
8130,Manual breast pump,Manual breast pump,1's Monopack,1,600.0,True,600.0,Surgical & Medical Consumables,Jan Aushadhi (PMBJP) product and MRP list,https://janaushadhi.gov.in/product-portfolio/product-mrp-list,Exported from the site's own Download Files button. Direct API calls to port 8443 return 500 from outside the browser.,False,,2026-08-06T05:37:19+00:00
8131,Plastic Urine Pot collector (For both Male & Female),Plastic Urine Pot collector For both Male Female,1's,1,46.88,True,46.88,Surgical & Medical Consumables,Jan Aushadhi (PMBJP) product and MRP list,https://janaushadhi.gov.in/product-portfolio/product-mrp-list,Exported from the site's own Download Files button. Direct API calls to port 8443 return 500 from outside the browser.,False,,2026-08-06T05:37:19+00:00
8132,Plastic Bedpan,Plastic Bedpan,1's,1,65.63,True,65.63,Surgical & Medical Consumables,Jan Aushadhi (PMBJP) product and MRP list,https://janaushadhi.gov.in/product-portfolio/product-mrp-list,Exported from the site's own Download Files button. Direct API calls to port 8443 return 500 from outside the browser.,False,,2026-08-06T05:37:19+00:00
8133,Digital Blood Pressure Instrument ( 100% mercury free),Digital Blood Pressure Instrument mercury free,1's Monopack,1,937.5,True,937.5,Surgical & Medical Consumables,Jan Aushadhi (PMBJP) product and MRP list,https://janaushadhi.gov.in/product-portfolio/product-mrp-list,Exported from the site's own Download Files button. Direct API calls to port 8443 return 500 from outside the browser.,False,,2026-08-06T05:37:19+00:00
8134,Ice bag,Ice bag,1's,1,20.0,True,20.0,Surgical & Medical Consumables,Jan Aushadhi (PMBJP) product and MRP list,https://janaushadhi.gov.in/product-portfolio/product-mrp-list,Exported from the site's own Download Files button. Direct API calls to port 8443 return 500 from outside the browser.,False,,2026-08-06T05:37:19+00:00
8135,Breathing Exerciser (3 Chambers),Breathing Exerciser Chambers,1's Monopack,1,150.0,True,150.0,Surgical & Medical Consumables,Jan Aushadhi (PMBJP) product and MRP list,https://janaushadhi.gov.in/product-portfolio/product-mrp-list,Exported from the site's own Download Files button. Direct API calls to port 8443 return 500 from outside the browser.,False,,2026-08-06T05:37:19+00:00
8136,Elecrical Nebulizer Machine,Elecrical Nebulizer Machine,1's Monopack,1,750.0,True,750.0,Surgical & Medical Consumables,Jan Aushadhi (PMBJP) product and MRP list,https://janaushadhi.gov.in/product-portfolio/product-mrp-list,Exported from the site's own Download Files button. Direct API calls to port 8443 return 500 from outside the browser.,False,,2026-08-06T05:37:19+00:00
8140,Janaushadhi Suvidha (Oxo- Biodegradable Sanitary Napkins Regular Size with wings),Janaushadhi Suvidha Oxo Biodegradable Sanitary Napkins Regular Size with wings,Pack of 4 Sanitary Napkins,,4.0,True,,Surgical & Medical Consumables,Jan Aushadhi (PMBJP) product and MRP list,https://janaushadhi.gov.in/product-portfolio/product-mrp-list,Exported from the site's own Download Files button. Direct API calls to port 8443 return 500 from outside the browser.,False,,2026-08-06T05:37:19+00:00
8141,Janaushadhi Suvidha (Oxo-Biodegradable Sanitary Napkins Large Size with wings),Janaushadhi Suvidha Oxo Biodegradable Sanitary Napkins Large Size with wings,Pack of 4 Sanitary Napkins,,12.0,True,,Surgical & Medical Consumables,Jan Aushadhi (PMBJP) product and MRP list,https://janaushadhi.gov.in/product-portfolio/product-mrp-list,Exported from the site's own Download Files button. Direct API calls to port 8443 return 500 from outside the browser.,False,,2026-08-06T05:37:19+00:00
8142,Janaushadhi Suvidha (Oxo-Biodegradable Sanitary Napkins Extra Large (XL) Size with wings),Janaushadhi Suvidha Oxo Biodegradable Sanitary Napkins Extra Large XL Size with wings,Pack of 4 Sanitary Napkins,,15.0,True,,Surgical & Medical Consumables,Jan Aushadhi (PMBJP) product and MRP list,https://janaushadhi.gov.in/product-portfolio/product-mrp-list,Exported from the site's own Download Files button. Direct API calls to port 8443 return 500 from outside the browser.,False,,2026-08-06T05:37:19+00:00
8145,Janaushadhi Suvidha (Oxo-Biodegradable Sanitary Napkin regular size with wings),Janaushadhi Suvidha Oxo Biodegradable Sanitary Napkin regular size with wings,Pack of 10 Sanitary Napkins,,10.0,True,,Surgical & Medical Consumables,Jan Aushadhi (PMBJP) product and MRP list,https://janaushadhi.gov.in/product-portfolio/product-mrp-list,Exported from the site's own Download Files button. Direct API calls to port 8443 return 500 from outside the browser.,False,,2026-08-06T05:37:19+00:00
8146,Baby Feeding Bottle 250 ml,Baby Feeding Bottle,1's mono-carton,1,42.19,True,42.19,Surgical & Medical Consumables,Jan Aushadhi (PMBJP) product and MRP list,https://janaushadhi.gov.in/product-portfolio/product-mrp-list,Exported from the site's own Download Files button. Direct API calls to port 8443 return 500 from outside the browser.,False,,2026-08-06T05:37:19+00:00
8147,N-95 Mask with Expiratory Valve,N Mask with Expiratory Valve,1's Mono-pack,1,30.0,True,30.0,Surgical & Medical Consumables,Jan Aushadhi (PMBJP) product and MRP list,https://janaushadhi.gov.in/product-portfolio/product-mrp-list,Exported from the site's own Download Files button. Direct API calls to port 8443 return 500 from outside the browser.,False,,2026-08-06T05:37:19+00:00
8148,N-95 Mask without Expiratory Valve,N Mask without Expiratory Valve,1's Mono-pack,1,25.0,True,25.0,Surgical & Medical Consumables,Jan Aushadhi (PMBJP) product and MRP list,https://janaushadhi.gov.in/product-portfolio/product-mrp-list,Exported from the site's own Download Files button. Direct API calls to port 8443 return 500 from outside the browser.,False,,2026-08-06T05:37:19+00:00
8150,3-way stopcock with 10 cm extension line,way stopcock with cm extension line,1's,1,28.13,True,28.13,Surgical & Medical Consumables,Jan Aushadhi (PMBJP) product and MRP list,https://janaushadhi.gov.in/product-portfolio/product-mrp-list,Exported from the site's own Download Files button. Direct API calls to port 8443 return 500 from outside the browser.,False,,2026-08-06T05:37:19+00:00
8151,"Adhesive wound dressings, 25cm x 10cm",Adhesive wound dressings cm x cm,1's,1,18.75,True,18.75,Surgical & Medical Consumables,Jan Aushadhi (PMBJP) product and MRP list,https://janaushadhi.gov.in/product-portfolio/product-mrp-list,Exported from the site's own Download Files button. Direct API calls to port 8443 return 500 from outside the browser.,False,,2026-08-06T05:37:19+00:00
8153,"Arm Sling Pouch (Large), Grey",Arm Sling Pouch Large Grey,1's,1,130.0,True,130.0,Surgical & Medical Consumables,Jan Aushadhi (PMBJP) product and MRP list,https://janaushadhi.gov.in/product-portfolio/product-mrp-list,Exported from the site's own Download Files button. Direct API calls to port 8443 return 500 from outside the browser.,False,,2026-08-06T05:37:19+00:00
8154,"Arm Sling Pouch (Medium), Grey",Arm Sling Pouch Medium Grey,1's,1,130.0,True,130.0,Surgical & Medical Consumables,Jan Aushadhi (PMBJP) product and MRP list,https://janaushadhi.gov.in/product-portfolio/product-mrp-list,Exported from the site's own Download Files button. Direct API calls to port 8443 return 500 from outside the browser.,False,,2026-08-06T05:37:19+00:00
8155,Baby Wipes (Pack of 20 wipes),Baby Wipes Pack of wipes,Pack of 20 wipes,,45.0,True,,Surgical & Medical Consumables,Jan Aushadhi (PMBJP) product and MRP list,https://janaushadhi.gov.in/product-portfolio/product-mrp-list,Exported from the site's own Download Files button. Direct API calls to port 8443 return 500 from outside the browser.,False,,2026-08-06T05:37:19+00:00
8156,Bed Bath Towel,Bed Bath Towel,1's,1,55.0,True,55.0,Surgical & Medical Consumables,Jan Aushadhi (PMBJP) product and MRP list,https://janaushadhi.gov.in/product-portfolio/product-mrp-list,Exported from the site's own Download Files button. Direct API calls to port 8443 return 500 from outside the browser.,False,,2026-08-06T05:37:19+00:00
8158,Chlorhexidine Gauze Dressing B.P 10cmx10cm (Sterile),Chlorhexidine Gauze Dressing B P cmx cm Sterile,1 pc in a pack,1,11.25,True,11.25,Surgical & Medical Consumables,Jan Aushadhi (PMBJP) product and MRP list,https://janaushadhi.gov.in/product-portfolio/product-mrp-list,Exported from the site's own Download Files button. Direct API calls to port 8443 return 500 from outside the browser.,False,,2026-08-06T05:37:19+00:00
8160,Disposable Plastic Hand Gloves (Free size),Disposable Plastic Hand Gloves Free size,Pair,,3.0,True,,Surgical & Medical Consumables,Jan Aushadhi (PMBJP) product and MRP list,https://janaushadhi.gov.in/product-portfolio/product-mrp-list,Exported from the site's own Download Files button. Direct API calls to port 8443 return 500 from outside the browser.,False,,2026-08-06T05:37:19+00:00
8161,Elastic gauze bandages 10cm,Elastic gauze bandages cm,1's,1,178.13,True,178.13,Surgical & Medical Consumables,Jan Aushadhi (PMBJP) product and MRP list,https://janaushadhi.gov.in/product-portfolio/product-mrp-list,Exported from the site's own Download Files button. Direct API calls to port 8443 return 500 from outside the browser.,False,,2026-08-06T05:37:19+00:00
8162,Elastic gauze bandages 7.5cm,Elastic gauze bandages cm,1's,1,140.63,True,140.63,Surgical & Medical Consumables,Jan Aushadhi (PMBJP) product and MRP list,https://janaushadhi.gov.in/product-portfolio/product-mrp-list,Exported from the site's own Download Files button. Direct API calls to port 8443 return 500 from outside the browser.,False,,2026-08-06T05:37:19+00:00
8167,Karman cannula 4 mm,Karman cannula mm,1's,1,37.5,True,37.5,Surgical & Medical Consumables,Jan Aushadhi (PMBJP) product and MRP list,https://janaushadhi.gov.in/product-portfolio/product-mrp-list,Exported from the site's own Download Files button. Direct API calls to port 8443 return 500 from outside the browser.,False,,2026-08-06T05:37:19+00:00
8168,Lumbar Spinal Brace (Grey),Lumbar Spinal Brace Grey,1's,1,770.0,True,770.0,Surgical & Medical Consumables,Jan Aushadhi (PMBJP) product and MRP list,https://janaushadhi.gov.in/product-portfolio/product-mrp-list,Exported from the site's own Download Files button. Direct API calls to port 8443 return 500 from outside the browser.,False,,2026-08-06T05:37:19+00:00
8169,Magnetic Posture Corrector Back Support Belt - Posture Fit,Magnetic Posture Corrector Back Support Belt Posture Fit,1's,1,580.0,True,580.0,Surgical & Medical Consumables,Jan Aushadhi (PMBJP) product and MRP list,https://janaushadhi.gov.in/product-portfolio/product-mrp-list,Exported from the site's own Download Files button. Direct API calls to port 8443 return 500 from outside the browser.,False,,2026-08-06T05:37:19+00:00
8172,Pulse Oximeter,Pulse Oximeter,1's,1,464.06,True,464.06,Surgical & Medical Consumables,Jan Aushadhi (PMBJP) product and MRP list,https://janaushadhi.gov.in/product-portfolio/product-mrp-list,Exported from the site's own Download Files button. Direct API calls to port 8443 return 500 from outside the browser.,False,,2026-08-06T05:37:19+00:00
8177,Specican 30 ml,Specican,1's,1,8.0,True,8.0,Surgical & Medical Consumables,Jan Aushadhi (PMBJP) product and MRP list,https://janaushadhi.gov.in/product-portfolio/product-mrp-list,Exported from the site's own Download Files button. Direct API calls to port 8443 return 500 from outside the browser.,False,,2026-08-06T05:37:19+00:00
8178,Surgical Cap,Surgical Cap,1's,1,3.0,True,3.0,Surgical & Medical Consumables,Jan Aushadhi (PMBJP) product and MRP list,https://janaushadhi.gov.in/product-portfolio/product-mrp-list,Exported from the site's own Download Files button. Direct API calls to port 8443 return 500 from outside the browser.,False,,2026-08-06T05:37:19+00:00
8179,Surgical shoe cap,Surgical shoe cap,1's,1,4.0,True,4.0,Surgical & Medical Consumables,Jan Aushadhi (PMBJP) product and MRP list,https://janaushadhi.gov.in/product-portfolio/product-mrp-list,Exported from the site's own Download Files button. Direct API calls to port 8443 return 500 from outside the browser.,False,,2026-08-06T05:37:19+00:00
8181,Transparent film dressings (Sterile) 10cm X 12cm,Transparent film dressings Sterile cm X cm,1's,1,60.94,True,60.94,Surgical & Medical Consumables,Jan Aushadhi (PMBJP) product and MRP list,https://janaushadhi.gov.in/product-portfolio/product-mrp-list,Exported from the site's own Download Files button. Direct API calls to port 8443 return 500 from outside the browser.,False,,2026-08-06T05:37:19+00:00
8182,Vein Compression Stocking Knee length (Extra Large),Vein Compression Stocking Knee length Extra Large,1's,1,130.0,True,130.0,Surgical & Medical Consumables,Jan Aushadhi (PMBJP) product and MRP list,https://janaushadhi.gov.in/product-portfolio/product-mrp-list,Exported from the site's own Download Files button. Direct API calls to port 8443 return 500 from outside the browser.,False,,2026-08-06T05:37:19+00:00
8183,Vein Compression Stocking Knee length (Large),Vein Compression Stocking Knee length Large,1's,1,140.0,True,140.0,Surgical & Medical Consumables,Jan Aushadhi (PMBJP) product and MRP list,https://janaushadhi.gov.in/product-portfolio/product-mrp-list,Exported from the site's own Download Files button. Direct API calls to port 8443 return 500 from outside the browser.,False,,2026-08-06T05:37:19+00:00
8184,Vein Compression Stocking Knee length (Medium),Vein Compression Stocking Knee length Medium,1's,1,140.0,True,140.0,Surgical & Medical Consumables,Jan Aushadhi (PMBJP) product and MRP list,https://janaushadhi.gov.in/product-portfolio/product-mrp-list,Exported from the site's own Download Files button. Direct API calls to port 8443 return 500 from outside the browser.,False,,2026-08-06T05:37:19+00:00
8185,Vein Compression Stocking Knee length (Small),Vein Compression Stocking Knee length Small,1's,1,140.0,True,140.0,Surgical & Medical Consumables,Jan Aushadhi (PMBJP) product and MRP list,https://janaushadhi.gov.in/product-portfolio/product-mrp-list,Exported from the site's own Download Files button. Direct API calls to port 8443 return 500 from outside the browser.,False,,2026-08-06T05:37:19+00:00
8186,Vein Compression Stocking Knee length (XXL),Vein Compression Stocking Knee length XXL,1's,1,140.0,True,140.0,Surgical & Medical Consumables,Jan Aushadhi (PMBJP) product and MRP list,https://janaushadhi.gov.in/product-portfolio/product-mrp-list,Exported from the site's own Download Files button. Direct API calls to port 8443 return 500 from outside the browser.,False,,2026-08-06T05:37:19+00:00
8187,Vein Compression Stocking Thigh length (Extra Large),Vein Compression Stocking Thigh length Extra Large,1's,1,170.0,True,170.0,Surgical & Medical Consumables,Jan Aushadhi (PMBJP) product and MRP list,https://janaushadhi.gov.in/product-portfolio/product-mrp-list,Exported from the site's own Download Files button. Direct API calls to port 8443 return 500 from outside the browser.,False,,2026-08-06T05:37:19+00:00
8188,Vein Compression Stocking Thigh length (Large),Vein Compression Stocking Thigh length Large,1's,1,170.0,True,170.0,Surgical & Medical Consumables,Jan Aushadhi (PMBJP) product and MRP list,https://janaushadhi.gov.in/product-portfolio/product-mrp-list,Exported from the site's own Download Files button. Direct API calls to port 8443 return 500 from outside the browser.,False,,2026-08-06T05:37:19+00:00
8189,Vein Compression Stocking Thigh length (Medium),Vein Compression Stocking Thigh length Medium,1's,1,170.0,True,170.0,Surgical & Medical Consumables,Jan Aushadhi (PMBJP) product and MRP list,https://janaushadhi.gov.in/product-portfolio/product-mrp-list,Exported from the site's own Download Files button. Direct API calls to port 8443 return 500 from outside the browser.,False,,2026-08-06T05:37:19+00:00
8190,Vein Compression Stocking Thigh length (Small),Vein Compression Stocking Thigh length Small,1's,1,170.0,True,170.0,Surgical & Medical Consumables,Jan Aushadhi (PMBJP) product and MRP list,https://janaushadhi.gov.in/product-portfolio/product-mrp-list,Exported from the site's own Download Files button. Direct API calls to port 8443 return 500 from outside the browser.,False,,2026-08-06T05:37:19+00:00
8191,Vein Compression Stocking Thigh length (XXL),Vein Compression Stocking Thigh length XXL,1's,1,180.0,True,180.0,Surgical & Medical Consumables,Jan Aushadhi (PMBJP) product and MRP list,https://janaushadhi.gov.in/product-portfolio/product-mrp-list,Exported from the site's own Download Files button. Direct API calls to port 8443 return 500 from outside the browser.,False,,2026-08-06T05:37:19+00:00
8192,Zig zag cotton,Zig zag cotton,100 gm,100,47.44,True,0.4744,Surgical & Medical Consumables,Jan Aushadhi (PMBJP) product and MRP list,https://janaushadhi.gov.in/product-portfolio/product-mrp-list,Exported from the site's own Download Files button. Direct API calls to port 8443 return 500 from outside the browser.,False,,2026-08-06T05:37:19+00:00
8193,Covid 19 Self-Testing Kit (ICMR Approved),Covid Self Testing Kit ICMR Approved,One in Monopack,,196.88,True,,Surgical & Medical Consumables,Jan Aushadhi (PMBJP) product and MRP list,https://janaushadhi.gov.in/product-portfolio/product-mrp-list,Exported from the site's own Download Files button. Direct API calls to port 8443 return 500 from outside the browser.,False,,2026-08-06T05:37:19+00:00
8194,Cotton Balls,Cotton Balls,Pack of 100 in a Zip Lock Bag,,90.0,True,,Surgical & Medical Consumables,Jan Aushadhi (PMBJP) product and MRP list,https://janaushadhi.gov.in/product-portfolio/product-mrp-list,Exported from the site's own Download Files button. Direct API calls to port 8443 return 500 from outside the browser.,False,,2026-08-06T05:37:19+00:00
8195,Cotton Pads (Round),Cotton Pads Round,Pack of 50 in a Zip Lock Bag,,46.88,True,,Surgical & Medical Consumables,Jan Aushadhi (PMBJP) product and MRP list,https://janaushadhi.gov.in/product-portfolio/product-mrp-list,Exported from the site's own Download Files button. Direct API calls to port 8443 return 500 from outside the browser.,False,,2026-08-06T05:37:19+00:00
8196,Heating Pad (Electrical),Heating Pad Electrical,1âs in Mono Carton,,0.0,False,,Surgical & Medical Consumables,Jan Aushadhi (PMBJP) product and MRP list,https://janaushadhi.gov.in/product-portfolio/product-mrp-list,Exported from the site's own Download Files button. Direct API calls to port 8443 return 500 from outside the browser.,False,,2026-08-06T05:37:19+00:00
8197,Exercise Ball (Universal Size),Exercise Ball Universal Size,1âs in Mono Carton,,0.0,False,,Surgical & Medical Consumables,Jan Aushadhi (PMBJP) product and MRP list,https://janaushadhi.gov.in/product-portfolio/product-mrp-list,Exported from the site's own Download Files button. Direct API calls to port 8443 return 500 from outside the browser.,False,,2026-08-06T05:37:19+00:00
8198,Maternity Sanitary Pads,Maternity Sanitary Pads,Pack of 5 Napkins,,68.25,True,,Surgical & Medical Consumables,Jan Aushadhi (PMBJP) product and MRP list,https://janaushadhi.gov.in/product-portfolio/product-mrp-list,Exported from the site's own Download Files button. Direct API calls to port 8443 return 500 from outside the browser.,False,,2026-08-06T05:37:19+00:00
8199,Janaushadhi Suvidha (Oxo-Biodegradable Sanitary Napkins Regular Size With Wings),Janaushadhi Suvidha Oxo Biodegradable Sanitary Napkins Regular Size With Wings,Pack of 5 Sanitary Napkins,,5.0,True,,Surgical & Medical Consumables,Jan Aushadhi (PMBJP) product and MRP list,https://janaushadhi.gov.in/product-portfolio/product-mrp-list,Exported from the site's own Download Files button. Direct API calls to port 8443 return 500 from outside the browser.,False,,2026-08-06T05:37:19+00:00
9000,Reusable Menstrual Cup (Small),Reusable Menstrual Cup Small,One in Mono-Pack,,175.0,True,,Surgical & Medical Consumables,Jan Aushadhi (PMBJP) product and MRP list,https://janaushadhi.gov.in/product-portfolio/product-mrp-list,Exported from the site's own Download Files button. Direct API calls to port 8443 return 500 from outside the browser.,False,,2026-08-06T05:37:19+00:00
9001,Reusable Menstrual Cup (Medium),Reusable Menstrual Cup Medium,One in Mono-Pack,,180.0,True,,Surgical & Medical Consumables,Jan Aushadhi (PMBJP) product and MRP list,https://janaushadhi.gov.in/product-portfolio/product-mrp-list,Exported from the site's own Download Files button. Direct API calls to port 8443 return 500 from outside the browser.,False,,2026-08-06T05:37:19+00:00
9002,Reusable Menstrual Cup (Large),Reusable Menstrual Cup Large,One in Mono-Pack,,185.0,True,,Surgical & Medical Consumables,Jan Aushadhi (PMBJP) product and MRP list,https://janaushadhi.gov.in/product-portfolio/product-mrp-list,Exported from the site's own Download Files button. Direct API calls to port 8443 return 500 from outside the browser.,False,,2026-08-06T05:37:19+00:00
9003,Female Natural Latex Condom,Female Natural Latex Condom,Three in Mono-Pack,,115.0,True,,Surgical & Medical Consumables,Jan Aushadhi (PMBJP) product and MRP list,https://janaushadhi.gov.in/product-portfolio/product-mrp-list,Exported from the site's own Download Files button. Direct API calls to port 8443 return 500 from outside the browser.,False,,2026-08-06T05:37:19+00:00
9004,Janaushadhi Kavach (Male Latex Condom (Plain)),Janaushadhi Kavach Male Latex Condom Plain,Three in Mono-Pack,,12.0,True,,Surgical & Medical Consumables,Jan Aushadhi (PMBJP) product and MRP list,https://janaushadhi.gov.in/product-portfolio/product-mrp-list,Exported from the site's own Download Files button. Direct API calls to port 8443 return 500 from outside the browser.,False,,2026-08-06T05:37:19+00:00
9005,Janaushadhi Kavach (Male Latex Condom (Extra Thin)),Janaushadhi Kavach Male Latex Condom Extra Thin,Three in Mono-Pack,,12.0,True,,Surgical & Medical Consumables,Jan Aushadhi (PMBJP) product and MRP list,https://janaushadhi.gov.in/product-portfolio/product-mrp-list,Exported from the site's own Download Files button. Direct API calls to port 8443 return 500 from outside the browser.,False,,2026-08-06T05:37:19+00:00
9006,Janaushadhi Kavach (Male Latex Condom (Normal Dot)),Janaushadhi Kavach Male Latex Condom Normal Dot,Three in Mono-Pack,,12.0,True,,Surgical & Medical Consumables,Jan Aushadhi (PMBJP) product and MRP list,https://janaushadhi.gov.in/product-portfolio/product-mrp-list,Exported from the site's own Download Files button. Direct API calls to port 8443 return 500 from outside the browser.,False,,2026-08-06T05:37:19+00:00
9007,Janaushadhi Kavach (Male Latex Condom (1740 Dot)),Janaushadhi Kavach Male Latex Condom Dot,Three in Mono-Pack,,15.0,True,,Surgical & Medical Consumables,Jan Aushadhi (PMBJP) product and MRP list,https://janaushadhi.gov.in/product-portfolio/product-mrp-list,Exported from the site's own Download Files button. Direct API calls to port 8443 return 500 from outside the browser.,False,,2026-08-06T05:37:19+00:00
9008,Janaushadhi Kavach (Male Latex Condom (Ribbed)),Janaushadhi Kavach Male Latex Condom Ribbed,Three in Mono-Pack,,15.0,True,,Surgical & Medical Consumables,Jan Aushadhi (PMBJP) product and MRP list,https://janaushadhi.gov.in/product-portfolio/product-mrp-list,Exported from the site's own Download Files button. Direct API calls to port 8443 return 500 from outside the browser.,False,,2026-08-06T05:37:19+00:00
9009,Janaushadhi Kavach (Male Latex Condom (Three In One)),Janaushadhi Kavach Male Latex Condom Three In One,Three in Mono-Pack,,12.0,True,,Surgical & Medical Consumables,Jan Aushadhi (PMBJP) product and MRP list,https://janaushadhi.gov.in/product-portfolio/product-mrp-list,Exported from the site's own Download Files button. Direct API calls to port 8443 return 500 from outside the browser.,False,,2026-08-06T05:37:19+00:00
9010,Medicated Corn Remover,Medicated Corn Remover,Four Strips in Mono-Pack,,0.0,False,,Surgical & Medical Consumables,Jan Aushadhi (PMBJP) product and MRP list,https://janaushadhi.gov.in/product-portfolio/product-mrp-list,Exported from the site's own Download Files button. Direct API calls to port 8443 return 500 from outside the browser.,False,,2026-08-06T05:37:19+00:00
9011,Perforated Plaster,Perforated Plaster,Five in Mono-Pack,,0.0,False,,Surgical & Medical Consumables,Jan Aushadhi (PMBJP) product and MRP list,https://janaushadhi.gov.in/product-portfolio/product-mrp-list,Exported from the site's own Download Files button. Direct API calls to port 8443 return 500 from outside the browser.,False,,2026-08-06T05:37:19+00:00
9012,Lumbo-Sacral Support Belt (Waist and Back Support) (Small),Lumbo Sacral Support Belt Waist and Back Support Small,One in Mono-Pack,,370.0,True,,Surgical & Medical Consumables,Jan Aushadhi (PMBJP) product and MRP list,https://janaushadhi.gov.in/product-portfolio/product-mrp-list,Exported from the site's own Download Files button. Direct API calls to port 8443 return 500 from outside the browser.,False,,2026-08-06T05:37:19+00:00
9013,Lumbo-Sacral Support Belt (Waist and Back Support) (Medium),Lumbo Sacral Support Belt Waist and Back Support Medium,One in Mono-Pack,,375.0,True,,Surgical & Medical Consumables,Jan Aushadhi (PMBJP) product and MRP list,https://janaushadhi.gov.in/product-portfolio/product-mrp-list,Exported from the site's own Download Files button. Direct API calls to port 8443 return 500 from outside the browser.,False,,2026-08-06T05:37:19+00:00
9014,Lumbo-Sacral Support Belt (Waist and Back Support) (Large),Lumbo Sacral Support Belt Waist and Back Support Large,One in Mono-Pack,,380.0,True,,Surgical & Medical Consumables,Jan Aushadhi (PMBJP) product and MRP list,https://janaushadhi.gov.in/product-portfolio/product-mrp-list,Exported from the site's own Download Files button. Direct API calls to port 8443 return 500 from outside the browser.,False,,2026-08-06T05:37:19+00:00
9015,Lumbo-Sacral Support Belt (Waist and Back Support) (Extra Large),Lumbo Sacral Support Belt Waist and Back Support Extra Large,One in Mono-Pack,,385.0,True,,Surgical & Medical Consumables,Jan Aushadhi (PMBJP) product and MRP list,https://janaushadhi.gov.in/product-portfolio/product-mrp-list,Exported from the site's own Download Files button. Direct API calls to port 8443 return 500 from outside the browser.,False,,2026-08-06T05:37:19+00:00
9016,Lumbo-Sacral Support Belt (Waist and Back Support) (Double Extra Large),Lumbo Sacral Support Belt Waist and Back Support Double Extra Large,One in Mono-Pack,,390.0,True,,Surgical & Medical Consumables,Jan Aushadhi (PMBJP) product and MRP list,https://janaushadhi.gov.in/product-portfolio/product-mrp-list,Exported from the site's own Download Files button. Direct API calls to port 8443 return 500 from outside the browser.,False,,2026-08-06T05:37:19+00:00
9017,Anklet (Tubular Support) (Small),Anklet Tubular Support Small,Pair in Mono-Pack,,150.0,True,,Surgical & Medical Consumables,Jan Aushadhi (PMBJP) product and MRP list,https://janaushadhi.gov.in/product-portfolio/product-mrp-list,Exported from the site's own Download Files button. Direct API calls to port 8443 return 500 from outside the browser.,False,,2026-08-06T05:37:19+00:00
9018,Anklet (Tubular Support) (Medium),Anklet Tubular Support Medium,Pair in Mono-Pack,,150.0,True,,Surgical & Medical Consumables,Jan Aushadhi (PMBJP) product and MRP list,https://janaushadhi.gov.in/product-portfolio/product-mrp-list,Exported from the site's own Download Files button. Direct API calls to port 8443 return 500 from outside the browser.,False,,2026-08-06T05:37:19+00:00
9019,Anklet (Tubular Support) (Large),Anklet Tubular Support Large,Pair in Mono-Pack,,155.0,True,,Surgical & Medical Consumables,Jan Aushadhi (PMBJP) product and MRP list,https://janaushadhi.gov.in/product-portfolio/product-mrp-list,Exported from the site's own Download Files button. Direct API calls to port 8443 return 500 from outside the browser.,False,,2026-08-06T05:37:19+00:00
9020,Anklet (Tubular Support) (Extra Large),Anklet Tubular Support Extra Large,Pair in Mono-Pack,,155.0,True,,Surgical & Medical Consumables,Jan Aushadhi (PMBJP) product and MRP list,https://janaushadhi.gov.in/product-portfolio/product-mrp-list,Exported from the site's own Download Files button. Direct API calls to port 8443 return 500 from outside the browser.,False,,2026-08-06T05:37:19+00:00
9021,Elbow Support (Small),Elbow Support Small,Pair in Mono-Pack,,140.0,True,,Surgical & Medical Consumables,Jan Aushadhi (PMBJP) product and MRP list,https://janaushadhi.gov.in/product-portfolio/product-mrp-list,Exported from the site's own Download Files button. Direct API calls to port 8443 return 500 from outside the browser.,False,,2026-08-06T05:37:19+00:00
9022,Elbow Support (Medium),Elbow Support Medium,Pair in Mono-Pack,,140.0,True,,Surgical & Medical Consumables,Jan Aushadhi (PMBJP) product and MRP list,https://janaushadhi.gov.in/product-portfolio/product-mrp-list,Exported from the site's own Download Files button. Direct API calls to port 8443 return 500 from outside the browser.,False,,2026-08-06T05:37:19+00:00
9023,Elbow Support (Large),Elbow Support Large,Pair in Mono-Pack,,150.0,True,,Surgical & Medical Consumables,Jan Aushadhi (PMBJP) product and MRP list,https://janaushadhi.gov.in/product-portfolio/product-mrp-list,Exported from the site's own Download Files button. Direct API calls to port 8443 return 500 from outside the browser.,False,,2026-08-06T05:37:19+00:00
9024,Elbow Support (Extra Large),Elbow Support Extra Large,Pair in Mono-Pack,,150.0,True,,Surgical & Medical Consumables,Jan Aushadhi (PMBJP) product and MRP list,https://janaushadhi.gov.in/product-portfolio/product-mrp-list,Exported from the site's own Download Files button. Direct API calls to port 8443 return 500 from outside the browser.,False,,2026-08-06T05:37:19+00:00
9025,Combined Dressing Pad (10X10Cm),Combined Dressing Pad X Cm,Five in Mono-Pack X 100,,28.13,True,,Surgical & Medical Consumables,Jan Aushadhi (PMBJP) product and MRP list,https://janaushadhi.gov.in/product-portfolio/product-mrp-list,Exported from the site's own Download Files button. Direct API calls to port 8443 return 500 from outside the browser.,False,,2026-08-06T05:37:19+00:00
9026,Combined Dressing Pad (10X20Cm),Combined Dressing Pad X Cm,Five in Mono-Pack,,42.19,True,,Surgical & Medical Consumables,Jan Aushadhi (PMBJP) product and MRP list,https://janaushadhi.gov.in/product-portfolio/product-mrp-list,Exported from the site's own Download Files button. Direct API calls to port 8443 return 500 from outside the browser.,False,,2026-08-06T05:37:19+00:00
9027,Microfine/Hypodermic Needle for Insulin Pen Sterile Single-Use Needle for Insulin Pen Needles Measurement,Microfine Hypodermic Needle for Insulin Pen Sterile Single Use Needle for Insulin Pen Needles Measurement,Ten in Mono-Pack,,0.0,False,,Surgical & Medical Consumables,Jan Aushadhi (PMBJP) product and MRP list,https://janaushadhi.gov.in/product-portfolio/product-mrp-list,Exported from the site's own Download Files button. Direct API calls to port 8443 return 500 from outside the browser.,False,,2026-08-06T05:37:19+00:00
9028,Medical Steam Vaporizer,Medical Steam Vaporizer,One in Mono-Pack,,234.38,True,,Surgical & Medical Consumables,Jan Aushadhi (PMBJP) product and MRP list,https://janaushadhi.gov.in/product-portfolio/product-mrp-list,Exported from the site's own Download Files button. Direct API calls to port 8443 return 500 from outside the browser.,False,,2026-08-06T05:37:19+00:00
9029,Digital Weighing Scale,Digital Weighing Scale,One in Mono-Pack,,0.0,False,,Surgical & Medical Consumables,Jan Aushadhi (PMBJP) product and MRP list,https://janaushadhi.gov.in/product-portfolio/product-mrp-list,Exported from the site's own Download Files button. Direct API calls to port 8443 return 500 from outside the browser.,False,,2026-08-06T05:37:19+00:00
9030,Janaushadhi Suvidha (Oxo- Biodegradable Sanitary Napkins Regular Size with Wings),Janaushadhi Suvidha Oxo Biodegradable Sanitary Napkins Regular Size with Wings,Pack of 10 Sanitary Napkins,,30.0,True,,Surgical & Medical Consumables,Jan Aushadhi (PMBJP) product and MRP list,https://janaushadhi.gov.in/product-portfolio/product-mrp-list,Exported from the site's own Download Files button. Direct API calls to port 8443 return 500 from outside the browser.,False,,2026-08-06T05:37:19+00:00
9031,Janaushadhi Bachpan (Baby Diaper; Pant Style; Small (3Kg - 8Kg)),Janaushadhi Bachpan Baby Diaper Pant Style Small Kg Kg,10's in Mono-Pack,10,84.38,True,8.438,Surgical & Medical Consumables,Jan Aushadhi (PMBJP) product and MRP list,https://janaushadhi.gov.in/product-portfolio/product-mrp-list,Exported from the site's own Download Files button. Direct API calls to port 8443 return 500 from outside the browser.,False,,2026-08-06T05:37:19+00:00
9032,Janaushadhi Bachpan (Baby Diaper; Pant Style; Medium (6Kg - 11Kg)),Janaushadhi Bachpan Baby Diaper Pant Style Medium Kg Kg,10's in Mono-Pack,10,93.75,True,9.375,Surgical & Medical Consumables,Jan Aushadhi (PMBJP) product and MRP list,https://janaushadhi.gov.in/product-portfolio/product-mrp-list,Exported from the site's own Download Files button. Direct API calls to port 8443 return 500 from outside the browser.,False,,2026-08-06T05:37:19+00:00
9033,Janaushadhi Bachpan (Baby Diaper; Pant Style; Large (9Kg - 13Kg)),Janaushadhi Bachpan Baby Diaper Pant Style Large Kg Kg,10's in Mono-Pack,10,135.94,True,13.594,Surgical & Medical Consumables,Jan Aushadhi (PMBJP) product and MRP list,https://janaushadhi.gov.in/product-portfolio/product-mrp-list,Exported from the site's own Download Files button. Direct API calls to port 8443 return 500 from outside the browser.,False,,2026-08-06T05:37:19+00:00
9034,Janaushadhi Swabhiman (Adult Diaper; Pant Style Small; Waist Size: 28 inch - 35 inch),Janaushadhi Swabhiman Adult Diaper Pant Style Small Waist Size inch inch,10's in Mono-Pack,10,0.0,False,,Surgical & Medical Consumables,Jan Aushadhi (PMBJP) product and MRP list,https://janaushadhi.gov.in/product-portfolio/product-mrp-list,Exported from the site's own Download Files button. Direct API calls to port 8443 return 500 from outside the browser.,False,,2026-08-06T05:37:19+00:00
9035,Janaushadhi Swabhiman (Adult Diaper; Pant Style Medium; Waist Size: 28 inch - 45 inch),Janaushadhi Swabhiman Adult Diaper Pant Style Medium Waist Size inch inch,10's in Mono-Pack,10,346.88,True,34.688,Surgical & Medical Consumables,Jan Aushadhi (PMBJP) product and MRP list,https://janaushadhi.gov.in/product-portfolio/product-mrp-list,Exported from the site's own Download Files button. Direct API calls to port 8443 return 500 from outside the browser.,False,,2026-08-06T05:37:19+00:00
9036,Janaushadhi Swabhiman (Adult Diaper; Pant Style Large; Waist Size: 38 inch - 54 inch),Janaushadhi Swabhiman Adult Diaper Pant Style Large Waist Size inch inch,10's in Mono-Pack,10,379.69,True,37.969,Surgical & Medical Consumables,Jan Aushadhi (PMBJP) product and MRP list,https://janaushadhi.gov.in/product-portfolio/product-mrp-list,Exported from the site's own Download Files button. Direct API calls to port 8443 return 500 from outside the browser.,False,,2026-08-06T05:37:19+00:00
9037,Janaushadhi Swabhiman (Adult Diaper; Pant Style Extra Large; Waist Size: 48 inch - 65 inch),Janaushadhi Swabhiman Adult Diaper Pant Style Extra Large Waist Size inch inch,10's in Mono-Pack,10,0.0,False,,Surgical & Medical Consumables,Jan Aushadhi (PMBJP) product and MRP list,https://janaushadhi.gov.in/product-portfolio/product-mrp-list,Exported from the site's own Download Files button. Direct API calls to port 8443 return 500 from outside the browser.,False,,2026-08-06T05:37:19+00:00
9038,Janaushadhi Bachpan (Baby Diaper; Pant Style; New Born (2Kg - 5Kg)),Janaushadhi Bachpan Baby Diaper Pant Style New Born Kg Kg,10's in Mono-Pack,10,79.69,True,7.969,Surgical & Medical Consumables,Jan Aushadhi (PMBJP) product and MRP list,https://janaushadhi.gov.in/product-portfolio/product-mrp-list,Exported from the site's own Download Files button. Direct API calls to port 8443 return 500 from outside the browser.,False,,2026-08-06T05:37:19+00:00
9039,Knee Cap with patellar ring (Large),Knee Cap with patellar ring Large,1's pair in sealed poly pack and in Mono-carton,1,200.0,True,200.0,Surgical & Medical Consumables,Jan Aushadhi (PMBJP) product and MRP list,https://janaushadhi.gov.in/product-portfolio/product-mrp-list,Exported from the site's own Download Files button. Direct API calls to port 8443 return 500 from outside the browser.,False,,2026-08-06T05:37:19+00:00
9040,Knee Cap with Patellar Ring (Medium),Knee Cap with Patellar Ring Medium,1's pair in sealed poly pack and in Mono-carton,1,200.0,True,200.0,Surgical & Medical Consumables,Jan Aushadhi (PMBJP) product and MRP list,https://janaushadhi.gov.in/product-portfolio/product-mrp-list,Exported from the site's own Download Files button. Direct API calls to port 8443 return 500 from outside the browser.,False,,2026-08-06T05:37:19+00:00
9041,Knee Cap with Patellar Ring (Small),Knee Cap with Patellar Ring Small,1's pair in sealed poly pack and in Mono-carton,1,200.0,True,200.0,Surgical & Medical Consumables,Jan Aushadhi (PMBJP) product and MRP list,https://janaushadhi.gov.in/product-portfolio/product-mrp-list,Exported from the site's own Download Files button. Direct API calls to port 8443 return 500 from outside the browser.,False,,2026-08-06T05:37:19+00:00
9042,Nebulizer Mask with Tubing (Child),Nebulizer Mask with Tubing Child,1's pack in sealed poly pack,1,0.0,False,,Surgical & Medical Consumables,Jan Aushadhi (PMBJP) product and MRP list,https://janaushadhi.gov.in/product-portfolio/product-mrp-list,Exported from the site's own Download Files button. Direct API calls to port 8443 return 500 from outside the browser.,False,,2026-08-06T05:37:19+00:00
9043,Walker (Sit Assist-to-stand support),Walker Sit Assist to stand support,1's in sealed poly pack,1,0.0,False,,Surgical & Medical Consumables,Jan Aushadhi (PMBJP) product and MRP list,https://janaushadhi.gov.in/product-portfolio/product-mrp-list,Exported from the site's own Download Files button. Direct API calls to port 8443 return 500 from outside the browser.,False,,2026-08-06T05:37:19+00:00
9044,Elbow Crutch (Adjustable),Elbow Crutch Adjustable,1's in sealed poly pack,1,0.0,False,,Surgical & Medical Consumables,Jan Aushadhi (PMBJP) product and MRP list,https://janaushadhi.gov.in/product-portfolio/product-mrp-list,Exported from the site's own Download Files button. Direct API calls to port 8443 return 500 from outside the browser.,False,,2026-08-06T05:37:19+00:00
9045,Insulin/Medicine Cooling Case,Insulin Medicine Cooling Case,"1 Cooling Case, 2 unit Gel Cool Pack, 1 Unit Insulin Pen Folder and 1 Carry Bag",1,0.0,False,,Surgical & Medical Consumables,Jan Aushadhi (PMBJP) product and MRP list,https://janaushadhi.gov.in/product-portfolio/product-mrp-list,Exported from the site's own Download Files button. Direct API calls to port 8443 return 500 from outside the browser.,False,,2026-08-06T05:37:19+00:00
9046,Cervical Collar - Hard,Cervical Collar Hard,1's,1,0.0,False,,Surgical & Medical Consumables,Jan Aushadhi (PMBJP) product and MRP list,https://janaushadhi.gov.in/product-portfolio/product-mrp-list,Exported from the site's own Download Files button. Direct API calls to port 8443 return 500 from outside the browser.,False,,2026-08-06T05:37:19+00:00
9047,Range of Motion - Knee Brace,Range of Motion Knee Brace,1's,1,0.0,False,,Surgical & Medical Consumables,Jan Aushadhi (PMBJP) product and MRP list,https://janaushadhi.gov.in/product-portfolio/product-mrp-list,Exported from the site's own Download Files button. Direct API calls to port 8443 return 500 from outside the browser.,False,,2026-08-06T05:37:19+00:00
9048,Range of Motion - Elbow Brace,Range of Motion Elbow Brace,1's,1,0.0,False,,Surgical & Medical Consumables,Jan Aushadhi (PMBJP) product and MRP list,https://janaushadhi.gov.in/product-portfolio/product-mrp-list,Exported from the site's own Download Files button. Direct API calls to port 8443 return 500 from outside the browser.,False,,2026-08-06T05:37:19+00:00
9049,Disposable Maternity Pad Fixator,Disposable Maternity Pad Fixator,5's in a pack,5,0.0,False,,Surgical & Medical Consumables,Jan Aushadhi (PMBJP) product and MRP list,https://janaushadhi.gov.in/product-portfolio/product-mrp-list,Exported from the site's own Download Files button. Direct API calls to port 8443 return 500 from outside the browser.,False,,2026-08-06T05:37:19+00:00
9050,Non-Woven Adhesive Wound Dressing,Non Woven Adhesive Wound Dressing,3's in a pack,3,0.0,False,,Surgical & Medical Consumables,Jan Aushadhi (PMBJP) product and MRP list,https://janaushadhi.gov.in/product-portfolio/product-mrp-list,Exported from the site's own Download Files button. Direct API calls to port 8443 return 500 from outside the browser.,False,,2026-08-06T05:37:19+00:00
9051,Finger Saperator - Hand,Finger Saperator Hand,1 pair,1,0.0,False,,Surgical & Medical Consumables,Jan Aushadhi (PMBJP) product and MRP list,https://janaushadhi.gov.in/product-portfolio/product-mrp-list,Exported from the site's own Download Files button. Direct API calls to port 8443 return 500 from outside the browser.,False,,2026-08-06T05:37:19+00:00
9052,Finger Saperator - Feet,Finger Saperator Feet,1 pair,1,0.0,False,,Surgical & Medical Consumables,Jan Aushadhi (PMBJP) product and MRP list,https://janaushadhi.gov.in/product-portfolio/product-mrp-list,Exported from the site's own Download Files button. Direct API calls to port 8443 return 500 from outside the browser.,False,,2026-08-06T05:37:19+00:00
9053,Cervical Collar - Hard (large),Cervical Collar Hard large,One in Mono-Carton,,0.0,False,,Surgical & Medical Consumables,Jan Aushadhi (PMBJP) product and MRP list,https://janaushadhi.gov.in/product-portfolio/product-mrp-list,Exported from the site's own Download Files button. Direct API calls to port 8443 return 500 from outside the browser.,False,,2026-08-06T05:37:19+00:00
9054,Disposable Maternity Pad Fixator (Extra Large),Disposable Maternity Pad Fixator Extra Large,5's in a pack,5,0.0,False,,Surgical & Medical Consumables,Jan Aushadhi (PMBJP) product and MRP list,https://janaushadhi.gov.in/product-portfolio/product-mrp-list,Exported from the site's own Download Files button. Direct API calls to port 8443 return 500 from outside the browser.,False,,2026-08-06T05:37:19+00:00
9055,Hydrophillic Foam Silver Wound Dressing (Non-Adhesive) 5cm x 5cm,Hydrophillic Foam Silver Wound Dressing Non Adhesive cm x cm,Pack of 5 pcs,,0.0,False,,Surgical & Medical Consumables,Jan Aushadhi (PMBJP) product and MRP list,https://janaushadhi.gov.in/product-portfolio/product-mrp-list,Exported from the site's own Download Files button. Direct API calls to port 8443 return 500 from outside the browser.,False,,2026-08-06T05:37:19+00:00
9056,Fibrin Sealant Kit I.P. (2inch X 4 inch),Fibrin Sealant Kit I P inch X inch,Pack of 2,,0.0,False,,Surgical & Medical Consumables,Jan Aushadhi (PMBJP) product and MRP list,https://janaushadhi.gov.in/product-portfolio/product-mrp-list,Exported from the site's own Download Files button. Direct API calls to port 8443 return 500 from outside the browser.,False,,2026-08-06T05:37:19+00:00
9057,Disposable Under Sheet,Disposable Under Sheet,Pack of 10 pcs,,0.0,False,,Surgical & Medical Consumables,Jan Aushadhi (PMBJP) product and MRP list,https://janaushadhi.gov.in/product-portfolio/product-mrp-list,Exported from the site's own Download Files button. Direct API calls to port 8443 return 500 from outside the browser.,False,,2026-08-06T05:37:19+00:00
9058,Foldable Commode Stool (U - Shape),Foldable Commode Stool U Shape,One in Mono-Carton,,0.0,False,,Surgical & Medical Consumables,Jan Aushadhi (PMBJP) product and MRP list,https://janaushadhi.gov.in/product-portfolio/product-mrp-list,Exported from the site's own Download Files button. Direct API calls to port 8443 return 500 from outside the browser.,False,,2026-08-06T05:37:19+00:00
9059,Pregnancy Back Support Belt,Pregnancy Back Support Belt,One in Mono-Carton,,0.0,False,,Surgical & Medical Consumables,Jan Aushadhi (PMBJP) product and MRP list,https://janaushadhi.gov.in/product-portfolio/product-mrp-list,Exported from the site's own Download Files button. Direct API calls to port 8443 return 500 from outside the browser.,False,,2026-08-06T05:37:19+00:00
9060,Reinforced Adhesive Skin Closures,Reinforced Adhesive Skin Closures,1/4 inch x 4 in 10 strips pack,,0.0,False,,Surgical & Medical Consumables,Jan Aushadhi (PMBJP) product and MRP list,https://janaushadhi.gov.in/product-portfolio/product-mrp-list,Exported from the site's own Download Files button. Direct API calls to port 8443 return 500 from outside the browser.,False,,2026-08-06T05:37:19+00:00
9061,Foot Elevator Pillow with Adjustable Hook and Loop,Foot Elevator Pillow with Adjustable Hook and Loop,One in Mono-Carton,,0.0,False,,Surgical & Medical Consumables,Jan Aushadhi (PMBJP) product and MRP list,https://janaushadhi.gov.in/product-portfolio/product-mrp-list,Exported from the site's own Download Files button. Direct API calls to port 8443 return 500 from outside the browser.,False,,2026-08-06T05:37:19+00:00
9062,Elastic Net Fixator Bandage,Elastic Net Fixator Bandage,2 cm X 3 m in Monopack,2,0.0,False,,Surgical & Medical Consumables,Jan Aushadhi (PMBJP) product and MRP list,https://janaushadhi.gov.in/product-portfolio/product-mrp-list,Exported from the site's own Download Files button. Direct API calls to port 8443 return 500 from outside the browser.,False,,2026-08-06T05:37:19+00:00
9063,Elastic Net Fixator Bandage,Elastic Net Fixator Bandage,3 cm X 3 m in Monopack,3,0.0,False,,Surgical & Medical Consumables,Jan Aushadhi (PMBJP) product and MRP list,https://janaushadhi.gov.in/product-portfolio/product-mrp-list,Exported from the site's own Download Files button. Direct API calls to port 8443 return 500 from outside the browser.,False,,2026-08-06T05:37:19+00:00
9064,Elastic Net Fixator Bandage,Elastic Net Fixator Bandage,4 cm X 3 m in Monopack,4,0.0,False,,Surgical & Medical Consumables,Jan Aushadhi (PMBJP) product and MRP list,https://janaushadhi.gov.in/product-portfolio/product-mrp-list,Exported from the site's own Download Files button. Direct API calls to port 8443 return 500 from outside the browser.,False,,2026-08-06T05:37:19+00:00
9065,Elastic Net Fixator Bandage,Elastic Net Fixator Bandage,5 cm X 3 m in Monopack,5,0.0,False,,Surgical & Medical Consumables,Jan Aushadhi (PMBJP) product and MRP list,https://janaushadhi.gov.in/product-portfolio/product-mrp-list,Exported from the site's own Download Files button. Direct API calls to port 8443 return 500 from outside the browser.,False,,2026-08-06T05:37:19+00:00
9066,Ankle binder Support (Medium),Ankle binder Support Medium,One in Mono-Carton,,0.0,False,,Surgical & Medical Consumables,Jan Aushadhi (PMBJP) product and MRP list,https://janaushadhi.gov.in/product-portfolio/product-mrp-list,Exported from the site's own Download Files button. Direct API calls to port 8443 return 500 from outside the browser.,False,,2026-08-06T05:37:19+00:00
9067,Ankle binder Support (Large),Ankle binder Support Large,One in Mono-Carton,,0.0,False,,Surgical & Medical Consumables,Jan Aushadhi (PMBJP) product and MRP list,https://janaushadhi.gov.in/product-portfolio/product-mrp-list,Exported from the site's own Download Files button. Direct API calls to port 8443 return 500 from outside the browser.,False,,2026-08-06T05:37:19+00:00
9068,Cotton Ear Buds,Cotton Ear Buds,100 Ear Buds,100,0.0,False,,Surgical & Medical Consumables,Jan Aushadhi (PMBJP) product and MRP list,https://janaushadhi.gov.in/product-portfolio/product-mrp-list,Exported from the site's own Download Files button. Direct API calls to port 8443 return 500 from outside the browser.,False,,2026-08-06T05:37:19+00:00
