vms_code,drug_name,drug_type,rate_per_unit_inr,rate_unit,rate_raw,packing,units_per_pack,contract_start,contract_end,batch_size,source_name,source_url,provenance_note,out_of_scope,out_of_scope_reason,retrieved_utc
G020006,Aceclofenac 100mg Tab,Generic,0.5345,No,0.5345/No.,Strip of 10 Tablet,10,2026-03-30,2027-03-31,300000,Medical Stores Organisation rate contract,https://mso-gmsd.in/MSO_PORTAL/msowebsite/portal/home,"Loaded from a supplied copy. mso-gmsd.in resolves every menu item to /portal/undefined, so this could not be fetched from source.",False,,2026-08-05T15:26:45+00:00
G020014,Aceclofenac 100mg + Paracetamol 325mg Tab,Generic,1.0552,No,1.0552/No.,Strip of 10 Tablet,10,2026-03-30,2027-03-31,200000,Medical Stores Organisation rate contract,https://mso-gmsd.in/MSO_PORTAL/msowebsite/portal/home,"Loaded from a supplied copy. mso-gmsd.in resolves every menu item to /portal/undefined, so this could not be fetched from source.",False,,2026-08-05T15:26:45+00:00
G020041,Diclofenac 1%w/v Ointment,Generic,55.79,No,55.7900/No.,30 Gm Tube,,2026-03-30,2027-03-31,30000,Medical Stores Organisation rate contract,https://mso-gmsd.in/MSO_PORTAL/msowebsite/portal/home,"Loaded from a supplied copy. mso-gmsd.in resolves every menu item to /portal/undefined, so this could not be fetched from source.",False,,2026-08-05T15:26:45+00:00
G020043,Diclofenac 25mg/ml Inj,Generic,5.07,No,5.0700/No.,3 ml Amp,,2026-03-30,2027-03-31,125000,Medical Stores Organisation rate contract,https://mso-gmsd.in/MSO_PORTAL/msowebsite/portal/home,"Loaded from a supplied copy. mso-gmsd.in resolves every menu item to /portal/undefined, so this could not be fetched from source.",False,,2026-08-05T15:26:45+00:00
G020046,Diclofenac and Serratiopeptidase Tablet 50mg + 10mg,Generic,0.45,No,0.4500/No.,Strip of 10 Tablet,10,2025-12-19,2027-12-18,,Medical Stores Organisation rate contract,https://mso-gmsd.in/MSO_PORTAL/msowebsite/portal/home,"Loaded from a supplied copy. mso-gmsd.in resolves every menu item to /portal/undefined, so this could not be fetched from source.",False,,2026-08-05T15:26:45+00:00
G020048,Diclofenac 50mg Tab,Generic,0.3707,No,0.3707/No.,Strip of 10 Tablet,10,2026-03-30,2027-03-31,500000,Medical Stores Organisation rate contract,https://mso-gmsd.in/MSO_PORTAL/msowebsite/portal/home,"Loaded from a supplied copy. mso-gmsd.in resolves every menu item to /portal/undefined, so this could not be fetched from source.",False,,2026-08-05T15:26:45+00:00
G020055,Diclofenac50mg + Paracetamol325mg Tab,Generic,0.5997,No,0.5997/No.,Strip of 10 Tablet,10,2026-03-30,2027-03-31,200000,Medical Stores Organisation rate contract,https://mso-gmsd.in/MSO_PORTAL/msowebsite/portal/home,"Loaded from a supplied copy. mso-gmsd.in resolves every menu item to /portal/undefined, so this could not be fetched from source.",False,,2026-08-05T15:26:45+00:00
G020066,Etoricoxib Tablet 90mg,Generic,0.99,No,0.9900/No.,Strip of 10 Tablet,10,2025-12-19,2027-12-18,,Medical Stores Organisation rate contract,https://mso-gmsd.in/MSO_PORTAL/msowebsite/portal/home,"Loaded from a supplied copy. mso-gmsd.in resolves every menu item to /portal/undefined, so this could not be fetched from source.",False,,2026-08-05T15:26:45+00:00
G020095,Ibuprofen 200mg Tab,Generic,0.4835,No,0.4835/No.,Strip of 10 Tablet,10,2026-03-30,2027-03-31,300000,Medical Stores Organisation rate contract,https://mso-gmsd.in/MSO_PORTAL/msowebsite/portal/home,"Loaded from a supplied copy. mso-gmsd.in resolves every menu item to /portal/undefined, so this could not be fetched from source.",False,,2026-08-05T15:26:45+00:00
G020097,Ibuprofen 400mg + Paracetamol 325mg Tab,Generic,1.5518,No,1.5518/No.,Strip of 10 Tablet,10,2026-03-30,2027-03-31,,Medical Stores Organisation rate contract,https://mso-gmsd.in/MSO_PORTAL/msowebsite/portal/home,"Loaded from a supplied copy. mso-gmsd.in resolves every menu item to /portal/undefined, so this could not be fetched from source.",False,,2026-08-05T15:26:45+00:00
G020098,Ibuprofen 400mg Tab,Generic,0.865,No,0.8650/No.,Strip of 10 Tablet,10,2026-03-30,2027-03-31,350000,Medical Stores Organisation rate contract,https://mso-gmsd.in/MSO_PORTAL/msowebsite/portal/home,"Loaded from a supplied copy. mso-gmsd.in resolves every menu item to /portal/undefined, so this could not be fetched from source.",False,,2026-08-05T15:26:45+00:00
G020148,Nimesulide Tablet 100 mg,Generic,0.19,No,0.1900/No.,Strip of 10 Tablet,10,2025-12-19,2027-12-18,,Medical Stores Organisation rate contract,https://mso-gmsd.in/MSO_PORTAL/msowebsite/portal/home,"Loaded from a supplied copy. mso-gmsd.in resolves every menu item to /portal/undefined, so this could not be fetched from source.",False,,2026-08-05T15:26:45+00:00
G020156,Paracetamol 125mg/5ml Syp,Generic,18.48,No,18.4800/No.,60 ml Bottle,,2026-03-30,2027-03-31,33333,Medical Stores Organisation rate contract,https://mso-gmsd.in/MSO_PORTAL/msowebsite/portal/home,"Loaded from a supplied copy. mso-gmsd.in resolves every menu item to /portal/undefined, so this could not be fetched from source.",False,,2026-08-05T15:26:45+00:00
G020162,Paracetamol and Tramadol Tablet 325mg + 37.5mg,Generic,0.48,No,0.4800/No.,10 x 10 Tablet,,2025-12-19,2027-12-18,,Medical Stores Organisation rate contract,https://mso-gmsd.in/MSO_PORTAL/msowebsite/portal/home,"Loaded from a supplied copy. mso-gmsd.in resolves every menu item to /portal/undefined, so this could not be fetched from source.",False,,2026-08-05T15:26:45+00:00
G020164,Paracetamol 500 mg Tab,Generic,0.5728,No,0.5728/No.,Strip of 10 Tablet,10,2026-03-30,2027-03-31,,Medical Stores Organisation rate contract,https://mso-gmsd.in/MSO_PORTAL/msowebsite/portal/home,"Loaded from a supplied copy. mso-gmsd.in resolves every menu item to /portal/undefined, so this could not be fetched from source.",False,,2026-08-05T15:26:45+00:00
G020166,Paracetamol 650mg Tab,Generic,1.3272,No,1.3272/No.,Strip of 10 Tablet,10,2026-03-30,2027-03-31,300000,Medical Stores Organisation rate contract,https://mso-gmsd.in/MSO_PORTAL/msowebsite/portal/home,"Loaded from a supplied copy. mso-gmsd.in resolves every menu item to /portal/undefined, so this could not be fetched from source.",False,,2026-08-05T15:26:45+00:00
G02128,Paracetamol Tablet 300mg and 700mg,Generic,0.83,No,0.8300/No.,Blister of 10 Tablets,,2025-11-06,2027-01-05,,Medical Stores Organisation rate contract,https://mso-gmsd.in/MSO_PORTAL/msowebsite/portal/home,"Loaded from a supplied copy. mso-gmsd.in resolves every menu item to /portal/undefined, so this could not be fetched from source.",False,,2026-08-05T15:26:45+00:00
G02129,Apremilast 10 Mg Tablet,Generic,4.49,No,4.4900/No.,Strip of 4 Tablet,4,2025-11-06,2027-01-05,,Medical Stores Organisation rate contract,https://mso-gmsd.in/MSO_PORTAL/msowebsite/portal/home,"Loaded from a supplied copy. mso-gmsd.in resolves every menu item to /portal/undefined, so this could not be fetched from source.",False,,2026-08-05T15:26:45+00:00
G02130,Apremilast Tablet 20mg,Generic,5.37,No,5.3700/No.,Strip of 4 Tablet,4,2025-11-06,2027-01-05,,Medical Stores Organisation rate contract,https://mso-gmsd.in/MSO_PORTAL/msowebsite/portal/home,"Loaded from a supplied copy. mso-gmsd.in resolves every menu item to /portal/undefined, so this could not be fetched from source.",False,,2026-08-05T15:26:45+00:00
G02131,Aceclofenac and Praracetamol and Thiocolchicoside Tablet 100mg and 325mg and 8mg,Generic,5.48,No,5.4800/No.,Blister of 10 Tablets,,2025-11-06,2027-01-05,,Medical Stores Organisation rate contract,https://mso-gmsd.in/MSO_PORTAL/msowebsite/portal/home,"Loaded from a supplied copy. mso-gmsd.in resolves every menu item to /portal/undefined, so this could not be fetched from source.",False,,2026-08-05T15:26:45+00:00
G02132,Aceclofenac and Praracetamol and Thiocolchicoside Tablet 100mg and 325mg and 4mg,Generic,2.83,No,2.8300/No.,Blister of 10 Tablets,,2025-11-06,2027-01-05,,Medical Stores Organisation rate contract,https://mso-gmsd.in/MSO_PORTAL/msowebsite/portal/home,"Loaded from a supplied copy. mso-gmsd.in resolves every menu item to /portal/undefined, so this could not be fetched from source.",False,,2026-08-05T15:26:45+00:00
G02133,Iguratimod 25mg Tablet 25mg,Generic,5.44,No,5.4400/No.,Strip of 10 Tablet,10,2025-11-06,2027-01-05,,Medical Stores Organisation rate contract,https://mso-gmsd.in/MSO_PORTAL/msowebsite/portal/home,"Loaded from a supplied copy. mso-gmsd.in resolves every menu item to /portal/undefined, so this could not be fetched from source.",False,,2026-08-05T15:26:45+00:00
G02134,Paracetamol and Tramadol Tablet Tablet 162.5mg and 18.75mg,Generic,0.59,No,0.5900/No.,Strip of 10 Tablet,10,2025-11-06,2027-01-05,,Medical Stores Organisation rate contract,https://mso-gmsd.in/MSO_PORTAL/msowebsite/portal/home,"Loaded from a supplied copy. mso-gmsd.in resolves every menu item to /portal/undefined, so this could not be fetched from source.",False,,2026-08-05T15:26:45+00:00
G030008,Cetirizine 10mg Tab,Generic,0.3167,No,0.3167/No.,Strip of 10 Tablet,10,2026-03-30,2027-03-31,500000,Medical Stores Organisation rate contract,https://mso-gmsd.in/MSO_PORTAL/msowebsite/portal/home,"Loaded from a supplied copy. mso-gmsd.in resolves every menu item to /portal/undefined, so this could not be fetched from source.",False,,2026-08-05T15:26:45+00:00
G030009,Cetirizine 5mg/5ml Syrup,Generic,16.86,No,16.8600/No.,60 ml Bottle,,2026-03-30,2027-03-31,10000,Medical Stores Organisation rate contract,https://mso-gmsd.in/MSO_PORTAL/msowebsite/portal/home,"Loaded from a supplied copy. mso-gmsd.in resolves every menu item to /portal/undefined, so this could not be fetched from source.",False,,2026-08-05T15:26:45+00:00
G030028,Fexofenadine Tablet 120 mg,Generic,0.94,No,0.9400/No.,Strip of 10 Tablet,10,2025-12-19,2027-12-18,,Medical Stores Organisation rate contract,https://mso-gmsd.in/MSO_PORTAL/msowebsite/portal/home,"Loaded from a supplied copy. mso-gmsd.in resolves every menu item to /portal/undefined, so this could not be fetched from source.",False,,2026-08-05T15:26:45+00:00
G030036,Levocetirizine 5 mg Tab,Generic,0.3329,No,0.3329/No.,Strip of 10 Tablet,10,2026-03-30,2027-03-31,500000,Medical Stores Organisation rate contract,https://mso-gmsd.in/MSO_PORTAL/msowebsite/portal/home,"Loaded from a supplied copy. mso-gmsd.in resolves every menu item to /portal/undefined, so this could not be fetched from source.",False,,2026-08-05T15:26:45+00:00
G03034,Bilastine Tablet 20mg,Generic,1.14,No,1.1400/No.,Strip of 10 Tablet,10,2025-11-06,2027-01-05,,Medical Stores Organisation rate contract,https://mso-gmsd.in/MSO_PORTAL/msowebsite/portal/home,"Loaded from a supplied copy. mso-gmsd.in resolves every menu item to /portal/undefined, so this could not be fetched from source.",False,,2026-08-05T15:26:45+00:00
G03035,Bilastine and Montelukast Tablet 20mg and 10mg,Generic,1.37,No,1.3700/No.,Strip of 10 Tablet,10,2025-11-06,2027-01-05,,Medical Stores Organisation rate contract,https://mso-gmsd.in/MSO_PORTAL/msowebsite/portal/home,"Loaded from a supplied copy. mso-gmsd.in resolves every menu item to /portal/undefined, so this could not be fetched from source.",False,,2026-08-05T15:26:45+00:00
G050010,CARBAMAZEPINE TABLET I.P. 200 MG,Generic,0.96,No,0.9600/No.,Strip of 10 Tablet,10,2025-12-19,2027-12-18,,Medical Stores Organisation rate contract,https://mso-gmsd.in/MSO_PORTAL/msowebsite/portal/home,"Loaded from a supplied copy. mso-gmsd.in resolves every menu item to /portal/undefined, so this could not be fetched from source.",False,,2026-08-05T15:26:45+00:00
G050015,DIVALPROEX SODIUM TABLET 250 MG,Generic,1.25,No,1.2500/No.,10 x 10 Tablet,,2025-12-19,2027-12-18,,Medical Stores Organisation rate contract,https://mso-gmsd.in/MSO_PORTAL/msowebsite/portal/home,"Loaded from a supplied copy. mso-gmsd.in resolves every menu item to /portal/undefined, so this could not be fetched from source.",False,,2026-08-05T15:26:45+00:00
G050016,DIVALPROEX SODIUM TABLET 500 MG,Generic,1.89,No,1.8900/No.,Strip of 10 Tablet,10,2025-12-19,2027-12-18,,Medical Stores Organisation rate contract,https://mso-gmsd.in/MSO_PORTAL/msowebsite/portal/home,"Loaded from a supplied copy. mso-gmsd.in resolves every menu item to /portal/undefined, so this could not be fetched from source.",False,,2026-08-05T15:26:45+00:00
G050028,Gabapentin Tablet 100 mg,Generic,0.43,No,0.4300/No.,Strip of 10 Tablet,10,2025-12-19,2027-12-18,,Medical Stores Organisation rate contract,https://mso-gmsd.in/MSO_PORTAL/msowebsite/portal/home,"Loaded from a supplied copy. mso-gmsd.in resolves every menu item to /portal/undefined, so this could not be fetched from source.",False,,2026-08-05T15:26:45+00:00
G050034,GABAPENTIN AND METHYLCOBALAMIN TABLET 300MG + 500MCG,Generic,1.24,No,1.2400/No.,Strip of 10 Tablet,10,2025-12-19,2027-12-18,,Medical Stores Organisation rate contract,https://mso-gmsd.in/MSO_PORTAL/msowebsite/portal/home,"Loaded from a supplied copy. mso-gmsd.in resolves every menu item to /portal/undefined, so this could not be fetched from source.",False,,2026-08-05T15:26:45+00:00
G050038,LACOSAMIDE TABLET 100 MG,Generic,1.39,No,1.3900/No.,Strip of 10 Tablet,10,2025-12-19,2027-12-18,,Medical Stores Organisation rate contract,https://mso-gmsd.in/MSO_PORTAL/msowebsite/portal/home,"Loaded from a supplied copy. mso-gmsd.in resolves every menu item to /portal/undefined, so this could not be fetched from source.",False,,2026-08-05T15:26:45+00:00
G050050,LEVETIRACETAM TABLET 250 MG,Generic,0.93,No,0.9300/No.,Strip of 10 Tablet,10,2025-12-19,2027-12-18,,Medical Stores Organisation rate contract,https://mso-gmsd.in/MSO_PORTAL/msowebsite/portal/home,"Loaded from a supplied copy. mso-gmsd.in resolves every menu item to /portal/undefined, so this could not be fetched from source.",False,,2026-08-05T15:26:45+00:00
G050056,METHYLCOBALAMIN AND PREGABALIN CAPSULE 750MCG + 75MG,Generic,1.06,No,1.0600/No.,Strip of 10 Capsule,10,2025-12-19,2027-12-18,,Medical Stores Organisation rate contract,https://mso-gmsd.in/MSO_PORTAL/msowebsite/portal/home,"Loaded from a supplied copy. mso-gmsd.in resolves every menu item to /portal/undefined, so this could not be fetched from source.",False,,2026-08-05T15:26:45+00:00
G050094,SODIUM VALPROATE TABLET I.P. 200 MG,Generic,0.8,No,0.8000/No.,10 x 10 Tablet,,2025-12-19,2027-12-18,,Medical Stores Organisation rate contract,https://mso-gmsd.in/MSO_PORTAL/msowebsite/portal/home,"Loaded from a supplied copy. mso-gmsd.in resolves every menu item to /portal/undefined, so this could not be fetched from source.",False,,2026-08-05T15:26:45+00:00
G050098,SODIUM VALPROATE TABLET I.P. 500 MG,Generic,1.21,No,1.2100/No.,Strip of 10 Tablet,10,2025-12-19,2027-12-18,,Medical Stores Organisation rate contract,https://mso-gmsd.in/MSO_PORTAL/msowebsite/portal/home,"Loaded from a supplied copy. mso-gmsd.in resolves every menu item to /portal/undefined, so this could not be fetched from source.",False,,2026-08-05T15:26:45+00:00
G050101,TOPIRAMATE TABLET I.P. 25 MG,Generic,0.42,No,0.4200/No.,Strip of 10 Tablet,10,2025-12-19,2027-12-18,,Medical Stores Organisation rate contract,https://mso-gmsd.in/MSO_PORTAL/msowebsite/portal/home,"Loaded from a supplied copy. mso-gmsd.in resolves every menu item to /portal/undefined, so this could not be fetched from source.",False,,2026-08-05T15:26:45+00:00
G05028,Carbamazepine Tablet 300 mg,Generic,2.79,No,2.7900/No.,Strip of 10 Tablet,10,2025-11-06,2027-01-05,,Medical Stores Organisation rate contract,https://mso-gmsd.in/MSO_PORTAL/msowebsite/portal/home,"Loaded from a supplied copy. mso-gmsd.in resolves every menu item to /portal/undefined, so this could not be fetched from source.",False,,2026-08-05T15:26:45+00:00
G05033,Eslicarbazepine Tablet 400 mg,Generic,17.1,No,17.1000/No.,Strip of 10 Tablet,10,2025-11-06,2027-01-05,,Medical Stores Organisation rate contract,https://mso-gmsd.in/MSO_PORTAL/msowebsite/portal/home,"Loaded from a supplied copy. mso-gmsd.in resolves every menu item to /portal/undefined, so this could not be fetched from source.",False,,2026-08-05T15:26:45+00:00
G05070,Brivaracetam Tablet 50 MG,Generic,2.94,No,2.9400/No.,Strip of 10 Tablet,10,2025-11-06,2027-01-05,,Medical Stores Organisation rate contract,https://mso-gmsd.in/MSO_PORTAL/msowebsite/portal/home,"Loaded from a supplied copy. mso-gmsd.in resolves every menu item to /portal/undefined, so this could not be fetched from source.",False,,2026-08-05T15:26:45+00:00
G05087,Brivaracetam Tablet 100mg,Generic,4.69,No,4.6900/No.,Blister of 10 Tablets,,2025-11-06,2027-01-05,,Medical Stores Organisation rate contract,https://mso-gmsd.in/MSO_PORTAL/msowebsite/portal/home,"Loaded from a supplied copy. mso-gmsd.in resolves every menu item to /portal/undefined, so this could not be fetched from source.",False,,2026-08-05T15:26:45+00:00
G05088,Gabapentin and Nortriptyline Tablet 200mg and 10mg,Generic,1.28,No,1.2800/No.,Strip of 10 Tablet,10,2025-11-06,2027-01-05,,Medical Stores Organisation rate contract,https://mso-gmsd.in/MSO_PORTAL/msowebsite/portal/home,"Loaded from a supplied copy. mso-gmsd.in resolves every menu item to /portal/undefined, so this could not be fetched from source.",False,,2026-08-05T15:26:45+00:00
G05089,Gabapentin and Nortriptyline Tablet 300mg and 10mg,Generic,1.52,No,1.5200/No.,Strip of 10 Tablet,10,2025-11-06,2027-01-05,,Medical Stores Organisation rate contract,https://mso-gmsd.in/MSO_PORTAL/msowebsite/portal/home,"Loaded from a supplied copy. mso-gmsd.in resolves every menu item to /portal/undefined, so this could not be fetched from source.",False,,2026-08-05T15:26:45+00:00
G05090,Perampanel 2mg,Generic,3.38,No,3.3800/No.,Strip of 10 Tablet,10,2025-11-06,2027-01-05,,Medical Stores Organisation rate contract,https://mso-gmsd.in/MSO_PORTAL/msowebsite/portal/home,"Loaded from a supplied copy. mso-gmsd.in resolves every menu item to /portal/undefined, so this could not be fetched from source.",False,,2026-08-05T15:26:45+00:00
G05091,Primidone Tablet 50mg,Generic,2.69,No,2.6900/No.,Strip of 10 Tablet,10,2025-11-06,2027-01-05,,Medical Stores Organisation rate contract,https://mso-gmsd.in/MSO_PORTAL/msowebsite/portal/home,"Loaded from a supplied copy. mso-gmsd.in resolves every menu item to /portal/undefined, so this could not be fetched from source.",False,,2026-08-05T15:26:45+00:00
G060003,ACICLOVIR TABLET I.P. 200 MG,Generic,1.14,No,1.1400/No.,10 x 10 Tablet,,2025-12-19,2027-12-18,,Medical Stores Organisation rate contract,https://mso-gmsd.in/MSO_PORTAL/msowebsite/portal/home,"Loaded from a supplied copy. mso-gmsd.in resolves every menu item to /portal/undefined, so this could not be fetched from source.",False,,2026-08-05T15:26:45+00:00
G060007,ACICLOVIR TABLET I.P. 400 MG,Generic,2.1,No,2.1000/No.,Strip of 5 Tablet,5,2025-12-19,2027-12-18,,Medical Stores Organisation rate contract,https://mso-gmsd.in/MSO_PORTAL/msowebsite/portal/home,"Loaded from a supplied copy. mso-gmsd.in resolves every menu item to /portal/undefined, so this could not be fetched from source.",False,,2026-08-05T15:26:45+00:00
G060011,Albendazole 200 mg/ 5 ml Susp,Generic,11.32,No,11.3200/No.,10 ml Bottle,,2026-03-30,2027-03-31,40000,Medical Stores Organisation rate contract,https://mso-gmsd.in/MSO_PORTAL/msowebsite/portal/home,"Loaded from a supplied copy. mso-gmsd.in resolves every menu item to /portal/undefined, so this could not be fetched from source.",False,,2026-08-05T15:26:45+00:00
G060012,Albendazole 400 mg Tab,Generic,3.5262,No,3.5262/No.,Strip of 10 Tablet,10,2026-03-30,2027-03-31,300000,Medical Stores Organisation rate contract,https://mso-gmsd.in/MSO_PORTAL/msowebsite/portal/home,"Loaded from a supplied copy. mso-gmsd.in resolves every menu item to /portal/undefined, so this could not be fetched from source.",False,,2026-08-05T15:26:45+00:00
G060019,Inj. Amikacin Sulphate IP 500mg/2ml Injection,Generic,46.4,No,46.4000/No.,Vial,,2026-03-30,2027-03-31,5000,Medical Stores Organisation rate contract,https://mso-gmsd.in/MSO_PORTAL/msowebsite/portal/home,"Loaded from a supplied copy. mso-gmsd.in resolves every menu item to /portal/undefined, so this could not be fetched from source.",False,,2026-08-05T15:26:45+00:00
G060024,Amoxicillin 125 mg / 5 ml Susp,Generic,20.15,No,20.1500/No.,60 ml Bottle,,2026-03-30,2027-03-31,25000,Medical Stores Organisation rate contract,https://mso-gmsd.in/MSO_PORTAL/msowebsite/portal/home,"Loaded from a supplied copy. mso-gmsd.in resolves every menu item to /portal/undefined, so this could not be fetched from source.",False,,2026-08-05T15:26:45+00:00
G060030,Amoxicillin 1gm+ Potassium Clavulanate 200mg Inj.,Generic,79.97,No,79.9700/No.,Vial,,2026-03-30,2027-03-31,4000,Medical Stores Organisation rate contract,https://mso-gmsd.in/MSO_PORTAL/msowebsite/portal/home,"Loaded from a supplied copy. mso-gmsd.in resolves every menu item to /portal/undefined, so this could not be fetched from source.",False,,2026-08-05T15:26:45+00:00
G060036,Amoxicillin 250 mg Cap,Generic,2.0902,No,2.0902/No.,Strip of 10 Capsule,10,2026-03-30,2027-03-31,100000,Medical Stores Organisation rate contract,https://mso-gmsd.in/MSO_PORTAL/msowebsite/portal/home,"Loaded from a supplied copy. mso-gmsd.in resolves every menu item to /portal/undefined, so this could not be fetched from source.",False,,2026-08-05T15:26:45+00:00
G060043,AMOXYCILLIN AND POTASSIUM CLAVULANATE TABLET I.P. 250MG + 125MG,Generic,3.38,No,3.3800/No.,Strip of 10 Tablet,10,2025-12-19,2027-12-18,,Medical Stores Organisation rate contract,https://mso-gmsd.in/MSO_PORTAL/msowebsite/portal/home,"Loaded from a supplied copy. mso-gmsd.in resolves every menu item to /portal/undefined, so this could not be fetched from source.",False,,2026-08-05T15:26:45+00:00
G060048,Amoxicillin 500mg Cap,Generic,3.5262,No,3.5262/No.,Strip of 10 Capsule,10,2026-03-30,2027-03-31,100000,Medical Stores Organisation rate contract,https://mso-gmsd.in/MSO_PORTAL/msowebsite/portal/home,"Loaded from a supplied copy. mso-gmsd.in resolves every menu item to /portal/undefined, so this could not be fetched from source.",False,,2026-08-05T15:26:45+00:00
G060069,Ampicillin 250mg Cap,Generic,2.0383,No,2.0383/No.,Strip of 10 Tablet,10,2026-03-30,2027-03-31,,Medical Stores Organisation rate contract,https://mso-gmsd.in/MSO_PORTAL/msowebsite/portal/home,"Loaded from a supplied copy. mso-gmsd.in resolves every menu item to /portal/undefined, so this could not be fetched from source.",False,,2026-08-05T15:26:45+00:00
G060072,Ampicillin 500 mg Inj,Generic,12.08,No,12.0800/No.,Vial,,2026-03-30,2027-03-31,9000,Medical Stores Organisation rate contract,https://mso-gmsd.in/MSO_PORTAL/msowebsite/portal/home,"Loaded from a supplied copy. mso-gmsd.in resolves every menu item to /portal/undefined, so this could not be fetched from source.",False,,2026-08-05T15:26:45+00:00
G060074,Ampicillin 500mg Cap,Generic,3.675,No,3.6750/No.,Strip of 10 Capsule,10,2026-03-30,2027-03-31,,Medical Stores Organisation rate contract,https://mso-gmsd.in/MSO_PORTAL/msowebsite/portal/home,"Loaded from a supplied copy. mso-gmsd.in resolves every menu item to /portal/undefined, so this could not be fetched from source.",False,,2026-08-05T15:26:45+00:00
G060098,Artesunate Injection 60 mg,Generic,2.08,No,2.0800/No.,Vial,,2025-12-19,2027-12-18,,Medical Stores Organisation rate contract,https://mso-gmsd.in/MSO_PORTAL/msowebsite/portal/home,"Loaded from a supplied copy. mso-gmsd.in resolves every menu item to /portal/undefined, so this could not be fetched from source.",False,,2026-08-05T15:26:45+00:00
G060104,Azithromycin 250mg Tab,Generic,5.5118,No,5.5118/No.,Strip of 10 Tablet,10,2026-03-30,2027-03-31,200000,Medical Stores Organisation rate contract,https://mso-gmsd.in/MSO_PORTAL/msowebsite/portal/home,"Loaded from a supplied copy. mso-gmsd.in resolves every menu item to /portal/undefined, so this could not be fetched from source.",False,,2026-08-05T15:26:45+00:00
G060106,Azithromycin 500mg Tab,Generic,10.753,No,10.7530/No.,Strip of 10 Tablet,10,2026-03-30,2027-03-31,100000,Medical Stores Organisation rate contract,https://mso-gmsd.in/MSO_PORTAL/msowebsite/portal/home,"Loaded from a supplied copy. mso-gmsd.in resolves every menu item to /portal/undefined, so this could not be fetched from source.",False,,2026-08-05T15:26:45+00:00
G060144,Cefixime 100mg Tab,Generic,3.0818,No,3.0818/No.,Strip of 10 Tablet,10,2026-03-30,2027-03-31,300000,Medical Stores Organisation rate contract,https://mso-gmsd.in/MSO_PORTAL/msowebsite/portal/home,"Loaded from a supplied copy. mso-gmsd.in resolves every menu item to /portal/undefined, so this could not be fetched from source.",False,,2026-08-05T15:26:45+00:00
G060151,Cefixime 200mg Tab,Generic,5.918,No,5.9180/No.,Strip of 10 Tablet,10,2026-03-30,2027-03-31,200000,Medical Stores Organisation rate contract,https://mso-gmsd.in/MSO_PORTAL/msowebsite/portal/home,"Loaded from a supplied copy. mso-gmsd.in resolves every menu item to /portal/undefined, so this could not be fetched from source.",False,,2026-08-05T15:26:45+00:00
G060158,CEFIXIME ORAL SUSPENSION 50MG/5ML,Generic,9.8,No,9.8000/No.,30 ml Bottle,,2025-12-19,2027-12-18,,Medical Stores Organisation rate contract,https://mso-gmsd.in/MSO_PORTAL/msowebsite/portal/home,"Loaded from a supplied copy. mso-gmsd.in resolves every menu item to /portal/undefined, so this could not be fetched from source.",False,,2026-08-05T15:26:45+00:00
G060160,Cefoperazone 1 gm Inj,Generic,47.2,No,47.2000/No.,Vial,,2026-03-30,2027-03-31,20000,Medical Stores Organisation rate contract,https://mso-gmsd.in/MSO_PORTAL/msowebsite/portal/home,"Loaded from a supplied copy. mso-gmsd.in resolves every menu item to /portal/undefined, so this could not be fetched from source.",False,,2026-08-05T15:26:45+00:00
G060164,Cefoperazone 500mg + Sulbactam 500mg Inj.,Generic,37.48,No,37.4800/No.,Vial,,2026-03-30,2027-03-31,5000,Medical Stores Organisation rate contract,https://mso-gmsd.in/MSO_PORTAL/msowebsite/portal/home,"Loaded from a supplied copy. mso-gmsd.in resolves every menu item to /portal/undefined, so this could not be fetched from source.",False,,2026-08-05T15:26:45+00:00
G060167,Cefoperazone1gm + Sulbactam 1gm Inj.,Generic,65.74,No,65.7400/No.,Vial,,2026-03-30,2027-03-31,6500,Medical Stores Organisation rate contract,https://mso-gmsd.in/MSO_PORTAL/msowebsite/portal/home,"Loaded from a supplied copy. mso-gmsd.in resolves every menu item to /portal/undefined, so this could not be fetched from source.",False,,2026-08-05T15:26:45+00:00
G060170,Cefotaxime Sodium 1000mg Inj,Generic,35.3,No,35.3000/No.,Vial,,2026-03-30,2027-03-31,20000,Medical Stores Organisation rate contract,https://mso-gmsd.in/MSO_PORTAL/msowebsite/portal/home,"Loaded from a supplied copy. mso-gmsd.in resolves every menu item to /portal/undefined, so this could not be fetched from source.",False,,2026-08-05T15:26:45+00:00
G060171,Cefotaxime Sodium 1000mg+ Sulbactum 500 mg Inj,Generic,48.36,No,48.3600/No.,Vial,,2026-03-30,2027-03-31,4000,Medical Stores Organisation rate contract,https://mso-gmsd.in/MSO_PORTAL/msowebsite/portal/home,"Loaded from a supplied copy. mso-gmsd.in resolves every menu item to /portal/undefined, so this could not be fetched from source.",False,,2026-08-05T15:26:45+00:00
G060173,Cefotaxime Sodium 250mg Inj.,Generic,17.56,No,17.5600/No.,Vial,,2026-03-30,2027-03-31,10000,Medical Stores Organisation rate contract,https://mso-gmsd.in/MSO_PORTAL/msowebsite/portal/home,"Loaded from a supplied copy. mso-gmsd.in resolves every menu item to /portal/undefined, so this could not be fetched from source.",False,,2026-08-05T15:26:45+00:00
G060175,Cefotaxime Sodium 500mg Inj,Generic,23.09,No,23.0900/No.,Vial,,2026-03-30,2027-03-31,10000,Medical Stores Organisation rate contract,https://mso-gmsd.in/MSO_PORTAL/msowebsite/portal/home,"Loaded from a supplied copy. mso-gmsd.in resolves every menu item to /portal/undefined, so this could not be fetched from source.",False,,2026-08-05T15:26:45+00:00
G060193,Ceftazidime 1gm Inj,Generic,76.8,No,76.8000/No.,Vial,,2026-03-30,2027-03-31,5000,Medical Stores Organisation rate contract,https://mso-gmsd.in/MSO_PORTAL/msowebsite/portal/home,"Loaded from a supplied copy. mso-gmsd.in resolves every menu item to /portal/undefined, so this could not be fetched from source.",False,,2026-08-05T15:26:45+00:00
G060195,Ceftazidime 250mg Inj,Generic,27.67,No,27.6700/No.,Vial,,2026-03-30,2027-03-31,10000,Medical Stores Organisation rate contract,https://mso-gmsd.in/MSO_PORTAL/msowebsite/portal/home,"Loaded from a supplied copy. mso-gmsd.in resolves every menu item to /portal/undefined, so this could not be fetched from source.",False,,2026-08-05T15:26:45+00:00
G060198,Ceftazidime 500mg Inj,Generic,37.49,No,37.4900/No.,Vial,,2026-03-30,2027-03-31,10000,Medical Stores Organisation rate contract,https://mso-gmsd.in/MSO_PORTAL/msowebsite/portal/home,"Loaded from a supplied copy. mso-gmsd.in resolves every menu item to /portal/undefined, so this could not be fetched from source.",False,,2026-08-05T15:26:45+00:00
G060200,Ceftriaxone 1 g Inj,Generic,45.29,No,45.2900/No.,Vial,,2026-03-30,2027-03-31,20000,Medical Stores Organisation rate contract,https://mso-gmsd.in/MSO_PORTAL/msowebsite/portal/home,"Loaded from a supplied copy. mso-gmsd.in resolves every menu item to /portal/undefined, so this could not be fetched from source.",False,,2026-08-05T15:26:45+00:00
G060201,Ceftriaxone 1000mg+ Sulbactum 500 mg Inj,Generic,49.33,No,49.3300/No.,Vial,,2026-03-30,2027-03-31,5000,Medical Stores Organisation rate contract,https://mso-gmsd.in/MSO_PORTAL/msowebsite/portal/home,"Loaded from a supplied copy. mso-gmsd.in resolves every menu item to /portal/undefined, so this could not be fetched from source.",False,,2026-08-05T15:26:45+00:00
G060205,Ceftriaxone 250mg Inj,Generic,23.4,No,23.4000/No.,Vial,,2026-03-30,2027-03-31,2000,Medical Stores Organisation rate contract,https://mso-gmsd.in/MSO_PORTAL/msowebsite/portal/home,"Loaded from a supplied copy. mso-gmsd.in resolves every menu item to /portal/undefined, so this could not be fetched from source.",False,,2026-08-05T15:26:45+00:00
G060207,Ceftriaxone 500 mg Powder for Inj,Generic,34.86,No,34.8600/No.,Vial,,2026-03-30,2027-03-31,,Medical Stores Organisation rate contract,https://mso-gmsd.in/MSO_PORTAL/msowebsite/portal/home,"Loaded from a supplied copy. mso-gmsd.in resolves every menu item to /portal/undefined, so this could not be fetched from source.",False,,2026-08-05T15:26:45+00:00
G060214,Cefuroxime Axetil 250mg Tab,Generic,7.3086,No,7.3086/No.,Strip of 10 Tablet,10,2026-03-30,2027-03-31,150000,Medical Stores Organisation rate contract,https://mso-gmsd.in/MSO_PORTAL/msowebsite/portal/home,"Loaded from a supplied copy. mso-gmsd.in resolves every menu item to /portal/undefined, so this could not be fetched from source.",False,,2026-08-05T15:26:45+00:00
G060216,Cefuroxime Axetil 500 mg Tab,Generic,17.6531,No,17.6531/No.,Strip of 10 Tablet,10,2026-03-30,2027-03-31,150000,Medical Stores Organisation rate contract,https://mso-gmsd.in/MSO_PORTAL/msowebsite/portal/home,"Loaded from a supplied copy. mso-gmsd.in resolves every menu item to /portal/undefined, so this could not be fetched from source.",False,,2026-08-05T15:26:45+00:00
G060221,Cephalexin 250 mg Cap,Generic,2.8691,No,2.8691/No.,Strip of 10 Capsule,10,2026-03-30,2027-03-31,,Medical Stores Organisation rate contract,https://mso-gmsd.in/MSO_PORTAL/msowebsite/portal/home,"Loaded from a supplied copy. mso-gmsd.in resolves every menu item to /portal/undefined, so this could not be fetched from source.",False,,2026-08-05T15:26:45+00:00
G060223,Cephalexin 500mg Cap,Generic,5.34,No,5.3400/No.,Strip of 10 Capsule,10,2026-03-30,2027-03-31,,Medical Stores Organisation rate contract,https://mso-gmsd.in/MSO_PORTAL/msowebsite/portal/home,"Loaded from a supplied copy. mso-gmsd.in resolves every menu item to /portal/undefined, so this could not be fetched from source.",False,,2026-08-05T15:26:45+00:00
G060238,Ciprofloxacin 250mg Tab,Generic,1.692,No,1.6920/No.,Strip of 10 Tablet,10,2026-03-30,2027-03-31,300000,Medical Stores Organisation rate contract,https://mso-gmsd.in/MSO_PORTAL/msowebsite/portal/home,"Loaded from a supplied copy. mso-gmsd.in resolves every menu item to /portal/undefined, so this could not be fetched from source.",False,,2026-08-05T15:26:45+00:00
G060240,Ciprofloxacin 2mg/ml Infusion,Generic,19.62,No,19.6200/No.,100 mL Bottle,,2026-03-30,2027-03-31,5000,Medical Stores Organisation rate contract,https://mso-gmsd.in/MSO_PORTAL/msowebsite/portal/home,"Loaded from a supplied copy. mso-gmsd.in resolves every menu item to /portal/undefined, so this could not be fetched from source.",False,,2026-08-05T15:26:45+00:00
G060241,Ciprofloxacin 500mg Tab,Generic,3.1528,No,3.1528/No.,Strip of 10 Tablet,10,2026-03-30,2027-03-31,200000,Medical Stores Organisation rate contract,https://mso-gmsd.in/MSO_PORTAL/msowebsite/portal/home,"Loaded from a supplied copy. mso-gmsd.in resolves every menu item to /portal/undefined, so this could not be fetched from source.",False,,2026-08-05T15:26:45+00:00
G060243,Ciprofloxacin250mg + Tinidazole300mg Tab,Generic,2.3563,No,2.3563/No.,Strip of 10 Tablet,10,2026-03-30,2027-03-31,100000,Medical Stores Organisation rate contract,https://mso-gmsd.in/MSO_PORTAL/msowebsite/portal/home,"Loaded from a supplied copy. mso-gmsd.in resolves every menu item to /portal/undefined, so this could not be fetched from source.",False,,2026-08-05T15:26:45+00:00
G060244,Ciprofloxacin500mg +Tinidazole 600mg Tab,Generic,4.428,No,4.4280/No.,Strip of 10 Tablet,10,2026-03-30,2027-03-31,100000,Medical Stores Organisation rate contract,https://mso-gmsd.in/MSO_PORTAL/msowebsite/portal/home,"Loaded from a supplied copy. mso-gmsd.in resolves every menu item to /portal/undefined, so this could not be fetched from source.",False,,2026-08-05T15:26:45+00:00
G060249,CLARITHROMYCIN TABLET I.P. 500 MG,Generic,9.7,No,9.7000/No.,10 x 10 Tablet,,2025-12-19,2027-12-18,,Medical Stores Organisation rate contract,https://mso-gmsd.in/MSO_PORTAL/msowebsite/portal/home,"Loaded from a supplied copy. mso-gmsd.in resolves every menu item to /portal/undefined, so this could not be fetched from source.",False,,2026-08-05T15:26:45+00:00
G060253,CLINDAMYCIN CAPSULE I.P. 300 MG,Generic,2.9,No,2.9000/No.,10 x 10 Capsule,,2025-12-19,2027-12-18,,Medical Stores Organisation rate contract,https://mso-gmsd.in/MSO_PORTAL/msowebsite/portal/home,"Loaded from a supplied copy. mso-gmsd.in resolves every menu item to /portal/undefined, so this could not be fetched from source.",False,,2026-08-05T15:26:45+00:00
G060294,Doxycycline 100 mg Cap,Generic,1.839,No,1.8390/No.,Strip of 10 Capsule,10,2026-03-30,2027-03-31,200000,Medical Stores Organisation rate contract,https://mso-gmsd.in/MSO_PORTAL/msowebsite/portal/home,"Loaded from a supplied copy. mso-gmsd.in resolves every menu item to /portal/undefined, so this could not be fetched from source.",False,,2026-08-05T15:26:45+00:00
G060328,Fluconazole 150mg Tab,Generic,3.0148,No,3.0148/No.,Strip of 10 Tablet,10,2026-03-30,2027-03-31,300000,Medical Stores Organisation rate contract,https://mso-gmsd.in/MSO_PORTAL/msowebsite/portal/home,"Loaded from a supplied copy. mso-gmsd.in resolves every menu item to /portal/undefined, so this could not be fetched from source.",False,,2026-08-05T15:26:45+00:00
G060346,Gentamicin 40mg/ml Inj,Generic,9.7,No,9.7000/No.,2 mL Ampoule,,2026-03-30,2027-03-31,,Medical Stores Organisation rate contract,https://mso-gmsd.in/MSO_PORTAL/msowebsite/portal/home,"Loaded from a supplied copy. mso-gmsd.in resolves every menu item to /portal/undefined, so this could not be fetched from source.",False,,2026-08-05T15:26:45+00:00
G060351,Hydroxy Chloroquine Sulphate Tablet 200 mg,Generic,1.67,No,1.6700/No.,Strip of 10 Tablet,10,2025-12-19,2027-12-18,,Medical Stores Organisation rate contract,https://mso-gmsd.in/MSO_PORTAL/msowebsite/portal/home,"Loaded from a supplied copy. mso-gmsd.in resolves every menu item to /portal/undefined, so this could not be fetched from source.",False,,2026-08-05T15:26:45+00:00
G060371,Ivermectin Tablet 12 mg,Generic,0.29,No,0.2900/No.,Strip of 10 Tablet,10,2025-12-19,2027-12-18,,Medical Stores Organisation rate contract,https://mso-gmsd.in/MSO_PORTAL/msowebsite/portal/home,"Loaded from a supplied copy. mso-gmsd.in resolves every menu item to /portal/undefined, so this could not be fetched from source.",False,,2026-08-05T15:26:45+00:00
G060377,Levofloxacin 500mg Inj (100 ml Bottle),Generic,17.58,No,17.5800/No.,Bottle of 100ml,,2026-03-30,2027-03-31,,Medical Stores Organisation rate contract,https://mso-gmsd.in/MSO_PORTAL/msowebsite/portal/home,"Loaded from a supplied copy. mso-gmsd.in resolves every menu item to /portal/undefined, so this could not be fetched from source.",False,,2026-08-05T15:26:45+00:00
G060378,Levofloxacin 500mg Tab,Generic,3.9319,No,3.9319/No.,Strip of 10 Tablet,10,2026-03-30,2027-03-31,100000,Medical Stores Organisation rate contract,https://mso-gmsd.in/MSO_PORTAL/msowebsite/portal/home,"Loaded from a supplied copy. mso-gmsd.in resolves every menu item to /portal/undefined, so this could not be fetched from source.",False,,2026-08-05T15:26:45+00:00
G060379,Levofloxacin IP 250 mg,Generic,2.0372,No,2.0372/No.,Strip of 10 Tablet,10,2026-03-30,2027-03-31,100000,Medical Stores Organisation rate contract,https://mso-gmsd.in/MSO_PORTAL/msowebsite/portal/home,"Loaded from a supplied copy. mso-gmsd.in resolves every menu item to /portal/undefined, so this could not be fetched from source.",False,,2026-08-05T15:26:45+00:00
G060402,Meropenem 500 mg PowderforInj(as Trihydrate) Inj,Generic,202.68,No,202.6800/No.,Vial,,2026-03-30,2027-03-31,,Medical Stores Organisation rate contract,https://mso-gmsd.in/MSO_PORTAL/msowebsite/portal/home,"Loaded from a supplied copy. mso-gmsd.in resolves every menu item to /portal/undefined, so this could not be fetched from source.",False,,2026-08-05T15:26:45+00:00
G060405,Meropenem 1gm Inj,Generic,396.37,No,396.3700/No.,Vial,,2026-03-30,2027-03-31,2000,Medical Stores Organisation rate contract,https://mso-gmsd.in/MSO_PORTAL/msowebsite/portal/home,"Loaded from a supplied copy. mso-gmsd.in resolves every menu item to /portal/undefined, so this could not be fetched from source.",False,,2026-08-05T15:26:45+00:00
G060410,Metronidazole 200 mg Tab,Generic,0.7222,No,0.7222/No.,Strip of 10 Tablet,10,2026-03-30,2027-03-31,500000,Medical Stores Organisation rate contract,https://mso-gmsd.in/MSO_PORTAL/msowebsite/portal/home,"Loaded from a supplied copy. mso-gmsd.in resolves every menu item to /portal/undefined, so this could not be fetched from source.",False,,2026-08-05T15:26:45+00:00
G060412,Metronidazole 400 mg Tab,Generic,0.9999,No,0.9999/No.,Strip of 10 Tablet,10,2026-03-30,2027-03-31,200000,Medical Stores Organisation rate contract,https://mso-gmsd.in/MSO_PORTAL/msowebsite/portal/home,"Loaded from a supplied copy. mso-gmsd.in resolves every menu item to /portal/undefined, so this could not be fetched from source.",False,,2026-08-05T15:26:45+00:00
G060413,Metronidazole 500 mg /100ml Inj,Generic,17.37,No,17.3700/No.,100 mL Bottle,,2026-03-30,2027-03-31,5000,Medical Stores Organisation rate contract,https://mso-gmsd.in/MSO_PORTAL/msowebsite/portal/home,"Loaded from a supplied copy. mso-gmsd.in resolves every menu item to /portal/undefined, so this could not be fetched from source.",False,,2026-08-05T15:26:45+00:00
G060437,NEVIRAPINE TABLET I.P. 200 MG,Generic,3.15,No,3.1500/No.,Bottle of 60 Tablets,,2025-12-19,2027-12-18,,Medical Stores Organisation rate contract,https://mso-gmsd.in/MSO_PORTAL/msowebsite/portal/home,"Loaded from a supplied copy. mso-gmsd.in resolves every menu item to /portal/undefined, so this could not be fetched from source.",False,,2026-08-05T15:26:45+00:00
G060446,Norfloxacin 400 mg Tab,Generic,2.4644,No,2.4644/No.,Strip of 10 Tablet,10,2026-03-30,2027-03-31,200000,Medical Stores Organisation rate contract,https://mso-gmsd.in/MSO_PORTAL/msowebsite/portal/home,"Loaded from a supplied copy. mso-gmsd.in resolves every menu item to /portal/undefined, so this could not be fetched from source.",False,,2026-08-05T15:26:45+00:00
G060447,Norfloxacin 400mg + Tinidazole 600m tabg,Generic,3.7957,No,3.7957/No.,Strip of 10 Tablet,10,2026-03-30,2027-03-31,100000,Medical Stores Organisation rate contract,https://mso-gmsd.in/MSO_PORTAL/msowebsite/portal/home,"Loaded from a supplied copy. mso-gmsd.in resolves every menu item to /portal/undefined, so this could not be fetched from source.",False,,2026-08-05T15:26:45+00:00
G060454,Ofloxacin 200mg + Ornidazole 500mg Tab,Generic,2.8806,No,2.8806/No.,Strip of 10 Tablet,10,2026-03-30,2027-03-31,200000,Medical Stores Organisation rate contract,https://mso-gmsd.in/MSO_PORTAL/msowebsite/portal/home,"Loaded from a supplied copy. mso-gmsd.in resolves every menu item to /portal/undefined, so this could not be fetched from source.",False,,2026-08-05T15:26:45+00:00
G060456,Ofloxacin 200mg Tab,Generic,1.7527,No,1.7527/No.,Strip of 10 Tablet,10,2026-03-30,2027-03-31,200000,Medical Stores Organisation rate contract,https://mso-gmsd.in/MSO_PORTAL/msowebsite/portal/home,"Loaded from a supplied copy. mso-gmsd.in resolves every menu item to /portal/undefined, so this could not be fetched from source.",False,,2026-08-05T15:26:45+00:00
G060458,Ofloxacin 400mg Tab,Generic,3.2086,No,3.2086/No.,Strip of 10 Tablet,10,2026-03-30,2027-03-31,200000,Medical Stores Organisation rate contract,https://mso-gmsd.in/MSO_PORTAL/msowebsite/portal/home,"Loaded from a supplied copy. mso-gmsd.in resolves every menu item to /portal/undefined, so this could not be fetched from source.",False,,2026-08-05T15:26:45+00:00
G060476,Piperacillin 4gm+ Tazobactam 500mg Inj.,Generic,132.01,No,132.0100/No.,Vial,,2026-03-30,2027-03-31,5000,Medical Stores Organisation rate contract,https://mso-gmsd.in/MSO_PORTAL/msowebsite/portal/home,"Loaded from a supplied copy. mso-gmsd.in resolves every menu item to /portal/undefined, so this could not be fetched from source.",False,,2026-08-05T15:26:45+00:00
G060497,Quinine Tablet I.P. 300 mg,Generic,2.11,No,2.1100/No.,Strip of 10 Tablet,10,2025-12-19,2027-12-18,,Medical Stores Organisation rate contract,https://mso-gmsd.in/MSO_PORTAL/msowebsite/portal/home,"Loaded from a supplied copy. mso-gmsd.in resolves every menu item to /portal/undefined, so this could not be fetched from source.",False,,2026-08-05T15:26:45+00:00
G060506,RIFAXIMIN TABLET 200 MG,Generic,3.2,No,3.2000/No.,Strip of 10 Tablet,10,2025-12-19,2027-12-18,,Medical Stores Organisation rate contract,https://mso-gmsd.in/MSO_PORTAL/msowebsite/portal/home,"Loaded from a supplied copy. mso-gmsd.in resolves every menu item to /portal/undefined, so this could not be fetched from source.",False,,2026-08-05T15:26:45+00:00
G060507,RIFAXIMIN TABLET 400 MG,Generic,6.53,No,6.5300/No.,Strip of 10 Tablet,10,2025-12-19,2027-12-18,,Medical Stores Organisation rate contract,https://mso-gmsd.in/MSO_PORTAL/msowebsite/portal/home,"Loaded from a supplied copy. mso-gmsd.in resolves every menu item to /portal/undefined, so this could not be fetched from source.",False,,2026-08-05T15:26:45+00:00
G060551,Tinidazole 300mg Tab,Generic,0.9999,No,0.9999/No.,Strip of 10 Tablet,10,2026-03-30,2027-03-31,200000,Medical Stores Organisation rate contract,https://mso-gmsd.in/MSO_PORTAL/msowebsite/portal/home,"Loaded from a supplied copy. mso-gmsd.in resolves every menu item to /portal/undefined, so this could not be fetched from source.",False,,2026-08-05T15:26:45+00:00
G060552,Tinidazole 500 mg Tab,Generic,1.4739,No,1.4739/No.,Strip of 10 Tablet,10,2026-03-30,2027-03-31,200000,Medical Stores Organisation rate contract,https://mso-gmsd.in/MSO_PORTAL/msowebsite/portal/home,"Loaded from a supplied copy. mso-gmsd.in resolves every menu item to /portal/undefined, so this could not be fetched from source.",False,,2026-08-05T15:26:45+00:00
G060559,Trimethoprim 160mg + Sulphamethoxazole 800mg Tab,Generic,2.1516,No,2.1516/No.,Strip of 10 Tablet,10,2026-03-30,2027-03-31,200000,Medical Stores Organisation rate contract,https://mso-gmsd.in/MSO_PORTAL/msowebsite/portal/home,"Loaded from a supplied copy. mso-gmsd.in resolves every menu item to /portal/undefined, so this could not be fetched from source.",False,,2026-08-05T15:26:45+00:00
G060572,VANCOMYCIN INTRAVENOUS INFUSION I.P. 500 MG,Generic,4.78,No,4.7800/No.,Vial,,2025-12-19,2027-12-18,,Medical Stores Organisation rate contract,https://mso-gmsd.in/MSO_PORTAL/msowebsite/portal/home,"Loaded from a supplied copy. mso-gmsd.in resolves every menu item to /portal/undefined, so this could not be fetched from source.",False,,2026-08-05T15:26:45+00:00
G06323,Tenofovir Alafenamide Tablet 25mg,Generic,11.9,No,11.9000/No.,Bottle of 30 Tablet,,2025-11-06,2027-01-05,,Medical Stores Organisation rate contract,https://mso-gmsd.in/MSO_PORTAL/msowebsite/portal/home,"Loaded from a supplied copy. mso-gmsd.in resolves every menu item to /portal/undefined, so this could not be fetched from source.",False,,2026-08-05T15:26:45+00:00
G06389,Amoxicillin and Clarithromycin and Esomeprazole Tablet 750mg and 500mg and 40mg,Generic,48.75,No,48.7500/No.,Strip of 1 tablet,1,2025-11-06,2027-01-05,,Medical Stores Organisation rate contract,https://mso-gmsd.in/MSO_PORTAL/msowebsite/portal/home,"Loaded from a supplied copy. mso-gmsd.in resolves every menu item to /portal/undefined, so this could not be fetched from source.",False,,2026-08-05T15:26:45+00:00
G06390,Amoxicillin and Clarithromycin and Pantoprazole Tablet 750mg and 500mg and 40mg,Generic,50.0,No,50.0000/No.,Strip of 7 Tablet,7,2025-11-06,2027-01-05,,Medical Stores Organisation rate contract,https://mso-gmsd.in/MSO_PORTAL/msowebsite/portal/home,"Loaded from a supplied copy. mso-gmsd.in resolves every menu item to /portal/undefined, so this could not be fetched from source.",False,,2026-08-05T15:26:45+00:00
G06393,Cefpodoxime and Clavulanic Tablet 200mg and 125mg,Generic,7.7,No,7.7000/No.,Strip of 10 Tablet,10,2025-11-06,2027-01-05,,Medical Stores Organisation rate contract,https://mso-gmsd.in/MSO_PORTAL/msowebsite/portal/home,"Loaded from a supplied copy. mso-gmsd.in resolves every menu item to /portal/undefined, so this could not be fetched from source.",False,,2026-08-05T15:26:45+00:00
G06394,Cefuroxime and Clavulanic Tablet 500mg and 125mg,Generic,11.62,No,11.6200/No.,Strip of 10 Tablet,10,2025-11-06,2027-01-05,,Medical Stores Organisation rate contract,https://mso-gmsd.in/MSO_PORTAL/msowebsite/portal/home,"Loaded from a supplied copy. mso-gmsd.in resolves every menu item to /portal/undefined, so this could not be fetched from source.",False,,2026-08-05T15:26:45+00:00
G06395,Colistimethate Sodium 1Million IU,Generic,39.6,No,39.6000/No.,Vial,,2025-11-06,2027-01-05,,Medical Stores Organisation rate contract,https://mso-gmsd.in/MSO_PORTAL/msowebsite/portal/home,"Loaded from a supplied copy. mso-gmsd.in resolves every menu item to /portal/undefined, so this could not be fetched from source.",False,,2026-08-05T15:26:45+00:00
G06398,Fosfomycin Sachet 3g,Generic,110.0,No,110.0000/No.,Sachet,,2025-11-06,2027-01-05,,Medical Stores Organisation rate contract,https://mso-gmsd.in/MSO_PORTAL/msowebsite/portal/home,"Loaded from a supplied copy. mso-gmsd.in resolves every menu item to /portal/undefined, so this could not be fetched from source.",False,,2026-08-05T15:26:45+00:00
G06399,Hydroxychloroquine 300mg,Generic,3.33,No,3.3300/No.,Strip of 10 Tablet,10,2025-11-06,2027-01-05,,Medical Stores Organisation rate contract,https://mso-gmsd.in/MSO_PORTAL/msowebsite/portal/home,"Loaded from a supplied copy. mso-gmsd.in resolves every menu item to /portal/undefined, so this could not be fetched from source.",False,,2026-08-05T15:26:45+00:00
G06400,Posaconazole Tablet 100mg,Generic,87.0,No,87.0000/No.,Blister of 10 Tablets,,2025-11-06,2027-01-05,,Medical Stores Organisation rate contract,https://mso-gmsd.in/MSO_PORTAL/msowebsite/portal/home,"Loaded from a supplied copy. mso-gmsd.in resolves every menu item to /portal/undefined, so this could not be fetched from source.",False,,2026-08-05T15:26:45+00:00
G06401,Posaconazole Tablet 300mg,Generic,377.0,No,377.0000/No.,Blister of 10 Tablets,,2025-11-06,2027-01-05,,Medical Stores Organisation rate contract,https://mso-gmsd.in/MSO_PORTAL/msowebsite/portal/home,"Loaded from a supplied copy. mso-gmsd.in resolves every menu item to /portal/undefined, so this could not be fetched from source.",False,,2026-08-05T15:26:45+00:00
G06402,Tigecycline Vial 50mg,Generic,115.02,No,115.0200/No.,Vial,,2025-11-06,2027-01-05,,Medical Stores Organisation rate contract,https://mso-gmsd.in/MSO_PORTAL/msowebsite/portal/home,"Loaded from a supplied copy. mso-gmsd.in resolves every menu item to /portal/undefined, so this could not be fetched from source.",False,,2026-08-05T15:26:45+00:00
G06403,Tobramycin Respule 300mg,Generic,206.25,No,206.2500/No.,5 ml Respule,,2025-11-06,2027-01-05,,Medical Stores Organisation rate contract,https://mso-gmsd.in/MSO_PORTAL/msowebsite/portal/home,"Loaded from a supplied copy. mso-gmsd.in resolves every menu item to /portal/undefined, so this could not be fetched from source.",False,,2026-08-05T15:26:45+00:00
G06404,Valacyclovir Tablet 1000mg,Generic,74.29,No,74.2900/No.,Strip of 3 Tablet,3,2025-11-06,2027-01-05,,Medical Stores Organisation rate contract,https://mso-gmsd.in/MSO_PORTAL/msowebsite/portal/home,"Loaded from a supplied copy. mso-gmsd.in resolves every menu item to /portal/undefined, so this could not be fetched from source.",False,,2026-08-05T15:26:45+00:00
G07012,Flunarizine and Propranol Capsule 10mg and 40mg,Generic,1.06,No,1.0600/No.,Strip of 10 Capsule,10,2025-11-06,2027-01-05,,Medical Stores Organisation rate contract,https://mso-gmsd.in/MSO_PORTAL/msowebsite/portal/home,"Loaded from a supplied copy. mso-gmsd.in resolves every menu item to /portal/undefined, so this could not be fetched from source.",False,,2026-08-05T15:26:45+00:00
G07013,Naproxen and Sumatriptan Tablet 500mg and 85mg,Generic,13.75,No,13.7500/No.,Strip of 10 Tablet,10,2025-11-06,2027-01-05,,Medical Stores Organisation rate contract,https://mso-gmsd.in/MSO_PORTAL/msowebsite/portal/home,"Loaded from a supplied copy. mso-gmsd.in resolves every menu item to /portal/undefined, so this could not be fetched from source.",False,,2026-08-05T15:26:45+00:00
G080343,TACROLIMUS CAPSULE 0.5 MG,Generic,2.4,No,2.4000/No.,Strip of 10 Tablet,10,2025-12-19,2027-12-18,,Medical Stores Organisation rate contract,https://mso-gmsd.in/MSO_PORTAL/msowebsite/portal/home,"Loaded from a supplied copy. mso-gmsd.in resolves every menu item to /portal/undefined, so this could not be fetched from source.",False,,2026-08-05T15:26:45+00:00
G080344,TACROLIMUS CAPSULE 1 MG,Generic,4.2,No,4.2000/No.,Strip of 10 Tablet,10,2025-12-19,2027-12-18,,Medical Stores Organisation rate contract,https://mso-gmsd.in/MSO_PORTAL/msowebsite/portal/home,"Loaded from a supplied copy. mso-gmsd.in resolves every menu item to /portal/undefined, so this could not be fetched from source.",False,,2026-08-05T15:26:45+00:00
G080345,TACROLIMUS CAPSULE 2 MG,Generic,9.4,No,9.4000/No.,Strip of 10 Capsule,10,2025-12-19,2027-12-18,,Medical Stores Organisation rate contract,https://mso-gmsd.in/MSO_PORTAL/msowebsite/portal/home,"Loaded from a supplied copy. mso-gmsd.in resolves every menu item to /portal/undefined, so this could not be fetched from source.",False,,2026-08-05T15:26:45+00:00
G080347,TAMOXIFEN TABLET I.P. 10 MG,Generic,0.76,No,0.7600/No.,Strip of 10 Tablet,10,2025-12-19,2027-12-18,,Medical Stores Organisation rate contract,https://mso-gmsd.in/MSO_PORTAL/msowebsite/portal/home,"Loaded from a supplied copy. mso-gmsd.in resolves every menu item to /portal/undefined, so this could not be fetched from source.",True,tamoxifen is an oncology molecule,2026-08-05T15:26:45+00:00
G080348,TAMOXIFEN TABLET I.P. 20 MG,Generic,1.23,No,1.2300/No.,Strip of 10 Tablet,10,2025-12-19,2027-12-18,,Medical Stores Organisation rate contract,https://mso-gmsd.in/MSO_PORTAL/msowebsite/portal/home,"Loaded from a supplied copy. mso-gmsd.in resolves every menu item to /portal/undefined, so this could not be fetched from source.",True,tamoxifen is an oncology molecule,2026-08-05T15:26:45+00:00
G08244,Capecitabine and Cyclophosphamide Tablet 400mg and 20mg,Generic,77.29,No,77.2900/No.,Strip of 7 Tablet,7,2025-11-06,2027-01-05,,Medical Stores Organisation rate contract,https://mso-gmsd.in/MSO_PORTAL/msowebsite/portal/home,"Loaded from a supplied copy. mso-gmsd.in resolves every menu item to /portal/undefined, so this could not be fetched from source.",False,,2026-08-05T15:26:45+00:00
G08245,Capecitabine and Cyclophosphamide Tablet 700mg and 30mg,Generic,121.29,No,121.2900/No.,Strip of 7 Tablet,7,2025-11-06,2027-01-05,,Medical Stores Organisation rate contract,https://mso-gmsd.in/MSO_PORTAL/msowebsite/portal/home,"Loaded from a supplied copy. mso-gmsd.in resolves every menu item to /portal/undefined, so this could not be fetched from source.",False,,2026-08-05T15:26:45+00:00
G08247,Ondanseetron Oral Disintegrating Strip 4 MG,Generic,2.7,No,2.7000/No.,Sachet,,2025-11-06,2027-01-05,,Medical Stores Organisation rate contract,https://mso-gmsd.in/MSO_PORTAL/msowebsite/portal/home,"Loaded from a supplied copy. mso-gmsd.in resolves every menu item to /portal/undefined, so this could not be fetched from source.",False,,2026-08-05T15:26:45+00:00
G08248,Ondanseetron Oral Disintegrating Strip Orally Disintegrating strip 8mg,Generic,4.92,No,4.9200/No.,12 ODS in one mono carton,,2025-11-06,2027-01-05,,Medical Stores Organisation rate contract,https://mso-gmsd.in/MSO_PORTAL/msowebsite/portal/home,"Loaded from a supplied copy. mso-gmsd.in resolves every menu item to /portal/undefined, so this could not be fetched from source.",False,,2026-08-05T15:26:45+00:00
G08249,Cyclosporine 0.05 percent Drop,Generic,27.5,No,27.5000/No.,3ml filling in 5ml bottle,,2025-11-06,2027-01-05,,Medical Stores Organisation rate contract,https://mso-gmsd.in/MSO_PORTAL/msowebsite/portal/home,"Loaded from a supplied copy. mso-gmsd.in resolves every menu item to /portal/undefined, so this could not be fetched from source.",False,,2026-08-05T15:26:45+00:00
G090017,PRAMIPEXOLE TABLET 0.5 MG,Generic,0.49,No,0.4900/No.,Strip of 10 Tablet,10,2025-12-19,2027-12-18,,Medical Stores Organisation rate contract,https://mso-gmsd.in/MSO_PORTAL/msowebsite/portal/home,"Loaded from a supplied copy. mso-gmsd.in resolves every menu item to /portal/undefined, so this could not be fetched from source.",False,,2026-08-05T15:26:45+00:00
G09011,Ropinirole Tablet 2 mg,Generic,17.57,No,17.5700/No.,Strip of 10 Tablet,10,2025-11-06,2027-01-05,,Medical Stores Organisation rate contract,https://mso-gmsd.in/MSO_PORTAL/msowebsite/portal/home,"Loaded from a supplied copy. mso-gmsd.in resolves every menu item to /portal/undefined, so this could not be fetched from source.",False,,2026-08-05T15:26:45+00:00
G09014,Entacapone Tablet 200 mg,Generic,6.43,No,6.4300/No.,Strip of 10 Tablet,10,2025-11-06,2027-01-05,,Medical Stores Organisation rate contract,https://mso-gmsd.in/MSO_PORTAL/msowebsite/portal/home,"Loaded from a supplied copy. mso-gmsd.in resolves every menu item to /portal/undefined, so this could not be fetched from source.",False,,2026-08-05T15:26:45+00:00
G09027,Safinamide 50mg Tablet,Generic,9.72,No,9.7200/No.,Strip of 10 Tablet,10,2025-11-06,2027-01-05,,Medical Stores Organisation rate contract,https://mso-gmsd.in/MSO_PORTAL/msowebsite/portal/home,"Loaded from a supplied copy. mso-gmsd.in resolves every menu item to /portal/undefined, so this could not be fetched from source.",False,,2026-08-05T15:26:45+00:00
G100003,ACENOCOUMAROL TABLET 1 MG,Generic,0.76,No,0.7600/No.,1x30 Tablet,,2025-12-19,2027-12-18,,Medical Stores Organisation rate contract,https://mso-gmsd.in/MSO_PORTAL/msowebsite/portal/home,"Loaded from a supplied copy. mso-gmsd.in resolves every menu item to /portal/undefined, so this could not be fetched from source.",False,,2026-08-05T15:26:45+00:00
G100007,ACENOCOUMAROL TABLET 3 MG,Generic,2.16,No,2.1600/No.,1x30 Tablet,,2025-12-19,2027-12-18,,Medical Stores Organisation rate contract,https://mso-gmsd.in/MSO_PORTAL/msowebsite/portal/home,"Loaded from a supplied copy. mso-gmsd.in resolves every menu item to /portal/undefined, so this could not be fetched from source.",False,,2026-08-05T15:26:45+00:00
G100013,"Cyanocobalamin, Ferrous Fumarate and Folic Acid Capsule In Time Release Form 15mcg + 200mg+ 1.5mg",Generic,0.64,No,0.6400/No.,Strip of 10 Capsule,10,2025-12-19,2027-12-18,,Medical Stores Organisation rate contract,https://mso-gmsd.in/MSO_PORTAL/msowebsite/portal/home,"Loaded from a supplied copy. mso-gmsd.in resolves every menu item to /portal/undefined, so this could not be fetched from source.",False,,2026-08-05T15:26:45+00:00
G100015,"Each 15ml contains: Cyanocobalamin 7.5mcg, Ferric Ammonium Citrate 160mg Folic Acid 0.5mg and Alcohol (95%) 0.87ml Liquid",Generic,29.42,No,29.4200/No.,Bottle of 200ml,,2025-12-19,2027-12-18,,Medical Stores Organisation rate contract,https://mso-gmsd.in/MSO_PORTAL/msowebsite/portal/home,"Loaded from a supplied copy. mso-gmsd.in resolves every menu item to /portal/undefined, so this could not be fetched from source.",False,,2026-08-05T15:26:45+00:00
G100030,Dried Ferrous Sulphate and Folic Acid Capsule In Time Release Form 150mg + 0.5mg,Generic,0.47,No,0.4700/No.,Strip of 10 Capsule,10,2025-12-19,2027-12-18,,Medical Stores Organisation rate contract,https://mso-gmsd.in/MSO_PORTAL/msowebsite/portal/home,"Loaded from a supplied copy. mso-gmsd.in resolves every menu item to /portal/undefined, so this could not be fetched from source.",False,,2026-08-05T15:26:45+00:00
G100043,ERYTHROPOETIN INJECTION 10000 IU,Generic,220.0,No,220.0000/No.,1 ml PFS,,2025-12-19,2027-12-18,,Medical Stores Organisation rate contract,https://mso-gmsd.in/MSO_PORTAL/msowebsite/portal/home,"Loaded from a supplied copy. mso-gmsd.in resolves every menu item to /portal/undefined, so this could not be fetched from source.",False,,2026-08-05T15:26:45+00:00
G100051,Ethamsylate Tablet 250 mg,Generic,0.41,No,0.4100/No.,Strip of 10 Tablet,10,2025-12-19,2027-12-18,,Medical Stores Organisation rate contract,https://mso-gmsd.in/MSO_PORTAL/msowebsite/portal/home,"Loaded from a supplied copy. mso-gmsd.in resolves every menu item to /portal/undefined, so this could not be fetched from source.",False,,2026-08-05T15:26:45+00:00
G100053,Ethamsylate Tablet 500 mg,Generic,0.65,No,0.6500/No.,Strip of 10 Tablet,10,2025-12-19,2027-12-18,,Medical Stores Organisation rate contract,https://mso-gmsd.in/MSO_PORTAL/msowebsite/portal/home,"Loaded from a supplied copy. mso-gmsd.in resolves every menu item to /portal/undefined, so this could not be fetched from source.",False,,2026-08-05T15:26:45+00:00
G100094,Tranexamic Acid Injection 500mg/5mL,Generic,7.5,No,7.5000/No.,5 mL Ampoule,,2025-12-19,2027-12-18,,Medical Stores Organisation rate contract,https://mso-gmsd.in/MSO_PORTAL/msowebsite/portal/home,"Loaded from a supplied copy. mso-gmsd.in resolves every menu item to /portal/undefined, so this could not be fetched from source.",False,,2026-08-05T15:26:45+00:00
G10050,Calcium Dobesillate Tablet 500 mg,Generic,1.7,No,1.7000/No.,Strip of 10 Capsule,10,2025-11-06,2027-01-05,,Medical Stores Organisation rate contract,https://mso-gmsd.in/MSO_PORTAL/msowebsite/portal/home,"Loaded from a supplied copy. mso-gmsd.in resolves every menu item to /portal/undefined, so this could not be fetched from source.",False,,2026-08-05T15:26:45+00:00
G10089,Tranexamic Acid Tablet 635mg and 115mg,Generic,12.9,No,12.9000/No.,Strip of 10 Tablet,10,2025-01-06,2027-01-05,,Medical Stores Organisation rate contract,https://mso-gmsd.in/MSO_PORTAL/msowebsite/portal/home,"Loaded from a supplied copy. mso-gmsd.in resolves every menu item to /portal/undefined, so this could not be fetched from source.",False,,2026-08-05T15:26:45+00:00
G10090,Heparin Vial 25000IU,Generic,100.0,No,100.0000/No.,5 ml vial,,2025-11-06,2027-01-05,,Medical Stores Organisation rate contract,https://mso-gmsd.in/MSO_PORTAL/msowebsite/portal/home,"Loaded from a supplied copy. mso-gmsd.in resolves every menu item to /portal/undefined, so this could not be fetched from source.",False,,2026-08-05T15:26:45+00:00
G10091,Rivaroxaban Tablet 2.5mg,Generic,1.25,No,1.2500/No.,Strip of 10 Tablet,10,2025-11-06,2027-01-05,,Medical Stores Organisation rate contract,https://mso-gmsd.in/MSO_PORTAL/msowebsite/portal/home,"Loaded from a supplied copy. mso-gmsd.in resolves every menu item to /portal/undefined, so this could not be fetched from source.",False,,2026-08-05T15:26:45+00:00
G10092,Romiplostim Vial 250mcg,Generic,1549.0,No,1549.0000/No.,0.5 ml Vial,,2025-11-06,2027-01-05,,Medical Stores Organisation rate contract,https://mso-gmsd.in/MSO_PORTAL/msowebsite/portal/home,"Loaded from a supplied copy. mso-gmsd.in resolves every menu item to /portal/undefined, so this could not be fetched from source.",True,romiplostim is an oncology molecule,2026-08-05T15:26:45+00:00
G10093,Tolvaptan Tablet 30mg,Generic,153.0,No,153.0000/No.,Strip of 10 Tablet,10,2025-11-06,2027-01-05,,Medical Stores Organisation rate contract,https://mso-gmsd.in/MSO_PORTAL/msowebsite/portal/home,"Loaded from a supplied copy. mso-gmsd.in resolves every menu item to /portal/undefined, so this could not be fetched from source.",False,,2026-08-05T15:26:45+00:00
G120013,AMIODARONE TABLET I.P. 100 MG,Generic,1.95,No,1.9500/No.,Strip of 10 Tablet,10,2025-12-19,2027-12-18,,Medical Stores Organisation rate contract,https://mso-gmsd.in/MSO_PORTAL/msowebsite/portal/home,"Loaded from a supplied copy. mso-gmsd.in resolves every menu item to /portal/undefined, so this could not be fetched from source.",False,,2026-08-05T15:26:45+00:00
G120014,AMIODARONE TABLET I.P. 200 MG,Generic,3.3,No,3.3000/No.,10 x 10 Tablet,,2025-12-19,2027-12-18,,Medical Stores Organisation rate contract,https://mso-gmsd.in/MSO_PORTAL/msowebsite/portal/home,"Loaded from a supplied copy. mso-gmsd.in resolves every menu item to /portal/undefined, so this could not be fetched from source.",False,,2026-08-05T15:26:45+00:00
G120032,AMLODIPINE AND METOPROLOL TABLET 5MG + 25MG,Generic,0.52,No,0.5200/No.,10 x 10 Tablet,,2025-12-19,2027-12-18,,Medical Stores Organisation rate contract,https://mso-gmsd.in/MSO_PORTAL/msowebsite/portal/home,"Loaded from a supplied copy. mso-gmsd.in resolves every menu item to /portal/undefined, so this could not be fetched from source.",False,,2026-08-05T15:26:45+00:00
G120033,AMLODIPINE AND METOPROLOL EXTENDED RELEASE TABLET 5MG + 50MG,Generic,0.59,No,0.5900/No.,10 x 10 Tablet,,2025-12-19,2027-12-18,,Medical Stores Organisation rate contract,https://mso-gmsd.in/MSO_PORTAL/msowebsite/portal/home,"Loaded from a supplied copy. mso-gmsd.in resolves every menu item to /portal/undefined, so this could not be fetched from source.",False,,2026-08-05T15:26:45+00:00
G120035,AMLODIPINE AND OLMESARTAN TABLET 5MG + 20MG,Generic,0.9,No,0.9000/No.,10 x 15 Tablet,,2025-12-19,2027-12-18,,Medical Stores Organisation rate contract,https://mso-gmsd.in/MSO_PORTAL/msowebsite/portal/home,"Loaded from a supplied copy. mso-gmsd.in resolves every menu item to /portal/undefined, so this could not be fetched from source.",False,,2026-08-05T15:26:45+00:00
G120040,Amlodipine 5mg Tab,Generic,0.2569,No,0.2569/No.,Strip of 10 Tablet,10,2026-03-30,2027-03-31,500000,Medical Stores Organisation rate contract,https://mso-gmsd.in/MSO_PORTAL/msowebsite/portal/home,"Loaded from a supplied copy. mso-gmsd.in resolves every menu item to /portal/undefined, so this could not be fetched from source.",False,,2026-08-05T15:26:45+00:00
G120041,AMLODIPINE AND TELMISARTAN TABLET 5MG + 40MG,Generic,0.61,No,0.6100/No.,Strip of 10 Tablet,10,2025-12-19,2027-12-18,,Medical Stores Organisation rate contract,https://mso-gmsd.in/MSO_PORTAL/msowebsite/portal/home,"Loaded from a supplied copy. mso-gmsd.in resolves every menu item to /portal/undefined, so this could not be fetched from source.",False,,2026-08-05T15:26:45+00:00
G120052,ASPIRIN ENTERIC COATED TABLET 150 MG,Generic,0.42,No,0.4200/No.,Strip of 14 Tablet,14,2025-12-19,2027-12-18,,Medical Stores Organisation rate contract,https://mso-gmsd.in/MSO_PORTAL/msowebsite/portal/home,"Loaded from a supplied copy. mso-gmsd.in resolves every menu item to /portal/undefined, so this could not be fetched from source.",False,,2026-08-05T15:26:45+00:00
G120072,ASPIRIN ENTERIC COATED TABLET I.P. 75 MG,Generic,0.25,No,0.2500/No.,Strip of 14 Tablet,14,2025-12-19,2027-12-18,,Medical Stores Organisation rate contract,https://mso-gmsd.in/MSO_PORTAL/msowebsite/portal/home,"Loaded from a supplied copy. mso-gmsd.in resolves every menu item to /portal/undefined, so this could not be fetched from source.",False,,2026-08-05T15:26:45+00:00
G120075,Atenolol 25mg Tab,Generic,0.2711,No,0.2711/No.,Strip of 10 Tablet,10,2026-03-30,2027-03-31,500000,Medical Stores Organisation rate contract,https://mso-gmsd.in/MSO_PORTAL/msowebsite/portal/home,"Loaded from a supplied copy. mso-gmsd.in resolves every menu item to /portal/undefined, so this could not be fetched from source.",False,,2026-08-05T15:26:45+00:00
G120080,Atenolol 50mg Tab,Generic,0.444,No,0.4440/No.,Strip of 10 Tablet,10,2026-03-30,2027-03-31,500000,Medical Stores Organisation rate contract,https://mso-gmsd.in/MSO_PORTAL/msowebsite/portal/home,"Loaded from a supplied copy. mso-gmsd.in resolves every menu item to /portal/undefined, so this could not be fetched from source.",False,,2026-08-05T15:26:45+00:00
G120088,ATORVASTATIN AND FENOFIBRATE TABLET 10MG + 160MG,Generic,0.89,No,0.8900/No.,Strip of 10 Tablet,10,2025-12-19,2027-12-18,,Medical Stores Organisation rate contract,https://mso-gmsd.in/MSO_PORTAL/msowebsite/portal/home,"Loaded from a supplied copy. mso-gmsd.in resolves every menu item to /portal/undefined, so this could not be fetched from source.",False,,2026-08-05T15:26:45+00:00
G120089,Atorvastatin 10mg Tab,Generic,0.6355,No,0.6355/No.,Strip of 10 Tablet,10,2026-03-30,2027-03-31,500000,Medical Stores Organisation rate contract,https://mso-gmsd.in/MSO_PORTAL/msowebsite/portal/home,"Loaded from a supplied copy. mso-gmsd.in resolves every menu item to /portal/undefined, so this could not be fetched from source.",False,,2026-08-05T15:26:45+00:00
G120095,Atorvastatin 20mg Tab,Generic,1.0523,No,1.0523/No.,Strip of 10 Tablet,10,2026-03-30,2027-03-31,500000,Medical Stores Organisation rate contract,https://mso-gmsd.in/MSO_PORTAL/msowebsite/portal/home,"Loaded from a supplied copy. mso-gmsd.in resolves every menu item to /portal/undefined, so this could not be fetched from source.",False,,2026-08-05T15:26:45+00:00
G120099,ATORVASTATIN TABLET 40 MG,Generic,0.62,No,0.6200/No.,Strip of 10 Tablet,10,2025-12-19,2027-12-18,,Medical Stores Organisation rate contract,https://mso-gmsd.in/MSO_PORTAL/msowebsite/portal/home,"Loaded from a supplied copy. mso-gmsd.in resolves every menu item to /portal/undefined, so this could not be fetched from source.",False,,2026-08-05T15:26:45+00:00
G120126,BISOPROLOL TABLET 2.5 MG,Generic,0.36,No,0.3600/No.,Strip of 10 Tablet,10,2025-12-19,2027-12-18,,Medical Stores Organisation rate contract,https://mso-gmsd.in/MSO_PORTAL/msowebsite/portal/home,"Loaded from a supplied copy. mso-gmsd.in resolves every menu item to /portal/undefined, so this could not be fetched from source.",False,,2026-08-05T15:26:45+00:00
G120130,BISOPROLOL TABLET 5 MG,Generic,0.39,No,0.3900/No.,Strip of 10 Tablet,10,2025-12-19,2027-12-18,,Medical Stores Organisation rate contract,https://mso-gmsd.in/MSO_PORTAL/msowebsite/portal/home,"Loaded from a supplied copy. mso-gmsd.in resolves every menu item to /portal/undefined, so this could not be fetched from source.",False,,2026-08-05T15:26:45+00:00
G120132,BOSENTAN TABLET 62.5 MG,Generic,14.0,No,14.0000/No.,Strip of 10 Tablet,10,2025-12-19,2027-12-18,,Medical Stores Organisation rate contract,https://mso-gmsd.in/MSO_PORTAL/msowebsite/portal/home,"Loaded from a supplied copy. mso-gmsd.in resolves every menu item to /portal/undefined, so this could not be fetched from source.",False,,2026-08-05T15:26:45+00:00
G120155,CHLORTHALIDONE TABLET 12.5 MG,Generic,0.36,No,0.3600/No.,Strip of 10 Tablet,10,2025-12-19,2027-12-18,,Medical Stores Organisation rate contract,https://mso-gmsd.in/MSO_PORTAL/msowebsite/portal/home,"Loaded from a supplied copy. mso-gmsd.in resolves every menu item to /portal/undefined, so this could not be fetched from source.",False,,2026-08-05T15:26:45+00:00
G120159,CHLORTHALIDONE TABLET 6.25 MG,Generic,0.29,No,0.2900/No.,Strip of 10 Tablet,10,2025-12-19,2027-12-18,,Medical Stores Organisation rate contract,https://mso-gmsd.in/MSO_PORTAL/msowebsite/portal/home,"Loaded from a supplied copy. mso-gmsd.in resolves every menu item to /portal/undefined, so this could not be fetched from source.",False,,2026-08-05T15:26:45+00:00
G120175,CILNIDIPINE TABLET 20 MG,Generic,0.34,No,0.3400/No.,Strip of 10 Tablet,10,2025-12-19,2027-12-18,,Medical Stores Organisation rate contract,https://mso-gmsd.in/MSO_PORTAL/msowebsite/portal/home,"Loaded from a supplied copy. mso-gmsd.in resolves every menu item to /portal/undefined, so this could not be fetched from source.",False,,2026-08-05T15:26:45+00:00
G120179,CILNIDIPINE TABLET 10 MG,Generic,0.29,No,0.2900/No.,Strip of 10 Tablet,10,2025-12-19,2027-12-18,,Medical Stores Organisation rate contract,https://mso-gmsd.in/MSO_PORTAL/msowebsite/portal/home,"Loaded from a supplied copy. mso-gmsd.in resolves every menu item to /portal/undefined, so this could not be fetched from source.",False,,2026-08-05T15:26:45+00:00
G120244,FENOFIBRATE AND ROSUVASTATIN TABLET 160MG + 10MG,Generic,1.13,No,1.1300/No.,Strip of 10 Tablet,10,2025-12-19,2027-12-18,,Medical Stores Organisation rate contract,https://mso-gmsd.in/MSO_PORTAL/msowebsite/portal/home,"Loaded from a supplied copy. mso-gmsd.in resolves every menu item to /portal/undefined, so this could not be fetched from source.",False,,2026-08-05T15:26:45+00:00
G120271,HYDROCHLOROTHIAZIDE AND RAMIPRIL CAPSULE 12.5MG + 2.5MG,Generic,1.29,No,1.2900/No.,Strip of 15 Tablet,15,2025-12-19,2027-12-18,,Medical Stores Organisation rate contract,https://mso-gmsd.in/MSO_PORTAL/msowebsite/portal/home,"Loaded from a supplied copy. mso-gmsd.in resolves every menu item to /portal/undefined, so this could not be fetched from source.",False,,2026-08-05T15:26:45+00:00
G120275,HYDROCHLOROTHIAZIDE AND OLMESARTAN MEDOXOMIL TABLET 12.5MG + 40MG,Generic,1.09,No,1.0900/No.,Strip of 10 Tablet,10,2025-12-19,2027-12-18,,Medical Stores Organisation rate contract,https://mso-gmsd.in/MSO_PORTAL/msowebsite/portal/home,"Loaded from a supplied copy. mso-gmsd.in resolves every menu item to /portal/undefined, so this could not be fetched from source.",False,,2026-08-05T15:26:45+00:00
G120287,ISOSORBIDE 5 MONONITRATE TABLET 20 MG,Generic,0.45,No,0.4500/No.,Strip of 10 Tablet,10,2025-12-19,2027-12-18,,Medical Stores Organisation rate contract,https://mso-gmsd.in/MSO_PORTAL/msowebsite/portal/home,"Loaded from a supplied copy. mso-gmsd.in resolves every menu item to /portal/undefined, so this could not be fetched from source.",False,,2026-08-05T15:26:45+00:00
G120289,ISOSORBIDE 5 MONONITRATE SUSTAINED RELEASE TABLET 30 MG,Generic,2.16,No,2.1600/No.,Strip of 10 Tablet,10,2025-12-19,2027-12-18,,Medical Stores Organisation rate contract,https://mso-gmsd.in/MSO_PORTAL/msowebsite/portal/home,"Loaded from a supplied copy. mso-gmsd.in resolves every menu item to /portal/undefined, so this could not be fetched from source.",False,,2026-08-05T15:26:45+00:00
G120302,IVABRADINE TABLET 5 MG,Generic,1.37,No,1.3700/No.,10 x 10 Tablet,,2025-12-19,2027-12-18,,Medical Stores Organisation rate contract,https://mso-gmsd.in/MSO_PORTAL/msowebsite/portal/home,"Loaded from a supplied copy. mso-gmsd.in resolves every menu item to /portal/undefined, so this could not be fetched from source.",False,,2026-08-05T15:26:45+00:00
G120303,IVABRADINE TABLET 7.5 MG,Generic,1.87,No,1.8700/No.,10 x 10 Tablet,,2025-12-19,2027-12-18,,Medical Stores Organisation rate contract,https://mso-gmsd.in/MSO_PORTAL/msowebsite/portal/home,"Loaded from a supplied copy. mso-gmsd.in resolves every menu item to /portal/undefined, so this could not be fetched from source.",False,,2026-08-05T15:26:45+00:00
G120318,Losartan 25 mg Tab,Generic,0.5764,No,0.5764/No.,Strip of 10 Tablet,10,2026-03-30,2027-03-31,500000,Medical Stores Organisation rate contract,https://mso-gmsd.in/MSO_PORTAL/msowebsite/portal/home,"Loaded from a supplied copy. mso-gmsd.in resolves every menu item to /portal/undefined, so this could not be fetched from source.",False,,2026-08-05T15:26:45+00:00
G120322,Losartan 50mg Tab,Generic,0.9537,No,0.9537/No.,Strip of 10 Tablet,10,2026-03-30,2027-03-31,500000,Medical Stores Organisation rate contract,https://mso-gmsd.in/MSO_PORTAL/msowebsite/portal/home,"Loaded from a supplied copy. mso-gmsd.in resolves every menu item to /portal/undefined, so this could not be fetched from source.",False,,2026-08-05T15:26:45+00:00
G120345,METOPROLOL TABLET 100 MG,Generic,0.77,No,0.7700/No.,Strip of 10 Tablet,10,2025-12-19,2027-12-18,,Medical Stores Organisation rate contract,https://mso-gmsd.in/MSO_PORTAL/msowebsite/portal/home,"Loaded from a supplied copy. mso-gmsd.in resolves every menu item to /portal/undefined, so this could not be fetched from source.",False,,2026-08-05T15:26:45+00:00
G120346,METOPROLOL TABLET 12.5 MG,Generic,0.6,No,0.6000/No.,Strip of 10 Tablet,10,2025-12-19,2027-12-18,,Medical Stores Organisation rate contract,https://mso-gmsd.in/MSO_PORTAL/msowebsite/portal/home,"Loaded from a supplied copy. mso-gmsd.in resolves every menu item to /portal/undefined, so this could not be fetched from source.",False,,2026-08-05T15:26:45+00:00
G120362,MOXONIDINE TABLET 0.2 MG,Generic,0.78,No,0.7800/No.,Strip of 10 Tablet,10,2025-12-19,2027-12-18,,Medical Stores Organisation rate contract,https://mso-gmsd.in/MSO_PORTAL/msowebsite/portal/home,"Loaded from a supplied copy. mso-gmsd.in resolves every menu item to /portal/undefined, so this could not be fetched from source.",False,,2026-08-05T15:26:45+00:00
G120363,MOXONIDINE TABLET 0.3 MG,Generic,0.86,No,0.8600/No.,Strip of 10 Tablet,10,2025-12-19,2027-12-18,,Medical Stores Organisation rate contract,https://mso-gmsd.in/MSO_PORTAL/msowebsite/portal/home,"Loaded from a supplied copy. mso-gmsd.in resolves every menu item to /portal/undefined, so this could not be fetched from source.",False,,2026-08-05T15:26:45+00:00
G120367,NEBIVOLOL TABLET 2.5 MG,Generic,0.72,No,0.7200/No.,Strip of 10 Tablet,10,2025-12-19,2027-12-18,,Medical Stores Organisation rate contract,https://mso-gmsd.in/MSO_PORTAL/msowebsite/portal/home,"Loaded from a supplied copy. mso-gmsd.in resolves every menu item to /portal/undefined, so this could not be fetched from source.",False,,2026-08-05T15:26:45+00:00
G120392,OLMESARTAN MEDOXOMIL TABLET 20 MG,Generic,0.6,No,0.6000/No.,Strip of 10 Tablet,10,2025-12-19,2027-12-18,,Medical Stores Organisation rate contract,https://mso-gmsd.in/MSO_PORTAL/msowebsite/portal/home,"Loaded from a supplied copy. mso-gmsd.in resolves every menu item to /portal/undefined, so this could not be fetched from source.",False,,2026-08-05T15:26:45+00:00
G120393,OLMESARTAN MEDOXOMIL TABLET 40 MG,Generic,1.0,No,1.0000/No.,10 x 10 Tablet,,2025-12-19,2027-12-18,,Medical Stores Organisation rate contract,https://mso-gmsd.in/MSO_PORTAL/msowebsite/portal/home,"Loaded from a supplied copy. mso-gmsd.in resolves every menu item to /portal/undefined, so this could not be fetched from source.",False,,2026-08-05T15:26:45+00:00
G120397,Orciprenaline Sulphate Tablet 10 mg,Generic,5.86,No,5.8600/No.,Strip of 15 Tablet,15,2025-12-19,2027-12-18,,Medical Stores Organisation rate contract,https://mso-gmsd.in/MSO_PORTAL/msowebsite/portal/home,"Loaded from a supplied copy. mso-gmsd.in resolves every menu item to /portal/undefined, so this could not be fetched from source.",False,,2026-08-05T15:26:45+00:00
G120412,PERINDOPRIL TABLET 8 MG,Generic,4.87,No,4.8700/No.,Strip of 10 Tablet,10,2025-12-19,2027-12-18,,Medical Stores Organisation rate contract,https://mso-gmsd.in/MSO_PORTAL/msowebsite/portal/home,"Loaded from a supplied copy. mso-gmsd.in resolves every menu item to /portal/undefined, so this could not be fetched from source.",False,,2026-08-05T15:26:45+00:00
G120429,PRAZOSIN TABLET I.P. 5 MG,Generic,0.74,No,0.7400/No.,Strip of 10 Tablet,10,2025-12-19,2027-12-18,,Medical Stores Organisation rate contract,https://mso-gmsd.in/MSO_PORTAL/msowebsite/portal/home,"Loaded from a supplied copy. mso-gmsd.in resolves every menu item to /portal/undefined, so this could not be fetched from source.",False,,2026-08-05T15:26:45+00:00
G120446,RAMIPRIL TABLET I.P. 5 MG,Generic,0.41,No,0.4100/No.,Strip of 10 Tablet,10,2025-12-19,2027-12-18,,Medical Stores Organisation rate contract,https://mso-gmsd.in/MSO_PORTAL/msowebsite/portal/home,"Loaded from a supplied copy. mso-gmsd.in resolves every menu item to /portal/undefined, so this could not be fetched from source.",False,,2026-08-05T15:26:45+00:00
G120460,ROSUVASTATIN TABLET I.P. 20 MG,Generic,0.61,No,0.6100/No.,Strip of 10 Tablet,10,2025-12-19,2027-12-18,,Medical Stores Organisation rate contract,https://mso-gmsd.in/MSO_PORTAL/msowebsite/portal/home,"Loaded from a supplied copy. mso-gmsd.in resolves every menu item to /portal/undefined, so this could not be fetched from source.",False,,2026-08-05T15:26:45+00:00
G120462,ROSUVASTATIN TABLET 40 MG,Generic,0.97,No,0.9700/No.,Strip of 10 Tablet,10,2025-12-19,2027-12-18,,Medical Stores Organisation rate contract,https://mso-gmsd.in/MSO_PORTAL/msowebsite/portal/home,"Loaded from a supplied copy. mso-gmsd.in resolves every menu item to /portal/undefined, so this could not be fetched from source.",False,,2026-08-05T15:26:45+00:00
G120463,ROSUVASTATIN TABLET I.P. 5 MG,Generic,0.29,No,0.2900/No.,Strip of 10 Tablet,10,2025-12-19,2027-12-18,,Medical Stores Organisation rate contract,https://mso-gmsd.in/MSO_PORTAL/msowebsite/portal/home,"Loaded from a supplied copy. mso-gmsd.in resolves every menu item to /portal/undefined, so this could not be fetched from source.",False,,2026-08-05T15:26:45+00:00
G120470,S AMLODEPINE TABLET 5 MG,Generic,0.35,No,0.3500/No.,Strip of 10 Tablet,10,2025-12-19,2027-12-18,,Medical Stores Organisation rate contract,https://mso-gmsd.in/MSO_PORTAL/msowebsite/portal/home,"Loaded from a supplied copy. mso-gmsd.in resolves every menu item to /portal/undefined, so this could not be fetched from source.",False,,2026-08-05T15:26:45+00:00
G12145,Losartan and Amlodipine Tablet 5mg+ 25mg,Generic,5.34,No,5.3400/No.,Strip of 10 Tablet,10,2025-11-06,2027-01-05,,Medical Stores Organisation rate contract,https://mso-gmsd.in/MSO_PORTAL/msowebsite/portal/home,"Loaded from a supplied copy. mso-gmsd.in resolves every menu item to /portal/undefined, so this could not be fetched from source.",False,,2026-08-05T15:26:45+00:00
G12147,Levodopa and Carbidopa Sustained Release Tablet 200mg + 50mg,Generic,3.67,No,3.6700/No.,Strip of 15 Tablet,15,2025-11-06,2027-01-05,,Medical Stores Organisation rate contract,https://mso-gmsd.in/MSO_PORTAL/msowebsite/portal/home,"Loaded from a supplied copy. mso-gmsd.in resolves every menu item to /portal/undefined, so this could not be fetched from source.",False,,2026-08-05T15:26:45+00:00
G12163,Propranolol Capsule 40 mg,Generic,0.73,No,0.7300/No.,Strip of 10 Tablet,10,2025-11-06,2027-01-05,,Medical Stores Organisation rate contract,https://mso-gmsd.in/MSO_PORTAL/msowebsite/portal/home,"Loaded from a supplied copy. mso-gmsd.in resolves every menu item to /portal/undefined, so this could not be fetched from source.",False,,2026-08-05T15:26:45+00:00
G12178,Atorvastatin and Fenofibrate Tablet 10mg + 200mg,Generic,2.69,No,2.6900/No.,Strip of 10 Tablet,10,2025-11-06,2027-01-05,,Medical Stores Organisation rate contract,https://mso-gmsd.in/MSO_PORTAL/msowebsite/portal/home,"Loaded from a supplied copy. mso-gmsd.in resolves every menu item to /portal/undefined, so this could not be fetched from source.",False,,2026-08-05T15:26:45+00:00
G12182,Nebivolol and S-Amlodipine Tablet 2.5mg + 5mg,Generic,2.29,No,2.2900/No.,Strip of 10 Tablet,10,2025-11-06,2027-01-05,,Medical Stores Organisation rate contract,https://mso-gmsd.in/MSO_PORTAL/msowebsite/portal/home,"Loaded from a supplied copy. mso-gmsd.in resolves every menu item to /portal/undefined, so this could not be fetched from source.",False,,2026-08-05T15:26:45+00:00
G12246,Ezetimide and Rosuvastatin Tablet 10mg + 10mg,Generic,1.42,No,1.4200/No.,Strip of 10 Tablet,10,2025-11-06,2027-01-05,,Medical Stores Organisation rate contract,https://mso-gmsd.in/MSO_PORTAL/msowebsite/portal/home,"Loaded from a supplied copy. mso-gmsd.in resolves every menu item to /portal/undefined, so this could not be fetched from source.",False,,2026-08-05T15:26:45+00:00
G12266,Losartan and S Amlodipine Tablet 50mg + 2.5mg,Generic,2.5,No,2.5000/No.,Strip of 15 Tablet,15,2025-11-06,2027-01-05,,Medical Stores Organisation rate contract,https://mso-gmsd.in/MSO_PORTAL/msowebsite/portal/home,"Loaded from a supplied copy. mso-gmsd.in resolves every menu item to /portal/undefined, so this could not be fetched from source.",False,,2026-08-05T15:26:45+00:00
G12279,Pitavastin Tablet 1 mg,Generic,6.65,No,6.6500/No.,Strip of 10 Tablet,10,2025-11-06,2027-01-05,,Medical Stores Organisation rate contract,https://mso-gmsd.in/MSO_PORTAL/msowebsite/portal/home,"Loaded from a supplied copy. mso-gmsd.in resolves every menu item to /portal/undefined, so this could not be fetched from source.",False,,2026-08-05T15:26:45+00:00
G12280,Pitavastin Tablet 2 mg,Generic,14.12,No,14.1200/No.,Strip of 10 Tablet,10,2025-11-06,2027-01-05,,Medical Stores Organisation rate contract,https://mso-gmsd.in/MSO_PORTAL/msowebsite/portal/home,"Loaded from a supplied copy. mso-gmsd.in resolves every menu item to /portal/undefined, so this could not be fetched from source.",False,,2026-08-05T15:26:45+00:00
G12348,Ezetimibe 10mg Tablet,Generic,12.02,No,12.0200/No.,Strip of 10 Tablet,10,2025-11-06,2027-01-05,,Medical Stores Organisation rate contract,https://mso-gmsd.in/MSO_PORTAL/msowebsite/portal/home,"Loaded from a supplied copy. mso-gmsd.in resolves every menu item to /portal/undefined, so this could not be fetched from source.",False,,2026-08-05T15:26:45+00:00
G12366,Pitavastatin Tablet 4mg,Generic,20.36,No,20.3600/No.,Strip of 10 Tablet,10,2025-11-06,2027-01-05,,Medical Stores Organisation rate contract,https://mso-gmsd.in/MSO_PORTAL/msowebsite/portal/home,"Loaded from a supplied copy. mso-gmsd.in resolves every menu item to /portal/undefined, so this could not be fetched from source.",False,,2026-08-05T15:26:45+00:00
G12387,Metoprolol Succinate 23.75mg Eq. To Metoprolol Tartrate 25mg Telmisartan Ip 40mg Chlorthalidone Ip 12.5mg Tablet 25mg and 40mg and 12.5mg,Generic,1.78,No,1.7800/No.,Strip of 10 Tablet,10,2025-11-06,2027-01-05,,Medical Stores Organisation rate contract,https://mso-gmsd.in/MSO_PORTAL/msowebsite/portal/home,"Loaded from a supplied copy. mso-gmsd.in resolves every menu item to /portal/undefined, so this could not be fetched from source.",False,,2026-08-05T15:26:45+00:00
G12388,Metoprolol Succinate 23.75mg Eq. To Metoprolol Tartrate 25mg and Telmisartan Ip 40mg and Chlorthalidone Ip 6.25mg Tablet 25mg and 40mg and 6.25mg,Generic,5.57,No,5.5700/No.,Blister of 15 Tablet,,2025-11-06,2027-01-05,,Medical Stores Organisation rate contract,https://mso-gmsd.in/MSO_PORTAL/msowebsite/portal/home,"Loaded from a supplied copy. mso-gmsd.in resolves every menu item to /portal/undefined, so this could not be fetched from source.",False,,2026-08-05T15:26:45+00:00
G12395,Ambrisentan Tablet 10mg,Generic,88.7,No,88.7000/No.,Strip of 10 Tablet,10,2025-11-06,2027-01-05,,Medical Stores Organisation rate contract,https://mso-gmsd.in/MSO_PORTAL/msowebsite/portal/home,"Loaded from a supplied copy. mso-gmsd.in resolves every menu item to /portal/undefined, so this could not be fetched from source.",False,,2026-08-05T15:26:45+00:00
G12398,Amlodipine and Bisoprolol Tablet 5mg and 2.5mg,Generic,0.77,No,0.7700/No.,Strip of 10 Tablet,10,2025-11-06,2027-01-05,,Medical Stores Organisation rate contract,https://mso-gmsd.in/MSO_PORTAL/msowebsite/portal/home,"Loaded from a supplied copy. mso-gmsd.in resolves every menu item to /portal/undefined, so this could not be fetched from source.",False,,2026-08-05T15:26:45+00:00
G12400,Aspirin and Rosuvastatin Tablet 150mg and 20mg,Generic,2.19,No,2.1900/No.,Strip of 10 Capsule,10,2025-11-06,2027-01-05,,Medical Stores Organisation rate contract,https://mso-gmsd.in/MSO_PORTAL/msowebsite/portal/home,"Loaded from a supplied copy. mso-gmsd.in resolves every menu item to /portal/undefined, so this could not be fetched from source.",False,,2026-08-05T15:26:45+00:00
G12401,Atorvastatin and Ezetimide Tablet 40mg and 10mg,Generic,1.89,No,1.8900/No.,Strip of 10 Tablet,10,2025-11-06,2027-01-05,,Medical Stores Organisation rate contract,https://mso-gmsd.in/MSO_PORTAL/msowebsite/portal/home,"Loaded from a supplied copy. mso-gmsd.in resolves every menu item to /portal/undefined, so this could not be fetched from source.",False,,2026-08-05T15:26:45+00:00
G12402,Azelnidipine Tablet 16mg,Generic,2.58,No,2.5800/No.,Strip of 10 Tablet,10,2025-11-06,2027-01-05,,Medical Stores Organisation rate contract,https://mso-gmsd.in/MSO_PORTAL/msowebsite/portal/home,"Loaded from a supplied copy. mso-gmsd.in resolves every menu item to /portal/undefined, so this could not be fetched from source.",False,,2026-08-05T15:26:45+00:00
G12403,Azelnidipine Tablet 8mg,Generic,1.42,No,1.4200/No.,Strip of 10 Tablet,10,2025-11-06,2027-01-05,,Medical Stores Organisation rate contract,https://mso-gmsd.in/MSO_PORTAL/msowebsite/portal/home,"Loaded from a supplied copy. mso-gmsd.in resolves every menu item to /portal/undefined, so this could not be fetched from source.",False,,2026-08-05T15:26:45+00:00
G12404,Benidipine and Chlorthalidone Tablet 4mg and 12.5mg,Generic,2.5,No,2.5000/No.,Strip of 10 Tablet,10,2025-11-06,2027-01-05,,Medical Stores Organisation rate contract,https://mso-gmsd.in/MSO_PORTAL/msowebsite/portal/home,"Loaded from a supplied copy. mso-gmsd.in resolves every menu item to /portal/undefined, so this could not be fetched from source.",False,,2026-08-05T15:26:45+00:00
G12405,Chlorthalidone and Cilnidipine and Olmesartan Tablet 12.5mg and 10mg and 40mg,Generic,2.5,No,2.5000/No.,Strip of 10 Tablet,10,2025-11-06,2027-01-05,,Medical Stores Organisation rate contract,https://mso-gmsd.in/MSO_PORTAL/msowebsite/portal/home,"Loaded from a supplied copy. mso-gmsd.in resolves every menu item to /portal/undefined, so this could not be fetched from source.",False,,2026-08-05T15:26:45+00:00
G12406,Chlorthalidone and Metoprolol and Telmisartan Tablet 12.5mg and 50mg and 40mg,Generic,6.19,No,6.1900/No.,Blister of 15 Tablet,,2025-11-06,2027-01-05,,Medical Stores Organisation rate contract,https://mso-gmsd.in/MSO_PORTAL/msowebsite/portal/home,"Loaded from a supplied copy. mso-gmsd.in resolves every menu item to /portal/undefined, so this could not be fetched from source.",False,,2026-08-05T15:26:45+00:00
G12407,Olmesartan Medoxomil And Chlorthalidone Tablet 12.5mg and 20mg,Generic,0.95,No,0.9500/No.,Strip of 10 Tablet,10,2025-11-06,2027-01-05,,Medical Stores Organisation rate contract,https://mso-gmsd.in/MSO_PORTAL/msowebsite/portal/home,"Loaded from a supplied copy. mso-gmsd.in resolves every menu item to /portal/undefined, so this could not be fetched from source.",False,,2026-08-05T15:26:45+00:00
G12408,Chlorthalidone and Cilnidipine and Telmisartan Tablet 6.25mg and 10mg and 40mg,Generic,0.98,No,0.9800/No.,Strip of 10 Tablet,10,2025-11-06,2027-01-05,,Medical Stores Organisation rate contract,https://mso-gmsd.in/MSO_PORTAL/msowebsite/portal/home,"Loaded from a supplied copy. mso-gmsd.in resolves every menu item to /portal/undefined, so this could not be fetched from source.",False,,2026-08-05T15:26:45+00:00
G12409,Chlorthalidone and Telmesartan Tablet 6.25mg and 80mg,Generic,3.9,No,3.9000/No.,Strip of 15 Tablet,15,2025-11-06,2027-01-05,,Medical Stores Organisation rate contract,https://mso-gmsd.in/MSO_PORTAL/msowebsite/portal/home,"Loaded from a supplied copy. mso-gmsd.in resolves every menu item to /portal/undefined, so this could not be fetched from source.",False,,2026-08-05T15:26:45+00:00
G12411,Cilnidipine and Metoprolol Tablet 10mg and 25mg,Generic,0.88,No,0.8800/No.,Strip of 10 Tablet,10,2025-11-06,2027-01-05,,Medical Stores Organisation rate contract,https://mso-gmsd.in/MSO_PORTAL/msowebsite/portal/home,"Loaded from a supplied copy. mso-gmsd.in resolves every menu item to /portal/undefined, so this could not be fetched from source.",False,,2026-08-05T15:26:45+00:00
G12412,Cilnidipine and Metoprolol and Telmisartan Tablet 10mg and 25mg and 40mg,Generic,2.28,No,2.2800/No.,Strip of 10 Tablet,10,2025-11-06,2027-01-05,,Medical Stores Organisation rate contract,https://mso-gmsd.in/MSO_PORTAL/msowebsite/portal/home,"Loaded from a supplied copy. mso-gmsd.in resolves every menu item to /portal/undefined, so this could not be fetched from source.",False,,2026-08-05T15:26:45+00:00
G12413,Cilnidipine and Metoprolol and Telmisartan Tablet 10mg and 50mg and 40mg,Generic,2.33,No,2.3300/No.,Strip of 10 Tablet,10,2025-11-06,2027-01-05,,Medical Stores Organisation rate contract,https://mso-gmsd.in/MSO_PORTAL/msowebsite/portal/home,"Loaded from a supplied copy. mso-gmsd.in resolves every menu item to /portal/undefined, so this could not be fetched from source.",False,,2026-08-05T15:26:45+00:00
G12414,Etizolam and Propranolol Tablet 0.5mg and 20mg,Generic,0.56,No,0.5600/No.,Strip of 10 Tablet,10,2025-11-06,2027-01-05,,Medical Stores Organisation rate contract,https://mso-gmsd.in/MSO_PORTAL/msowebsite/portal/home,"Loaded from a supplied copy. mso-gmsd.in resolves every menu item to /portal/undefined, so this could not be fetched from source.",False,,2026-08-05T15:26:45+00:00
G12416,Hydrochlorothiazide and Metoprolol Tablet 12.5mg and 50mg,Generic,1.25,No,1.2500/No.,Strip of 10 Tablet,10,2025-11-06,2027-01-05,,Medical Stores Organisation rate contract,https://mso-gmsd.in/MSO_PORTAL/msowebsite/portal/home,"Loaded from a supplied copy. mso-gmsd.in resolves every menu item to /portal/undefined, so this could not be fetched from source.",False,,2026-08-05T15:26:45+00:00
G12418,Macitentan Tablet 10mg,Generic,135.9,No,135.9000/No.,Strip of 10 Tablet,10,2025-11-06,2027-01-05,,Medical Stores Organisation rate contract,https://mso-gmsd.in/MSO_PORTAL/msowebsite/portal/home,"Loaded from a supplied copy. mso-gmsd.in resolves every menu item to /portal/undefined, so this could not be fetched from source.",False,,2026-08-05T15:26:45+00:00
G12419,Metoprolol and Olmesartan Tablet 25mg and 20mg,Generic,1.59,No,1.5900/No.,Strip of 10 Tablet,10,2025-11-06,2027-01-05,,Medical Stores Organisation rate contract,https://mso-gmsd.in/MSO_PORTAL/msowebsite/portal/home,"Loaded from a supplied copy. mso-gmsd.in resolves every menu item to /portal/undefined, so this could not be fetched from source.",False,,2026-08-05T15:26:45+00:00
G12420,Metoprolol and Olmesartan Tablet 50mg and 20mg,Generic,1.84,No,1.8400/No.,Strip of 10 Tablet,10,2025-11-06,2027-01-05,,Medical Stores Organisation rate contract,https://mso-gmsd.in/MSO_PORTAL/msowebsite/portal/home,"Loaded from a supplied copy. mso-gmsd.in resolves every menu item to /portal/undefined, so this could not be fetched from source.",False,,2026-08-05T15:26:45+00:00
G12421,Sotalol Tablet 40mg,Generic,4.14,No,4.1400/No.,Strip of 10 Tablet,10,2025-11-06,2027-01-05,,Medical Stores Organisation rate contract,https://mso-gmsd.in/MSO_PORTAL/msowebsite/portal/home,"Loaded from a supplied copy. mso-gmsd.in resolves every menu item to /portal/undefined, so this could not be fetched from source.",False,,2026-08-05T15:26:45+00:00
G12422,Trimetazidine Tablet 80mg,Generic,4.56,No,4.5600/No.,Strip of 10 Tablet,10,2025-11-06,2027-01-05,,Medical Stores Organisation rate contract,https://mso-gmsd.in/MSO_PORTAL/msowebsite/portal/home,"Loaded from a supplied copy. mso-gmsd.in resolves every menu item to /portal/undefined, so this could not be fetched from source.",False,,2026-08-05T15:26:45+00:00
G130021,Beclomethasone and Clotrimazole Cream 0.025%w/w + 1%w/w,Generic,6.15,No,6.1500/No.,15 Gm Tube,,2025-12-19,2027-12-18,,Medical Stores Organisation rate contract,https://mso-gmsd.in/MSO_PORTAL/msowebsite/portal/home,"Loaded from a supplied copy. mso-gmsd.in resolves every menu item to /portal/undefined, so this could not be fetched from source.",False,,2026-08-05T15:26:45+00:00
G130067,Clobetasol Propionate Cream 0.05%w/w,Generic,7.45,No,7.4500/No.,30 Gm Tube,,2025-12-19,2027-12-18,,Medical Stores Organisation rate contract,https://mso-gmsd.in/MSO_PORTAL/msowebsite/portal/home,"Loaded from a supplied copy. mso-gmsd.in resolves every menu item to /portal/undefined, so this could not be fetched from source.",False,,2026-08-05T15:26:45+00:00
G130073,Clotrimazole 1%w/w Cream,Generic,10.34,No,10.3400/No.,15 Gm Tube,,2026-03-30,2027-03-31,50000,Medical Stores Organisation rate contract,https://mso-gmsd.in/MSO_PORTAL/msowebsite/portal/home,"Loaded from a supplied copy. mso-gmsd.in resolves every menu item to /portal/undefined, so this could not be fetched from source.",False,,2026-08-05T15:26:45+00:00
G130076,Clotrimazole Gel 2%,Generic,7.05,No,7.0500/No.,15 Gm Tube,,2025-12-19,2027-12-18,,Medical Stores Organisation rate contract,https://mso-gmsd.in/MSO_PORTAL/msowebsite/portal/home,"Loaded from a supplied copy. mso-gmsd.in resolves every menu item to /portal/undefined, so this could not be fetched from source.",False,,2026-08-05T15:26:45+00:00
G130213,Mometasone Cream 0.1%,Generic,7.5,No,7.5000/No.,15 Gm Tube,,2025-12-19,2027-12-18,,Medical Stores Organisation rate contract,https://mso-gmsd.in/MSO_PORTAL/msowebsite/portal/home,"Loaded from a supplied copy. mso-gmsd.in resolves every menu item to /portal/undefined, so this could not be fetched from source.",False,,2026-08-05T15:26:45+00:00
G130230,Permetharin Cream 5%,Generic,9.5,No,9.5000/No.,30 Gm Tube,,2025-12-19,2027-12-18,,Medical Stores Organisation rate contract,https://mso-gmsd.in/MSO_PORTAL/msowebsite/portal/home,"Loaded from a supplied copy. mso-gmsd.in resolves every menu item to /portal/undefined, so this could not be fetched from source.",False,,2026-08-05T15:26:45+00:00
G130244,"Povidone Iodine 5% Oint, 15 gm Tube",Generic,12.32,No,12.3200/No.,15 Gm Tube,,2026-03-30,2027-03-31,50000,Medical Stores Organisation rate contract,https://mso-gmsd.in/MSO_PORTAL/msowebsite/portal/home,"Loaded from a supplied copy. mso-gmsd.in resolves every menu item to /portal/undefined, so this could not be fetched from source.",False,,2026-08-05T15:26:45+00:00
G130293,"Povidone Iodine 5% w/w Oint , 250 gm Jar",Generic,160.48,No,160.4800/No.,250 gm Jar,,2026-03-30,2027-03-31,50000,Medical Stores Organisation rate contract,https://mso-gmsd.in/MSO_PORTAL/msowebsite/portal/home,"Loaded from a supplied copy. mso-gmsd.in resolves every menu item to /portal/undefined, so this could not be fetched from source.",False,,2026-08-05T15:26:45+00:00
G13043,Clotrimazole and Selenium Sulphide Suspension 1%w/v + 2.5w/v,Generic,38.67,No,38.6700/No.,60 ml Bottle,,2025-11-06,2027-01-05,,Medical Stores Organisation rate contract,https://mso-gmsd.in/MSO_PORTAL/msowebsite/portal/home,"Loaded from a supplied copy. mso-gmsd.in resolves every menu item to /portal/undefined, so this could not be fetched from source.",False,,2026-08-05T15:26:45+00:00
G13057,Ketoconazole and Prepared Coal Tar Scalp Solution 2%w/v + 2%w/v,Generic,48.75,No,48.7500/No.,50 ml Solution,,2025-11-06,2027-01-05,,Medical Stores Organisation rate contract,https://mso-gmsd.in/MSO_PORTAL/msowebsite/portal/home,"Loaded from a supplied copy. mso-gmsd.in resolves every menu item to /portal/undefined, so this could not be fetched from source.",False,,2026-08-05T15:26:45+00:00
G13119,Bottle A Diperoxochloric Acid 1.16mg Bottle B Sterile Sodium Chloride Solution Bp 0.9 percent W/V Bottle 1.16mg,Generic,1480.0,No,1480.0000/No.,Bottle of 30 ml,,2025-11-06,2027-01-05,,Medical Stores Organisation rate contract,https://mso-gmsd.in/MSO_PORTAL/msowebsite/portal/home,"Loaded from a supplied copy. mso-gmsd.in resolves every menu item to /portal/undefined, so this could not be fetched from source.",False,,2026-08-05T15:26:45+00:00
G13130,Feracrylum Gel 3%W/W Centbucridine 0.5%W/W Gel 3 percent w/w and 0.5 percent w/w,Generic,68.0,No,68.0000/No.,20 Gm Tube,,2025-11-06,2027-01-05,,Medical Stores Organisation rate contract,https://mso-gmsd.in/MSO_PORTAL/msowebsite/portal/home,"Loaded from a supplied copy. mso-gmsd.in resolves every menu item to /portal/undefined, so this could not be fetched from source.",False,,2026-08-05T15:26:45+00:00
G13131,Adapalene and Benzoyl Peroxide Gel 0.1 percent and 2.5 percent,Generic,69.77,No,69.7700/No.,20 Gm Tube,,2025-11-06,2027-01-05,,Medical Stores Organisation rate contract,https://mso-gmsd.in/MSO_PORTAL/msowebsite/portal/home,"Loaded from a supplied copy. mso-gmsd.in resolves every menu item to /portal/undefined, so this could not be fetched from source.",False,,2026-08-05T15:26:45+00:00
G13132,Allantoin and Allium Cepa and Heparin Gel 0.01g and 0.1g and 50IU,Generic,42.5,No,42.5000/No.,15 Gm Tube,,2025-11-06,2027-01-05,,Medical Stores Organisation rate contract,https://mso-gmsd.in/MSO_PORTAL/msowebsite/portal/home,"Loaded from a supplied copy. mso-gmsd.in resolves every menu item to /portal/undefined, so this could not be fetched from source.",False,,2026-08-05T15:26:45+00:00
G13133,Amorolfine 0.25% Cream 30gm Tube,Generic,33.75,No,33.7500/No.,Tube of 30gm,,2025-11-06,2027-01-05,,Medical Stores Organisation rate contract,https://mso-gmsd.in/MSO_PORTAL/msowebsite/portal/home,"Loaded from a supplied copy. mso-gmsd.in resolves every menu item to /portal/undefined, so this could not be fetched from source.",False,,2026-08-05T15:26:45+00:00
G13134,Amorolfine Bottle 5 percent,Generic,381.36,No,381.3600/No.,2.5ml Bottle,,2025-11-06,2027-01-05,,Medical Stores Organisation rate contract,https://mso-gmsd.in/MSO_PORTAL/msowebsite/portal/home,"Loaded from a supplied copy. mso-gmsd.in resolves every menu item to /portal/undefined, so this could not be fetched from source.",False,,2026-08-05T15:26:45+00:00
G13139,Chlorhexidine Gluconate and Silver Sulfadiazine 0.2 percent and 0.5 percent,Generic,449.0,No,449.0000/No.,240 gm Jar,,2025-11-06,2027-01-05,,Medical Stores Organisation rate contract,https://mso-gmsd.in/MSO_PORTAL/msowebsite/portal/home,"Loaded from a supplied copy. mso-gmsd.in resolves every menu item to /portal/undefined, so this could not be fetched from source.",False,,2026-08-05T15:26:45+00:00
G13141,Clobetasol and Salicylic Acid 0.05 percent and 6 percent,Generic,27.24,No,27.2400/No.,Tube of 30gm,,2025-11-06,2027-01-05,,Medical Stores Organisation rate contract,https://mso-gmsd.in/MSO_PORTAL/msowebsite/portal/home,"Loaded from a supplied copy. mso-gmsd.in resolves every menu item to /portal/undefined, so this could not be fetched from source.",False,,2026-08-05T15:26:45+00:00
G13142,Eberconazole 1 percent Ointment 0.01,Generic,79.99,No,79.9900/No.,Tube of 30gm,,2025-11-06,2027-01-05,,Medical Stores Organisation rate contract,https://mso-gmsd.in/MSO_PORTAL/msowebsite/portal/home,"Loaded from a supplied copy. mso-gmsd.in resolves every menu item to /portal/undefined, so this could not be fetched from source.",False,,2026-08-05T15:26:45+00:00
G13147,Sertaconazole 2 percent Ointment 0.02,Generic,26.96,No,26.9600/No.,30 Gm Tube,,2025-11-06,2027-01-05,,Medical Stores Organisation rate contract,https://mso-gmsd.in/MSO_PORTAL/msowebsite/portal/home,"Loaded from a supplied copy. mso-gmsd.in resolves every menu item to /portal/undefined, so this could not be fetched from source.",False,,2026-08-05T15:26:45+00:00
G150028,"Isopropanol Alcohol 99.8% IP 75% v/v, Hydrogen Peroxide Solution IP 0.125%v/v Glycerol IP 1.45 % Purified Water IP QS (Alcohol Hand Disinfectant), 100mL bottle",Generic,53.0,No,53.0000/No.,100 mL Bottle,,2026-03-30,2027-03-31,,Medical Stores Organisation rate contract,https://mso-gmsd.in/MSO_PORTAL/msowebsite/portal/home,"Loaded from a supplied copy. mso-gmsd.in resolves every menu item to /portal/undefined, so this could not be fetched from source.",False,,2026-08-05T15:26:45+00:00
G150029,"Isopropanol Alcohol 99.8% IP 75% v/v+ Hydrogen Peroxide Solution IP 0.125%v/v Glycerol IP 1.45 % Purified Water IP QS (Alcohol Hand Disinfectant ) , 500mL bottle",Generic,195.26,No,195.2600/No.,Bottle of 500 ml,,2026-03-30,2027-03-31,,Medical Stores Organisation rate contract,https://mso-gmsd.in/MSO_PORTAL/msowebsite/portal/home,"Loaded from a supplied copy. mso-gmsd.in resolves every menu item to /portal/undefined, so this could not be fetched from source.",False,,2026-08-05T15:26:45+00:00
G160001,Acetazolamide Tablet 250 mg,Generic,0.94,No,0.9400/No.,Strip of 10 Tablet,10,2025-12-19,2027-12-18,,Medical Stores Organisation rate contract,https://mso-gmsd.in/MSO_PORTAL/msowebsite/portal/home,"Loaded from a supplied copy. mso-gmsd.in resolves every menu item to /portal/undefined, so this could not be fetched from source.",False,,2026-08-05T15:26:45+00:00
G160005,Alfuzosin Tablet 10 mg,Generic,0.99,No,0.9900/No.,Strip of 10 Tablet,10,2025-12-19,2027-12-18,,Medical Stores Organisation rate contract,https://mso-gmsd.in/MSO_PORTAL/msowebsite/portal/home,"Loaded from a supplied copy. mso-gmsd.in resolves every menu item to /portal/undefined, so this could not be fetched from source.",False,,2026-08-05T15:26:45+00:00
G160039,Flavoxate Tablet 200 mg,Generic,1.72,No,1.7200/No.,10 x 10 Tablet,,2025-12-19,2027-12-18,,Medical Stores Organisation rate contract,https://mso-gmsd.in/MSO_PORTAL/msowebsite/portal/home,"Loaded from a supplied copy. mso-gmsd.in resolves every menu item to /portal/undefined, so this could not be fetched from source.",False,,2026-08-05T15:26:45+00:00
G160046,Furosemide 10 mg/ ml Inj,Generic,4.65,No,4.6500/No.,2 mL Ampoule,,2026-03-30,2027-03-31,,Medical Stores Organisation rate contract,https://mso-gmsd.in/MSO_PORTAL/msowebsite/portal/home,"Loaded from a supplied copy. mso-gmsd.in resolves every menu item to /portal/undefined, so this could not be fetched from source.",False,,2026-08-05T15:26:45+00:00
G160048,FRUSEMIDE AND SPIRONOLACTONE TABLET 20MG + 50MG,Generic,1.58,No,1.5800/No.,Strip of 10 Tablet,10,2025-12-19,2027-12-18,,Medical Stores Organisation rate contract,https://mso-gmsd.in/MSO_PORTAL/msowebsite/portal/home,"Loaded from a supplied copy. mso-gmsd.in resolves every menu item to /portal/undefined, so this could not be fetched from source.",False,,2026-08-05T15:26:45+00:00
G160059,INDAPAMIDE SUSTAINED RELEASE TABLET 1.5MG,Generic,0.51,No,0.5100/No.,Strip of 10 Tablet,10,2025-12-19,2027-12-18,,Medical Stores Organisation rate contract,https://mso-gmsd.in/MSO_PORTAL/msowebsite/portal/home,"Loaded from a supplied copy. mso-gmsd.in resolves every menu item to /portal/undefined, so this could not be fetched from source.",False,,2026-08-05T15:26:45+00:00
G160063,Mannitol 20% Inj (350 mL Bottle),Generic,108.93,No,108.9300/No.,350 mL Bottle,,2026-03-30,2027-03-31,5000,Medical Stores Organisation rate contract,https://mso-gmsd.in/MSO_PORTAL/msowebsite/portal/home,"Loaded from a supplied copy. mso-gmsd.in resolves every menu item to /portal/undefined, so this could not be fetched from source.",False,,2026-08-05T15:26:45+00:00
G160067,METOLAZONE TABLET 5 MG,Generic,6.27,No,6.2700/No.,Strip of 10 Tablet,10,2025-12-19,2027-12-18,,Medical Stores Organisation rate contract,https://mso-gmsd.in/MSO_PORTAL/msowebsite/portal/home,"Loaded from a supplied copy. mso-gmsd.in resolves every menu item to /portal/undefined, so this could not be fetched from source.",False,,2026-08-05T15:26:45+00:00
G160079,SEVELAMER TABLET 400 MG,Generic,2.02,No,2.0200/No.,Strip of 10 Tablet,10,2025-12-19,2027-12-18,,Medical Stores Organisation rate contract,https://mso-gmsd.in/MSO_PORTAL/msowebsite/portal/home,"Loaded from a supplied copy. mso-gmsd.in resolves every menu item to /portal/undefined, so this could not be fetched from source.",False,,2026-08-05T15:26:45+00:00
G160080,SEVELAMER TABLET 800 MG,Generic,3.65,No,3.6500/No.,Strip of 10 Tablet,10,2025-12-19,2027-12-18,,Medical Stores Organisation rate contract,https://mso-gmsd.in/MSO_PORTAL/msowebsite/portal/home,"Loaded from a supplied copy. mso-gmsd.in resolves every menu item to /portal/undefined, so this could not be fetched from source.",False,,2026-08-05T15:26:45+00:00
G160125,Torsemide Tablet 10 mg,Generic,0.28,No,0.2800/No.,Strip of 15 Tablet,15,2025-12-19,2027-12-18,,Medical Stores Organisation rate contract,https://mso-gmsd.in/MSO_PORTAL/msowebsite/portal/home,"Loaded from a supplied copy. mso-gmsd.in resolves every menu item to /portal/undefined, so this could not be fetched from source.",False,,2026-08-05T15:26:45+00:00
G160127,TORASEMIDE TABLET 20 MG,Generic,0.53,No,0.5300/No.,Strip of 10 Tablet,10,2025-12-19,2027-12-18,,Medical Stores Organisation rate contract,https://mso-gmsd.in/MSO_PORTAL/msowebsite/portal/home,"Loaded from a supplied copy. mso-gmsd.in resolves every menu item to /portal/undefined, so this could not be fetched from source.",False,,2026-08-05T15:26:45+00:00
G160130,Mannitol 20% Inj (100 mL Bottle),Generic,35.0,No,35.0000/No.,Bottle of 100ml,,2026-03-30,2027-03-31,,Medical Stores Organisation rate contract,https://mso-gmsd.in/MSO_PORTAL/msowebsite/portal/home,"Loaded from a supplied copy. mso-gmsd.in resolves every menu item to /portal/undefined, so this could not be fetched from source.",False,,2026-08-05T15:26:45+00:00
G16037,Furosemide Tablet 40mg,Generic,0.33,No,0.3300/No.,Strip of 10 Tablet,10,2025-11-06,2027-01-05,,Medical Stores Organisation rate contract,https://mso-gmsd.in/MSO_PORTAL/msowebsite/portal/home,"Loaded from a supplied copy. mso-gmsd.in resolves every menu item to /portal/undefined, so this could not be fetched from source.",False,,2026-08-05T15:26:45+00:00
G16038,Spironolactone and Torasemide Tablet 50mg and 5mg,Generic,2.16,No,2.1600/No.,Strip of 10 Tablet,10,2025-11-06,2027-01-05,,Medical Stores Organisation rate contract,https://mso-gmsd.in/MSO_PORTAL/msowebsite/portal/home,"Loaded from a supplied copy. mso-gmsd.in resolves every menu item to /portal/undefined, so this could not be fetched from source.",False,,2026-08-05T15:26:45+00:00
G170030,CHLORDIAZEPOXIDE AND CLINDIUM BROMIDE TABLET 5MG + 2.5MG,Generic,0.49,No,0.4900/No.,Strip of 10 Tablet,10,2025-12-19,2027-12-18,,Medical Stores Organisation rate contract,https://mso-gmsd.in/MSO_PORTAL/msowebsite/portal/home,"Loaded from a supplied copy. mso-gmsd.in resolves every menu item to /portal/undefined, so this could not be fetched from source.",False,,2026-08-05T15:26:45+00:00
G170060,Dicyclomine 20mg + Paracetamol 325mg Tablet,Generic,0.6426,No,0.6426/No.,Strip of 10 Tablet,10,2026-03-30,2027-03-31,200000,Medical Stores Organisation rate contract,https://mso-gmsd.in/MSO_PORTAL/msowebsite/portal/home,"Loaded from a supplied copy. mso-gmsd.in resolves every menu item to /portal/undefined, so this could not be fetched from source.",False,,2026-08-05T15:26:45+00:00
G170066,Domperidone 1 mg / ml Syrup,Generic,12.01,No,12.0100/No.,30 ml Bottle,,2026-03-30,2027-03-31,33333,Medical Stores Organisation rate contract,https://mso-gmsd.in/MSO_PORTAL/msowebsite/portal/home,"Loaded from a supplied copy. mso-gmsd.in resolves every menu item to /portal/undefined, so this could not be fetched from source.",False,,2026-08-05T15:26:45+00:00
G170072,Domperidone 10mg Tab,Generic,0.3365,No,0.3365/No.,Strip of 10 Tablet,10,2026-03-30,2027-03-31,500000,Medical Stores Organisation rate contract,https://mso-gmsd.in/MSO_PORTAL/msowebsite/portal/home,"Loaded from a supplied copy. mso-gmsd.in resolves every menu item to /portal/undefined, so this could not be fetched from source.",False,,2026-08-05T15:26:45+00:00
G170077,Domperidone and Pantoprazole Capsule 30mg + 40mg,Generic,0.66,No,0.6600/No.,Strip of 10 Capsule,10,2025-12-19,2027-12-18,,Medical Stores Organisation rate contract,https://mso-gmsd.in/MSO_PORTAL/msowebsite/portal/home,"Loaded from a supplied copy. mso-gmsd.in resolves every menu item to /portal/undefined, so this could not be fetched from source.",False,,2026-08-05T15:26:45+00:00
G170096,Esomeprazole Tablet 20 mg,Generic,0.36,No,0.3600/No.,Strip of 10 Tablet,10,2025-12-19,2027-12-18,,Medical Stores Organisation rate contract,https://mso-gmsd.in/MSO_PORTAL/msowebsite/portal/home,"Loaded from a supplied copy. mso-gmsd.in resolves every menu item to /portal/undefined, so this could not be fetched from source.",False,,2026-08-05T15:26:45+00:00
G170116,Ilaprazole Tablet 10 mg,Generic,2.2,No,2.2000/No.,Strip of 10 Tablet,10,2025-12-19,2027-12-18,,Medical Stores Organisation rate contract,https://mso-gmsd.in/MSO_PORTAL/msowebsite/portal/home,"Loaded from a supplied copy. mso-gmsd.in resolves every menu item to /portal/undefined, so this could not be fetched from source.",False,,2026-08-05T15:26:45+00:00
G170134,"Clarithromycin, Lansoprazole and Tinidazole Tablet 250mg + 30mg + 500mg",Generic,41.0,No,41.0000/No.,Kit,,2025-12-19,2027-12-18,,Medical Stores Organisation rate contract,https://mso-gmsd.in/MSO_PORTAL/msowebsite/portal/home,"Loaded from a supplied copy. mso-gmsd.in resolves every menu item to /portal/undefined, so this could not be fetched from source.",False,,2026-08-05T15:26:45+00:00
G170167,Mesalamine Tablet 1200 mg,Generic,5.55,No,5.5500/No.,10 x 15 Tablet,,2025-12-19,2027-12-18,,Medical Stores Organisation rate contract,https://mso-gmsd.in/MSO_PORTAL/msowebsite/portal/home,"Loaded from a supplied copy. mso-gmsd.in resolves every menu item to /portal/undefined, so this could not be fetched from source.",False,,2026-08-05T15:26:45+00:00
G170185,Omeprazole 20mg + Domperidone 10mg Tab/Cap,Generic,1.4906,No,1.4906/No.,Strip of 10 Capsule,10,2026-03-30,2027-03-31,300000,Medical Stores Organisation rate contract,https://mso-gmsd.in/MSO_PORTAL/msowebsite/portal/home,"Loaded from a supplied copy. mso-gmsd.in resolves every menu item to /portal/undefined, so this could not be fetched from source.",False,,2026-08-05T15:26:45+00:00
G170186,Omeprazole Capsule I.P. 20 mg,Generic,0.7971,No,0.7971/No.,Strip of 10 Capsule,10,2026-03-30,2027-03-31,300000,Medical Stores Organisation rate contract,https://mso-gmsd.in/MSO_PORTAL/msowebsite/portal/home,"Loaded from a supplied copy. mso-gmsd.in resolves every menu item to /portal/undefined, so this could not be fetched from source.",False,,2026-08-05T15:26:45+00:00
G170190,Ondansetron Solution I.P. 2mg/5mL,Generic,5.25,No,5.2500/No.,30 ml Bottle,,2025-12-19,2027-12-18,,Medical Stores Organisation rate contract,https://mso-gmsd.in/MSO_PORTAL/msowebsite/portal/home,"Loaded from a supplied copy. mso-gmsd.in resolves every menu item to /portal/undefined, so this could not be fetched from source.",False,,2026-08-05T15:26:45+00:00
G170220,Pantoprazole 40mg Tab,Generic,1.0294,No,1.0294/No.,Strip of 10 Tablet,10,2026-03-30,2027-03-31,500000,Medical Stores Organisation rate contract,https://mso-gmsd.in/MSO_PORTAL/msowebsite/portal/home,"Loaded from a supplied copy. mso-gmsd.in resolves every menu item to /portal/undefined, so this could not be fetched from source.",False,,2026-08-05T15:26:45+00:00
G170247,Rabeprazole Tablet I.P. 20 mg,Generic,0.48,No,0.4800/No.,Strip of 10 Tablet,10,2025-12-19,2027-12-18,,Medical Stores Organisation rate contract,https://mso-gmsd.in/MSO_PORTAL/msowebsite/portal/home,"Loaded from a supplied copy. mso-gmsd.in resolves every menu item to /portal/undefined, so this could not be fetched from source.",False,,2026-08-05T15:26:45+00:00
G170262,Ranitidine 150mg Tab,Generic,0.6903,No,0.6903/No.,Strip of 10 Tablet,10,2026-03-30,2027-03-31,200000,Medical Stores Organisation rate contract,https://mso-gmsd.in/MSO_PORTAL/msowebsite/portal/home,"Loaded from a supplied copy. mso-gmsd.in resolves every menu item to /portal/undefined, so this could not be fetched from source.",False,,2026-08-05T15:26:45+00:00
G170263,Ranitidine 25mg/ml Inj,Generic,4.03,No,4.0300/No.,2 mL Ampoule,,2026-03-30,2027-03-31,50000,Medical Stores Organisation rate contract,https://mso-gmsd.in/MSO_PORTAL/msowebsite/portal/home,"Loaded from a supplied copy. mso-gmsd.in resolves every menu item to /portal/undefined, so this could not be fetched from source.",False,,2026-08-05T15:26:45+00:00
G170276,Ursodeoxycholic Acid Tablet 150 mg,Generic,2.38,No,2.3800/No.,Strip of 10 Tablet,10,2025-12-19,2027-12-18,,Medical Stores Organisation rate contract,https://mso-gmsd.in/MSO_PORTAL/msowebsite/portal/home,"Loaded from a supplied copy. mso-gmsd.in resolves every menu item to /portal/undefined, so this could not be fetched from source.",False,,2026-08-05T15:26:45+00:00
G170278,Ursodeoxycholic Acid Tablet 300 mg,Generic,4.59,No,4.5900/No.,Strip of 10 Tablet,10,2025-12-19,2027-12-18,,Medical Stores Organisation rate contract,https://mso-gmsd.in/MSO_PORTAL/msowebsite/portal/home,"Loaded from a supplied copy. mso-gmsd.in resolves every menu item to /portal/undefined, so this could not be fetched from source.",False,,2026-08-05T15:26:45+00:00
G17130,Aluminium Hydroxide and Simethicone and Magnesium Hydroxide and Sodium Carboxymethylcellulose Syrup 830 MG and 50 MG and 185 MG and 100 MG,Generic,26.1,No,26.1000/No.,200 ml Bottle,,2025-11-06,2027-01-05,,Medical Stores Organisation rate contract,https://mso-gmsd.in/MSO_PORTAL/msowebsite/portal/home,"Loaded from a supplied copy. mso-gmsd.in resolves every menu item to /portal/undefined, so this could not be fetched from source.",False,,2026-08-05T15:26:45+00:00
G17150,Lactitol Syrup 66.67mg,Generic,54.9,No,54.9000/No.,Bottle of 100ml,,2025-11-06,2027-01-05,,Medical Stores Organisation rate contract,https://mso-gmsd.in/MSO_PORTAL/msowebsite/portal/home,"Loaded from a supplied copy. mso-gmsd.in resolves every menu item to /portal/undefined, so this could not be fetched from source.",False,,2026-08-05T15:26:45+00:00
G17153,Mesalazine Sachet 1gm,Generic,10.15,No,10.1500/No.,1gm sachet,,2025-11-06,2027-01-05,,Medical Stores Organisation rate contract,https://mso-gmsd.in/MSO_PORTAL/msowebsite/portal/home,"Loaded from a supplied copy. mso-gmsd.in resolves every menu item to /portal/undefined, so this could not be fetched from source.",False,,2026-08-05T15:26:45+00:00
G17164,Lactitol Monohydrate Us-Nf and Ispaghula Husk Ip Sachet 10g and 3.5g,Generic,97.5,No,97.5000/No.,90 gram Jar,,2025-11-06,2027-01-05,,Medical Stores Organisation rate contract,https://mso-gmsd.in/MSO_PORTAL/msowebsite/portal/home,"Loaded from a supplied copy. mso-gmsd.in resolves every menu item to /portal/undefined, so this could not be fetched from source.",False,,2026-08-05T15:26:45+00:00
G17166,Polyethylene Glycol 4000 Ip 14.6gactivated Dimethicone Ip 0.01gpotassium Chloride Ip 0.18gsodium Bicarbonate Ip 0.42gsodium Chloride Ip 0.36g Anhydrous Sodium Sulfate Bp 1.42g Sachet 14.6g and 0.01g and 0.18g and 0.42g and 0.36g and 1.42g,Generic,17.9,No,17.9000/No.,17.1g sachets,,2025-11-06,2027-01-05,,Medical Stores Organisation rate contract,https://mso-gmsd.in/MSO_PORTAL/msowebsite/portal/home,"Loaded from a supplied copy. mso-gmsd.in resolves every menu item to /portal/undefined, so this could not be fetched from source.",False,,2026-08-05T15:26:45+00:00
G17168,Acotiamide Tablet 300mg,Generic,3.33,No,3.3300/No.,Strip of 10 Tablet,10,2025-11-06,2027-01-05,,Medical Stores Organisation rate contract,https://mso-gmsd.in/MSO_PORTAL/msowebsite/portal/home,"Loaded from a supplied copy. mso-gmsd.in resolves every menu item to /portal/undefined, so this could not be fetched from source.",False,,2026-08-05T15:26:45+00:00
G17172,Clidinium and Chlordiazepoxide and Dicyclomine Tablet 2.5mg and 5mg and 10mg,Generic,0.63,No,0.6300/No.,Strip of 10 Tablet,10,2025-11-06,2027-01-05,,Medical Stores Organisation rate contract,https://mso-gmsd.in/MSO_PORTAL/msowebsite/portal/home,"Loaded from a supplied copy. mso-gmsd.in resolves every menu item to /portal/undefined, so this could not be fetched from source.",False,,2026-08-05T15:26:45+00:00
G17173,Activated Dimethicone and Pancreatin Tablet 80mg and 170mg,Generic,2.43,No,2.4300/No.,Strip of 10 Tablet,10,2025-11-06,2027-01-05,,Medical Stores Organisation rate contract,https://mso-gmsd.in/MSO_PORTAL/msowebsite/portal/home,"Loaded from a supplied copy. mso-gmsd.in resolves every menu item to /portal/undefined, so this could not be fetched from source.",False,,2026-08-05T15:26:45+00:00
G17174,Domperidone and Rabeprazole Tablet 30mg and 40mg,Generic,1.1,No,1.1000/No.,Strip of 10 Capsule,10,2025-11-06,2027-01-05,,Medical Stores Organisation rate contract,https://mso-gmsd.in/MSO_PORTAL/msowebsite/portal/home,"Loaded from a supplied copy. mso-gmsd.in resolves every menu item to /portal/undefined, so this could not be fetched from source.",False,,2026-08-05T15:26:45+00:00
G17175,Drotaverine Tablet 80mg,Generic,0.71,No,0.7100/No.,Strip of 10 Tablet,10,2025-11-06,2027-01-05,,Medical Stores Organisation rate contract,https://mso-gmsd.in/MSO_PORTAL/msowebsite/portal/home,"Loaded from a supplied copy. mso-gmsd.in resolves every menu item to /portal/undefined, so this could not be fetched from source.",False,,2026-08-05T15:26:45+00:00
G17176,Drotaverine and Mefenamic Tablet 80mg and 250mg,Generic,0.83,No,0.8300/No.,Strip of 10 Tablet,10,2025-11-06,2027-01-05,,Medical Stores Organisation rate contract,https://mso-gmsd.in/MSO_PORTAL/msowebsite/portal/home,"Loaded from a supplied copy. mso-gmsd.in resolves every menu item to /portal/undefined, so this could not be fetched from source.",False,,2026-08-05T15:26:45+00:00
G17177,Esomeprazole and Itopride Tablet 40mg and 150mg,Generic,2.6,No,2.6000/No.,Strip of 10 Tablet,10,2025-11-06,2027-01-05,,Medical Stores Organisation rate contract,https://mso-gmsd.in/MSO_PORTAL/msowebsite/portal/home,"Loaded from a supplied copy. mso-gmsd.in resolves every menu item to /portal/undefined, so this could not be fetched from source.",False,,2026-08-05T15:26:45+00:00
G17179,Itopride Tablet 150mg,Generic,16.5,No,16.5000/No.,Strip of 10 Capsule,10,2025-11-06,2027-01-05,,Medical Stores Organisation rate contract,https://mso-gmsd.in/MSO_PORTAL/msowebsite/portal/home,"Loaded from a supplied copy. mso-gmsd.in resolves every menu item to /portal/undefined, so this could not be fetched from source.",False,,2026-08-05T15:26:45+00:00
G17182,Mesalazine Sachet 2000mg,Generic,20.35,No,20.3500/No.,1gm sachet,,2025-11-06,2027-01-05,,Medical Stores Organisation rate contract,https://mso-gmsd.in/MSO_PORTAL/msowebsite/portal/home,"Loaded from a supplied copy. mso-gmsd.in resolves every menu item to /portal/undefined, so this could not be fetched from source.",False,,2026-08-05T15:26:45+00:00
G17184,Oxetacaine and Sucralfate Syrup 10mg and 500mg,Generic,47.79,No,47.7900/No.,Bottle of 200ml,,2025-11-06,2027-01-05,,Medical Stores Organisation rate contract,https://mso-gmsd.in/MSO_PORTAL/msowebsite/portal/home,"Loaded from a supplied copy. mso-gmsd.in resolves every menu item to /portal/undefined, so this could not be fetched from source.",False,,2026-08-05T15:26:45+00:00
G17186,Pancreatin Tablet 300mg,Generic,5.9,No,5.9000/No.,Strip of 10 Capsule,10,2025-11-06,2027-01-05,,Medical Stores Organisation rate contract,https://mso-gmsd.in/MSO_PORTAL/msowebsite/portal/home,"Loaded from a supplied copy. mso-gmsd.in resolves every menu item to /portal/undefined, so this could not be fetched from source.",False,,2026-08-05T15:26:45+00:00
G17188,Simethicone and Pancreatin Tablet 80mg and 170mg,Generic,2.43,No,2.4300/No.,Strip of 10 Tablet,10,2025-11-06,2027-01-05,,Medical Stores Organisation rate contract,https://mso-gmsd.in/MSO_PORTAL/msowebsite/portal/home,"Loaded from a supplied copy. mso-gmsd.in resolves every menu item to /portal/undefined, so this could not be fetched from source.",False,,2026-08-05T15:26:45+00:00
G17189,Sucralfate Bottle 500mg,Generic,43.65,No,43.6500/No.,Bottle of 200ml,,2025-11-06,2027-01-05,,Medical Stores Organisation rate contract,https://mso-gmsd.in/MSO_PORTAL/msowebsite/portal/home,"Loaded from a supplied copy. mso-gmsd.in resolves every menu item to /portal/undefined, so this could not be fetched from source.",False,,2026-08-05T15:26:45+00:00
G180003,ACARBOSE TABLET I.P. 50 MG,Generic,1.8,No,1.8000/No.,10 x 10 Tablet,,2025-12-19,2027-12-18,,Medical Stores Organisation rate contract,https://mso-gmsd.in/MSO_PORTAL/msowebsite/portal/home,"Loaded from a supplied copy. mso-gmsd.in resolves every menu item to /portal/undefined, so this could not be fetched from source.",False,,2026-08-05T15:26:45+00:00
G180022,"Basic Isophene Insulin(30% Soluble and 70% Isophene) r DNA origin injection 100IU/ml, 3ml cartridge (Per cartridge)",Generic,101.2,No,101.2000/No.,3ml cartridge,,2025-12-19,2027-12-18,,Medical Stores Organisation rate contract,https://mso-gmsd.in/MSO_PORTAL/msowebsite/portal/home,"Loaded from a supplied copy. mso-gmsd.in resolves every menu item to /portal/undefined, so this could not be fetched from source.",False,,2026-08-05T15:26:45+00:00
G180023,"Basic Isophene Insulin(30% Soluble and 70% Isophene) r DNA origin injection 40IU/ml, 10ml vial (Per Vial)",Generic,90.0,No,90.0000/No.,10 mL Vial,,2025-12-19,2027-12-18,,Medical Stores Organisation rate contract,https://mso-gmsd.in/MSO_PORTAL/msowebsite/portal/home,"Loaded from a supplied copy. mso-gmsd.in resolves every menu item to /portal/undefined, so this could not be fetched from source.",False,,2026-08-05T15:26:45+00:00
G180026,"Basic Isophene Insulin(50% Soluble and 50% Isophene) r DNA origin injection 40IU/ml, 10ml vial (Per Vial)",Generic,106.0,No,106.0000/No.,10 mL Vial,,2025-12-19,2027-12-18,,Medical Stores Organisation rate contract,https://mso-gmsd.in/MSO_PORTAL/msowebsite/portal/home,"Loaded from a supplied copy. mso-gmsd.in resolves every menu item to /portal/undefined, so this could not be fetched from source.",False,,2026-08-05T15:26:45+00:00
G18008,Ethinyl Oestradiol and Levonorgestrel Tablet 0.03mg + 0.15mg,Generic,0.94,No,0.9400/No.,Strip of 21 Tablets,21,2025-01-06,2027-01-05,,Medical Stores Organisation rate contract,https://mso-gmsd.in/MSO_PORTAL/msowebsite/portal/home,"Loaded from a supplied copy. mso-gmsd.in resolves every menu item to /portal/undefined, so this could not be fetched from source.",False,,2026-08-05T15:26:45+00:00
G180169,GLICLAZIDE TABLET I.P. 30 MG,Generic,0.59,No,0.5900/No.,Strip of 15 Tablet,15,2025-12-19,2027-12-18,,Medical Stores Organisation rate contract,https://mso-gmsd.in/MSO_PORTAL/msowebsite/portal/home,"Loaded from a supplied copy. mso-gmsd.in resolves every menu item to /portal/undefined, so this could not be fetched from source.",False,,2026-08-05T15:26:45+00:00
G180172,GLICLAZIDE AND METFORMIN TABLET 60MG+ 500MG,Generic,1.25,No,1.2500/No.,Strip of 10 Tablet,10,2025-12-19,2027-12-18,,Medical Stores Organisation rate contract,https://mso-gmsd.in/MSO_PORTAL/msowebsite/portal/home,"Loaded from a supplied copy. mso-gmsd.in resolves every menu item to /portal/undefined, so this could not be fetched from source.",False,,2026-08-05T15:26:45+00:00
G180173,GLICLAZIDE TABLET I.P. 60 MG,Generic,0.75,No,0.7500/No.,Strip of 10 Tablet,10,2025-12-19,2027-12-18,,Medical Stores Organisation rate contract,https://mso-gmsd.in/MSO_PORTAL/msowebsite/portal/home,"Loaded from a supplied copy. mso-gmsd.in resolves every menu item to /portal/undefined, so this could not be fetched from source.",False,,2026-08-05T15:26:45+00:00
G180182,GLIMEPIRIDE AND METFORMIN TABLET 1MG + 1000MG,Generic,0.61,No,0.6100/No.,Strip of 10 Tablet,10,2025-12-19,2027-12-18,,Medical Stores Organisation rate contract,https://mso-gmsd.in/MSO_PORTAL/msowebsite/portal/home,"Loaded from a supplied copy. mso-gmsd.in resolves every menu item to /portal/undefined, so this could not be fetched from source.",False,,2026-08-05T15:26:45+00:00
G180187,Glimepiride 1mg Tab,Generic,0.2745,No,0.2745/No.,Strip of 10 Tablet,10,2026-03-30,2027-03-31,500000,Medical Stores Organisation rate contract,https://mso-gmsd.in/MSO_PORTAL/msowebsite/portal/home,"Loaded from a supplied copy. mso-gmsd.in resolves every menu item to /portal/undefined, so this could not be fetched from source.",False,,2026-08-05T15:26:45+00:00
G180192,GLIMEPIRIDE AND METFORMIN TABLET 2MG + 1000MG,Generic,0.63,No,0.6300/No.,Strip of 10 Tablet,10,2025-12-19,2027-12-18,,Medical Stores Organisation rate contract,https://mso-gmsd.in/MSO_PORTAL/msowebsite/portal/home,"Loaded from a supplied copy. mso-gmsd.in resolves every menu item to /portal/undefined, so this could not be fetched from source.",False,,2026-08-05T15:26:45+00:00
G180193,"GLIMEPIRIDE, METFORMIN AND PIOGLITAZONE TABLET 2MG + 500MG + 15MG",Generic,0.72,No,0.7200/No.,10 x 10 Tablet,,2025-12-19,2027-12-18,,Medical Stores Organisation rate contract,https://mso-gmsd.in/MSO_PORTAL/msowebsite/portal/home,"Loaded from a supplied copy. mso-gmsd.in resolves every menu item to /portal/undefined, so this could not be fetched from source.",False,,2026-08-05T15:26:45+00:00
G180194,GLIMEPIRIDE AND METFORMIN SUSTAINED RELEASE TABLET 2MG + 500MG,Generic,0.54,No,0.5400/No.,Strip of 10 Tablet,10,2025-12-19,2027-12-18,,Medical Stores Organisation rate contract,https://mso-gmsd.in/MSO_PORTAL/msowebsite/portal/home,"Loaded from a supplied copy. mso-gmsd.in resolves every menu item to /portal/undefined, so this could not be fetched from source.",False,,2026-08-05T15:26:45+00:00
G180196,Glimepiride 2mg Tab,Generic,0.3175,No,0.3175/No.,Strip of 10 Tablet,10,2026-03-30,2027-03-31,500000,Medical Stores Organisation rate contract,https://mso-gmsd.in/MSO_PORTAL/msowebsite/portal/home,"Loaded from a supplied copy. mso-gmsd.in resolves every menu item to /portal/undefined, so this could not be fetched from source.",False,,2026-08-05T15:26:45+00:00
G180202,GLIMEPIRIDE TABLET I.P. 3 MG,Generic,0.28,No,0.2800/No.,Strip of 10 Tablet,10,2025-12-19,2027-12-18,,Medical Stores Organisation rate contract,https://mso-gmsd.in/MSO_PORTAL/msowebsite/portal/home,"Loaded from a supplied copy. mso-gmsd.in resolves every menu item to /portal/undefined, so this could not be fetched from source.",False,,2026-08-05T15:26:45+00:00
G180219,"Human Insulin 30/70 Injection 100IU/mL, 10ml Vial (Per Vial)",Generic,198.0,No,198.0000/No.,10 mL Vial,,2025-12-19,2027-12-18,,Medical Stores Organisation rate contract,https://mso-gmsd.in/MSO_PORTAL/msowebsite/portal/home,"Loaded from a supplied copy. mso-gmsd.in resolves every menu item to /portal/undefined, so this could not be fetched from source.",False,,2026-08-05T15:26:45+00:00
G180235,"Insulin (Soluble) Cartridge 100IU/ml, 3ml Cartridge (Per Cartridge)",Generic,115.2,No,115.2000/No.,3ml cartridge,,2025-12-19,2027-12-18,,Medical Stores Organisation rate contract,https://mso-gmsd.in/MSO_PORTAL/msowebsite/portal/home,"Loaded from a supplied copy. mso-gmsd.in resolves every menu item to /portal/undefined, so this could not be fetched from source.",False,,2026-08-05T15:26:45+00:00
G180237,"Insulin (Soluble) Injection, 40IU/mL, 10ml vial (Per Vial)",Generic,97.0,No,97.0000/No.,10 mL Vial,,2025-12-19,2027-12-18,,Medical Stores Organisation rate contract,https://mso-gmsd.in/MSO_PORTAL/msowebsite/portal/home,"Loaded from a supplied copy. mso-gmsd.in resolves every menu item to /portal/undefined, so this could not be fetched from source.",False,,2026-08-05T15:26:45+00:00
G180239,"Insulin Analog, rDNA, Soluble Insulin Aspart PFP, 100IU/ml, 3ml Pen",Generic,845.0,No,845.0000/No.,5 x 3ml PFS,,2025-12-19,2027-12-18,,Medical Stores Organisation rate contract,https://mso-gmsd.in/MSO_PORTAL/msowebsite/portal/home,"Loaded from a supplied copy. mso-gmsd.in resolves every menu item to /portal/undefined, so this could not be fetched from source.",False,,2026-08-05T15:26:45+00:00
G180244,"INSULIN DECLUDEC 100IU/ml, 3ml Pen CONATINS INSULIN DEGLUDEC ( MONOCOMPONENT BIOSYNTHETIC R-DNA INSULIN) SOLUTION FOR SUBCUTANEOUSINJECTION IN A PRE-FILLED PEN,) (Per Pen)",Generic,1440.0,No,1440.0000/No.,3 ml PFS,,2025-12-19,2027-12-18,,Medical Stores Organisation rate contract,https://mso-gmsd.in/MSO_PORTAL/msowebsite/portal/home,"Loaded from a supplied copy. mso-gmsd.in resolves every menu item to /portal/undefined, so this could not be fetched from source.",False,,2026-08-05T15:26:45+00:00
G180249,"Insulin Glargine Cartridge 100IU/ml, 3ml Cartridge (Per Cartridge)",Generic,170.0,No,170.0000/No.,3ml cartridge,,2025-12-19,2027-12-18,,Medical Stores Organisation rate contract,https://mso-gmsd.in/MSO_PORTAL/msowebsite/portal/home,"Loaded from a supplied copy. mso-gmsd.in resolves every menu item to /portal/undefined, so this could not be fetched from source.",False,,2026-08-05T15:26:45+00:00
G180254,"Insulin Lispro 50% and Lispro Protamine 50% Cartridge, 100IU/ml, 3ml Cartridge (Per Cartridge)",Generic,662.4,No,662.4000/No.,5 cartridge per pack,,2025-12-19,2027-12-18,,Medical Stores Organisation rate contract,https://mso-gmsd.in/MSO_PORTAL/msowebsite/portal/home,"Loaded from a supplied copy. mso-gmsd.in resolves every menu item to /portal/undefined, so this could not be fetched from source.",False,,2026-08-05T15:26:45+00:00
G180256,"Insulin Lispro 100IU Cartridge 100 IU/ml, 3ml Cartridge (Per Cartridge)",Generic,662.4,No,662.4000/No.,5 cartridge per pack,,2025-12-19,2027-12-18,,Medical Stores Organisation rate contract,https://mso-gmsd.in/MSO_PORTAL/msowebsite/portal/home,"Loaded from a supplied copy. mso-gmsd.in resolves every menu item to /portal/undefined, so this could not be fetched from source.",False,,2026-08-05T15:26:45+00:00
G180258,"Insulin Lispro Protamin 25% and 75% Cartridge 100IU/ml,",Generic,662.4,No,662.4000/No.,5 cartridge,,2025-12-19,2027-12-18,,Medical Stores Organisation rate contract,https://mso-gmsd.in/MSO_PORTAL/msowebsite/portal/home,"Loaded from a supplied copy. mso-gmsd.in resolves every menu item to /portal/undefined, so this could not be fetched from source.",False,,2026-08-05T15:26:45+00:00
,3ml cartridge (Per Cartridge),,,,,per pack,,,,,Medical Stores Organisation rate contract,https://mso-gmsd.in/MSO_PORTAL/msowebsite/portal/home,"Loaded from a supplied copy. mso-gmsd.in resolves every menu item to /portal/undefined, so this could not be fetched from source.",False,,2026-08-05T15:26:45+00:00
G180265,"Isophane Insulin, rDNA, monocomponent Human Insulin, biosynthetic 40IU/ml, 10ml/vial (Per Vial)",Generic,97.0,No,97.0000/No.,10 mL Vial,,2025-12-19,2027-12-18,,Medical Stores Organisation rate contract,https://mso-gmsd.in/MSO_PORTAL/msowebsite/portal/home,"Loaded from a supplied copy. mso-gmsd.in resolves every menu item to /portal/undefined, so this could not be fetched from source.",False,,2026-08-05T15:26:45+00:00
G180292,MEDROXYPROGESTERONE ACETATE TABLET 10 MG,Generic,0.93,No,0.9300/No.,Strip of 10 Tablet,10,2025-12-19,2027-12-18,,Medical Stores Organisation rate contract,https://mso-gmsd.in/MSO_PORTAL/msowebsite/portal/home,"Loaded from a supplied copy. mso-gmsd.in resolves every menu item to /portal/undefined, so this could not be fetched from source.",False,,2026-08-05T15:26:45+00:00
G180323,Metformin 500mg Tab,Generic,0.4985,No,0.4985/No.,Strip of 10 Tablet,10,2026-03-30,2027-03-31,500000,Medical Stores Organisation rate contract,https://mso-gmsd.in/MSO_PORTAL/msowebsite/portal/home,"Loaded from a supplied copy. mso-gmsd.in resolves every menu item to /portal/undefined, so this could not be fetched from source.",False,,2026-08-05T15:26:45+00:00
G180335,Methylprednisolone Acetate Tablet 4 mg,Generic,0.54,No,0.5400/No.,Strip of 10 Tablet,10,2025-12-19,2027-12-18,,Medical Stores Organisation rate contract,https://mso-gmsd.in/MSO_PORTAL/msowebsite/portal/home,"Loaded from a supplied copy. mso-gmsd.in resolves every menu item to /portal/undefined, so this could not be fetched from source.",False,,2026-08-05T15:26:45+00:00
G180354,Prednisolone Tablet 10 mg,Generic,0.55,No,0.5500/No.,Strip of 10 Tablet,10,2025-12-19,2027-12-18,,Medical Stores Organisation rate contract,https://mso-gmsd.in/MSO_PORTAL/msowebsite/portal/home,"Loaded from a supplied copy. mso-gmsd.in resolves every menu item to /portal/undefined, so this could not be fetched from source.",False,,2026-08-05T15:26:45+00:00
G180443,THYROXINE TABLET I.P. 25 MCG,Generic,0.25,No,0.2500/No.,Bottle of 120 Tablet,,2025-12-19,2027-12-18,,Medical Stores Organisation rate contract,https://mso-gmsd.in/MSO_PORTAL/msowebsite/portal/home,"Loaded from a supplied copy. mso-gmsd.in resolves every menu item to /portal/undefined, so this could not be fetched from source.",False,,2026-08-05T15:26:45+00:00
G180445,THYROXINE TABLET 75 MCG,Generic,0.28,No,0.2800/No.,Bottle of 120 Tablet,,2025-12-19,2027-12-18,,Medical Stores Organisation rate contract,https://mso-gmsd.in/MSO_PORTAL/msowebsite/portal/home,"Loaded from a supplied copy. mso-gmsd.in resolves every menu item to /portal/undefined, so this could not be fetched from source.",False,,2026-08-05T15:26:45+00:00
G180464,VOGLIBOSE TABLET 0.2 MG,Generic,0.23,No,0.2300/No.,Strip of 10 Tablet,10,2025-12-19,2027-12-18,,Medical Stores Organisation rate contract,https://mso-gmsd.in/MSO_PORTAL/msowebsite/portal/home,"Loaded from a supplied copy. mso-gmsd.in resolves every menu item to /portal/undefined, so this could not be fetched from source.",False,,2026-08-05T15:26:45+00:00
G18058,Estradiol Valerate Tablet 1 mg,Generic,1.52,No,1.5200/No.,Strip of 21 Tablets,21,2025-11-06,2027-01-05,,Medical Stores Organisation rate contract,https://mso-gmsd.in/MSO_PORTAL/msowebsite/portal/home,"Loaded from a supplied copy. mso-gmsd.in resolves every menu item to /portal/undefined, so this could not be fetched from source.",False,,2026-08-05T15:26:45+00:00
G18060,Ethinyl Oestradiol and Drospirenone Tablet 0.03mg + 3mg,Generic,4.99,No,4.9900/No.,Strip of 21 Tablets,21,2025-01-06,2027-01-05,,Medical Stores Organisation rate contract,https://mso-gmsd.in/MSO_PORTAL/msowebsite/portal/home,"Loaded from a supplied copy. mso-gmsd.in resolves every menu item to /portal/undefined, so this could not be fetched from source.",False,,2026-08-05T15:26:45+00:00
G18075,Didydrogesterone Tablet 10 mg,Generic,9.1,No,9.1000/No.,Strip of 10 Tablet,10,2025-11-06,2027-01-05,,Medical Stores Organisation rate contract,https://mso-gmsd.in/MSO_PORTAL/msowebsite/portal/home,"Loaded from a supplied copy. mso-gmsd.in resolves every menu item to /portal/undefined, so this could not be fetched from source.",False,,2026-08-05T15:26:45+00:00
G18241,Insulin Degludec/Insulin Aspart 100iu/Ml 3ml Contains 70 percent Soluble Insulin Degludec and 30 percent Soluble Insulin Aspart Monocomponent Biosynthetic R-Dna Insulin Solution For Injection in a Pre-Filled Pen Pen 100 U/ML,Generic,1100.0,No,1100.0000/No.,3 ml PFS,,2025-01-06,2027-01-05,,Medical Stores Organisation rate contract,https://mso-gmsd.in/MSO_PORTAL/msowebsite/portal/home,"Loaded from a supplied copy. mso-gmsd.in resolves every menu item to /portal/undefined, so this could not be fetched from source.",False,,2026-08-05T15:26:45+00:00
G18271,Insulin Glargine Cartridge 300IU/ML,Generic,1120.0,No,1120.0000/No.,1.5ml Cartridge,,2025-01-06,2027-01-05,,Medical Stores Organisation rate contract,https://mso-gmsd.in/MSO_PORTAL/msowebsite/portal/home,"Loaded from a supplied copy. mso-gmsd.in resolves every menu item to /portal/undefined, so this could not be fetched from source.",False,,2026-08-05T15:26:45+00:00
G18295,Alogliptin Benzoate 17mg Eq. To Alogliptin 12.5mg and Metformin Hydrochloride Ip 1000 Mg Tablet 12.5mg and 1000mg,Generic,8.34,No,8.3400/No.,Strip of 10 Tablet,10,2025-11-06,2027-01-05,,Medical Stores Organisation rate contract,https://mso-gmsd.in/MSO_PORTAL/msowebsite/portal/home,"Loaded from a supplied copy. mso-gmsd.in resolves every menu item to /portal/undefined, so this could not be fetched from source.",False,,2026-08-05T15:26:45+00:00
G18296,Alogliptin Benzoate 17mg Eq. To Alogliptin 12.5mg and,Generic,6.88,No,6.8800/No.,Strip of 10 Tablet,10,2025-11-06,2027-01-05,,Medical Stores Organisation rate contract,https://mso-gmsd.in/MSO_PORTAL/msowebsite/portal/home,"Loaded from a supplied copy. mso-gmsd.in resolves every menu item to /portal/undefined, so this could not be fetched from source.",False,,2026-08-05T15:26:45+00:00
,Metformin Hydrochloride Ip 500 Mg Tablet 12.5mg and 500mg,,,,,,,,,,Medical Stores Organisation rate contract,https://mso-gmsd.in/MSO_PORTAL/msowebsite/portal/home,"Loaded from a supplied copy. mso-gmsd.in resolves every menu item to /portal/undefined, so this could not be fetched from source.",False,,2026-08-05T15:26:45+00:00
G18297,Alogliptin Benzoate Eq. To Alogliptin 25mg Tablet 25mg,Generic,10.68,No,10.6800/No.,Strip of 10 Tablet,10,2025-11-06,2027-01-05,,Medical Stores Organisation rate contract,https://mso-gmsd.in/MSO_PORTAL/msowebsite/portal/home,"Loaded from a supplied copy. mso-gmsd.in resolves every menu item to /portal/undefined, so this could not be fetched from source.",False,,2026-08-05T15:26:45+00:00
G18298,Alogliptin Benzoate Eq. To Alogliptin 12.5mg Tablet 12.5mg,Generic,7.6,No,7.6000/No.,Strip of 10 Tablet,10,2025-11-06,2027-01-05,,Medical Stores Organisation rate contract,https://mso-gmsd.in/MSO_PORTAL/msowebsite/portal/home,"Loaded from a supplied copy. mso-gmsd.in resolves every menu item to /portal/undefined, so this could not be fetched from source.",False,,2026-08-05T15:26:45+00:00
G18302,Dapagliflozin and Vildagliptin Tablet 10mg and 100mg,Generic,1.96,No,1.9600/No.,Strip of 10 Tablet,10,2025-11-06,2027-01-05,,Medical Stores Organisation rate contract,https://mso-gmsd.in/MSO_PORTAL/msowebsite/portal/home,"Loaded from a supplied copy. mso-gmsd.in resolves every menu item to /portal/undefined, so this could not be fetched from source.",False,,2026-08-05T15:26:45+00:00
G18303,Dapagliflozin and Metformin Tablet 5mg and 500mg,Generic,1.08,No,1.0800/No.,Strip of 10 Tablet,10,2025-11-06,2027-01-05,,Medical Stores Organisation rate contract,https://mso-gmsd.in/MSO_PORTAL/msowebsite/portal/home,"Loaded from a supplied copy. mso-gmsd.in resolves every menu item to /portal/undefined, so this could not be fetched from source.",False,,2026-08-05T15:26:45+00:00
G18308,Gliclazide and Metformin Tablet 30mg and 500mg,Generic,1.4,No,1.4000/No.,Strip of 10 Tablet,10,2025-11-06,2027-01-05,,Medical Stores Organisation rate contract,https://mso-gmsd.in/MSO_PORTAL/msowebsite/portal/home,"Loaded from a supplied copy. mso-gmsd.in resolves every menu item to /portal/undefined, so this could not be fetched from source.",False,,2026-08-05T15:26:45+00:00
G18311,Glimepiride and Metformin and Voglibose Tablet 1mg and 500mg and 0.3mg,Generic,0.9,No,0.9000/No.,Strip of 10 Tablet,10,2025-11-06,2027-01-05,,Medical Stores Organisation rate contract,https://mso-gmsd.in/MSO_PORTAL/msowebsite/portal/home,"Loaded from a supplied copy. mso-gmsd.in resolves every menu item to /portal/undefined, so this could not be fetched from source.",False,,2026-08-05T15:26:45+00:00
G18312,Glimepiride and Metformin and Voglibose Tablet 2mg and 1000mg and 0.3mg,Generic,1.42,No,1.4200/No.,Strip of 10 Tablet,10,2025-11-06,2027-01-05,,Medical Stores Organisation rate contract,https://mso-gmsd.in/MSO_PORTAL/msowebsite/portal/home,"Loaded from a supplied copy. mso-gmsd.in resolves every menu item to /portal/undefined, so this could not be fetched from source.",False,,2026-08-05T15:26:45+00:00
G18313,Glimepiride and Metformin and Voglibose Tablet 3mg and 500mg and 0.3mg,Generic,0.95,No,0.9500/No.,Strip of 10 Tablet,10,2025-11-06,2027-01-05,,Medical Stores Organisation rate contract,https://mso-gmsd.in/MSO_PORTAL/msowebsite/portal/home,"Loaded from a supplied copy. mso-gmsd.in resolves every menu item to /portal/undefined, so this could not be fetched from source.",False,,2026-08-05T15:26:45+00:00
G18315,Metformin and Remogliflozin Tablet 500mg and 100mg,Generic,8.66,No,8.6600/No.,Strip of 10 Tablet,10,2025-11-06,2027-01-05,,Medical Stores Organisation rate contract,https://mso-gmsd.in/MSO_PORTAL/msowebsite/portal/home,"Loaded from a supplied copy. mso-gmsd.in resolves every menu item to /portal/undefined, so this could not be fetched from source.",False,,2026-08-05T15:26:45+00:00
G18316,Metformin and Remogliflozin and Vildagliptin Tablet 500mg and 100mg and 50mg,Generic,9.31,No,9.3100/No.,Strip of 10 Tablet,10,2025-11-06,2027-01-05,,Medical Stores Organisation rate contract,https://mso-gmsd.in/MSO_PORTAL/msowebsite/portal/home,"Loaded from a supplied copy. mso-gmsd.in resolves every menu item to /portal/undefined, so this could not be fetched from source.",False,,2026-08-05T15:26:45+00:00
G18317,Progesterone Capsule 400mg,Generic,8.95,No,8.9500/No.,Strip of 10 Tablet,10,2025-11-06,2027-01-05,,Medical Stores Organisation rate contract,https://mso-gmsd.in/MSO_PORTAL/msowebsite/portal/home,"Loaded from a supplied copy. mso-gmsd.in resolves every menu item to /portal/undefined, so this could not be fetched from source.",False,,2026-08-05T15:26:45+00:00
G18318,Remogliflozin and Vildagliptin Tablet 100mg and 50mg,Generic,9.47,No,9.4700/No.,Strip of 10 Tablet,10,2025-11-06,2027-01-05,,Medical Stores Organisation rate contract,https://mso-gmsd.in/MSO_PORTAL/msowebsite/portal/home,"Loaded from a supplied copy. mso-gmsd.in resolves every menu item to /portal/undefined, so this could not be fetched from source.",False,,2026-08-05T15:26:45+00:00
G18319,Repaglinide and Voglibose Tablet 0.5mg and 0.2mg,Generic,0.94,No,0.9400/No.,Strip of 10 Tablet,10,2025-11-06,2027-01-05,,Medical Stores Organisation rate contract,https://mso-gmsd.in/MSO_PORTAL/msowebsite/portal/home,"Loaded from a supplied copy. mso-gmsd.in resolves every menu item to /portal/undefined, so this could not be fetched from source.",False,,2026-08-05T15:26:45+00:00
G18320,Repaglinide and Voglibose Tablet 0.5mg and 0.3mg,Generic,1.0,No,1.0000/No.,Strip of 10 Tablet,10,2025-11-06,2027-01-05,,Medical Stores Organisation rate contract,https://mso-gmsd.in/MSO_PORTAL/msowebsite/portal/home,"Loaded from a supplied copy. mso-gmsd.in resolves every menu item to /portal/undefined, so this could not be fetched from source.",False,,2026-08-05T15:26:45+00:00
G18321,Repaglinide and Voglibose Tablet 1mg and 0.2mg,Generic,1.06,No,1.0600/No.,Strip of 10 Tablet,10,2025-11-06,2027-01-05,,Medical Stores Organisation rate contract,https://mso-gmsd.in/MSO_PORTAL/msowebsite/portal/home,"Loaded from a supplied copy. mso-gmsd.in resolves every menu item to /portal/undefined, so this could not be fetched from source.",False,,2026-08-05T15:26:45+00:00
G18322,Repaglinide and Voglibose Tablet 1mg and 0.3mg,Generic,1.13,No,1.1300/No.,Strip of 10 Tablet,10,2025-11-06,2027-01-05,,Medical Stores Organisation rate contract,https://mso-gmsd.in/MSO_PORTAL/msowebsite/portal/home,"Loaded from a supplied copy. mso-gmsd.in resolves every menu item to /portal/undefined, so this could not be fetched from source.",False,,2026-08-05T15:26:45+00:00
G18323,Semaglutide Tablet 14mg,Generic,267.03,No,267.0300/No.,Strip of 10 Tablet,10,2025-11-06,2027-01-05,,Medical Stores Organisation rate contract,https://mso-gmsd.in/MSO_PORTAL/msowebsite/portal/home,"Loaded from a supplied copy. mso-gmsd.in resolves every menu item to /portal/undefined, so this could not be fetched from source.",False,,2026-08-05T15:26:45+00:00
G18324,Semaglutide Tablet 3mg,Generic,218.73,No,218.7300/No.,Strip of 10 Tablet,10,2025-11-06,2027-01-05,,Medical Stores Organisation rate contract,https://mso-gmsd.in/MSO_PORTAL/msowebsite/portal/home,"Loaded from a supplied copy. mso-gmsd.in resolves every menu item to /portal/undefined, so this could not be fetched from source.",False,,2026-08-05T15:26:45+00:00
G18325,Semaglutide Tablet 7mg,Generic,242.88,No,242.8800/No.,Strip of 10 Tablet,10,2025-11-06,2027-01-05,,Medical Stores Organisation rate contract,https://mso-gmsd.in/MSO_PORTAL/msowebsite/portal/home,"Loaded from a supplied copy. mso-gmsd.in resolves every menu item to /portal/undefined, so this could not be fetched from source.",False,,2026-08-05T15:26:45+00:00
G200102,Thiocolchicoside Tablet 4 mg,Generic,2.08,No,2.0800/No.,Strip of 10 Tablet,10,2025-12-19,2027-12-18,,Medical Stores Organisation rate contract,https://mso-gmsd.in/MSO_PORTAL/msowebsite/portal/home,"Loaded from a supplied copy. mso-gmsd.in resolves every menu item to /portal/undefined, so this could not be fetched from source.",False,,2026-08-05T15:26:45+00:00
G200103,Thiocolchicoside Tablet 8 mg,Generic,3.95,No,3.9500/No.,Strip of 10 Tablet,10,2025-12-19,2027-12-18,,Medical Stores Organisation rate contract,https://mso-gmsd.in/MSO_PORTAL/msowebsite/portal/home,"Loaded from a supplied copy. mso-gmsd.in resolves every menu item to /portal/undefined, so this could not be fetched from source.",False,,2026-08-05T15:26:45+00:00
G20011,Tolperisone Tablet 50 mg,Generic,5.04,No,5.0400/No.,Strip of 10 Tablet,10,2025-11-06,2027-01-05,,Medical Stores Organisation rate contract,https://mso-gmsd.in/MSO_PORTAL/msowebsite/portal/home,"Loaded from a supplied copy. mso-gmsd.in resolves every menu item to /portal/undefined, so this could not be fetched from source.",False,,2026-08-05T15:26:45+00:00
G20012,Tolperisone Tablet 100 mg,Generic,6.54,No,6.5400/No.,Strip of 10 Tablet,10,2025-11-06,2027-01-05,,Medical Stores Organisation rate contract,https://mso-gmsd.in/MSO_PORTAL/msowebsite/portal/home,"Loaded from a supplied copy. mso-gmsd.in resolves every menu item to /portal/undefined, so this could not be fetched from source.",False,,2026-08-05T15:26:45+00:00
G20016,Capsaicin and Diclofenac and Linseed Oil and Menthol and Methyl Salicylate Cream/Ointment Ointment 0.025 percent and 1 percent and 3 percent and 5 percent and 10 percent,Generic,14.14,No,14.1400/No.,30 Gm Tube,,2025-11-06,2027-01-05,,Medical Stores Organisation rate contract,https://mso-gmsd.in/MSO_PORTAL/msowebsite/portal/home,"Loaded from a supplied copy. mso-gmsd.in resolves every menu item to /portal/undefined, so this could not be fetched from source.",False,,2026-08-05T15:26:45+00:00
G20031,Neostigmine Methyl Sulfate Ip Ampoule 0.5mg,Generic,3.95,No,3.9500/No.,1 mL Ampoule,,2025-11-06,2027-01-05,,Medical Stores Organisation rate contract,https://mso-gmsd.in/MSO_PORTAL/msowebsite/portal/home,"Loaded from a supplied copy. mso-gmsd.in resolves every menu item to /portal/undefined, so this could not be fetched from source.",False,,2026-08-05T15:26:45+00:00
G210042,Carboxymethyl Cellulose (CMC) Eye Drop 0.5%,Generic,5.5,No,5.5000/No.,10 ml Bottle,,2025-12-19,2027-12-18,,Medical Stores Organisation rate contract,https://mso-gmsd.in/MSO_PORTAL/msowebsite/portal/home,"Loaded from a supplied copy. mso-gmsd.in resolves every menu item to /portal/undefined, so this could not be fetched from source.",False,,2026-08-05T15:26:45+00:00
G210128,Latanoprost Eye Drop 0.005%,Generic,70.0,No,70.0000/No.,2.5ml Bottle,,2025-12-19,2027-12-18,,Medical Stores Organisation rate contract,https://mso-gmsd.in/MSO_PORTAL/msowebsite/portal/home,"Loaded from a supplied copy. mso-gmsd.in resolves every menu item to /portal/undefined, so this could not be fetched from source.",False,,2026-08-05T15:26:45+00:00
G210138,Moxifloxacin Eye Drop 0.50%,Generic,5.75,No,5.7500/No.,5 ml Bottle,,2025-12-19,2027-12-18,,Medical Stores Organisation rate contract,https://mso-gmsd.in/MSO_PORTAL/msowebsite/portal/home,"Loaded from a supplied copy. mso-gmsd.in resolves every menu item to /portal/undefined, so this could not be fetched from source.",False,,2026-08-05T15:26:45+00:00
G210177,RANIBIZUMAB INJECTION 0.5 MG,Generic,4249.3,No,4249.3000/No.,Vial,,2025-12-19,2027-12-18,,Medical Stores Organisation rate contract,https://mso-gmsd.in/MSO_PORTAL/msowebsite/portal/home,"Loaded from a supplied copy. mso-gmsd.in resolves every menu item to /portal/undefined, so this could not be fetched from source.",False,,2026-08-05T15:26:45+00:00
G21018,Betaxolol Opthalmic Solution 0.50%,Generic,16.24,No,16.2400/No.,5 ml vial,,2025-11-06,2027-01-05,,Medical Stores Organisation rate contract,https://mso-gmsd.in/MSO_PORTAL/msowebsite/portal/home,"Loaded from a supplied copy. mso-gmsd.in resolves every menu item to /portal/undefined, so this could not be fetched from source.",False,,2026-08-05T15:26:45+00:00
G21025,Homatropine Eye Drop I.P. 2%,Generic,18.9,No,18.9000/No.,5 ml vial,,2025-11-06,2027-01-05,,Medical Stores Organisation rate contract,https://mso-gmsd.in/MSO_PORTAL/msowebsite/portal/home,"Loaded from a supplied copy. mso-gmsd.in resolves every menu item to /portal/undefined, so this could not be fetched from source.",False,,2026-08-05T15:26:45+00:00
G21043,Natamycin Eye Drop 5%,Generic,30.0,No,30.0000/No.,5 ml vial,,2025-11-06,2027-01-05,,Medical Stores Organisation rate contract,https://mso-gmsd.in/MSO_PORTAL/msowebsite/portal/home,"Loaded from a supplied copy. mso-gmsd.in resolves every menu item to /portal/undefined, so this could not be fetched from source.",False,,2026-08-05T15:26:45+00:00
G21086,Cyclopentolate Eye Drop 1%,Generic,21.6,No,21.6000/No.,5 ml vial,,2025-11-06,2027-01-05,,Medical Stores Organisation rate contract,https://mso-gmsd.in/MSO_PORTAL/msowebsite/portal/home,"Loaded from a supplied copy. mso-gmsd.in resolves every menu item to /portal/undefined, so this could not be fetched from source.",False,,2026-08-05T15:26:45+00:00
G21092,Gatifloxacin and Prednisolone Acetate Eye Drop 0.3%w/v + 1%w/v,Generic,11.79,No,11.7900/No.,5 ml vial,,2025-11-06,2027-01-05,,Medical Stores Organisation rate contract,https://mso-gmsd.in/MSO_PORTAL/msowebsite/portal/home,"Loaded from a supplied copy. mso-gmsd.in resolves every menu item to /portal/undefined, so this could not be fetched from source.",False,,2026-08-05T15:26:45+00:00
G21137,Brimonidine Tartrate Ip Vial 0.1 percent w/v,Generic,31.25,No,31.2500/No.,5 ml vial,,2025-11-06,2027-01-05,,Medical Stores Organisation rate contract,https://mso-gmsd.in/MSO_PORTAL/msowebsite/portal/home,"Loaded from a supplied copy. mso-gmsd.in resolves every menu item to /portal/undefined, so this could not be fetched from source.",False,,2026-08-05T15:26:45+00:00
G21138,Benzocaine and Chlorbutol and Paradichlorobenzene and Turpentine Bottle 2.7 percent and 5 percent and 2 percent and 15 percent,Generic,15.88,No,15.8800/No.,10 ml Bottle,,2025-11-06,2027-01-05,,Medical Stores Organisation rate contract,https://mso-gmsd.in/MSO_PORTAL/msowebsite/portal/home,"Loaded from a supplied copy. mso-gmsd.in resolves every menu item to /portal/undefined, so this could not be fetched from source.",False,,2026-08-05T15:26:45+00:00
G21139,Bepotastine Drop 0.015 percent,Generic,43.75,No,43.7500/No.,5 ml vial,,2025-11-06,2027-01-05,,Medical Stores Organisation rate contract,https://mso-gmsd.in/MSO_PORTAL/msowebsite/portal/home,"Loaded from a supplied copy. mso-gmsd.in resolves every menu item to /portal/undefined, so this could not be fetched from source.",False,,2026-08-05T15:26:45+00:00
G21140,Bimatoprost and Timolol Bottle 0.3 percent and 0.5 percent,Generic,69.26,No,69.2600/No.,3ml of bottle,,2025-11-06,2027-01-05,,Medical Stores Organisation rate contract,https://mso-gmsd.in/MSO_PORTAL/msowebsite/portal/home,"Loaded from a supplied copy. mso-gmsd.in resolves every menu item to /portal/undefined, so this could not be fetched from source.",False,,2026-08-05T15:26:45+00:00
G21141,Brimonidine and Stabilized Oxychloro Bottle 0.1 percent and 0.005 percent,Generic,31.25,No,31.2500/No.,5 ml vial,,2025-11-06,2027-01-05,,Medical Stores Organisation rate contract,https://mso-gmsd.in/MSO_PORTAL/msowebsite/portal/home,"Loaded from a supplied copy. mso-gmsd.in resolves every menu item to /portal/undefined, so this could not be fetched from source.",False,,2026-08-05T15:26:45+00:00
G21143,Brinzolamide and Timolol Bottle 1 percent and 0.5 percent,Generic,146.45,No,146.4500/No.,5 ml vial,,2025-11-06,2027-01-05,,Medical Stores Organisation rate contract,https://mso-gmsd.in/MSO_PORTAL/msowebsite/portal/home,"Loaded from a supplied copy. mso-gmsd.in resolves every menu item to /portal/undefined, so this could not be fetched from source.",False,,2026-08-05T15:26:45+00:00
G21144,Carboxymethylcellulose and Glycerin Bottle 0.5 percent and 0.5 percent,Generic,15.39,No,15.3900/No.,5 ml vial,,2025-11-06,2027-01-05,,Medical Stores Organisation rate contract,https://mso-gmsd.in/MSO_PORTAL/msowebsite/portal/home,"Loaded from a supplied copy. mso-gmsd.in resolves every menu item to /portal/undefined, so this could not be fetched from source.",False,,2026-08-05T15:26:45+00:00
G21148,Dexamethasone and Moxifloxacin Bottle 0.1 percent and 0.5 percent,Generic,12.9,No,12.9000/No.,10 ml Bottle,,2025-11-06,2027-01-05,,Medical Stores Organisation rate contract,https://mso-gmsd.in/MSO_PORTAL/msowebsite/portal/home,"Loaded from a supplied copy. mso-gmsd.in resolves every menu item to /portal/undefined, so this could not be fetched from source.",False,,2026-08-05T15:26:45+00:00
G21153,Netarsudil Bottle 0.2 percent,Generic,168.75,No,168.7500/No.,2.5 ml Vial,,2025-11-06,2027-01-05,,Medical Stores Organisation rate contract,https://mso-gmsd.in/MSO_PORTAL/msowebsite/portal/home,"Loaded from a supplied copy. mso-gmsd.in resolves every menu item to /portal/undefined, so this could not be fetched from source.",False,,2026-08-05T15:26:45+00:00
G21154,Oloptadine Bottle 0.2mg,Generic,18.74,No,18.7400/No.,5 ml vial,,2025-11-06,2027-01-05,,Medical Stores Organisation rate contract,https://mso-gmsd.in/MSO_PORTAL/msowebsite/portal/home,"Loaded from a supplied copy. mso-gmsd.in resolves every menu item to /portal/undefined, so this could not be fetched from source.",False,,2026-08-05T15:26:45+00:00
G21156,Polyethylene Glycol Sachet 17g,Generic,39.06,No,39.0600/No.,Sachet,,2025-11-06,2027-01-05,,Medical Stores Organisation rate contract,https://mso-gmsd.in/MSO_PORTAL/msowebsite/portal/home,"Loaded from a supplied copy. mso-gmsd.in resolves every menu item to /portal/undefined, so this could not be fetched from source.",False,,2026-08-05T15:26:45+00:00
G21157,Ripasudil Bottle 0.4 percent,Generic,195.03,No,195.0300/No.,5 ml vial,,2025-11-06,2027-01-05,,Medical Stores Organisation rate contract,https://mso-gmsd.in/MSO_PORTAL/msowebsite/portal/home,"Loaded from a supplied copy. mso-gmsd.in resolves every menu item to /portal/undefined, so this could not be fetched from source.",False,,2026-08-05T15:26:45+00:00
G22001,Methylegometrine Tablet I.P. 0.125 mg,Generic,2.24,No,2.2400/No.,Strip of 10 Tablet,10,2025-11-06,2027-01-05,,Medical Stores Organisation rate contract,https://mso-gmsd.in/MSO_PORTAL/msowebsite/portal/home,"Loaded from a supplied copy. mso-gmsd.in resolves every menu item to /portal/undefined, so this could not be fetched from source.",False,,2026-08-05T15:26:45+00:00
G240017,Amisulpride Tablet 100 mg,Generic,1.36,No,1.3600/No.,Strip of 10 Tablet,10,2025-12-19,2027-12-18,,Medical Stores Organisation rate contract,https://mso-gmsd.in/MSO_PORTAL/msowebsite/portal/home,"Loaded from a supplied copy. mso-gmsd.in resolves every menu item to /portal/undefined, so this could not be fetched from source.",False,,2026-08-05T15:26:45+00:00
G240037,Aripiprazole Tablet 30 mg,Generic,1.48,No,1.4800/No.,Strip of 10 Tablet,10,2025-12-19,2027-12-18,,Medical Stores Organisation rate contract,https://mso-gmsd.in/MSO_PORTAL/msowebsite/portal/home,"Loaded from a supplied copy. mso-gmsd.in resolves every menu item to /portal/undefined, so this could not be fetched from source.",False,,2026-08-05T15:26:45+00:00
G240079,CLOBAZAM CAPSULE I.P. 10 MG,Generic,0.9,No,0.9000/No.,Strip of 10 Tablet,10,2025-12-19,2027-12-18,,Medical Stores Organisation rate contract,https://mso-gmsd.in/MSO_PORTAL/msowebsite/portal/home,"Loaded from a supplied copy. mso-gmsd.in resolves every menu item to /portal/undefined, so this could not be fetched from source.",False,,2026-08-05T15:26:45+00:00
G240082,CLOBAZAM CAPSULE I.P. 5 MG,Generic,0.74,No,0.7400/No.,Strip of 10 Tablet,10,2025-12-19,2027-12-18,,Medical Stores Organisation rate contract,https://mso-gmsd.in/MSO_PORTAL/msowebsite/portal/home,"Loaded from a supplied copy. mso-gmsd.in resolves every menu item to /portal/undefined, so this could not be fetched from source.",False,,2026-08-05T15:26:45+00:00
G240088,CLONAZEPAM TABLET 0.25 MG,Generic,0.21,No,0.2100/No.,Strip of 15 Tablet,15,2025-12-19,2027-12-18,,Medical Stores Organisation rate contract,https://mso-gmsd.in/MSO_PORTAL/msowebsite/portal/home,"Loaded from a supplied copy. mso-gmsd.in resolves every menu item to /portal/undefined, so this could not be fetched from source.",False,,2026-08-05T15:26:45+00:00
G240091,CLONAZEPAM AND ESCITALOPRAM TABLET 0.5MG + 10MG,Generic,0.46,No,0.4600/No.,Strip of 10 Tablet,10,2025-12-19,2027-12-18,,Medical Stores Organisation rate contract,https://mso-gmsd.in/MSO_PORTAL/msowebsite/portal/home,"Loaded from a supplied copy. mso-gmsd.in resolves every menu item to /portal/undefined, so this could not be fetched from source.",False,,2026-08-05T15:26:45+00:00
G240095,CLONAZEPAM TABLET 2 MG,Generic,0.51,No,0.5100/No.,Strip of 10 Tablet,10,2025-12-19,2027-12-18,,Medical Stores Organisation rate contract,https://mso-gmsd.in/MSO_PORTAL/msowebsite/portal/home,"Loaded from a supplied copy. mso-gmsd.in resolves every menu item to /portal/undefined, so this could not be fetched from source.",False,,2026-08-05T15:26:45+00:00
G240096,CLOZAPINE TABLET I.P. 100 MG,Generic,1.29,No,1.2900/No.,Strip of 10 Tablet,10,2025-12-19,2027-12-18,,Medical Stores Organisation rate contract,https://mso-gmsd.in/MSO_PORTAL/msowebsite/portal/home,"Loaded from a supplied copy. mso-gmsd.in resolves every menu item to /portal/undefined, so this could not be fetched from source.",False,,2026-08-05T15:26:45+00:00
G240117,DOTHIEPIN CAPSULE 50 MG,Generic,1.06,No,1.0600/No.,Strip of 10 Tablet,10,2025-12-19,2027-12-18,,Medical Stores Organisation rate contract,https://mso-gmsd.in/MSO_PORTAL/msowebsite/portal/home,"Loaded from a supplied copy. mso-gmsd.in resolves every menu item to /portal/undefined, so this could not be fetched from source.",False,,2026-08-05T15:26:45+00:00
G240125,DULOXETINE TABLET 20 MG,Generic,0.72,No,0.7200/No.,Strip of 10 Tablet,10,2025-12-19,2027-12-18,,Medical Stores Organisation rate contract,https://mso-gmsd.in/MSO_PORTAL/msowebsite/portal/home,"Loaded from a supplied copy. mso-gmsd.in resolves every menu item to /portal/undefined, so this could not be fetched from source.",False,,2026-08-05T15:26:45+00:00
G240127,Duloxetine Tablet 30 mg,Generic,0.88,No,0.8800/No.,Strip of 10 Tablet,10,2025-12-19,2027-12-18,,Medical Stores Organisation rate contract,https://mso-gmsd.in/MSO_PORTAL/msowebsite/portal/home,"Loaded from a supplied copy. mso-gmsd.in resolves every menu item to /portal/undefined, so this could not be fetched from source.",False,,2026-08-05T15:26:45+00:00
G240133,ESCITALOPRAM TABLET I.P. 10 MG,Generic,0.35,No,0.3500/No.,Strip of 10 Tablet,10,2025-12-19,2027-12-18,,Medical Stores Organisation rate contract,https://mso-gmsd.in/MSO_PORTAL/msowebsite/portal/home,"Loaded from a supplied copy. mso-gmsd.in resolves every menu item to /portal/undefined, so this could not be fetched from source.",False,,2026-08-05T15:26:45+00:00
G240136,ESCITALOPRAM TABLET 5 MG,Generic,0.35,No,0.3500/No.,10 x 10 Tablet,,2025-12-19,2027-12-18,,Medical Stores Organisation rate contract,https://mso-gmsd.in/MSO_PORTAL/msowebsite/portal/home,"Loaded from a supplied copy. mso-gmsd.in resolves every menu item to /portal/undefined, so this could not be fetched from source.",False,,2026-08-05T15:26:45+00:00
G240168,HALOPERIDOL TABLET I.P. 5 MG,Generic,0.27,No,0.2700/No.,Strip of 10 Tablet,10,2025-12-19,2027-12-18,,Medical Stores Organisation rate contract,https://mso-gmsd.in/MSO_PORTAL/msowebsite/portal/home,"Loaded from a supplied copy. mso-gmsd.in resolves every menu item to /portal/undefined, so this could not be fetched from source.",False,,2026-08-05T15:26:45+00:00
G240203,Naltrexone Tablet 50 mg,Generic,39.96,No,39.9600/No.,Strip of 10 Tablet,10,2025-12-19,2027-12-18,,Medical Stores Organisation rate contract,https://mso-gmsd.in/MSO_PORTAL/msowebsite/portal/home,"Loaded from a supplied copy. mso-gmsd.in resolves every menu item to /portal/undefined, so this could not be fetched from source.",False,,2026-08-05T15:26:45+00:00
G240214,OLANZAPINE TABLET 2.5 MG,Generic,0.28,No,0.2800/No.,10 x 10 Tablet,,2025-12-19,2027-12-18,,Medical Stores Organisation rate contract,https://mso-gmsd.in/MSO_PORTAL/msowebsite/portal/home,"Loaded from a supplied copy. mso-gmsd.in resolves every menu item to /portal/undefined, so this could not be fetched from source.",False,,2026-08-05T15:26:45+00:00
G240217,OLANZAPINE TABLET I.P. 5 MG,Generic,0.23,No,0.2300/No.,Strip of 10 Tablet,10,2025-12-19,2027-12-18,,Medical Stores Organisation rate contract,https://mso-gmsd.in/MSO_PORTAL/msowebsite/portal/home,"Loaded from a supplied copy. mso-gmsd.in resolves every menu item to /portal/undefined, so this could not be fetched from source.",False,,2026-08-05T15:26:45+00:00
G24022,Nitrazepam Tablet I.P. 5 mg,Generic,1.49,No,1.4900/No.,Strip of 10 Tablet,10,2025-11-06,2027-01-05,,Medical Stores Organisation rate contract,https://mso-gmsd.in/MSO_PORTAL/msowebsite/portal/home,"Loaded from a supplied copy. mso-gmsd.in resolves every menu item to /portal/undefined, so this could not be fetched from source.",False,,2026-08-05T15:26:45+00:00
G240225,PAROXETINE TABLET 12.5 MG,Generic,0.96,No,0.9600/No.,Strip of 10 Tablet,10,2025-12-19,2027-12-18,,Medical Stores Organisation rate contract,https://mso-gmsd.in/MSO_PORTAL/msowebsite/portal/home,"Loaded from a supplied copy. mso-gmsd.in resolves every menu item to /portal/undefined, so this could not be fetched from source.",False,,2026-08-05T15:26:45+00:00
G240227,PAROXETINE TABLET 25 MG,Generic,1.48,No,1.4800/No.,Strip of 10 Tablet,10,2025-12-19,2027-12-18,,Medical Stores Organisation rate contract,https://mso-gmsd.in/MSO_PORTAL/msowebsite/portal/home,"Loaded from a supplied copy. mso-gmsd.in resolves every menu item to /portal/undefined, so this could not be fetched from source.",False,,2026-08-05T15:26:45+00:00
G24023,Nitrazepam Tablet I.P. 10 mg,Generic,2.89,No,2.8900/No.,Strip of 10 Tablet,10,2025-11-06,2027-01-05,,Medical Stores Organisation rate contract,https://mso-gmsd.in/MSO_PORTAL/msowebsite/portal/home,"Loaded from a supplied copy. mso-gmsd.in resolves every menu item to /portal/undefined, so this could not be fetched from source.",False,,2026-08-05T15:26:45+00:00
G240231,PIRACETAM TABLET 800 MG,Generic,1.62,No,1.6200/No.,Strip of 10 Tablet,10,2025-12-19,2027-12-18,,Medical Stores Organisation rate contract,https://mso-gmsd.in/MSO_PORTAL/msowebsite/portal/home,"Loaded from a supplied copy. mso-gmsd.in resolves every menu item to /portal/undefined, so this could not be fetched from source.",False,,2026-08-05T15:26:45+00:00
G240240,Pregabalin Capsule 75 mg,Generic,0.61,No,0.6100/No.,Strip of 10 Capsule,10,2025-12-19,2027-12-18,,Medical Stores Organisation rate contract,https://mso-gmsd.in/MSO_PORTAL/msowebsite/portal/home,"Loaded from a supplied copy. mso-gmsd.in resolves every menu item to /portal/undefined, so this could not be fetched from source.",False,,2026-08-05T15:26:45+00:00
G240246,QUETIAPINE TABLET 100 MG,Generic,0.74,No,0.7400/No.,Strip of 10 Tablet,10,2025-12-19,2027-12-18,,Medical Stores Organisation rate contract,https://mso-gmsd.in/MSO_PORTAL/msowebsite/portal/home,"Loaded from a supplied copy. mso-gmsd.in resolves every menu item to /portal/undefined, so this could not be fetched from source.",False,,2026-08-05T15:26:45+00:00
G240247,QUETIAPINE TABLET 200 MG,Generic,1.4,No,1.4000/No.,10 x 10 Tablet,,2025-12-19,2027-12-18,,Medical Stores Organisation rate contract,https://mso-gmsd.in/MSO_PORTAL/msowebsite/portal/home,"Loaded from a supplied copy. mso-gmsd.in resolves every menu item to /portal/undefined, so this could not be fetched from source.",False,,2026-08-05T15:26:45+00:00
G240254,RESPERIDONE TABLET 1 MG,Generic,0.21,No,0.2100/No.,Strip of 10 Tablet,10,2025-12-19,2027-12-18,,Medical Stores Organisation rate contract,https://mso-gmsd.in/MSO_PORTAL/msowebsite/portal/home,"Loaded from a supplied copy. mso-gmsd.in resolves every menu item to /portal/undefined, so this could not be fetched from source.",False,,2026-08-05T15:26:45+00:00
G240257,RESPERIDONE TABLET 2 MG,Generic,0.26,No,0.2600/No.,Strip of 10 Tablet,10,2025-12-19,2027-12-18,,Medical Stores Organisation rate contract,https://mso-gmsd.in/MSO_PORTAL/msowebsite/portal/home,"Loaded from a supplied copy. mso-gmsd.in resolves every menu item to /portal/undefined, so this could not be fetched from source.",False,,2026-08-05T15:26:45+00:00
G240268,SERTRALINE TABLET 50 MG,Generic,0.51,No,0.5100/No.,Strip of 10 Tablet,10,2025-12-19,2027-12-18,,Medical Stores Organisation rate contract,https://mso-gmsd.in/MSO_PORTAL/msowebsite/portal/home,"Loaded from a supplied copy. mso-gmsd.in resolves every menu item to /portal/undefined, so this could not be fetched from source.",False,,2026-08-05T15:26:45+00:00
G240289,VENLAFAXIN TABLET 75 MG,Generic,1.28,No,1.2800/No.,Strip of 10 Tablet,10,2025-12-19,2027-12-18,,Medical Stores Organisation rate contract,https://mso-gmsd.in/MSO_PORTAL/msowebsite/portal/home,"Loaded from a supplied copy. mso-gmsd.in resolves every menu item to /portal/undefined, so this could not be fetched from source.",False,,2026-08-05T15:26:45+00:00
G24063,Benzhexol and Trifluoperazine Tablet 2mg + 5mg,Generic,0.48,No,0.4800/No.,Strip of 10 Tablet,10,2025-11-06,2027-01-05,,Medical Stores Organisation rate contract,https://mso-gmsd.in/MSO_PORTAL/msowebsite/portal/home,"Loaded from a supplied copy. mso-gmsd.in resolves every menu item to /portal/undefined, so this could not be fetched from source.",False,,2026-08-05T15:26:45+00:00
G24091,Clonazepam and Propranolol Tablet 0.25mg + 20mg,Generic,0.44,No,0.4400/No.,Strip of 10 Tablet,10,2025-11-06,2027-01-05,,Medical Stores Organisation rate contract,https://mso-gmsd.in/MSO_PORTAL/msowebsite/portal/home,"Loaded from a supplied copy. mso-gmsd.in resolves every menu item to /portal/undefined, so this could not be fetched from source.",False,,2026-08-05T15:26:45+00:00
G24103,Escitalopram and Etizolam Tablet 5mg + 0.5mg,Generic,0.63,No,0.6300/No.,Strip of 10 Tablet,10,2025-11-06,2027-01-05,,Medical Stores Organisation rate contract,https://mso-gmsd.in/MSO_PORTAL/msowebsite/portal/home,"Loaded from a supplied copy. mso-gmsd.in resolves every menu item to /portal/undefined, so this could not be fetched from source.",False,,2026-08-05T15:26:45+00:00
G24188,Endoxifen Tablet 8mg,Generic,71.43,No,71.4300/No.,Strip of 10 Tablet,10,2025-11-06,2027-01-05,,Medical Stores Organisation rate contract,https://mso-gmsd.in/MSO_PORTAL/msowebsite/portal/home,"Loaded from a supplied copy. mso-gmsd.in resolves every menu item to /portal/undefined, so this could not be fetched from source.",False,,2026-08-05T15:26:45+00:00
G24189,Amisulpride Tablet 50mg,Generic,0.86,No,0.8600/No.,Strip of 10 Tablet,10,2025-11-06,2027-01-05,,Medical Stores Organisation rate contract,https://mso-gmsd.in/MSO_PORTAL/msowebsite/portal/home,"Loaded from a supplied copy. mso-gmsd.in resolves every menu item to /portal/undefined, so this could not be fetched from source.",False,,2026-08-05T15:26:45+00:00
G24190,Amitriptyline and Gabapentin Tablet 10mg and 300mg,Generic,1.7,No,1.7000/No.,Strip of 10 Tablet,10,2025-11-06,2027-01-05,,Medical Stores Organisation rate contract,https://mso-gmsd.in/MSO_PORTAL/msowebsite/portal/home,"Loaded from a supplied copy. mso-gmsd.in resolves every menu item to /portal/undefined, so this could not be fetched from source.",False,,2026-08-05T15:26:45+00:00
G24191,Clonazepam and Desvenlafaxine Tablet 0.5mg and 50mg,Generic,2.81,No,2.8100/No.,Strip of 10 Tablet,10,2025-11-06,2027-01-05,,Medical Stores Organisation rate contract,https://mso-gmsd.in/MSO_PORTAL/msowebsite/portal/home,"Loaded from a supplied copy. mso-gmsd.in resolves every menu item to /portal/undefined, so this could not be fetched from source.",False,,2026-08-05T15:26:45+00:00
G24192,Donapezil Tablet 5mg,Generic,0.94,No,0.9400/No.,Strip of 10 Tablet,10,2025-11-06,2027-01-05,,Medical Stores Organisation rate contract,https://mso-gmsd.in/MSO_PORTAL/msowebsite/portal/home,"Loaded from a supplied copy. mso-gmsd.in resolves every menu item to /portal/undefined, so this could not be fetched from source.",False,,2026-08-05T15:26:45+00:00
G24195,Duloxetine and Pregabalin Capsule 20mg and 75mg,Generic,3.13,No,3.1300/No.,Strip of 10 Capsule,10,2025-11-06,2027-01-05,,Medical Stores Organisation rate contract,https://mso-gmsd.in/MSO_PORTAL/msowebsite/portal/home,"Loaded from a supplied copy. mso-gmsd.in resolves every menu item to /portal/undefined, so this could not be fetched from source.",False,,2026-08-05T15:26:45+00:00
G24196,Lamotrigine Tablet 200mg,Generic,20.0,No,20.0000/No.,Strip of 10 Tablet,10,2025-11-06,2027-01-05,,Medical Stores Organisation rate contract,https://mso-gmsd.in/MSO_PORTAL/msowebsite/portal/home,"Loaded from a supplied copy. mso-gmsd.in resolves every menu item to /portal/undefined, so this could not be fetched from source.",False,,2026-08-05T15:26:45+00:00
G24198,Methylcobalamin and Pregabalin Tablet 1500mcg and 75mg,Generic,1.34,No,1.3400/No.,Blister of 10 Tablets,,2025-11-06,2027-01-05,,Medical Stores Organisation rate contract,https://mso-gmsd.in/MSO_PORTAL/msowebsite/portal/home,"Loaded from a supplied copy. mso-gmsd.in resolves every menu item to /portal/undefined, so this could not be fetched from source.",False,,2026-08-05T15:26:45+00:00
G24200,Nortriptyline and Pregabalin Tablet 10mg and 50mg,Generic,0.84,No,0.8400/No.,Strip of 10 Tablet,10,2025-11-06,2027-01-05,,Medical Stores Organisation rate contract,https://mso-gmsd.in/MSO_PORTAL/msowebsite/portal/home,"Loaded from a supplied copy. mso-gmsd.in resolves every menu item to /portal/undefined, so this could not be fetched from source.",False,,2026-08-05T15:26:45+00:00
G250049,Bromhexine Syrup 4mg/5mL,Generic,8.5,No,8.5000/No.,100 mL Bottle,,2025-12-19,2027-12-18,,Medical Stores Organisation rate contract,https://mso-gmsd.in/MSO_PORTAL/msowebsite/portal/home,"Loaded from a supplied copy. mso-gmsd.in resolves every menu item to /portal/undefined, so this could not be fetched from source.",False,,2026-08-05T15:26:45+00:00
G250060,Budesonide and Formoterol Fumarate Inhaler 100mcg + 6mcg,Generic,64.0,No,64.0000/No.,120 MDI,,2025-12-19,2027-12-18,,Medical Stores Organisation rate contract,https://mso-gmsd.in/MSO_PORTAL/msowebsite/portal/home,"Loaded from a supplied copy. mso-gmsd.in resolves every menu item to /portal/undefined, so this could not be fetched from source.",False,,2026-08-05T15:26:45+00:00
G250064,Budesonide and Formoterol Fumarate Inhaler 200mcg + 6mcg,Generic,69.8,No,69.8000/No.,120 MDI,,2025-12-19,2027-12-18,,Medical Stores Organisation rate contract,https://mso-gmsd.in/MSO_PORTAL/msowebsite/portal/home,"Loaded from a supplied copy. mso-gmsd.in resolves every menu item to /portal/undefined, so this could not be fetched from source.",False,,2026-08-05T15:26:45+00:00
G250066,Budesonide Inhaler 200 mcg,Generic,72.3,No,72.3000/No.,200 MDI,,2025-12-19,2027-12-18,,Medical Stores Organisation rate contract,https://mso-gmsd.in/MSO_PORTAL/msowebsite/portal/home,"Loaded from a supplied copy. mso-gmsd.in resolves every menu item to /portal/undefined, so this could not be fetched from source.",False,,2026-08-05T15:26:45+00:00
G250071,Budesonide and Formoterol Fumarate Inhaler 400mcg and 6mcg,Generic,74.6,No,74.6000/No.,120 MDI,,2025-12-19,2027-12-18,,Medical Stores Organisation rate contract,https://mso-gmsd.in/MSO_PORTAL/msowebsite/portal/home,"Loaded from a supplied copy. mso-gmsd.in resolves every menu item to /portal/undefined, so this could not be fetched from source.",False,,2026-08-05T15:26:45+00:00
G25016,Ipratropium and Salbutamol Inhaler 20mcg + 100mcg,Generic,144.0,No,144.0000/No.,200 MDI,,2025-11-06,2027-01-05,,Medical Stores Organisation rate contract,https://mso-gmsd.in/MSO_PORTAL/msowebsite/portal/home,"Loaded from a supplied copy. mso-gmsd.in resolves every menu item to /portal/undefined, so this could not be fetched from source.",False,,2026-08-05T15:26:45+00:00
G250165,Fluticasone Propionate and Formoterol Inhaler 250mcg + 6mcg,Generic,85.0,No,85.0000/No.,120 MDI,,2025-12-19,2027-12-18,,Medical Stores Organisation rate contract,https://mso-gmsd.in/MSO_PORTAL/msowebsite/portal/home,"Loaded from a supplied copy. mso-gmsd.in resolves every menu item to /portal/undefined, so this could not be fetched from source.",False,,2026-08-05T15:26:45+00:00
G250168,Fluticasone and Salmeterol Inhaler 250mcg + 25mcg,Generic,74.0,No,74.0000/No.,120 MDI,,2025-12-19,2027-12-18,,Medical Stores Organisation rate contract,https://mso-gmsd.in/MSO_PORTAL/msowebsite/portal/home,"Loaded from a supplied copy. mso-gmsd.in resolves every menu item to /portal/undefined, so this could not be fetched from source.",False,,2026-08-05T15:26:45+00:00
G250169,Fluticasone and salmeterol Inhaler50mcg + 25mcg,Generic,87.21,No,87.2100/No.,120 MDI,,2025-12-19,2027-12-18,,Medical Stores Organisation rate contract,https://mso-gmsd.in/MSO_PORTAL/msowebsite/portal/home,"Loaded from a supplied copy. mso-gmsd.in resolves every menu item to /portal/undefined, so this could not be fetched from source.",False,,2026-08-05T15:26:45+00:00
G250204,Ipratropium and Levosalbutamol Respule 500mcg + 1.25mg,Generic,2.77,No,2.7700/No.,3ml of bottle,,2025-12-19,2027-12-18,,Medical Stores Organisation rate contract,https://mso-gmsd.in/MSO_PORTAL/msowebsite/portal/home,"Loaded from a supplied copy. mso-gmsd.in resolves every menu item to /portal/undefined, so this could not be fetched from source.",False,,2026-08-05T15:26:45+00:00
G250206,Ipratropium and Levosalbuatmol Inhaler 20mcg + 50mcg,Generic,87.21,No,87.2100/No.,200 MDI,,2025-12-19,2027-12-18,,Medical Stores Organisation rate contract,https://mso-gmsd.in/MSO_PORTAL/msowebsite/portal/home,"Loaded from a supplied copy. mso-gmsd.in resolves every menu item to /portal/undefined, so this could not be fetched from source.",False,,2026-08-05T15:26:45+00:00
G250216,Levocetirizine and Montelukast Sodium Tablet 5mg + 10mg,Generic,0.58,No,0.5800/No.,Strip of 10 Tablet,10,2025-12-19,2027-12-18,,Medical Stores Organisation rate contract,https://mso-gmsd.in/MSO_PORTAL/msowebsite/portal/home,"Loaded from a supplied copy. mso-gmsd.in resolves every menu item to /portal/undefined, so this could not be fetched from source.",False,,2026-08-05T15:26:45+00:00
G250271,Salbutamol Syrup I.P. 2mg/5mL,Generic,8.94,No,8.9400/No.,100 mL Bottle,,2025-12-19,2027-12-18,,Medical Stores Organisation rate contract,https://mso-gmsd.in/MSO_PORTAL/msowebsite/portal/home,"Loaded from a supplied copy. mso-gmsd.in resolves every menu item to /portal/undefined, so this could not be fetched from source.",False,,2026-08-05T15:26:45+00:00
G25035,Tiotropium Bromide Inhaler 9 mcg,Generic,126.99,No,126.9900/No.,200 MDI,,2025-11-06,2027-01-05,,Medical Stores Organisation rate contract,https://mso-gmsd.in/MSO_PORTAL/msowebsite/portal/home,"Loaded from a supplied copy. mso-gmsd.in resolves every menu item to /portal/undefined, so this could not be fetched from source.",False,,2026-08-05T15:26:45+00:00
G25036,Salbutamol Rotacap 200 mcg,Generic,0.67,No,0.6700/No.,Bottle of 60 Rotacaps,,2025-11-06,2027-01-05,,Medical Stores Organisation rate contract,https://mso-gmsd.in/MSO_PORTAL/msowebsite/portal/home,"Loaded from a supplied copy. mso-gmsd.in resolves every menu item to /portal/undefined, so this could not be fetched from source.",False,,2026-08-05T15:26:45+00:00
G25059,Theophylline Long Acting Tablet 400 mg,Generic,1.04,No,1.0400/No.,Strip of 10 Tablet,10,2025-11-06,2027-01-05,,Medical Stores Organisation rate contract,https://mso-gmsd.in/MSO_PORTAL/msowebsite/portal/home,"Loaded from a supplied copy. mso-gmsd.in resolves every menu item to /portal/undefined, so this could not be fetched from source.",False,,2026-08-05T15:26:45+00:00
G25080,Theophylline and Etophylline Sustained Release Tablet 104mg + 346mg,Generic,4.51,No,4.5100/No.,Strip of 15 Tablet,15,2025-11-06,2027-01-05,,Medical Stores Organisation rate contract,https://mso-gmsd.in/MSO_PORTAL/msowebsite/portal/home,"Loaded from a supplied copy. mso-gmsd.in resolves every menu item to /portal/undefined, so this could not be fetched from source.",False,,2026-08-05T15:26:45+00:00
G25095,Chlorpheniramine and Dextromethorphan Syrup 1mg + 5mg,Generic,10.4,No,10.4000/No.,60 ml Bottle,,2025-11-06,2027-01-05,,Medical Stores Organisation rate contract,https://mso-gmsd.in/MSO_PORTAL/msowebsite/portal/home,"Loaded from a supplied copy. mso-gmsd.in resolves every menu item to /portal/undefined, so this could not be fetched from source.",False,,2026-08-05T15:26:45+00:00
G25196,Fluticasone Furoate and Vilanterol Capsule 100mcg and 25mcg,Generic,9.82,No,9.8200/No.,Bottle of 30 caps,,2025-11-06,2027-01-05,,Medical Stores Organisation rate contract,https://mso-gmsd.in/MSO_PORTAL/msowebsite/portal/home,"Loaded from a supplied copy. mso-gmsd.in resolves every menu item to /portal/undefined, so this could not be fetched from source.",False,,2026-08-05T15:26:45+00:00
G25197,Budesonide Tablet 9mg,Generic,34.29,No,34.2900/No.,Bottle of 15,,2025-11-06,2027-01-05,,Medical Stores Organisation rate contract,https://mso-gmsd.in/MSO_PORTAL/msowebsite/portal/home,"Loaded from a supplied copy. mso-gmsd.in resolves every menu item to /portal/undefined, so this could not be fetched from source.",False,,2026-08-05T15:26:45+00:00
G25198,Each Capsule Contains Mometasone Furoate Eq To 136,Generic,21.9,No,21.9000/No.,3 x 10 tablets,,2025-11-06,2027-01-05,,Medical Stores Organisation rate contract,https://mso-gmsd.in/MSO_PORTAL/msowebsite/portal/home,"Loaded from a supplied copy. mso-gmsd.in resolves every menu item to /portal/undefined, so this could not be fetched from source.",False,,2026-08-05T15:26:45+00:00
,Mcg Of Mometasone Furoate Ip 160 Mcg Glycopyrronium Bromide Eq To 46 Mcg Of Glycopyrronium Ph Eur 63 Mcg and Indacaterol Acetate Eq To 114 Mcg Of Indacaterol Ih 173 Mcg Capsule 160mcg and 63mcg and 173mcg,,,,,,,,,,Medical Stores Organisation rate contract,https://mso-gmsd.in/MSO_PORTAL/msowebsite/portal/home,"Loaded from a supplied copy. mso-gmsd.in resolves every menu item to /portal/undefined, so this could not be fetched from source.",False,,2026-08-05T15:26:45+00:00
G25200,Phenylephrine Hcl Chlorpheneramine Maleate Paracetamol Bottle 2.5mg and 1mg and 125mg,Generic,12.5,No,12.5000/No.,Bottle of 60ml,,2025-11-06,2027-01-05,,Medical Stores Organisation rate contract,https://mso-gmsd.in/MSO_PORTAL/msowebsite/portal/home,"Loaded from a supplied copy. mso-gmsd.in resolves every menu item to /portal/undefined, so this could not be fetched from source.",False,,2026-08-05T15:26:45+00:00
G25202,Ambroxol and Guaifenesin and Terbutaline Bottle 15mg and 50mg and1.25mg,Generic,11.6,No,11.6000/No.,100 mL Bottle,,2025-11-06,2027-01-05,,Medical Stores Organisation rate contract,https://mso-gmsd.in/MSO_PORTAL/msowebsite/portal/home,"Loaded from a supplied copy. mso-gmsd.in resolves every menu item to /portal/undefined, so this could not be fetched from source.",False,,2026-08-05T15:26:45+00:00
G25203,Ambroxol and Guaifenesin and Levosalbutamol Bottle 30mg and 50mg and 1mg,Generic,14.1,No,14.1000/No.,Bottle of 100ml,,2025-11-06,2027-01-05,,Medical Stores Organisation rate contract,https://mso-gmsd.in/MSO_PORTAL/msowebsite/portal/home,"Loaded from a supplied copy. mso-gmsd.in resolves every menu item to /portal/undefined, so this could not be fetched from source.",False,,2026-08-05T15:26:45+00:00
G25204,Azelastine and Fluticasone Nasal Spray 140mcg and 50mcg,Generic,44.33,No,44.3300/No.,Bottle of 7 ml,,2025-11-06,2027-01-05,,Medical Stores Organisation rate contract,https://mso-gmsd.in/MSO_PORTAL/msowebsite/portal/home,"Loaded from a supplied copy. mso-gmsd.in resolves every menu item to /portal/undefined, so this could not be fetched from source.",False,,2026-08-05T15:26:45+00:00
G25206,Budesonide and Formoterol and Glycopyrronium Capsule 400mcg and 12mcg and 25mcg,Generic,4.45,No,4.4500/No.,Bottle of 30 caps,,2025-11-06,2027-01-05,,Medical Stores Organisation rate contract,https://mso-gmsd.in/MSO_PORTAL/msowebsite/portal/home,"Loaded from a supplied copy. mso-gmsd.in resolves every menu item to /portal/undefined, so this could not be fetched from source.",False,,2026-08-05T15:26:45+00:00
G25207,Chlorpheniramine 2mg and Dextromethorphan 10mg Bottle 2mg and 10mg,Generic,16.89,No,16.8900/No.,Bottle of 100ml,,2025-11-06,2027-01-05,,Medical Stores Organisation rate contract,https://mso-gmsd.in/MSO_PORTAL/msowebsite/portal/home,"Loaded from a supplied copy. mso-gmsd.in resolves every menu item to /portal/undefined, so this could not be fetched from source.",False,,2026-08-05T15:26:45+00:00
G25208,Chlorpheniramine and Paracetamol and Phenylephrine Tablet 2mg and 500mg and 10mg,Generic,0.69,No,0.6900/No.,Strip of 10 Tablet,10,2025-11-06,2027-01-05,,Medical Stores Organisation rate contract,https://mso-gmsd.in/MSO_PORTAL/msowebsite/portal/home,"Loaded from a supplied copy. mso-gmsd.in resolves every menu item to /portal/undefined, so this could not be fetched from source.",False,,2026-08-05T15:26:45+00:00
G25209,Chlorpheniramine and Phenylephrine Bottle 2mg and 5mg,Generic,14.49,No,14.4900/No.,Bottle of 60ml,,2025-11-06,2027-01-05,,Medical Stores Organisation rate contract,https://mso-gmsd.in/MSO_PORTAL/msowebsite/portal/home,"Loaded from a supplied copy. mso-gmsd.in resolves every menu item to /portal/undefined, so this could not be fetched from source.",False,,2026-08-05T15:26:45+00:00
G25210,Chlorpheniramine and Dextromethorphan Bottle 4mg and 10mg,Generic,11.42,No,11.4200/No.,Bottle of 100ml,,2025-11-06,2027-01-05,,Medical Stores Organisation rate contract,https://mso-gmsd.in/MSO_PORTAL/msowebsite/portal/home,"Loaded from a supplied copy. mso-gmsd.in resolves every menu item to /portal/undefined, so this could not be fetched from source.",False,,2026-08-05T15:26:45+00:00
G25211,Ciclesonide and Formoterol and Tiotropium Inhalation 200mcg and 6mcg and 9mcg,Generic,389.0,No,389.0000/No.,180 MDI Inhaler,,2025-11-06,2027-01-05,,Medical Stores Organisation rate contract,https://mso-gmsd.in/MSO_PORTAL/msowebsite/portal/home,"Loaded from a supplied copy. mso-gmsd.in resolves every menu item to /portal/undefined, so this could not be fetched from source.",False,,2026-08-05T15:26:45+00:00
G25213,Formoterol and Glycopyrronium Capsule 12mcg and 25mcg,Generic,6.27,No,6.2700/No.,Strip of 30 Capsule,30,2025-11-06,2027-01-05,,Medical Stores Organisation rate contract,https://mso-gmsd.in/MSO_PORTAL/msowebsite/portal/home,"Loaded from a supplied copy. mso-gmsd.in resolves every menu item to /portal/undefined, so this could not be fetched from source.",False,,2026-08-05T15:26:45+00:00
G25214,Formoterol and Tiotropium Capsule 12mcg and 18mcg,Generic,2.11,No,2.1100/No.,Strip of 30 Capsule,30,2025-11-06,2027-01-05,,Medical Stores Organisation rate contract,https://mso-gmsd.in/MSO_PORTAL/msowebsite/portal/home,"Loaded from a supplied copy. mso-gmsd.in resolves every menu item to /portal/undefined, so this could not be fetched from source.",False,,2026-08-05T15:26:45+00:00
G25215,Levocetirizine and Montelukast Bottle 2.5mg and 4mg,Generic,9.05,No,9.0500/No.,Bottle of 60ml,,2025-11-06,2027-01-05,,Medical Stores Organisation rate contract,https://mso-gmsd.in/MSO_PORTAL/msowebsite/portal/home,"Loaded from a supplied copy. mso-gmsd.in resolves every menu item to /portal/undefined, so this could not be fetched from source.",False,,2026-08-05T15:26:45+00:00
G25216,Levosalbutamol Inhalation 50mcg,Generic,78.84,No,78.8400/No.,200MDI Inhaler,,2025-11-06,2027-01-05,,Medical Stores Organisation rate contract,https://mso-gmsd.in/MSO_PORTAL/msowebsite/portal/home,"Loaded from a supplied copy. mso-gmsd.in resolves every menu item to /portal/undefined, so this could not be fetched from source.",False,,2026-08-05T15:26:45+00:00
G25217,Pirfenidone Tablet 400mg,Generic,5.87,No,5.8700/No.,Strip of 15 Tablet,15,2025-11-06,2027-01-05,,Medical Stores Organisation rate contract,https://mso-gmsd.in/MSO_PORTAL/msowebsite/portal/home,"Loaded from a supplied copy. mso-gmsd.in resolves every menu item to /portal/undefined, so this could not be fetched from source.",False,,2026-08-05T15:26:45+00:00
G25218,Pirfenidone Tablet 801mg,Generic,42.3,No,42.3000/No.,Strip of 10 Tablet,10,2025-11-06,2027-01-05,,Medical Stores Organisation rate contract,https://mso-gmsd.in/MSO_PORTAL/msowebsite/portal/home,"Loaded from a supplied copy. mso-gmsd.in resolves every menu item to /portal/undefined, so this could not be fetched from source.",False,,2026-08-05T15:26:45+00:00
G260042,Oral Rehydration Salts - Dextrose(anhydro us):13.5 g/L+ Sodium chloride:2.6 g/L+ Potassium chloride: 1.5 g/L+ Sodium citrate :2.9 g/L Powder for dilution in 200ml; 500 ml; 1000ml,Generic,8.32,No,8.3200/No.,21gm sachet,,2026-03-30,2027-03-31,50000,Medical Stores Organisation rate contract,https://mso-gmsd.in/MSO_PORTAL/msowebsite/portal/home,"Loaded from a supplied copy. mso-gmsd.in resolves every menu item to /portal/undefined, so this could not be fetched from source.",False,,2026-08-05T15:26:45+00:00
G260055,Ringer lactate Inj.(Compound Sodium Lactate Inj. I.P),Generic,35.3,No,35.3000/No.,Bottle of 500 ml,,2026-03-30,2027-03-31,5000,Medical Stores Organisation rate contract,https://mso-gmsd.in/MSO_PORTAL/msowebsite/portal/home,"Loaded from a supplied copy. mso-gmsd.in resolves every menu item to /portal/undefined, so this could not be fetched from source.",False,,2026-08-05T15:26:45+00:00
G270034,Ascorbic Acid 500mg Tab,Generic,1.48,No,1.4800/No.,Strip of 10 Tablet,10,2026-03-30,2027-03-31,400000,Medical Stores Organisation rate contract,https://mso-gmsd.in/MSO_PORTAL/msowebsite/portal/home,"Loaded from a supplied copy. mso-gmsd.in resolves every menu item to /portal/undefined, so this could not be fetched from source.",False,,2026-08-05T15:26:45+00:00
G270038,B-Complex Tab,Generic,0.2246,No,0.2246/No.,Strip of 10 Tablet,10,2026-06-29,2027-03-31,,Medical Stores Organisation rate contract,https://mso-gmsd.in/MSO_PORTAL/msowebsite/portal/home,"Loaded from a supplied copy. mso-gmsd.in resolves every menu item to /portal/undefined, so this could not be fetched from source.",False,,2026-08-05T15:26:45+00:00
G270081,Calcium Carbonate 500mg + Vit D3 250IU Cap,Generic,0.5272,No,0.5272/No.,Strip of 10 Tablet,10,2026-03-30,2027-03-31,,Medical Stores Organisation rate contract,https://mso-gmsd.in/MSO_PORTAL/msowebsite/portal/home,"Loaded from a supplied copy. mso-gmsd.in resolves every menu item to /portal/undefined, so this could not be fetched from source.",False,,2026-08-05T15:26:45+00:00
G270137,"Elemental Calcium, Vitamin B 12 and Vitamin D3 Suspension 82mg + 2.5mcg + 200iu",Generic,15.24,No,15.2400/No.,200 ml Bottle,,2025-12-19,2027-12-18,,Medical Stores Organisation rate contract,https://mso-gmsd.in/MSO_PORTAL/msowebsite/portal/home,"Loaded from a supplied copy. mso-gmsd.in resolves every menu item to /portal/undefined, so this could not be fetched from source.",False,,2026-08-05T15:26:45+00:00
G270190,Levocarnitine Tablet 500 mg,Generic,4.9,No,4.9000/No.,Strip of 10 Tablet,10,2025-12-19,2027-12-18,,Medical Stores Organisation rate contract,https://mso-gmsd.in/MSO_PORTAL/msowebsite/portal/home,"Loaded from a supplied copy. mso-gmsd.in resolves every menu item to /portal/undefined, so this could not be fetched from source.",False,,2026-08-05T15:26:45+00:00
G270211,METHYLCOBALAMIN TABLET 500 MCG,Generic,0.39,No,0.3900/No.,Strip of 10 Tablet,10,2025-12-19,2027-12-18,,Medical Stores Organisation rate contract,https://mso-gmsd.in/MSO_PORTAL/msowebsite/portal/home,"Loaded from a supplied copy. mso-gmsd.in resolves every menu item to /portal/undefined, so this could not be fetched from source.",False,,2026-08-05T15:26:45+00:00
G27081,Bethanechol Chloride Tablet 25 mg,Generic,7.11,No,7.1100/No.,Strip of 10 Tablet,10,2025-11-06,2027-01-05,,Medical Stores Organisation rate contract,https://mso-gmsd.in/MSO_PORTAL/msowebsite/portal/home,"Loaded from a supplied copy. mso-gmsd.in resolves every menu item to /portal/undefined, so this could not be fetched from source.",False,,2026-08-05T15:26:45+00:00
G27144,Cholecalciferol Drop 400IU,Generic,11.98,No,11.9800/No.,Bottle of 30 ml,,2025-11-06,2027-01-05,,Medical Stores Organisation rate contract,https://mso-gmsd.in/MSO_PORTAL/msowebsite/portal/home,"Loaded from a supplied copy. mso-gmsd.in resolves every menu item to /portal/undefined, so this could not be fetched from source.",False,,2026-08-05T15:26:45+00:00
G27146,Lactobacillus Rhamnosus Gr-1 and Lactobacillus Reuteri Rc- 14 1 Billion Cfu Capsule,Generic,50.0,No,50.0000/No.,Strip of 10 Capsule,10,2025-11-06,2027-01-05,,Medical Stores Organisation rate contract,https://mso-gmsd.in/MSO_PORTAL/msowebsite/portal/home,"Loaded from a supplied copy. mso-gmsd.in resolves every menu item to /portal/undefined, so this could not be fetched from source.",False,,2026-08-05T15:26:45+00:00
G27148,Vitamin A Ip 1100iu Cholecalciferol Ip 100iu Thaimine Hydrochloride Ip 5mg Riboflavin Sodium Sulfateip 1.4mg Nicotinamide Ip 10mg Pyridoxine Hydrochloride Ip 1.65mg Ascorbic Acid Ip 50mg Tocopheryl Acetate Ip 0.5mg L- Cysteine Hydrochloride Usp 0.2mg Wfi Ampoule 1100IU and 100IU and 5mg and 1.4mg and 10mg and 1.65mg and 50mg and 0.5mg and 0.2mg,Generic,30.0,No,30.0000/No.,10ml Ampoule,,2025-11-06,2027-01-05,,Medical Stores Organisation rate contract,https://mso-gmsd.in/MSO_PORTAL/msowebsite/portal/home,"Loaded from a supplied copy. mso-gmsd.in resolves every menu item to /portal/undefined, so this could not be fetched from source.",False,,2026-08-05T15:26:45+00:00
G27149,L-Arginine Hydrochloride Usp 2.7mg and L-Histidine Hydrochloride H2o Bp 1.4mg,Generic,191.0,No,191.0000/No.,Bottle of 200ml,,2025-01-06,2027-01-05,,Medical Stores Organisation rate contract,https://mso-gmsd.in/MSO_PORTAL/msowebsite/portal/home,"Loaded from a supplied copy. mso-gmsd.in resolves every menu item to /portal/undefined, so this could not be fetched from source.",False,,2026-08-05T15:26:45+00:00
,and L-Isoluceine Usp 1.8mg and L-Luciene Usp4.1mg and L-Lysine Hydrochloride Usp 7.4mg L-Methionine Usp 2.4mg L-Phenylalanine Usp 2.9mg L- Threonine Usp 1.8mg L-Valine Usp 2mg L-Tryptophan Usp 0.6mg Glycine Ip 3.3mg Sorbitol Ip 50mg Wfi Bottle,,,,,,,,,,Medical Stores Organisation rate contract,https://mso-gmsd.in/MSO_PORTAL/msowebsite/portal/home,"Loaded from a supplied copy. mso-gmsd.in resolves every menu item to /portal/undefined, so this could not be fetched from source.",False,,2026-08-05T15:26:45+00:00
G27151,Vitamin D3 Cholecalciferol Orally Disintegrating Strip,Generic,4.98,No,4.9800/No.,10 ODS in one mono carton,,2025-11-06,2027-01-05,,Medical Stores Organisation rate contract,https://mso-gmsd.in/MSO_PORTAL/msowebsite/portal/home,"Loaded from a supplied copy. mso-gmsd.in resolves every menu item to /portal/undefined, so this could not be fetched from source.",False,,2026-08-05T15:26:45+00:00
G27152,Methylcobalamin Orally Disintegrating strip 1500mcg,Generic,3.91,No,3.9100/No.,12 ODS in one mono carton,,2025-11-06,2027-01-05,,Medical Stores Organisation rate contract,https://mso-gmsd.in/MSO_PORTAL/msowebsite/portal/home,"Loaded from a supplied copy. mso-gmsd.in resolves every menu item to /portal/undefined, so this could not be fetched from source.",False,,2026-08-05T15:26:45+00:00
G27158,Benfotiamine and Folic and Methylcobalamin and Pyridoxine Capsule 100mg and 5mg and 1500mcg and 15mg,Generic,2.08,No,2.0800/No.,Strip of 10 Tablet,10,2025-11-06,2027-01-05,,Medical Stores Organisation rate contract,https://mso-gmsd.in/MSO_PORTAL/msowebsite/portal/home,"Loaded from a supplied copy. mso-gmsd.in resolves every menu item to /portal/undefined, so this could not be fetched from source.",False,,2026-08-05T15:26:45+00:00
G27160,Biotin Capsule 5mg,Generic,0.9,No,0.9000/No.,Strip of 10 Tablet,10,2025-11-06,2027-01-05,,Medical Stores Organisation rate contract,https://mso-gmsd.in/MSO_PORTAL/msowebsite/portal/home,"Loaded from a supplied copy. mso-gmsd.in resolves every menu item to /portal/undefined, so this could not be fetched from source.",False,,2026-08-05T15:26:45+00:00
G27161,Calcitriol and Calcium Tablet 0.25mcg and 500mg,Generic,0.69,No,0.6900/No.,Strip of 10 Tablet,10,2025-11-06,2027-01-05,,Medical Stores Organisation rate contract,https://mso-gmsd.in/MSO_PORTAL/msowebsite/portal/home,"Loaded from a supplied copy. mso-gmsd.in resolves every menu item to /portal/undefined, so this could not be fetched from source.",False,,2026-08-05T15:26:45+00:00
G27163,Calcitrol and Calcium and Vitamin K7 Tablet 0.25mcg and 250mg and 50mcg,Generic,1.49,No,1.4900/No.,Strip of 10 Tablet,10,2025-11-06,2027-01-05,,Medical Stores Organisation rate contract,https://mso-gmsd.in/MSO_PORTAL/msowebsite/portal/home,"Loaded from a supplied copy. mso-gmsd.in resolves every menu item to /portal/undefined, so this could not be fetched from source.",False,,2026-08-05T15:26:45+00:00
G27164,Calcium and Cholecalciferol and Vitamin K2 7 Tablet 500mg and 1000IU and 50mcg,Generic,1.81,No,1.8100/No.,Strip of 10 Tablet,10,2025-11-06,2027-01-05,,Medical Stores Organisation rate contract,https://mso-gmsd.in/MSO_PORTAL/msowebsite/portal/home,"Loaded from a supplied copy. mso-gmsd.in resolves every menu item to /portal/undefined, so this could not be fetched from source.",False,,2026-08-05T15:26:45+00:00
G27166,Chromium Picolinate and Folic and Methylcobalamin and Nicotinic and Pyridoxine and Selenium and Zinc Tablet,Generic,1.21,No,1.2100/No.,Strip of 10 Tablet,10,2025-11-06,2027-01-05,,Medical Stores Organisation rate contract,https://mso-gmsd.in/MSO_PORTAL/msowebsite/portal/home,"Loaded from a supplied copy. mso-gmsd.in resolves every menu item to /portal/undefined, so this could not be fetched from source.",False,,2026-08-05T15:26:45+00:00
,250mcg and 1500mcg and 15mcg and 100mg and 3mg and 100mcg and 61.8mg,,,,,,,,,,Medical Stores Organisation rate contract,https://mso-gmsd.in/MSO_PORTAL/msowebsite/portal/home,"Loaded from a supplied copy. mso-gmsd.in resolves every menu item to /portal/undefined, so this could not be fetched from source.",False,,2026-08-05T15:26:45+00:00
G27170,Lactobacillus 120million Spores Tablet 120million,Generic,0.52,No,0.5200/No.,Strip of 10 Tablet,10,2025-11-06,2027-01-05,,Medical Stores Organisation rate contract,https://mso-gmsd.in/MSO_PORTAL/msowebsite/portal/home,"Loaded from a supplied copy. mso-gmsd.in resolves every menu item to /portal/undefined, so this could not be fetched from source.",False,,2026-08-05T15:26:45+00:00
G280033,LAMIVUDINE TABLET I.P. 150 MG,Generic,2.3,No,2.3000/No.,Strip of 10 Tablet,10,2025-12-19,2027-12-18,,Medical Stores Organisation rate contract,https://mso-gmsd.in/MSO_PORTAL/msowebsite/portal/home,"Loaded from a supplied copy. mso-gmsd.in resolves every menu item to /portal/undefined, so this could not be fetched from source.",False,,2026-08-05T15:26:45+00:00
G280035,"LAMIVUDINE, NEVIRAPINE AND ZIDOVUDINE TABLET 150MG + 200MG + 300MG",Generic,9.78,No,9.7800/No.,Bottle of 60 Tablets,,2025-12-19,2027-12-18,,Medical Stores Organisation rate contract,https://mso-gmsd.in/MSO_PORTAL/msowebsite/portal/home,"Loaded from a supplied copy. mso-gmsd.in resolves every menu item to /portal/undefined, so this could not be fetched from source.",False,,2026-08-05T15:26:45+00:00
G280038,LAMIVUDINE AND ZIDOVUDINE TABLET I.P. 150MG + 300MG,Generic,8.78,No,8.7800/No.,Bottle of 60 Tablets,,2025-12-19,2027-12-18,,Medical Stores Organisation rate contract,https://mso-gmsd.in/MSO_PORTAL/msowebsite/portal/home,"Loaded from a supplied copy. mso-gmsd.in resolves every menu item to /portal/undefined, so this could not be fetched from source.",False,,2026-08-05T15:26:45+00:00
G280039,"LAMIVUDINE ,NEVIRAPINE AND STAVUDINE TABLET I.P. 150MG + 200MG + 30MG",Generic,5.62,No,5.6200/No.,Bottle of 60 Tablets,,2025-12-19,2027-12-18,,Medical Stores Organisation rate contract,https://mso-gmsd.in/MSO_PORTAL/msowebsite/portal/home,"Loaded from a supplied copy. mso-gmsd.in resolves every menu item to /portal/undefined, so this could not be fetched from source.",False,,2026-08-05T15:26:45+00:00
G28051,Epalrestat Capsule 150 mg,Generic,4.38,No,4.3800/No.,Strip of 10 Tablet,10,2025-11-06,2027-01-05,,Medical Stores Organisation rate contract,https://mso-gmsd.in/MSO_PORTAL/msowebsite/portal/home,"Loaded from a supplied copy. mso-gmsd.in resolves every menu item to /portal/undefined, so this could not be fetched from source.",False,,2026-08-05T15:26:45+00:00
G28094,Tolterodine Tablet 1 mg,Generic,7.33,No,7.3300/No.,Strip of 10 Tablet,10,2025-11-06,2027-01-05,,Medical Stores Organisation rate contract,https://mso-gmsd.in/MSO_PORTAL/msowebsite/portal/home,"Loaded from a supplied copy. mso-gmsd.in resolves every menu item to /portal/undefined, so this could not be fetched from source.",False,,2026-08-05T15:26:45+00:00
G28135,Ibandronic Acid Tablet 150 MG,Generic,21.25,No,21.2500/No.,Strip of 10 Tablet,10,2025-11-06,2027-01-05,,Medical Stores Organisation rate contract,https://mso-gmsd.in/MSO_PORTAL/msowebsite/portal/home,"Loaded from a supplied copy. mso-gmsd.in resolves every menu item to /portal/undefined, so this could not be fetched from source.",False,,2026-08-05T15:26:45+00:00
G28173,Mycofenolate Mofetil Tablet 250mg,Generic,3.76,No,3.7600/No.,Strip of 10 Tablet,10,2025-01-06,2027-01-05,,Medical Stores Organisation rate contract,https://mso-gmsd.in/MSO_PORTAL/msowebsite/portal/home,"Loaded from a supplied copy. mso-gmsd.in resolves every menu item to /portal/undefined, so this could not be fetched from source.",False,,2026-08-05T15:26:45+00:00
G28175,Mycofenolate Sodium Tablet 180mg,Generic,5.04,No,5.0400/No.,Strip of 10 Tablet,10,2025-01-06,2027-01-05,,Medical Stores Organisation rate contract,https://mso-gmsd.in/MSO_PORTAL/msowebsite/portal/home,"Loaded from a supplied copy. mso-gmsd.in resolves every menu item to /portal/undefined, so this could not be fetched from source.",False,,2026-08-05T15:26:45+00:00
G28179,Dinoprostone Pge2 10 Mg Vaginal Pessary,Generic,2353.7,No,2353.7000/No.,1 Vaginal Pessary,,2025-01-06,2027-01-05,,Medical Stores Organisation rate contract,https://mso-gmsd.in/MSO_PORTAL/msowebsite/portal/home,"Loaded from a supplied copy. mso-gmsd.in resolves every menu item to /portal/undefined, so this could not be fetched from source.",False,,2026-08-05T15:26:45+00:00
G28180,Policresulen and Cinchocaine Hcl Bp 50 mg (50 percent w/w) and 10 mg (1 percent w/w),Generic,207.86,No,207.8600/No.,Tube of 30gm,,2025-11-06,2027-01-05,,Medical Stores Organisation rate contract,https://mso-gmsd.in/MSO_PORTAL/msowebsite/portal/home,"Loaded from a supplied copy. mso-gmsd.in resolves every menu item to /portal/undefined, so this could not be fetched from source.",False,,2026-08-05T15:26:45+00:00
G28181,Trypsin Chemotrypsin and Aceclofenac and Paracetamol Ip Tablet 50000IU and 100mg and 325mg,Generic,1.2,No,1.2000/No.,Strip of 10 Tablet,10,2025-11-06,2027-01-05,,Medical Stores Organisation rate contract,https://mso-gmsd.in/MSO_PORTAL/msowebsite/portal/home,"Loaded from a supplied copy. mso-gmsd.in resolves every menu item to /portal/undefined, so this could not be fetched from source.",False,,2026-08-05T15:26:45+00:00
G28184,Sildenafil Orally Disintegrating strip 50mg,Generic,4.53,No,4.5300/No.,5 ODS in one mono carton,,2025-11-06,2027-01-05,,Medical Stores Organisation rate contract,https://mso-gmsd.in/MSO_PORTAL/msowebsite/portal/home,"Loaded from a supplied copy. mso-gmsd.in resolves every menu item to /portal/undefined, so this could not be fetched from source.",False,,2026-08-05T15:26:45+00:00
G28189,Diosmin and Hesperidin Tablet 450mg and 50mg,Generic,5.97,No,5.9700/No.,Blister of 10 Tablets,,2025-11-06,2027-01-05,,Medical Stores Organisation rate contract,https://mso-gmsd.in/MSO_PORTAL/msowebsite/portal/home,"Loaded from a supplied copy. mso-gmsd.in resolves every menu item to /portal/undefined, so this could not be fetched from source.",False,,2026-08-05T15:26:45+00:00
G28191,Mirabegron and Solifenacin Tablet 25mg and 5mg,Generic,3.1,No,3.1000/No.,Strip of 10 Tablet,10,2025-11-06,2027-01-05,,Medical Stores Organisation rate contract,https://mso-gmsd.in/MSO_PORTAL/msowebsite/portal/home,"Loaded from a supplied copy. mso-gmsd.in resolves every menu item to /portal/undefined, so this could not be fetched from source.",False,,2026-08-05T15:26:45+00:00
G28192,Mirabegron and Solifenacin Tablet 50mg and 5mg,Generic,5.2,No,5.2000/No.,Strip of 10 Tablet,10,2025-11-06,2027-01-05,,Medical Stores Organisation rate contract,https://mso-gmsd.in/MSO_PORTAL/msowebsite/portal/home,"Loaded from a supplied copy. mso-gmsd.in resolves every menu item to /portal/undefined, so this could not be fetched from source.",False,,2026-08-05T15:26:45+00:00
G28193,Obeticholic Acid Tablet 10mg,Generic,7.25,No,7.2500/No.,Strip of 10 Tablet,10,2025-11-06,2027-01-05,,Medical Stores Organisation rate contract,https://mso-gmsd.in/MSO_PORTAL/msowebsite/portal/home,"Loaded from a supplied copy. mso-gmsd.in resolves every menu item to /portal/undefined, so this could not be fetched from source.",False,,2026-08-05T15:26:45+00:00
