molecule,nlem_section,formulation,pack,ceiling_price_inr,notification_no,notification_date,source_name,source_url,source_pdf,retrieved_utc,price_basis
Ketamine,1.1.3,Injection 10 mg/ml,1 ml,11.76,1499(E),30.03.2022,NPPA Compendium of Prices 2022 (ceiling prices under DPCO 2013),https://nppa.gov.in/en/compendiumofprice,https://nppa.gov.in/storage/uploads/pdf/Compendium-Prices-2022pdf-464b22085495ff4e3f8700c0e00cf45d.pdf,2026-08-04T09:01:12+00:00,statutory ceiling under DPCO 2013
Ketamine,1.1.3,Injection 50 mg/ml,1 ml,11.61,1499(E),30.03.2022,NPPA Compendium of Prices 2022 (ceiling prices under DPCO 2013),https://nppa.gov.in/en/compendiumofprice,https://nppa.gov.in/storage/uploads/pdf/Compendium-Prices-2022pdf-464b22085495ff4e3f8700c0e00cf45d.pdf,2026-08-04T09:01:12+00:00,statutory ceiling under DPCO 2013
Nitrous oxide,1.1.4,Inhalation Cubic Meter,,259.43,1499(E),30.03.2022,NPPA Compendium of Prices 2022 (ceiling prices under DPCO 2013),https://nppa.gov.in/en/compendiumofprice,https://nppa.gov.in/storage/uploads/pdf/Compendium-Prices-2022pdf-464b22085495ff4e3f8700c0e00cf45d.pdf,2026-08-04T09:01:12+00:00,statutory ceiling under DPCO 2013
Oxygen,1.1.5,Inhalation (Medicinal gas) 1.1.6 Propofol Injection 10 mg/ml,1 ml,8.02,1499(E),30.03.2022,NPPA Compendium of Prices 2022 (ceiling prices under DPCO 2013),https://nppa.gov.in/en/compendiumofprice,https://nppa.gov.in/storage/uploads/pdf/Compendium-Prices-2022pdf-464b22085495ff4e3f8700c0e00cf45d.pdf,2026-08-04T09:01:12+00:00,statutory ceiling under DPCO 2013
Sevoflurane,1.1.7,Inhalation,1 ml,33.21,1499(E),30.03.2022,NPPA Compendium of Prices 2022 (ceiling prices under DPCO 2013),https://nppa.gov.in/en/compendiumofprice,https://nppa.gov.in/storage/uploads/pdf/Compendium-Prices-2022pdf-464b22085495ff4e3f8700c0e00cf45d.pdf,2026-08-04T09:01:12+00:00,statutory ceiling under DPCO 2013
Thiopentone,1.1.8,Powder for Injection 0.5 g,Each Pack,45.23,1499(E),30.03.2022,NPPA Compendium of Prices 2022 (ceiling prices under DPCO 2013),https://nppa.gov.in/en/compendiumofprice,https://nppa.gov.in/storage/uploads/pdf/Compendium-Prices-2022pdf-464b22085495ff4e3f8700c0e00cf45d.pdf,2026-08-04T09:01:12+00:00,statutory ceiling under DPCO 2013
Thiopentone,1.1.8,Powder for Injection 1 g,Each Pack,54.87,1499(E),30.03.2022,NPPA Compendium of Prices 2022 (ceiling prices under DPCO 2013),https://nppa.gov.in/en/compendiumofprice,https://nppa.gov.in/storage/uploads/pdf/Compendium-Prices-2022pdf-464b22085495ff4e3f8700c0e00cf45d.pdf,2026-08-04T09:01:12+00:00,statutory ceiling under DPCO 2013
Bupivacaine,1.2.1,Injection 0.25%,1 ml,2.72,1499(E),30.03.2022,NPPA Compendium of Prices 2022 (ceiling prices under DPCO 2013),https://nppa.gov.in/en/compendiumofprice,https://nppa.gov.in/storage/uploads/pdf/Compendium-Prices-2022pdf-464b22085495ff4e3f8700c0e00cf45d.pdf,2026-08-04T09:01:12+00:00,statutory ceiling under DPCO 2013
Bupivacaine,1.2.1,Injection 0.5%,1 ml,4.35,1499(E),30.03.2022,NPPA Compendium of Prices 2022 (ceiling prices under DPCO 2013),https://nppa.gov.in/en/compendiumofprice,https://nppa.gov.in/storage/uploads/pdf/Compendium-Prices-2022pdf-464b22085495ff4e3f8700c0e00cf45d.pdf,2026-08-04T09:01:12+00:00,statutory ceiling under DPCO 2013
Bupivacaine,1.2.1,Injection 0.5% with 7.5% glucose,1 ml,6.89,1499(E),30.03.2022,NPPA Compendium of Prices 2022 (ceiling prices under DPCO 2013),https://nppa.gov.in/en/compendiumofprice,https://nppa.gov.in/storage/uploads/pdf/Compendium-Prices-2022pdf-464b22085495ff4e3f8700c0e00cf45d.pdf,2026-08-04T09:01:12+00:00,statutory ceiling under DPCO 2013
Lignocaine,1.2.2,Topical forms 2-5% 1 gm or,1 ml,1.2,1499(E),30.03.2022,NPPA Compendium of Prices 2022 (ceiling prices under DPCO 2013),https://nppa.gov.in/en/compendiumofprice,https://nppa.gov.in/storage/uploads/pdf/Compendium-Prices-2022pdf-464b22085495ff4e3f8700c0e00cf45d.pdf,2026-08-04T09:01:12+00:00,statutory ceiling under DPCO 2013
Lignocaine,1.2.2,Injection 1%,Each Pack,8.82,1499(E),30.03.2022,NPPA Compendium of Prices 2022 (ceiling prices under DPCO 2013),https://nppa.gov.in/en/compendiumofprice,https://nppa.gov.in/storage/uploads/pdf/Compendium-Prices-2022pdf-464b22085495ff4e3f8700c0e00cf45d.pdf,2026-08-04T09:01:12+00:00,statutory ceiling under DPCO 2013
Lignocaine,1.2.2,Injection 2%,1 ml,1.1,1499(E),30.03.2022,NPPA Compendium of Prices 2022 (ceiling prices under DPCO 2013),https://nppa.gov.in/en/compendiumofprice,https://nppa.gov.in/storage/uploads/pdf/Compendium-Prices-2022pdf-464b22085495ff4e3f8700c0e00cf45d.pdf,2026-08-04T09:01:12+00:00,statutory ceiling under DPCO 2013
Lignocaine,1.2.2,Injection 5% with 7.5% Glucose,1 ml,4.09,1499(E),30.03.2022,NPPA Compendium of Prices 2022 (ceiling prices under DPCO 2013),https://nppa.gov.in/en/compendiumofprice,https://nppa.gov.in/storage/uploads/pdf/Compendium-Prices-2022pdf-464b22085495ff4e3f8700c0e00cf45d.pdf,2026-08-04T09:01:12+00:00,statutory ceiling under DPCO 2013
Lignocaine (A) + Adrenaline (B),1.2.3,Injection 1% (A) + 1:200000 (5 mcg/ml) (B),1 ml,0.5,1499(E),30.03.2022,NPPA Compendium of Prices 2022 (ceiling prices under DPCO 2013),https://nppa.gov.in/en/compendiumofprice,https://nppa.gov.in/storage/uploads/pdf/Compendium-Prices-2022pdf-464b22085495ff4e3f8700c0e00cf45d.pdf,2026-08-04T09:01:12+00:00,statutory ceiling under DPCO 2013
Lignocaine (A) + Adrenaline (B),1.2.3,Injection 2% (A) + 1:200000 (5 mcg/ml) (B),1 ml,1.02,1499(E),30.03.2022,NPPA Compendium of Prices 2022 (ceiling prices under DPCO 2013),https://nppa.gov.in/en/compendiumofprice,https://nppa.gov.in/storage/uploads/pdf/Compendium-Prices-2022pdf-464b22085495ff4e3f8700c0e00cf45d.pdf,2026-08-04T09:01:12+00:00,statutory ceiling under DPCO 2013
Prilocaine (A) + Lignocaine (B),1.2.4,Cream 2.5% (A) + 2.5% (B),1 gm,22.71,1499(E),30.03.2022,NPPA Compendium of Prices 2022 (ceiling prices under DPCO 2013),https://nppa.gov.in/en/compendiumofprice,https://nppa.gov.in/storage/uploads/pdf/Compendium-Prices-2022pdf-464b22085495ff4e3f8700c0e00cf45d.pdf,2026-08-04T09:01:12+00:00,statutory ceiling under DPCO 2013
Atropine,1.3.1,Injection 0.6 mg/ml,1 ml,4.65,1499(E),30.03.2022,NPPA Compendium of Prices 2022 (ceiling prices under DPCO 2013),https://nppa.gov.in/en/compendiumofprice,https://nppa.gov.in/storage/uploads/pdf/Compendium-Prices-2022pdf-464b22085495ff4e3f8700c0e00cf45d.pdf,2026-08-04T09:01:12+00:00,statutory ceiling under DPCO 2013
Glycopyrrolate,1.3.2,Injection 0.2 mg/ml,1 ml,13.65,1499(E),30.03.2022,NPPA Compendium of Prices 2022 (ceiling prices under DPCO 2013),https://nppa.gov.in/en/compendiumofprice,https://nppa.gov.in/storage/uploads/pdf/Compendium-Prices-2022pdf-464b22085495ff4e3f8700c0e00cf45d.pdf,2026-08-04T09:01:12+00:00,statutory ceiling under DPCO 2013
Midazolam,1.3.3,Tablet 7.5 mg,1 Tablet,24.92,1499(E),30.03.2022,NPPA Compendium of Prices 2022 (ceiling prices under DPCO 2013),https://nppa.gov.in/en/compendiumofprice,https://nppa.gov.in/storage/uploads/pdf/Compendium-Prices-2022pdf-464b22085495ff4e3f8700c0e00cf45d.pdf,2026-08-04T09:01:12+00:00,statutory ceiling under DPCO 2013
Midazolam,1.3.3,Tablet 15 mg Oral liquid 2 mg/ml Injection 1 mg/ml,1 ml,6.56,1499(E),30.03.2022,NPPA Compendium of Prices 2022 (ceiling prices under DPCO 2013),https://nppa.gov.in/en/compendiumofprice,https://nppa.gov.in/storage/uploads/pdf/Compendium-Prices-2022pdf-464b22085495ff4e3f8700c0e00cf45d.pdf,2026-08-04T09:01:12+00:00,statutory ceiling under DPCO 2013
Midazolam,1.3.3,Injection 5 mg/ml,1 ml,16.12,1499(E),30.03.2022,NPPA Compendium of Prices 2022 (ceiling prices under DPCO 2013),https://nppa.gov.in/en/compendiumofprice,https://nppa.gov.in/storage/uploads/pdf/Compendium-Prices-2022pdf-464b22085495ff4e3f8700c0e00cf45d.pdf,2026-08-04T09:01:12+00:00,statutory ceiling under DPCO 2013
Morphine,1.3.4,Injection 10 mg/ml,1 ml,26.37,1499(E),30.03.2022,NPPA Compendium of Prices 2022 (ceiling prices under DPCO 2013),https://nppa.gov.in/en/compendiumofprice,https://nppa.gov.in/storage/uploads/pdf/Compendium-Prices-2022pdf-464b22085495ff4e3f8700c0e00cf45d.pdf,2026-08-04T09:01:12+00:00,statutory ceiling under DPCO 2013
Morphine,1.3.4,Injection 15 mg/ml,1 ml,32.91,1499(E),30.03.2022,NPPA Compendium of Prices 2022 (ceiling prices under DPCO 2013),https://nppa.gov.in/en/compendiumofprice,https://nppa.gov.in/storage/uploads/pdf/Compendium-Prices-2022pdf-464b22085495ff4e3f8700c0e00cf45d.pdf,2026-08-04T09:01:12+00:00,statutory ceiling under DPCO 2013
Acetylsalicylic acid,2.1.1,Tablet 300 mg to 500 mg Effervescent/ Dispersible/ Enteric coated Tablet 100 mg,1 Tablet,0.2,1499(E),30.03.2022,NPPA Compendium of Prices 2022 (ceiling prices under DPCO 2013),https://nppa.gov.in/en/compendiumofprice,https://nppa.gov.in/storage/uploads/pdf/Compendium-Prices-2022pdf-464b22085495ff4e3f8700c0e00cf45d.pdf,2026-08-04T09:01:12+00:00,statutory ceiling under DPCO 2013
Acetylsalicylic acid,2.1.1,Effervescent/ Dispersible/Enteric coated Tablet 75 mg,1 Tablet,1.36,1499(E),30.03.2022,NPPA Compendium of Prices 2022 (ceiling prices under DPCO 2013),https://nppa.gov.in/en/compendiumofprice,https://nppa.gov.in/storage/uploads/pdf/Compendium-Prices-2022pdf-464b22085495ff4e3f8700c0e00cf45d.pdf,2026-08-04T09:01:12+00:00,statutory ceiling under DPCO 2013
Acetylsalicylic acid,2.1.1,Tablet 100 mg,1 Tablet,0.19,1499(E),30.03.2022,NPPA Compendium of Prices 2022 (ceiling prices under DPCO 2013),https://nppa.gov.in/en/compendiumofprice,https://nppa.gov.in/storage/uploads/pdf/Compendium-Prices-2022pdf-464b22085495ff4e3f8700c0e00cf45d.pdf,2026-08-04T09:01:12+00:00,statutory ceiling under DPCO 2013
Acetylsalicylic acid,2.1.1,Tablet 150 mg,1 Tablet,0.45,1499(E),30.03.2022,NPPA Compendium of Prices 2022 (ceiling prices under DPCO 2013),https://nppa.gov.in/en/compendiumofprice,https://nppa.gov.in/storage/uploads/pdf/Compendium-Prices-2022pdf-464b22085495ff4e3f8700c0e00cf45d.pdf,2026-08-04T09:01:12+00:00,statutory ceiling under DPCO 2013
Acetylsalicylic acid,2.1.1,Tablet 325mg,1 Tablet,0.61,1499(E),30.03.2022,NPPA Compendium of Prices 2022 (ceiling prices under DPCO 2013),https://nppa.gov.in/en/compendiumofprice,https://nppa.gov.in/storage/uploads/pdf/Compendium-Prices-2022pdf-464b22085495ff4e3f8700c0e00cf45d.pdf,2026-08-04T09:01:12+00:00,statutory ceiling under DPCO 2013
Acetylsalicylic acid,2.1.1,Tablet 350mg,1 Tablet,0.34,1499(E),30.03.2022,NPPA Compendium of Prices 2022 (ceiling prices under DPCO 2013),https://nppa.gov.in/en/compendiumofprice,https://nppa.gov.in/storage/uploads/pdf/Compendium-Prices-2022pdf-464b22085495ff4e3f8700c0e00cf45d.pdf,2026-08-04T09:01:12+00:00,statutory ceiling under DPCO 2013
Acetylsalicylic acid,2.1.1,Tablet 75 mg,1 Tablet,0.34,1499(E),30.03.2022,NPPA Compendium of Prices 2022 (ceiling prices under DPCO 2013),https://nppa.gov.in/en/compendiumofprice,https://nppa.gov.in/storage/uploads/pdf/Compendium-Prices-2022pdf-464b22085495ff4e3f8700c0e00cf45d.pdf,2026-08-04T09:01:12+00:00,statutory ceiling under DPCO 2013
Diclofenac,2.1.2,Tablet 50 mg,1 Tablet,2.13,1499(E),30.03.2022,NPPA Compendium of Prices 2022 (ceiling prices under DPCO 2013),https://nppa.gov.in/en/compendiumofprice,https://nppa.gov.in/storage/uploads/pdf/Compendium-Prices-2022pdf-464b22085495ff4e3f8700c0e00cf45d.pdf,2026-08-04T09:01:12+00:00,statutory ceiling under DPCO 2013
Diclofenac,2.1.2,Capsule 50 mg,1 Capsule,0.68,1499(E),30.03.2022,NPPA Compendium of Prices 2022 (ceiling prices under DPCO 2013),https://nppa.gov.in/en/compendiumofprice,https://nppa.gov.in/storage/uploads/pdf/Compendium-Prices-2022pdf-464b22085495ff4e3f8700c0e00cf45d.pdf,2026-08-04T09:01:12+00:00,statutory ceiling under DPCO 2013
Diclofenac,2.1.2,Injection 25 mg/ml,1 ml,1.63,1499(E),30.03.2022,NPPA Compendium of Prices 2022 (ceiling prices under DPCO 2013),https://nppa.gov.in/en/compendiumofprice,https://nppa.gov.in/storage/uploads/pdf/Compendium-Prices-2022pdf-464b22085495ff4e3f8700c0e00cf45d.pdf,2026-08-04T09:01:12+00:00,statutory ceiling under DPCO 2013
Ibuprofen,2.1.3,Tablet 200 mg,1 Tablet,0.65,1499(E),30.03.2022,NPPA Compendium of Prices 2022 (ceiling prices under DPCO 2013),https://nppa.gov.in/en/compendiumofprice,https://nppa.gov.in/storage/uploads/pdf/Compendium-Prices-2022pdf-464b22085495ff4e3f8700c0e00cf45d.pdf,2026-08-04T09:01:12+00:00,statutory ceiling under DPCO 2013
Ibuprofen,2.1.3,Capsule 200 mg 1 soft gelatin capsule,,2.97,1499(E),30.03.2022,NPPA Compendium of Prices 2022 (ceiling prices under DPCO 2013),https://nppa.gov.in/en/compendiumofprice,https://nppa.gov.in/storage/uploads/pdf/Compendium-Prices-2022pdf-464b22085495ff4e3f8700c0e00cf45d.pdf,2026-08-04T09:01:12+00:00,statutory ceiling under DPCO 2013
Ibuprofen,2.1.3,Tablet 400 mg,1 Tablet,1.15,1499(E),30.03.2022,NPPA Compendium of Prices 2022 (ceiling prices under DPCO 2013),https://nppa.gov.in/en/compendiumofprice,https://nppa.gov.in/storage/uploads/pdf/Compendium-Prices-2022pdf-464b22085495ff4e3f8700c0e00cf45d.pdf,2026-08-04T09:01:12+00:00,statutory ceiling under DPCO 2013
Ibuprofen,2.1.3,Capsule 400 mg,1 Capsule,1.17,1499(E),30.03.2022,NPPA Compendium of Prices 2022 (ceiling prices under DPCO 2013),https://nppa.gov.in/en/compendiumofprice,https://nppa.gov.in/storage/uploads/pdf/Compendium-Prices-2022pdf-464b22085495ff4e3f8700c0e00cf45d.pdf,2026-08-04T09:01:12+00:00,statutory ceiling under DPCO 2013
Ibuprofen,2.1.3,Oral liquid 100 mg/5 ml,1 ml,0.21,1499(E),30.03.2022,NPPA Compendium of Prices 2022 (ceiling prices under DPCO 2013),https://nppa.gov.in/en/compendiumofprice,https://nppa.gov.in/storage/uploads/pdf/Compendium-Prices-2022pdf-464b22085495ff4e3f8700c0e00cf45d.pdf,2026-08-04T09:01:12+00:00,statutory ceiling under DPCO 2013
Mefenamic acid,2.1.4,Capsule 250 mg Capsule 500 mg Tablet 250 mg,1 Tablet,2.15,1499(E),30.03.2022,NPPA Compendium of Prices 2022 (ceiling prices under DPCO 2013),https://nppa.gov.in/en/compendiumofprice,https://nppa.gov.in/storage/uploads/pdf/Compendium-Prices-2022pdf-464b22085495ff4e3f8700c0e00cf45d.pdf,2026-08-04T09:01:12+00:00,statutory ceiling under DPCO 2013
Mefenamic acid,2.1.4,Tablet 500 mg,1 Tablet,2.72,1499(E),30.03.2022,NPPA Compendium of Prices 2022 (ceiling prices under DPCO 2013),https://nppa.gov.in/en/compendiumofprice,https://nppa.gov.in/storage/uploads/pdf/Compendium-Prices-2022pdf-464b22085495ff4e3f8700c0e00cf45d.pdf,2026-08-04T09:01:12+00:00,statutory ceiling under DPCO 2013
Mefenamic acid,2.1.4,Oral liquid 100 mg/5 ml,1 ml,0.58,1499(E),30.03.2022,NPPA Compendium of Prices 2022 (ceiling prices under DPCO 2013),https://nppa.gov.in/en/compendiumofprice,https://nppa.gov.in/storage/uploads/pdf/Compendium-Prices-2022pdf-464b22085495ff4e3f8700c0e00cf45d.pdf,2026-08-04T09:01:12+00:00,statutory ceiling under DPCO 2013
Paracetamol,2.1.5,Tablet 500 mg,1 Tablet,1.01,1499(E),30.03.2022,NPPA Compendium of Prices 2022 (ceiling prices under DPCO 2013),https://nppa.gov.in/en/compendiumofprice,https://nppa.gov.in/storage/uploads/pdf/Compendium-Prices-2022pdf-464b22085495ff4e3f8700c0e00cf45d.pdf,2026-08-04T09:01:12+00:00,statutory ceiling under DPCO 2013
Paracetamol,2.1.5,Tablet 650 mg,1 Tablet,2.04,1499(E),30.03.2022,NPPA Compendium of Prices 2022 (ceiling prices under DPCO 2013),https://nppa.gov.in/en/compendiumofprice,https://nppa.gov.in/storage/uploads/pdf/Compendium-Prices-2022pdf-464b22085495ff4e3f8700c0e00cf45d.pdf,2026-08-04T09:01:12+00:00,statutory ceiling under DPCO 2013
Paracetamol,2.1.5,Oral Liquid 120 mg/5ml,1 ml,0.59,1499(E),30.03.2022,NPPA Compendium of Prices 2022 (ceiling prices under DPCO 2013),https://nppa.gov.in/en/compendiumofprice,https://nppa.gov.in/storage/uploads/pdf/Compendium-Prices-2022pdf-464b22085495ff4e3f8700c0e00cf45d.pdf,2026-08-04T09:01:12+00:00,statutory ceiling under DPCO 2013
Paracetamol,2.1.5,Oral Liquid 125 mg/5ml,1 ml,0.38,1499(E),30.03.2022,NPPA Compendium of Prices 2022 (ceiling prices under DPCO 2013),https://nppa.gov.in/en/compendiumofprice,https://nppa.gov.in/storage/uploads/pdf/Compendium-Prices-2022pdf-464b22085495ff4e3f8700c0e00cf45d.pdf,2026-08-04T09:01:12+00:00,statutory ceiling under DPCO 2013
Paracetamol,2.1.5,Oral Liquid 150 mg/5ml,1 ml,0.64,1499(E),30.03.2022,NPPA Compendium of Prices 2022 (ceiling prices under DPCO 2013),https://nppa.gov.in/en/compendiumofprice,https://nppa.gov.in/storage/uploads/pdf/Compendium-Prices-2022pdf-464b22085495ff4e3f8700c0e00cf45d.pdf,2026-08-04T09:01:12+00:00,statutory ceiling under DPCO 2013
Paracetamol,2.1.5,Oral Liquid 250 mg/5ml,1 ml,0.66,1499(E),30.03.2022,NPPA Compendium of Prices 2022 (ceiling prices under DPCO 2013),https://nppa.gov.in/en/compendiumofprice,https://nppa.gov.in/storage/uploads/pdf/Compendium-Prices-2022pdf-464b22085495ff4e3f8700c0e00cf45d.pdf,2026-08-04T09:01:12+00:00,statutory ceiling under DPCO 2013
Paracetamol,2.1.5,Oral Liquid 500 mg/5ml,1 ml,0.71,1499(E),30.03.2022,NPPA Compendium of Prices 2022 (ceiling prices under DPCO 2013),https://nppa.gov.in/en/compendiumofprice,https://nppa.gov.in/storage/uploads/pdf/Compendium-Prices-2022pdf-464b22085495ff4e3f8700c0e00cf45d.pdf,2026-08-04T09:01:12+00:00,statutory ceiling under DPCO 2013
Paracetamol,2.1.5,Oral Liquid 650 mg/5ml,1 ml,0.58,1499(E),30.03.2022,NPPA Compendium of Prices 2022 (ceiling prices under DPCO 2013),https://nppa.gov.in/en/compendiumofprice,https://nppa.gov.in/storage/uploads/pdf/Compendium-Prices-2022pdf-464b22085495ff4e3f8700c0e00cf45d.pdf,2026-08-04T09:01:12+00:00,statutory ceiling under DPCO 2013
Paracetamol,2.1.5,100 mg/ml (pediatric),1 ml,1.79,1499(E),30.03.2022,NPPA Compendium of Prices 2022 (ceiling prices under DPCO 2013),https://nppa.gov.in/en/compendiumofprice,https://nppa.gov.in/storage/uploads/pdf/Compendium-Prices-2022pdf-464b22085495ff4e3f8700c0e00cf45d.pdf,2026-08-04T09:01:12+00:00,statutory ceiling under DPCO 2013
Paracetamol,2.1.5,Injection 150 mg/ml,Each Pack ( 0.5 ml),3.41,1499(E),30.03.2022,NPPA Compendium of Prices 2022 (ceiling prices under DPCO 2013),https://nppa.gov.in/en/compendiumofprice,https://nppa.gov.in/storage/uploads/pdf/Compendium-Prices-2022pdf-464b22085495ff4e3f8700c0e00cf45d.pdf,2026-08-04T09:01:12+00:00,statutory ceiling under DPCO 2013
Paracetamol,2.1.5,Injection 150 mg/ml,Each Pack (1 ml),4.66,1499(E),30.03.2022,NPPA Compendium of Prices 2022 (ceiling prices under DPCO 2013),https://nppa.gov.in/en/compendiumofprice,https://nppa.gov.in/storage/uploads/pdf/Compendium-Prices-2022pdf-464b22085495ff4e3f8700c0e00cf45d.pdf,2026-08-04T09:01:12+00:00,statutory ceiling under DPCO 2013
Paracetamol,2.1.5,Injection 150 mg/ml,Each Pack (2 ml),7.16,1499(E),30.03.2022,NPPA Compendium of Prices 2022 (ceiling prices under DPCO 2013),https://nppa.gov.in/en/compendiumofprice,https://nppa.gov.in/storage/uploads/pdf/Compendium-Prices-2022pdf-464b22085495ff4e3f8700c0e00cf45d.pdf,2026-08-04T09:01:12+00:00,statutory ceiling under DPCO 2013
Paracetamol,2.1.5,Injection 150 mg/ml,Each Pack (3 ml),9.67,1499(E),30.03.2022,NPPA Compendium of Prices 2022 (ceiling prices under DPCO 2013),https://nppa.gov.in/en/compendiumofprice,https://nppa.gov.in/storage/uploads/pdf/Compendium-Prices-2022pdf-464b22085495ff4e3f8700c0e00cf45d.pdf,2026-08-04T09:01:12+00:00,statutory ceiling under DPCO 2013
Paracetamol,2.1.5,Injection 150 mg/ml,Each Pack (4 ml),12.17,1499(E),30.03.2022,NPPA Compendium of Prices 2022 (ceiling prices under DPCO 2013),https://nppa.gov.in/en/compendiumofprice,https://nppa.gov.in/storage/uploads/pdf/Compendium-Prices-2022pdf-464b22085495ff4e3f8700c0e00cf45d.pdf,2026-08-04T09:01:12+00:00,statutory ceiling under DPCO 2013
Paracetamol,2.1.5,Injection 150 mg/ml,Each Pack (5 ml),14.68,1499(E),30.03.2022,NPPA Compendium of Prices 2022 (ceiling prices under DPCO 2013),https://nppa.gov.in/en/compendiumofprice,https://nppa.gov.in/storage/uploads/pdf/Compendium-Prices-2022pdf-464b22085495ff4e3f8700c0e00cf45d.pdf,2026-08-04T09:01:12+00:00,statutory ceiling under DPCO 2013
Paracetamol,2.1.5,Injection 150 mg/ml,Each Pack (7 ml),19.68,1499(E),30.03.2022,NPPA Compendium of Prices 2022 (ceiling prices under DPCO 2013),https://nppa.gov.in/en/compendiumofprice,https://nppa.gov.in/storage/uploads/pdf/Compendium-Prices-2022pdf-464b22085495ff4e3f8700c0e00cf45d.pdf,2026-08-04T09:01:12+00:00,statutory ceiling under DPCO 2013
Paracetamol,2.1.5,Suppository 80 mg Each Suppository,,7.22,1499(E),30.03.2022,NPPA Compendium of Prices 2022 (ceiling prices under DPCO 2013),https://nppa.gov.in/en/compendiumofprice,https://nppa.gov.in/storage/uploads/pdf/Compendium-Prices-2022pdf-464b22085495ff4e3f8700c0e00cf45d.pdf,2026-08-04T09:01:12+00:00,statutory ceiling under DPCO 2013
Paracetamol,2.1.5,Suppository 170 mg Each Suppository,,8.54,1499(E),30.03.2022,NPPA Compendium of Prices 2022 (ceiling prices under DPCO 2013),https://nppa.gov.in/en/compendiumofprice,https://nppa.gov.in/storage/uploads/pdf/Compendium-Prices-2022pdf-464b22085495ff4e3f8700c0e00cf45d.pdf,2026-08-04T09:01:12+00:00,statutory ceiling under DPCO 2013
Fentanyl,2.2.1,Injection 50 mcg/ml,1 ml,25.21,1499(E),30.03.2022,NPPA Compendium of Prices 2022 (ceiling prices under DPCO 2013),https://nppa.gov.in/en/compendiumofprice,https://nppa.gov.in/storage/uploads/pdf/Compendium-Prices-2022pdf-464b22085495ff4e3f8700c0e00cf45d.pdf,2026-08-04T09:01:12+00:00,statutory ceiling under DPCO 2013
Morphine,2.2.2,Tablet 10 mg,1 Tablet,5.91,1499(E),30.03.2022,NPPA Compendium of Prices 2022 (ceiling prices under DPCO 2013),https://nppa.gov.in/en/compendiumofprice,https://nppa.gov.in/storage/uploads/pdf/Compendium-Prices-2022pdf-464b22085495ff4e3f8700c0e00cf45d.pdf,2026-08-04T09:01:12+00:00,statutory ceiling under DPCO 2013
Morphine,2.2.2,SR Tablet 30 mg,1 Tablet,6.05,1499(E),30.03.2022,NPPA Compendium of Prices 2022 (ceiling prices under DPCO 2013),https://nppa.gov.in/en/compendiumofprice,https://nppa.gov.in/storage/uploads/pdf/Compendium-Prices-2022pdf-464b22085495ff4e3f8700c0e00cf45d.pdf,2026-08-04T09:01:12+00:00,statutory ceiling under DPCO 2013
Morphine,2.2.2,Injection 10 mg/ml,1 ml,26.37,1499(E),30.03.2022,NPPA Compendium of Prices 2022 (ceiling prices under DPCO 2013),https://nppa.gov.in/en/compendiumofprice,https://nppa.gov.in/storage/uploads/pdf/Compendium-Prices-2022pdf-464b22085495ff4e3f8700c0e00cf45d.pdf,2026-08-04T09:01:12+00:00,statutory ceiling under DPCO 2013
Morphine,2.2.2,Injection 15 mg/ml,1 ml,32.91,1499(E),30.03.2022,NPPA Compendium of Prices 2022 (ceiling prices under DPCO 2013),https://nppa.gov.in/en/compendiumofprice,https://nppa.gov.in/storage/uploads/pdf/Compendium-Prices-2022pdf-464b22085495ff4e3f8700c0e00cf45d.pdf,2026-08-04T09:01:12+00:00,statutory ceiling under DPCO 2013
Morphine,2.2.2,Capsule 100 mg,1 Capsule,10.66,1499(E),30.03.2022,NPPA Compendium of Prices 2022 (ceiling prices under DPCO 2013),https://nppa.gov.in/en/compendiumofprice,https://nppa.gov.in/storage/uploads/pdf/Compendium-Prices-2022pdf-464b22085495ff4e3f8700c0e00cf45d.pdf,2026-08-04T09:01:12+00:00,statutory ceiling under DPCO 2013
Morphine,2.2.2,Tablet 100 mg,1 Tablet,21.84,1499(E),30.03.2022,NPPA Compendium of Prices 2022 (ceiling prices under DPCO 2013),https://nppa.gov.in/en/compendiumofprice,https://nppa.gov.in/storage/uploads/pdf/Compendium-Prices-2022pdf-464b22085495ff4e3f8700c0e00cf45d.pdf,2026-08-04T09:01:12+00:00,statutory ceiling under DPCO 2013
Morphine,2.2.2,Tablet 50 mg,1 Tablet,8.95,1499(E),30.03.2022,NPPA Compendium of Prices 2022 (ceiling prices under DPCO 2013),https://nppa.gov.in/en/compendiumofprice,https://nppa.gov.in/storage/uploads/pdf/Compendium-Prices-2022pdf-464b22085495ff4e3f8700c0e00cf45d.pdf,2026-08-04T09:01:12+00:00,statutory ceiling under DPCO 2013
Morphine,2.2.2,Injection 50 mg/ml (20 ml Pack),1 ml,1.38,1499(E),30.03.2022,NPPA Compendium of Prices 2022 (ceiling prices under DPCO 2013),https://nppa.gov.in/en/compendiumofprice,https://nppa.gov.in/storage/uploads/pdf/Compendium-Prices-2022pdf-464b22085495ff4e3f8700c0e00cf45d.pdf,2026-08-04T09:01:12+00:00,statutory ceiling under DPCO 2013
Morphine,2.2.2,Injection 50 mg/ml (upto 2 ml Pack),1 ml,11.63,1499(E),30.03.2022,NPPA Compendium of Prices 2022 (ceiling prices under DPCO 2013),https://nppa.gov.in/en/compendiumofprice,https://nppa.gov.in/storage/uploads/pdf/Compendium-Prices-2022pdf-464b22085495ff4e3f8700c0e00cf45d.pdf,2026-08-04T09:01:12+00:00,statutory ceiling under DPCO 2013
Allopurinol,2.3.1,Tablet 100 mg,1 Tablet,2.12,1499(E),30.03.2022,NPPA Compendium of Prices 2022 (ceiling prices under DPCO 2013),https://nppa.gov.in/en/compendiumofprice,https://nppa.gov.in/storage/uploads/pdf/Compendium-Prices-2022pdf-464b22085495ff4e3f8700c0e00cf45d.pdf,2026-08-04T09:01:12+00:00,statutory ceiling under DPCO 2013
Allopurinol,2.3.1,Tablet 300 mg,1 Tablet,8.31,1499(E),30.03.2022,NPPA Compendium of Prices 2022 (ceiling prices under DPCO 2013),https://nppa.gov.in/en/compendiumofprice,https://nppa.gov.in/storage/uploads/pdf/Compendium-Prices-2022pdf-464b22085495ff4e3f8700c0e00cf45d.pdf,2026-08-04T09:01:12+00:00,statutory ceiling under DPCO 2013
Colchicine,2.3.2,Tablet 0.5 mg,1 Tablet,3.46,1499(E),30.03.2022,NPPA Compendium of Prices 2022 (ceiling prices under DPCO 2013),https://nppa.gov.in/en/compendiumofprice,https://nppa.gov.in/storage/uploads/pdf/Compendium-Prices-2022pdf-464b22085495ff4e3f8700c0e00cf45d.pdf,2026-08-04T09:01:12+00:00,statutory ceiling under DPCO 2013
Azathioprine,2.4.1,Tablet 50 mg,1 Tablet,11.26,1499(E),30.03.2022,NPPA Compendium of Prices 2022 (ceiling prices under DPCO 2013),https://nppa.gov.in/en/compendiumofprice,https://nppa.gov.in/storage/uploads/pdf/Compendium-Prices-2022pdf-464b22085495ff4e3f8700c0e00cf45d.pdf,2026-08-04T09:01:12+00:00,statutory ceiling under DPCO 2013
Hydroxychloroquine,2.4.2,Tablet 200 mg,1 Tablet,6.58,1499(E),30.03.2022,NPPA Compendium of Prices 2022 (ceiling prices under DPCO 2013),https://nppa.gov.in/en/compendiumofprice,https://nppa.gov.in/storage/uploads/pdf/Compendium-Prices-2022pdf-464b22085495ff4e3f8700c0e00cf45d.pdf,2026-08-04T09:01:12+00:00,statutory ceiling under DPCO 2013
Hydroxychloroquine,2.4.2,Tablet 400 mg,1 Tablet,13.26,1499(E),30.03.2022,NPPA Compendium of Prices 2022 (ceiling prices under DPCO 2013),https://nppa.gov.in/en/compendiumofprice,https://nppa.gov.in/storage/uploads/pdf/Compendium-Prices-2022pdf-464b22085495ff4e3f8700c0e00cf45d.pdf,2026-08-04T09:01:12+00:00,statutory ceiling under DPCO 2013
Leflunomide,2.4.3,Tablet 10 mg,1 Tablet,11.11,1499(E),30.03.2022,NPPA Compendium of Prices 2022 (ceiling prices under DPCO 2013),https://nppa.gov.in/en/compendiumofprice,https://nppa.gov.in/storage/uploads/pdf/Compendium-Prices-2022pdf-464b22085495ff4e3f8700c0e00cf45d.pdf,2026-08-04T09:01:12+00:00,statutory ceiling under DPCO 2013
Leflunomide,2.4.3,Tablet 20 mg,1 Tablet,21.69,1499(E),30.03.2022,NPPA Compendium of Prices 2022 (ceiling prices under DPCO 2013),https://nppa.gov.in/en/compendiumofprice,https://nppa.gov.in/storage/uploads/pdf/Compendium-Prices-2022pdf-464b22085495ff4e3f8700c0e00cf45d.pdf,2026-08-04T09:01:12+00:00,statutory ceiling under DPCO 2013
Methotrexate,2.4.4,Injection 25 mg/ml,1 ml,53.41,1499(E),30.03.2022,NPPA Compendium of Prices 2022 (ceiling prices under DPCO 2013),https://nppa.gov.in/en/compendiumofprice,https://nppa.gov.in/storage/uploads/pdf/Compendium-Prices-2022pdf-464b22085495ff4e3f8700c0e00cf45d.pdf,2026-08-04T09:01:12+00:00,statutory ceiling under DPCO 2013
Methotrexate,2.4.4,Injection 50 mg/ml,1 ml,44.47,1499(E),30.03.2022,NPPA Compendium of Prices 2022 (ceiling prices under DPCO 2013),https://nppa.gov.in/en/compendiumofprice,https://nppa.gov.in/storage/uploads/pdf/Compendium-Prices-2022pdf-464b22085495ff4e3f8700c0e00cf45d.pdf,2026-08-04T09:01:12+00:00,statutory ceiling under DPCO 2013
Methotrexate,2.4.4,Tablet 10 mg,1 Tablet,13.48,1499(E),30.03.2022,NPPA Compendium of Prices 2022 (ceiling prices under DPCO 2013),https://nppa.gov.in/en/compendiumofprice,https://nppa.gov.in/storage/uploads/pdf/Compendium-Prices-2022pdf-464b22085495ff4e3f8700c0e00cf45d.pdf,2026-08-04T09:01:12+00:00,statutory ceiling under DPCO 2013
Methotrexate,2.4.4,Tablet 2.5 mg,1 Tablet,5.32,1499(E),30.03.2022,NPPA Compendium of Prices 2022 (ceiling prices under DPCO 2013),https://nppa.gov.in/en/compendiumofprice,https://nppa.gov.in/storage/uploads/pdf/Compendium-Prices-2022pdf-464b22085495ff4e3f8700c0e00cf45d.pdf,2026-08-04T09:01:12+00:00,statutory ceiling under DPCO 2013
Methotrexate,2.4.4,Tablet 7.5 mg,1 Tablet,12.86,1499(E),30.03.2022,NPPA Compendium of Prices 2022 (ceiling prices under DPCO 2013),https://nppa.gov.in/en/compendiumofprice,https://nppa.gov.in/storage/uploads/pdf/Compendium-Prices-2022pdf-464b22085495ff4e3f8700c0e00cf45d.pdf,2026-08-04T09:01:12+00:00,statutory ceiling under DPCO 2013
Methotrexate,2.4.4,Tablet 5 mg,1 Tablet,9.29,1499(E),30.03.2022,NPPA Compendium of Prices 2022 (ceiling prices under DPCO 2013),https://nppa.gov.in/en/compendiumofprice,https://nppa.gov.in/storage/uploads/pdf/Compendium-Prices-2022pdf-464b22085495ff4e3f8700c0e00cf45d.pdf,2026-08-04T09:01:12+00:00,statutory ceiling under DPCO 2013
Sulfasalazine,2.4.5,Tablet 500 mg,1 Tablet,4.42,1499(E),30.03.2022,NPPA Compendium of Prices 2022 (ceiling prices under DPCO 2013),https://nppa.gov.in/en/compendiumofprice,https://nppa.gov.in/storage/uploads/pdf/Compendium-Prices-2022pdf-464b22085495ff4e3f8700c0e00cf45d.pdf,2026-08-04T09:01:12+00:00,statutory ceiling under DPCO 2013
Adrenaline,3.1,Injection 1 mg/ml,1 ml,17.38,1499(E),30.03.2022,NPPA Compendium of Prices 2022 (ceiling prices under DPCO 2013),https://nppa.gov.in/en/compendiumofprice,https://nppa.gov.in/storage/uploads/pdf/Compendium-Prices-2022pdf-464b22085495ff4e3f8700c0e00cf45d.pdf,2026-08-04T09:01:12+00:00,statutory ceiling under DPCO 2013
Cetirizine,3.2,Tablet 10 mg,1 Tablet,1.84,1499(E),30.03.2022,NPPA Compendium of Prices 2022 (ceiling prices under DPCO 2013),https://nppa.gov.in/en/compendiumofprice,https://nppa.gov.in/storage/uploads/pdf/Compendium-Prices-2022pdf-464b22085495ff4e3f8700c0e00cf45d.pdf,2026-08-04T09:01:12+00:00,statutory ceiling under DPCO 2013
Cetirizine,3.2,Capsule 10 mg,1 Capsule,2.64,1499(E),30.03.2022,NPPA Compendium of Prices 2022 (ceiling prices under DPCO 2013),https://nppa.gov.in/en/compendiumofprice,https://nppa.gov.in/storage/uploads/pdf/Compendium-Prices-2022pdf-464b22085495ff4e3f8700c0e00cf45d.pdf,2026-08-04T09:01:12+00:00,statutory ceiling under DPCO 2013
Cetirizine,3.2,Oral liquid 5 mg/5 ml,1 ml,0.65,1499(E),30.03.2022,NPPA Compendium of Prices 2022 (ceiling prices under DPCO 2013),https://nppa.gov.in/en/compendiumofprice,https://nppa.gov.in/storage/uploads/pdf/Compendium-Prices-2022pdf-464b22085495ff4e3f8700c0e00cf45d.pdf,2026-08-04T09:01:12+00:00,statutory ceiling under DPCO 2013
Chlorpheniramine,3.3,Tablet 4 mg 1 Tablet 0.1 1499(E) 30.03.2022 Oral liquid 2 mg/5 ml 3.4 Dexamethasone Tablet 0.5 mg,1 Tablet,0.21,1499(E),30.03.2022,NPPA Compendium of Prices 2022 (ceiling prices under DPCO 2013),https://nppa.gov.in/en/compendiumofprice,https://nppa.gov.in/storage/uploads/pdf/Compendium-Prices-2022pdf-464b22085495ff4e3f8700c0e00cf45d.pdf,2026-08-04T09:01:12+00:00,statutory ceiling under DPCO 2013
Chlorpheniramine,3.3,Injection 4 mg/ml,Each Pack (10 ml),15.29,1499(E),30.03.2022,NPPA Compendium of Prices 2022 (ceiling prices under DPCO 2013),https://nppa.gov.in/en/compendiumofprice,https://nppa.gov.in/storage/uploads/pdf/Compendium-Prices-2022pdf-464b22085495ff4e3f8700c0e00cf45d.pdf,2026-08-04T09:01:12+00:00,statutory ceiling under DPCO 2013
Chlorpheniramine,3.3,Injection 4 mg/ml,Each Pack (2 ml),10.35,1499(E),30.03.2022,NPPA Compendium of Prices 2022 (ceiling prices under DPCO 2013),https://nppa.gov.in/en/compendiumofprice,https://nppa.gov.in/storage/uploads/pdf/Compendium-Prices-2022pdf-464b22085495ff4e3f8700c0e00cf45d.pdf,2026-08-04T09:01:12+00:00,statutory ceiling under DPCO 2013
Chlorpheniramine,3.3,Injection 4 mg/ml,Each Pack (20 ml),29.31,1499(E),30.03.2022,NPPA Compendium of Prices 2022 (ceiling prices under DPCO 2013),https://nppa.gov.in/en/compendiumofprice,https://nppa.gov.in/storage/uploads/pdf/Compendium-Prices-2022pdf-464b22085495ff4e3f8700c0e00cf45d.pdf,2026-08-04T09:01:12+00:00,statutory ceiling under DPCO 2013
Chlorpheniramine,3.3,Injection 4 mg/ml,Each Pack (30 ml),39.17,1499(E),30.03.2022,NPPA Compendium of Prices 2022 (ceiling prices under DPCO 2013),https://nppa.gov.in/en/compendiumofprice,https://nppa.gov.in/storage/uploads/pdf/Compendium-Prices-2022pdf-464b22085495ff4e3f8700c0e00cf45d.pdf,2026-08-04T09:01:12+00:00,statutory ceiling under DPCO 2013
Hydrocortisone,3.5,Powder for Injection 100 mg,Each Pack,43.21,1499(E),30.03.2022,NPPA Compendium of Prices 2022 (ceiling prices under DPCO 2013),https://nppa.gov.in/en/compendiumofprice,https://nppa.gov.in/storage/uploads/pdf/Compendium-Prices-2022pdf-464b22085495ff4e3f8700c0e00cf45d.pdf,2026-08-04T09:01:12+00:00,statutory ceiling under DPCO 2013
Pheniramine,3.6,Injection 22.75 mg/ml (2ml),1 ml,2.54,1499(E),30.03.2022,NPPA Compendium of Prices 2022 (ceiling prices under DPCO 2013),https://nppa.gov.in/en/compendiumofprice,https://nppa.gov.in/storage/uploads/pdf/Compendium-Prices-2022pdf-464b22085495ff4e3f8700c0e00cf45d.pdf,2026-08-04T09:01:12+00:00,statutory ceiling under DPCO 2013
Pheniramine,3.6,Injection 22.75 mg/ml(10ml),1 ml,1.89,1499(E),30.03.2022,NPPA Compendium of Prices 2022 (ceiling prices under DPCO 2013),https://nppa.gov.in/en/compendiumofprice,https://nppa.gov.in/storage/uploads/pdf/Compendium-Prices-2022pdf-464b22085495ff4e3f8700c0e00cf45d.pdf,2026-08-04T09:01:12+00:00,statutory ceiling under DPCO 2013
Prednisolone,3.7,Drops 1%,1 ml,5.58,1499(E),30.03.2022,NPPA Compendium of Prices 2022 (ceiling prices under DPCO 2013),https://nppa.gov.in/en/compendiumofprice,https://nppa.gov.in/storage/uploads/pdf/Compendium-Prices-2022pdf-464b22085495ff4e3f8700c0e00cf45d.pdf,2026-08-04T09:01:12+00:00,statutory ceiling under DPCO 2013
Prednisolone,3.7,Injection 20 mg/2ml,1 ml,3.98,1499(E),30.03.2022,NPPA Compendium of Prices 2022 (ceiling prices under DPCO 2013),https://nppa.gov.in/en/compendiumofprice,https://nppa.gov.in/storage/uploads/pdf/Compendium-Prices-2022pdf-464b22085495ff4e3f8700c0e00cf45d.pdf,2026-08-04T09:01:12+00:00,statutory ceiling under DPCO 2013
Prednisolone,3.7,Oral Liquid 15 mg/ 5ml,1 ml,0.83,1499(E),30.03.2022,NPPA Compendium of Prices 2022 (ceiling prices under DPCO 2013),https://nppa.gov.in/en/compendiumofprice,https://nppa.gov.in/storage/uploads/pdf/Compendium-Prices-2022pdf-464b22085495ff4e3f8700c0e00cf45d.pdf,2026-08-04T09:01:12+00:00,statutory ceiling under DPCO 2013
Prednisolone,3.7,Oral Liquid 5 mg/ 5ml,1 ml,0.48,1499(E),30.03.2022,NPPA Compendium of Prices 2022 (ceiling prices under DPCO 2013),https://nppa.gov.in/en/compendiumofprice,https://nppa.gov.in/storage/uploads/pdf/Compendium-Prices-2022pdf-464b22085495ff4e3f8700c0e00cf45d.pdf,2026-08-04T09:01:12+00:00,statutory ceiling under DPCO 2013
Prednisolone,3.7,Tablet 10 mg,1 Tablet,1.09,1499(E),30.03.2022,NPPA Compendium of Prices 2022 (ceiling prices under DPCO 2013),https://nppa.gov.in/en/compendiumofprice,https://nppa.gov.in/storage/uploads/pdf/Compendium-Prices-2022pdf-464b22085495ff4e3f8700c0e00cf45d.pdf,2026-08-04T09:01:12+00:00,statutory ceiling under DPCO 2013
Prednisolone,3.7,Tablet 20 mg,1 Tablet,2.17,1499(E),30.03.2022,NPPA Compendium of Prices 2022 (ceiling prices under DPCO 2013),https://nppa.gov.in/en/compendiumofprice,https://nppa.gov.in/storage/uploads/pdf/Compendium-Prices-2022pdf-464b22085495ff4e3f8700c0e00cf45d.pdf,2026-08-04T09:01:12+00:00,statutory ceiling under DPCO 2013
Prednisolone,3.7,Tablet 40 mg,1 Tablet,3.12,1499(E),30.03.2022,NPPA Compendium of Prices 2022 (ceiling prices under DPCO 2013),https://nppa.gov.in/en/compendiumofprice,https://nppa.gov.in/storage/uploads/pdf/Compendium-Prices-2022pdf-464b22085495ff4e3f8700c0e00cf45d.pdf,2026-08-04T09:01:12+00:00,statutory ceiling under DPCO 2013
Prednisolone,3.7,Tablet 5 mg,1 Tablet,0.62,1499(E),30.03.2022,NPPA Compendium of Prices 2022 (ceiling prices under DPCO 2013),https://nppa.gov.in/en/compendiumofprice,https://nppa.gov.in/storage/uploads/pdf/Compendium-Prices-2022pdf-464b22085495ff4e3f8700c0e00cf45d.pdf,2026-08-04T09:01:12+00:00,statutory ceiling under DPCO 2013
Prednisolone,3.7,Injection 0.6 mg/ml,1 ml,4.65,1499(E),30.03.2022,NPPA Compendium of Prices 2022 (ceiling prices under DPCO 2013),https://nppa.gov.in/en/compendiumofprice,https://nppa.gov.in/storage/uploads/pdf/Compendium-Prices-2022pdf-464b22085495ff4e3f8700c0e00cf45d.pdf,2026-08-04T09:01:12+00:00,statutory ceiling under DPCO 2013
Prednisolone,3.7,Drops 1%,1 ml,3.81,1499(E),30.03.2022,NPPA Compendium of Prices 2022 (ceiling prices under DPCO 2013),https://nppa.gov.in/en/compendiumofprice,https://nppa.gov.in/storage/uploads/pdf/Compendium-Prices-2022pdf-464b22085495ff4e3f8700c0e00cf45d.pdf,2026-08-04T09:01:12+00:00,statutory ceiling under DPCO 2013
Calcium gluconate,4.2.2,Injection 100 mg/ml,1 ml,0.61,1499(E),30.03.2022,NPPA Compendium of Prices 2022 (ceiling prices under DPCO 2013),https://nppa.gov.in/en/compendiumofprice,https://nppa.gov.in/storage/uploads/pdf/Compendium-Prices-2022pdf-464b22085495ff4e3f8700c0e00cf45d.pdf,2026-08-04T09:01:12+00:00,statutory ceiling under DPCO 2013
Desferrioxamine,4.2.3,Powder for Injection 500 mg,Each pack,178.55,1499(E),30.03.2022,NPPA Compendium of Prices 2022 (ceiling prices under DPCO 2013),https://nppa.gov.in/en/compendiumofprice,https://nppa.gov.in/storage/uploads/pdf/Compendium-Prices-2022pdf-464b22085495ff4e3f8700c0e00cf45d.pdf,2026-08-04T09:01:12+00:00,statutory ceiling under DPCO 2013
Dimercaprol,4.2.4,Injection 50 mg/ml,1 ml,222.22,1499(E),30.03.2022,NPPA Compendium of Prices 2022 (ceiling prices under DPCO 2013),https://nppa.gov.in/en/compendiumofprice,https://nppa.gov.in/storage/uploads/pdf/Compendium-Prices-2022pdf-464b22085495ff4e3f8700c0e00cf45d.pdf,2026-08-04T09:01:12+00:00,statutory ceiling under DPCO 2013
Methylthioninium chloride (Methylene blue),4.2.5,Injection 10 mg/ml,1 ML,24.2,1499(E),30.03.2022,NPPA Compendium of Prices 2022 (ceiling prices under DPCO 2013),https://nppa.gov.in/en/compendiumofprice,https://nppa.gov.in/storage/uploads/pdf/Compendium-Prices-2022pdf-464b22085495ff4e3f8700c0e00cf45d.pdf,2026-08-04T09:01:12+00:00,statutory ceiling under DPCO 2013
N-acetylcysteine,4.2.6,Sachet 200 mg,1 gm,9.99,1499(E),30.03.2022,NPPA Compendium of Prices 2022 (ceiling prices under DPCO 2013),https://nppa.gov.in/en/compendiumofprice,https://nppa.gov.in/storage/uploads/pdf/Compendium-Prices-2022pdf-464b22085495ff4e3f8700c0e00cf45d.pdf,2026-08-04T09:01:12+00:00,statutory ceiling under DPCO 2013
N-acetylcysteine,4.2.6,Injection 200 mg/ml,1 ml,24.88,1499(E),30.03.2022,NPPA Compendium of Prices 2022 (ceiling prices under DPCO 2013),https://nppa.gov.in/en/compendiumofprice,https://nppa.gov.in/storage/uploads/pdf/Compendium-Prices-2022pdf-464b22085495ff4e3f8700c0e00cf45d.pdf,2026-08-04T09:01:12+00:00,statutory ceiling under DPCO 2013
Naloxone,4.2.7,Injection 0.4 mg/ml,1 ml,96.32,1499(E),30.03.2022,NPPA Compendium of Prices 2022 (ceiling prices under DPCO 2013),https://nppa.gov.in/en/compendiumofprice,https://nppa.gov.in/storage/uploads/pdf/Compendium-Prices-2022pdf-464b22085495ff4e3f8700c0e00cf45d.pdf,2026-08-04T09:01:12+00:00,statutory ceiling under DPCO 2013
Neostigmine,4.2.8,Injection 0.5 mg/ml,1 ml,4.83,1499(E),30.03.2022,NPPA Compendium of Prices 2022 (ceiling prices under DPCO 2013),https://nppa.gov.in/en/compendiumofprice,https://nppa.gov.in/storage/uploads/pdf/Compendium-Prices-2022pdf-464b22085495ff4e3f8700c0e00cf45d.pdf,2026-08-04T09:01:12+00:00,statutory ceiling under DPCO 2013
Neostigmine,4.2.8,Tablet 15 mg,1 Tablet,5.18,1499(E),30.03.2022,NPPA Compendium of Prices 2022 (ceiling prices under DPCO 2013),https://nppa.gov.in/en/compendiumofprice,https://nppa.gov.in/storage/uploads/pdf/Compendium-Prices-2022pdf-464b22085495ff4e3f8700c0e00cf45d.pdf,2026-08-04T09:01:12+00:00,statutory ceiling under DPCO 2013
Penicillamine,4.2.9,Capsule 250 mg,1 Capsule,16.5,1499(E),30.03.2022,NPPA Compendium of Prices 2022 (ceiling prices under DPCO 2013),https://nppa.gov.in/en/compendiumofprice,https://nppa.gov.in/storage/uploads/pdf/Compendium-Prices-2022pdf-464b22085495ff4e3f8700c0e00cf45d.pdf,2026-08-04T09:01:12+00:00,statutory ceiling under DPCO 2013
Pralidoxime chloride (2- PAM),4.2.10,Injection 25 mg/ml,1 ml,4.14,1499(E),30.03.2022,NPPA Compendium of Prices 2022 (ceiling prices under DPCO 2013),https://nppa.gov.in/en/compendiumofprice,https://nppa.gov.in/storage/uploads/pdf/Compendium-Prices-2022pdf-464b22085495ff4e3f8700c0e00cf45d.pdf,2026-08-04T09:01:12+00:00,statutory ceiling under DPCO 2013
Snake venom antiserum a)   Soluble/ liquid polyvalent,4.2.11,Injection,Each Pack (10 ML),480.46,1499(E),30.03.2022,NPPA Compendium of Prices 2022 (ceiling prices under DPCO 2013),https://nppa.gov.in/en/compendiumofprice,https://nppa.gov.in/storage/uploads/pdf/Compendium-Prices-2022pdf-464b22085495ff4e3f8700c0e00cf45d.pdf,2026-08-04T09:01:12+00:00,statutory ceiling under DPCO 2013
Snake venom antiserum a)   Soluble/ liquid polyvalent,4.2.11,b)   Lyophilized polyvalentPowder for Injection 10 ml Pack,,618.71,1499(E),30.03.2022,NPPA Compendium of Prices 2022 (ceiling prices under DPCO 2013),https://nppa.gov.in/en/compendiumofprice,https://nppa.gov.in/storage/uploads/pdf/Compendium-Prices-2022pdf-464b22085495ff4e3f8700c0e00cf45d.pdf,2026-08-04T09:01:12+00:00,statutory ceiling under DPCO 2013
Sodium nitrite,4.2.12,Injection 30 mg/ml,1 ml,28.85,1499(E),30.03.2022,NPPA Compendium of Prices 2022 (ceiling prices under DPCO 2013),https://nppa.gov.in/en/compendiumofprice,https://nppa.gov.in/storage/uploads/pdf/Compendium-Prices-2022pdf-464b22085495ff4e3f8700c0e00cf45d.pdf,2026-08-04T09:01:12+00:00,statutory ceiling under DPCO 2013
Sodium thiosulphate,4.2.13,Injection 100 mg/ml 5.1 Carbamazepine Tablet 100 mg,1 Tablet,1.13,1499(E),30.03.2022,NPPA Compendium of Prices 2022 (ceiling prices under DPCO 2013),https://nppa.gov.in/en/compendiumofprice,https://nppa.gov.in/storage/uploads/pdf/Compendium-Prices-2022pdf-464b22085495ff4e3f8700c0e00cf45d.pdf,2026-08-04T09:01:12+00:00,statutory ceiling under DPCO 2013
Sodium thiosulphate,4.2.13,Tablet 200 mg,1 Tablet,1.55,1499(E),30.03.2022,NPPA Compendium of Prices 2022 (ceiling prices under DPCO 2013),https://nppa.gov.in/en/compendiumofprice,https://nppa.gov.in/storage/uploads/pdf/Compendium-Prices-2022pdf-464b22085495ff4e3f8700c0e00cf45d.pdf,2026-08-04T09:01:12+00:00,statutory ceiling under DPCO 2013
Sodium thiosulphate,4.2.13,CR Tablet 200 mg,1 Tablet,2.59,1499(E),30.03.2022,NPPA Compendium of Prices 2022 (ceiling prices under DPCO 2013),https://nppa.gov.in/en/compendiumofprice,https://nppa.gov.in/storage/uploads/pdf/Compendium-Prices-2022pdf-464b22085495ff4e3f8700c0e00cf45d.pdf,2026-08-04T09:01:12+00:00,statutory ceiling under DPCO 2013
Sodium thiosulphate,4.2.13,Tablet 400 mg,1 Tablet,3.67,1499(E),30.03.2022,NPPA Compendium of Prices 2022 (ceiling prices under DPCO 2013),https://nppa.gov.in/en/compendiumofprice,https://nppa.gov.in/storage/uploads/pdf/Compendium-Prices-2022pdf-464b22085495ff4e3f8700c0e00cf45d.pdf,2026-08-04T09:01:12+00:00,statutory ceiling under DPCO 2013
Sodium thiosulphate,4.2.13,CR Tablet 400 mg,1 Tablet,5.11,1499(E),30.03.2022,NPPA Compendium of Prices 2022 (ceiling prices under DPCO 2013),https://nppa.gov.in/en/compendiumofprice,https://nppa.gov.in/storage/uploads/pdf/Compendium-Prices-2022pdf-464b22085495ff4e3f8700c0e00cf45d.pdf,2026-08-04T09:01:12+00:00,statutory ceiling under DPCO 2013
Sodium thiosulphate,4.2.13,Oral liquid 100 mg/5 ml,1 ml,0.32,1499(E),30.03.2022,NPPA Compendium of Prices 2022 (ceiling prices under DPCO 2013),https://nppa.gov.in/en/compendiumofprice,https://nppa.gov.in/storage/uploads/pdf/Compendium-Prices-2022pdf-464b22085495ff4e3f8700c0e00cf45d.pdf,2026-08-04T09:01:12+00:00,statutory ceiling under DPCO 2013
Sodium thiosulphate,4.2.13,Oral liquid 200 mg/5 ml 5.2 Clobazam Tablet 5 mg,1 Tablet,5.7,1499(E),30.03.2022,NPPA Compendium of Prices 2022 (ceiling prices under DPCO 2013),https://nppa.gov.in/en/compendiumofprice,https://nppa.gov.in/storage/uploads/pdf/Compendium-Prices-2022pdf-464b22085495ff4e3f8700c0e00cf45d.pdf,2026-08-04T09:01:12+00:00,statutory ceiling under DPCO 2013
Sodium thiosulphate,4.2.13,Tablet 10 mg,1 Tablet,10.04,1499(E),30.03.2022,NPPA Compendium of Prices 2022 (ceiling prices under DPCO 2013),https://nppa.gov.in/en/compendiumofprice,https://nppa.gov.in/storage/uploads/pdf/Compendium-Prices-2022pdf-464b22085495ff4e3f8700c0e00cf45d.pdf,2026-08-04T09:01:12+00:00,statutory ceiling under DPCO 2013
Diazepam,5.3,Injection 5 mg/ml,1 ml,6.72,1499(E),30.03.2022,NPPA Compendium of Prices 2022 (ceiling prices under DPCO 2013),https://nppa.gov.in/en/compendiumofprice,https://nppa.gov.in/storage/uploads/pdf/Compendium-Prices-2022pdf-464b22085495ff4e3f8700c0e00cf45d.pdf,2026-08-04T09:01:12+00:00,statutory ceiling under DPCO 2013
Diazepam,5.3,Oral Liquid 2 mg/5ml,1 ml,3.03,1499(E),30.03.2022,NPPA Compendium of Prices 2022 (ceiling prices under DPCO 2013),https://nppa.gov.in/en/compendiumofprice,https://nppa.gov.in/storage/uploads/pdf/Compendium-Prices-2022pdf-464b22085495ff4e3f8700c0e00cf45d.pdf,2026-08-04T09:01:12+00:00,statutory ceiling under DPCO 2013
Diazepam,5.3,Suppository 5 mg 1 Suppository,,6.63,1499(E),30.03.2022,NPPA Compendium of Prices 2022 (ceiling prices under DPCO 2013),https://nppa.gov.in/en/compendiumofprice,https://nppa.gov.in/storage/uploads/pdf/Compendium-Prices-2022pdf-464b22085495ff4e3f8700c0e00cf45d.pdf,2026-08-04T09:01:12+00:00,statutory ceiling under DPCO 2013
Diazepam,5.3,Tablet 2 mg,1 Tablet,1.67,1499(E),30.03.2022,NPPA Compendium of Prices 2022 (ceiling prices under DPCO 2013),https://nppa.gov.in/en/compendiumofprice,https://nppa.gov.in/storage/uploads/pdf/Compendium-Prices-2022pdf-464b22085495ff4e3f8700c0e00cf45d.pdf,2026-08-04T09:01:12+00:00,statutory ceiling under DPCO 2013
Diazepam,5.3,Tablet 5 mg,1 Tablet,1.58,1499(E),30.03.2022,NPPA Compendium of Prices 2022 (ceiling prices under DPCO 2013),https://nppa.gov.in/en/compendiumofprice,https://nppa.gov.in/storage/uploads/pdf/Compendium-Prices-2022pdf-464b22085495ff4e3f8700c0e00cf45d.pdf,2026-08-04T09:01:12+00:00,statutory ceiling under DPCO 2013
Levetiracetam,5.4,Tablet 250 mg,1 Tablet,6.49,1499(E),30.03.2022,NPPA Compendium of Prices 2022 (ceiling prices under DPCO 2013),https://nppa.gov.in/en/compendiumofprice,https://nppa.gov.in/storage/uploads/pdf/Compendium-Prices-2022pdf-464b22085495ff4e3f8700c0e00cf45d.pdf,2026-08-04T09:01:12+00:00,statutory ceiling under DPCO 2013
Levetiracetam,5.4,Tablet 500 mg,1 Tablet,13.13,1499(E),30.03.2022,NPPA Compendium of Prices 2022 (ceiling prices under DPCO 2013),https://nppa.gov.in/en/compendiumofprice,https://nppa.gov.in/storage/uploads/pdf/Compendium-Prices-2022pdf-464b22085495ff4e3f8700c0e00cf45d.pdf,2026-08-04T09:01:12+00:00,statutory ceiling under DPCO 2013
Levetiracetam,5.4,Tablet 750 mg,1 Tablet,20.19,1499(E),30.03.2022,NPPA Compendium of Prices 2022 (ceiling prices under DPCO 2013),https://nppa.gov.in/en/compendiumofprice,https://nppa.gov.in/storage/uploads/pdf/Compendium-Prices-2022pdf-464b22085495ff4e3f8700c0e00cf45d.pdf,2026-08-04T09:01:12+00:00,statutory ceiling under DPCO 2013
Levetiracetam,5.4,ER Tablet 750 mg,1 Tablet,19.31,1499(E),30.03.2022,NPPA Compendium of Prices 2022 (ceiling prices under DPCO 2013),https://nppa.gov.in/en/compendiumofprice,https://nppa.gov.in/storage/uploads/pdf/Compendium-Prices-2022pdf-464b22085495ff4e3f8700c0e00cf45d.pdf,2026-08-04T09:01:12+00:00,statutory ceiling under DPCO 2013
Levetiracetam,5.4,Oral liquid 100 mg/ml,1 ml,4.05,1499(E),30.03.2022,NPPA Compendium of Prices 2022 (ceiling prices under DPCO 2013),https://nppa.gov.in/en/compendiumofprice,https://nppa.gov.in/storage/uploads/pdf/Compendium-Prices-2022pdf-464b22085495ff4e3f8700c0e00cf45d.pdf,2026-08-04T09:01:12+00:00,statutory ceiling under DPCO 2013
Levetiracetam,5.4,Injection 100 mg/ml,1 ml,24.22,1499(E),30.03.2022,NPPA Compendium of Prices 2022 (ceiling prices under DPCO 2013),https://nppa.gov.in/en/compendiumofprice,https://nppa.gov.in/storage/uploads/pdf/Compendium-Prices-2022pdf-464b22085495ff4e3f8700c0e00cf45d.pdf,2026-08-04T09:01:12+00:00,statutory ceiling under DPCO 2013
Lorazepam,5.5,Tablet 1 mg,1 Tablet,2.29,1499(E),30.03.2022,NPPA Compendium of Prices 2022 (ceiling prices under DPCO 2013),https://nppa.gov.in/en/compendiumofprice,https://nppa.gov.in/storage/uploads/pdf/Compendium-Prices-2022pdf-464b22085495ff4e3f8700c0e00cf45d.pdf,2026-08-04T09:01:12+00:00,statutory ceiling under DPCO 2013
Lorazepam,5.5,Tablet 2 mg,1 Tablet,2.79,1499(E),30.03.2022,NPPA Compendium of Prices 2022 (ceiling prices under DPCO 2013),https://nppa.gov.in/en/compendiumofprice,https://nppa.gov.in/storage/uploads/pdf/Compendium-Prices-2022pdf-464b22085495ff4e3f8700c0e00cf45d.pdf,2026-08-04T09:01:12+00:00,statutory ceiling under DPCO 2013
Lorazepam,5.5,Injection 2 mg/ml,1 ml,8.63,1499(E),30.03.2022,NPPA Compendium of Prices 2022 (ceiling prices under DPCO 2013),https://nppa.gov.in/en/compendiumofprice,https://nppa.gov.in/storage/uploads/pdf/Compendium-Prices-2022pdf-464b22085495ff4e3f8700c0e00cf45d.pdf,2026-08-04T09:01:12+00:00,statutory ceiling under DPCO 2013
Magnesium sulphate,5.6,Injection 500 mg/ml,1 ml,5.31,1499(E),30.03.2022,NPPA Compendium of Prices 2022 (ceiling prices under DPCO 2013),https://nppa.gov.in/en/compendiumofprice,https://nppa.gov.in/storage/uploads/pdf/Compendium-Prices-2022pdf-464b22085495ff4e3f8700c0e00cf45d.pdf,2026-08-04T09:01:12+00:00,statutory ceiling under DPCO 2013
Phenobarbitone,5.7,Tablet 30 mg,1 Tablet,1.36,1499(E),30.03.2022,NPPA Compendium of Prices 2022 (ceiling prices under DPCO 2013),https://nppa.gov.in/en/compendiumofprice,https://nppa.gov.in/storage/uploads/pdf/Compendium-Prices-2022pdf-464b22085495ff4e3f8700c0e00cf45d.pdf,2026-08-04T09:01:12+00:00,statutory ceiling under DPCO 2013
Phenobarbitone,5.7,Tablet 60 mg,1 Tablet,1.96,1499(E),30.03.2022,NPPA Compendium of Prices 2022 (ceiling prices under DPCO 2013),https://nppa.gov.in/en/compendiumofprice,https://nppa.gov.in/storage/uploads/pdf/Compendium-Prices-2022pdf-464b22085495ff4e3f8700c0e00cf45d.pdf,2026-08-04T09:01:12+00:00,statutory ceiling under DPCO 2013
Phenobarbitone,5.7,Oral liquid 20 mg/5 ml,1 ml,0.49,1499(E),30.03.2022,NPPA Compendium of Prices 2022 (ceiling prices under DPCO 2013),https://nppa.gov.in/en/compendiumofprice,https://nppa.gov.in/storage/uploads/pdf/Compendium-Prices-2022pdf-464b22085495ff4e3f8700c0e00cf45d.pdf,2026-08-04T09:01:12+00:00,statutory ceiling under DPCO 2013
Phenobarbitone,5.7,Injection 200 mg/ml,1 ml,21.28,1499(E),30.03.2022,NPPA Compendium of Prices 2022 (ceiling prices under DPCO 2013),https://nppa.gov.in/en/compendiumofprice,https://nppa.gov.in/storage/uploads/pdf/Compendium-Prices-2022pdf-464b22085495ff4e3f8700c0e00cf45d.pdf,2026-08-04T09:01:12+00:00,statutory ceiling under DPCO 2013
Phenytoin,5.8,Capsule 100 mg,1 Capsule,1.69,1499(E),30.03.2022,NPPA Compendium of Prices 2022 (ceiling prices under DPCO 2013),https://nppa.gov.in/en/compendiumofprice,https://nppa.gov.in/storage/uploads/pdf/Compendium-Prices-2022pdf-464b22085495ff4e3f8700c0e00cf45d.pdf,2026-08-04T09:01:12+00:00,statutory ceiling under DPCO 2013
Phenytoin,5.8,Capsule 300 mg,1 Capsule,4.23,1499(E),30.03.2022,NPPA Compendium of Prices 2022 (ceiling prices under DPCO 2013),https://nppa.gov.in/en/compendiumofprice,https://nppa.gov.in/storage/uploads/pdf/Compendium-Prices-2022pdf-464b22085495ff4e3f8700c0e00cf45d.pdf,2026-08-04T09:01:12+00:00,statutory ceiling under DPCO 2013
Phenytoin,5.8,Injection 25 mg/ml,1 ml,2.79,1499(E),30.03.2022,NPPA Compendium of Prices 2022 (ceiling prices under DPCO 2013),https://nppa.gov.in/en/compendiumofprice,https://nppa.gov.in/storage/uploads/pdf/Compendium-Prices-2022pdf-464b22085495ff4e3f8700c0e00cf45d.pdf,2026-08-04T09:01:12+00:00,statutory ceiling under DPCO 2013
Phenytoin,5.8,Injection 50 mg/ml,1 ml,5.97,1499(E),30.03.2022,NPPA Compendium of Prices 2022 (ceiling prices under DPCO 2013),https://nppa.gov.in/en/compendiumofprice,https://nppa.gov.in/storage/uploads/pdf/Compendium-Prices-2022pdf-464b22085495ff4e3f8700c0e00cf45d.pdf,2026-08-04T09:01:12+00:00,statutory ceiling under DPCO 2013
Phenytoin,5.8,Oral Liquid 125 mg/5ml,1 ml,1.0,1499(E),30.03.2022,NPPA Compendium of Prices 2022 (ceiling prices under DPCO 2013),https://nppa.gov.in/en/compendiumofprice,https://nppa.gov.in/storage/uploads/pdf/Compendium-Prices-2022pdf-464b22085495ff4e3f8700c0e00cf45d.pdf,2026-08-04T09:01:12+00:00,statutory ceiling under DPCO 2013
Phenytoin,5.8,Oral Liquid 30 mg/5ml,1 ml,0.34,1499(E),30.03.2022,NPPA Compendium of Prices 2022 (ceiling prices under DPCO 2013),https://nppa.gov.in/en/compendiumofprice,https://nppa.gov.in/storage/uploads/pdf/Compendium-Prices-2022pdf-464b22085495ff4e3f8700c0e00cf45d.pdf,2026-08-04T09:01:12+00:00,statutory ceiling under DPCO 2013
Phenytoin,5.8,ER Tablet 300 mg,1 Tablet,6.45,1499(E),30.03.2022,NPPA Compendium of Prices 2022 (ceiling prices under DPCO 2013),https://nppa.gov.in/en/compendiumofprice,https://nppa.gov.in/storage/uploads/pdf/Compendium-Prices-2022pdf-464b22085495ff4e3f8700c0e00cf45d.pdf,2026-08-04T09:01:12+00:00,statutory ceiling under DPCO 2013
Phenytoin,5.8,Tablet 100 mg,1 Tablet,1.73,1499(E),30.03.2022,NPPA Compendium of Prices 2022 (ceiling prices under DPCO 2013),https://nppa.gov.in/en/compendiumofprice,https://nppa.gov.in/storage/uploads/pdf/Compendium-Prices-2022pdf-464b22085495ff4e3f8700c0e00cf45d.pdf,2026-08-04T09:01:12+00:00,statutory ceiling under DPCO 2013
Phenytoin,5.8,Tablet 300 mg,1 Tablet,5.27,1499(E),30.03.2022,NPPA Compendium of Prices 2022 (ceiling prices under DPCO 2013),https://nppa.gov.in/en/compendiumofprice,https://nppa.gov.in/storage/uploads/pdf/Compendium-Prices-2022pdf-464b22085495ff4e3f8700c0e00cf45d.pdf,2026-08-04T09:01:12+00:00,statutory ceiling under DPCO 2013
Phenytoin,5.8,Tablet 50 mg,1 Tablet,0.82,1499(E),30.03.2022,NPPA Compendium of Prices 2022 (ceiling prices under DPCO 2013),https://nppa.gov.in/en/compendiumofprice,https://nppa.gov.in/storage/uploads/pdf/Compendium-Prices-2022pdf-464b22085495ff4e3f8700c0e00cf45d.pdf,2026-08-04T09:01:12+00:00,statutory ceiling under DPCO 2013
Sodium valproate,5.9,Tablet 200 mg,1 Tablet,3.44,1499(E),30.03.2022,NPPA Compendium of Prices 2022 (ceiling prices under DPCO 2013),https://nppa.gov.in/en/compendiumofprice,https://nppa.gov.in/storage/uploads/pdf/Compendium-Prices-2022pdf-464b22085495ff4e3f8700c0e00cf45d.pdf,2026-08-04T09:01:12+00:00,statutory ceiling under DPCO 2013
Sodium valproate,5.9,Tablet 300 mg,1 Tablet,4.41,1499(E),30.03.2022,NPPA Compendium of Prices 2022 (ceiling prices under DPCO 2013),https://nppa.gov.in/en/compendiumofprice,https://nppa.gov.in/storage/uploads/pdf/Compendium-Prices-2022pdf-464b22085495ff4e3f8700c0e00cf45d.pdf,2026-08-04T09:01:12+00:00,statutory ceiling under DPCO 2013
Sodium valproate,5.9,CR Tablet 300 mg,1 Tablet,6.99,1499(E),30.03.2022,NPPA Compendium of Prices 2022 (ceiling prices under DPCO 2013),https://nppa.gov.in/en/compendiumofprice,https://nppa.gov.in/storage/uploads/pdf/Compendium-Prices-2022pdf-464b22085495ff4e3f8700c0e00cf45d.pdf,2026-08-04T09:01:12+00:00,statutory ceiling under DPCO 2013
Sodium valproate,5.9,Tablet 500 mg,1 Tablet,7.71,1499(E),30.03.2022,NPPA Compendium of Prices 2022 (ceiling prices under DPCO 2013),https://nppa.gov.in/en/compendiumofprice,https://nppa.gov.in/storage/uploads/pdf/Compendium-Prices-2022pdf-464b22085495ff4e3f8700c0e00cf45d.pdf,2026-08-04T09:01:12+00:00,statutory ceiling under DPCO 2013
Sodium valproate,5.9,CR Tablet 500 mg,1 Tablet,10.82,1499(E),30.03.2022,NPPA Compendium of Prices 2022 (ceiling prices under DPCO 2013),https://nppa.gov.in/en/compendiumofprice,https://nppa.gov.in/storage/uploads/pdf/Compendium-Prices-2022pdf-464b22085495ff4e3f8700c0e00cf45d.pdf,2026-08-04T09:01:12+00:00,statutory ceiling under DPCO 2013
Sodium valproate,5.9,Oral liquid 200 mg/5ml,1 ml,0.64,1499(E),30.03.2022,NPPA Compendium of Prices 2022 (ceiling prices under DPCO 2013),https://nppa.gov.in/en/compendiumofprice,https://nppa.gov.in/storage/uploads/pdf/Compendium-Prices-2022pdf-464b22085495ff4e3f8700c0e00cf45d.pdf,2026-08-04T09:01:12+00:00,statutory ceiling under DPCO 2013
Sodium valproate,5.9,Injection 100 mg/ml,1 ml,6.4,1499(E),30.03.2022,NPPA Compendium of Prices 2022 (ceiling prices under DPCO 2013),https://nppa.gov.in/en/compendiumofprice,https://nppa.gov.in/storage/uploads/pdf/Compendium-Prices-2022pdf-464b22085495ff4e3f8700c0e00cf45d.pdf,2026-08-04T09:01:12+00:00,statutory ceiling under DPCO 2013
Albendazole,6.1.1.1,Tablet 400 mg,1 Tablet,8.55,1499(E),30.03.2022,NPPA Compendium of Prices 2022 (ceiling prices under DPCO 2013),https://nppa.gov.in/en/compendiumofprice,https://nppa.gov.in/storage/uploads/pdf/Compendium-Prices-2022pdf-464b22085495ff4e3f8700c0e00cf45d.pdf,2026-08-04T09:01:12+00:00,statutory ceiling under DPCO 2013
Albendazole,6.1.1.1,Oral liquid 200 mg/5 ml,1 ml,1.77,1499(E),30.03.2022,NPPA Compendium of Prices 2022 (ceiling prices under DPCO 2013),https://nppa.gov.in/en/compendiumofprice,https://nppa.gov.in/storage/uploads/pdf/Compendium-Prices-2022pdf-464b22085495ff4e3f8700c0e00cf45d.pdf,2026-08-04T09:01:12+00:00,statutory ceiling under DPCO 2013
Mebendazole,6.1.1.2,Tablet 100 mg,1 Tablet,3.26,1499(E),30.03.2022,NPPA Compendium of Prices 2022 (ceiling prices under DPCO 2013),https://nppa.gov.in/en/compendiumofprice,https://nppa.gov.in/storage/uploads/pdf/Compendium-Prices-2022pdf-464b22085495ff4e3f8700c0e00cf45d.pdf,2026-08-04T09:01:12+00:00,statutory ceiling under DPCO 2013
Mebendazole,6.1.1.2,Oral liquid 100 mg/5 ml,1 ml,0.85,1499(E),30.03.2022,NPPA Compendium of Prices 2022 (ceiling prices under DPCO 2013),https://nppa.gov.in/en/compendiumofprice,https://nppa.gov.in/storage/uploads/pdf/Compendium-Prices-2022pdf-464b22085495ff4e3f8700c0e00cf45d.pdf,2026-08-04T09:01:12+00:00,statutory ceiling under DPCO 2013
Diethylcarbamazine,6.1.2.1,Tablet 50 mg,1 Tablet,0.62,1499(E),30.03.2022,NPPA Compendium of Prices 2022 (ceiling prices under DPCO 2013),https://nppa.gov.in/en/compendiumofprice,https://nppa.gov.in/storage/uploads/pdf/Compendium-Prices-2022pdf-464b22085495ff4e3f8700c0e00cf45d.pdf,2026-08-04T09:01:12+00:00,statutory ceiling under DPCO 2013
Diethylcarbamazine,6.1.2.1,Tablet 100 mg,1 Tablet,1.57,1499(E),30.03.2022,NPPA Compendium of Prices 2022 (ceiling prices under DPCO 2013),https://nppa.gov.in/en/compendiumofprice,https://nppa.gov.in/storage/uploads/pdf/Compendium-Prices-2022pdf-464b22085495ff4e3f8700c0e00cf45d.pdf,2026-08-04T09:01:12+00:00,statutory ceiling under DPCO 2013
Diethylcarbamazine,6.1.2.1,Oral liquid 120 mg/5 ml,1 ml,0.54,1499(E),30.03.2022,NPPA Compendium of Prices 2022 (ceiling prices under DPCO 2013),https://nppa.gov.in/en/compendiumofprice,https://nppa.gov.in/storage/uploads/pdf/Compendium-Prices-2022pdf-464b22085495ff4e3f8700c0e00cf45d.pdf,2026-08-04T09:01:12+00:00,statutory ceiling under DPCO 2013
Praziquantel,6.1.3.1,Tablet 600 mg,1 tablet,38.57,1499(E),30.03.2022,NPPA Compendium of Prices 2022 (ceiling prices under DPCO 2013),https://nppa.gov.in/en/compendiumofprice,https://nppa.gov.in/storage/uploads/pdf/Compendium-Prices-2022pdf-464b22085495ff4e3f8700c0e00cf45d.pdf,2026-08-04T09:01:12+00:00,statutory ceiling under DPCO 2013
Amoxicillin,6.2.1.1,Capsule 250 mg,1 Capsule,2.45,1499(E),30.03.2022,NPPA Compendium of Prices 2022 (ceiling prices under DPCO 2013),https://nppa.gov.in/en/compendiumofprice,https://nppa.gov.in/storage/uploads/pdf/Compendium-Prices-2022pdf-464b22085495ff4e3f8700c0e00cf45d.pdf,2026-08-04T09:01:12+00:00,statutory ceiling under DPCO 2013
Amoxicillin,6.2.1.1,Capsule 500 mg,1 Capsule,7.17,1499(E),30.03.2022,NPPA Compendium of Prices 2022 (ceiling prices under DPCO 2013),https://nppa.gov.in/en/compendiumofprice,https://nppa.gov.in/storage/uploads/pdf/Compendium-Prices-2022pdf-464b22085495ff4e3f8700c0e00cf45d.pdf,2026-08-04T09:01:12+00:00,statutory ceiling under DPCO 2013
Amoxicillin,6.2.1.1,Oral liquid 250 mg/5 ml,1 ml,1.5,1499(E),30.03.2022,NPPA Compendium of Prices 2022 (ceiling prices under DPCO 2013),https://nppa.gov.in/en/compendiumofprice,https://nppa.gov.in/storage/uploads/pdf/Compendium-Prices-2022pdf-464b22085495ff4e3f8700c0e00cf45d.pdf,2026-08-04T09:01:12+00:00,statutory ceiling under DPCO 2013
Amoxicillin (A) + Clavulanic acid (B),6.2.1.2,Tablet 500 mg (A) + 125 mg (B),1 Tablet,19.95,1499(E),30.03.2022,NPPA Compendium of Prices 2022 (ceiling prices under DPCO 2013),https://nppa.gov.in/en/compendiumofprice,https://nppa.gov.in/storage/uploads/pdf/Compendium-Prices-2022pdf-464b22085495ff4e3f8700c0e00cf45d.pdf,2026-08-04T09:01:12+00:00,statutory ceiling under DPCO 2013
Amoxicillin (A) + Clavulanic acid (B),6.2.1.2,Oral liquid 200 mg (A) + 28.5 mg (B)/5 ml,1 ml,2.0,1499(E),30.03.2022,NPPA Compendium of Prices 2022 (ceiling prices under DPCO 2013),https://nppa.gov.in/en/compendiumofprice,https://nppa.gov.in/storage/uploads/pdf/Compendium-Prices-2022pdf-464b22085495ff4e3f8700c0e00cf45d.pdf,2026-08-04T09:01:12+00:00,statutory ceiling under DPCO 2013
Amoxicillin (A) + Clavulanic acid (B),6.2.1.2,Dry Syrup 125 mg (A) + 31.25 (B)/5 ml,1 ml,2.4,1499(E),30.03.2022,NPPA Compendium of Prices 2022 (ceiling prices under DPCO 2013),https://nppa.gov.in/en/compendiumofprice,https://nppa.gov.in/storage/uploads/pdf/Compendium-Prices-2022pdf-464b22085495ff4e3f8700c0e00cf45d.pdf,2026-08-04T09:01:12+00:00,statutory ceiling under DPCO 2013
Amoxicillin (A) + Clavulanic acid (B),6.2.1.2,Powder for Injection 500 mg (A) + 100 mg (B),Each Pack,99.96,1499(E),30.03.2022,NPPA Compendium of Prices 2022 (ceiling prices under DPCO 2013),https://nppa.gov.in/en/compendiumofprice,https://nppa.gov.in/storage/uploads/pdf/Compendium-Prices-2022pdf-464b22085495ff4e3f8700c0e00cf45d.pdf,2026-08-04T09:01:12+00:00,statutory ceiling under DPCO 2013
Amoxicillin (A) + Clavulanic acid (B),6.2.1.2,Powder for Injection 1 g (A) + 200 mg (B),Each Pack,139.44,1499(E),30.03.2022,NPPA Compendium of Prices 2022 (ceiling prices under DPCO 2013),https://nppa.gov.in/en/compendiumofprice,https://nppa.gov.in/storage/uploads/pdf/Compendium-Prices-2022pdf-464b22085495ff4e3f8700c0e00cf45d.pdf,2026-08-04T09:01:12+00:00,statutory ceiling under DPCO 2013
Ampicillin,6.2.1.3,Powder for Injection 500 mg,Each Pack,14.6,1499(E),30.03.2022,NPPA Compendium of Prices 2022 (ceiling prices under DPCO 2013),https://nppa.gov.in/en/compendiumofprice,https://nppa.gov.in/storage/uploads/pdf/Compendium-Prices-2022pdf-464b22085495ff4e3f8700c0e00cf45d.pdf,2026-08-04T09:01:12+00:00,statutory ceiling under DPCO 2013
Ampicillin,6.2.1.3,Powder for Injection 1 g,Each Pack,23.69,1499(E),30.03.2022,NPPA Compendium of Prices 2022 (ceiling prices under DPCO 2013),https://nppa.gov.in/en/compendiumofprice,https://nppa.gov.in/storage/uploads/pdf/Compendium-Prices-2022pdf-464b22085495ff4e3f8700c0e00cf45d.pdf,2026-08-04T09:01:12+00:00,statutory ceiling under DPCO 2013
Benzathine benzylpenicillin,6.2.1.4,Powder for Injection 6 lac units,Each Pack,13.39,1499(E),30.03.2022,NPPA Compendium of Prices 2022 (ceiling prices under DPCO 2013),https://nppa.gov.in/en/compendiumofprice,https://nppa.gov.in/storage/uploads/pdf/Compendium-Prices-2022pdf-464b22085495ff4e3f8700c0e00cf45d.pdf,2026-08-04T09:01:12+00:00,statutory ceiling under DPCO 2013
Benzathine benzylpenicillin,6.2.1.4,Powder for Injection 12 lac units,Each Pack,20.25,1499(E),30.03.2022,NPPA Compendium of Prices 2022 (ceiling prices under DPCO 2013),https://nppa.gov.in/en/compendiumofprice,https://nppa.gov.in/storage/uploads/pdf/Compendium-Prices-2022pdf-464b22085495ff4e3f8700c0e00cf45d.pdf,2026-08-04T09:01:12+00:00,statutory ceiling under DPCO 2013
Benzyl penicillin,6.2.1.5,Powder for Injection 10 lac units,Each Pack,8.66,1499(E),30.03.2022,NPPA Compendium of Prices 2022 (ceiling prices under DPCO 2013),https://nppa.gov.in/en/compendiumofprice,https://nppa.gov.in/storage/uploads/pdf/Compendium-Prices-2022pdf-464b22085495ff4e3f8700c0e00cf45d.pdf,2026-08-04T09:01:12+00:00,statutory ceiling under DPCO 2013
Cefadroxil,6.2.1.6,Tablet 500 mg,1 Tablet,4.47,1499(E),30.03.2022,NPPA Compendium of Prices 2022 (ceiling prices under DPCO 2013),https://nppa.gov.in/en/compendiumofprice,https://nppa.gov.in/storage/uploads/pdf/Compendium-Prices-2022pdf-464b22085495ff4e3f8700c0e00cf45d.pdf,2026-08-04T09:01:12+00:00,statutory ceiling under DPCO 2013
Cefadroxil,6.2.1.6,Tablet 1 g,1 Tablet,6.98,1499(E),30.03.2022,NPPA Compendium of Prices 2022 (ceiling prices under DPCO 2013),https://nppa.gov.in/en/compendiumofprice,https://nppa.gov.in/storage/uploads/pdf/Compendium-Prices-2022pdf-464b22085495ff4e3f8700c0e00cf45d.pdf,2026-08-04T09:01:12+00:00,statutory ceiling under DPCO 2013
Cefadroxil,6.2.1.6,Oral liquid 125 mg/5 ml,1 ml,0.7,1499(E),30.03.2022,NPPA Compendium of Prices 2022 (ceiling prices under DPCO 2013),https://nppa.gov.in/en/compendiumofprice,https://nppa.gov.in/storage/uploads/pdf/Compendium-Prices-2022pdf-464b22085495ff4e3f8700c0e00cf45d.pdf,2026-08-04T09:01:12+00:00,statutory ceiling under DPCO 2013
Cefadroxil,6.2.1.6,Capsule 500 mg,1 Capsule,7.94,1499(E),30.03.2022,NPPA Compendium of Prices 2022 (ceiling prices under DPCO 2013),https://nppa.gov.in/en/compendiumofprice,https://nppa.gov.in/storage/uploads/pdf/Compendium-Prices-2022pdf-464b22085495ff4e3f8700c0e00cf45d.pdf,2026-08-04T09:01:12+00:00,statutory ceiling under DPCO 2013
Cefadroxil,6.2.1.6,Powder for Injection 1 g,Each Pack,27.26,1499(E),30.03.2022,NPPA Compendium of Prices 2022 (ceiling prices under DPCO 2013),https://nppa.gov.in/en/compendiumofprice,https://nppa.gov.in/storage/uploads/pdf/Compendium-Prices-2022pdf-464b22085495ff4e3f8700c0e00cf45d.pdf,2026-08-04T09:01:12+00:00,statutory ceiling under DPCO 2013
Cefixime,6.2.1.8,Capsule 200 mg,1 Capsule,16.03,1499(E),30.03.2022,NPPA Compendium of Prices 2022 (ceiling prices under DPCO 2013),https://nppa.gov.in/en/compendiumofprice,https://nppa.gov.in/storage/uploads/pdf/Compendium-Prices-2022pdf-464b22085495ff4e3f8700c0e00cf45d.pdf,2026-08-04T09:01:12+00:00,statutory ceiling under DPCO 2013
Cefixime,6.2.1.8,Capsule 400 mg,1 Capsule,32.47,1499(E),30.03.2022,NPPA Compendium of Prices 2022 (ceiling prices under DPCO 2013),https://nppa.gov.in/en/compendiumofprice,https://nppa.gov.in/storage/uploads/pdf/Compendium-Prices-2022pdf-464b22085495ff4e3f8700c0e00cf45d.pdf,2026-08-04T09:01:12+00:00,statutory ceiling under DPCO 2013
Cefixime,6.2.1.8,Oral Liquid 100 mg/5ml,1 ml,2.39,1499(E),30.03.2022,NPPA Compendium of Prices 2022 (ceiling prices under DPCO 2013),https://nppa.gov.in/en/compendiumofprice,https://nppa.gov.in/storage/uploads/pdf/Compendium-Prices-2022pdf-464b22085495ff4e3f8700c0e00cf45d.pdf,2026-08-04T09:01:12+00:00,statutory ceiling under DPCO 2013
Cefixime,6.2.1.8,Oral Liquid 50 mg/5ml,1 ml,1.62,1499(E),30.03.2022,NPPA Compendium of Prices 2022 (ceiling prices under DPCO 2013),https://nppa.gov.in/en/compendiumofprice,https://nppa.gov.in/storage/uploads/pdf/Compendium-Prices-2022pdf-464b22085495ff4e3f8700c0e00cf45d.pdf,2026-08-04T09:01:12+00:00,statutory ceiling under DPCO 2013
Cefixime,6.2.1.8,Tablet 400 mg,1 Tablet,24.5,1499(E),30.03.2022,NPPA Compendium of Prices 2022 (ceiling prices under DPCO 2013),https://nppa.gov.in/en/compendiumofprice,https://nppa.gov.in/storage/uploads/pdf/Compendium-Prices-2022pdf-464b22085495ff4e3f8700c0e00cf45d.pdf,2026-08-04T09:01:12+00:00,statutory ceiling under DPCO 2013
Cefixime,6.2.1.8,Tablet 200mg,1 Tablet,10.66,1499(E),30.03.2022,NPPA Compendium of Prices 2022 (ceiling prices under DPCO 2013),https://nppa.gov.in/en/compendiumofprice,https://nppa.gov.in/storage/uploads/pdf/Compendium-Prices-2022pdf-464b22085495ff4e3f8700c0e00cf45d.pdf,2026-08-04T09:01:12+00:00,statutory ceiling under DPCO 2013
Cefotaxime,6.2.1.9,Powder for Injection 250 mg,Each Pack,17.32,1499(E),30.03.2022,NPPA Compendium of Prices 2022 (ceiling prices under DPCO 2013),https://nppa.gov.in/en/compendiumofprice,https://nppa.gov.in/storage/uploads/pdf/Compendium-Prices-2022pdf-464b22085495ff4e3f8700c0e00cf45d.pdf,2026-08-04T09:01:12+00:00,statutory ceiling under DPCO 2013
Cefotaxime,6.2.1.9,Powder for Injection 500 mg,Each Pack,22.78,1499(E),30.03.2022,NPPA Compendium of Prices 2022 (ceiling prices under DPCO 2013),https://nppa.gov.in/en/compendiumofprice,https://nppa.gov.in/storage/uploads/pdf/Compendium-Prices-2022pdf-464b22085495ff4e3f8700c0e00cf45d.pdf,2026-08-04T09:01:12+00:00,statutory ceiling under DPCO 2013
Cefotaxime,6.2.1.9,Powder for Injection 1 g,Each Pack,38.1,1499(E),30.03.2022,NPPA Compendium of Prices 2022 (ceiling prices under DPCO 2013),https://nppa.gov.in/en/compendiumofprice,https://nppa.gov.in/storage/uploads/pdf/Compendium-Prices-2022pdf-464b22085495ff4e3f8700c0e00cf45d.pdf,2026-08-04T09:01:12+00:00,statutory ceiling under DPCO 2013
Cefotaxime,6.2.1.9,6.2.1.1.0Ceftazidime Powder for Injection 250 mg,Each Pack,72.27,1499(E),30.03.2022,NPPA Compendium of Prices 2022 (ceiling prices under DPCO 2013),https://nppa.gov.in/en/compendiumofprice,https://nppa.gov.in/storage/uploads/pdf/Compendium-Prices-2022pdf-464b22085495ff4e3f8700c0e00cf45d.pdf,2026-08-04T09:01:12+00:00,statutory ceiling under DPCO 2013
Cefotaxime,6.2.1.9,Powder for Injection 1 g,Each Pack,232.39,1499(E),30.03.2022,NPPA Compendium of Prices 2022 (ceiling prices under DPCO 2013),https://nppa.gov.in/en/compendiumofprice,https://nppa.gov.in/storage/uploads/pdf/Compendium-Prices-2022pdf-464b22085495ff4e3f8700c0e00cf45d.pdf,2026-08-04T09:01:12+00:00,statutory ceiling under DPCO 2013
Cefotaxime,6.2.1.9,6.2.1.1.1Ceftriaxone Powder for Injection 250 mg,Each Pack,27.4,1499(E),30.03.2022,NPPA Compendium of Prices 2022 (ceiling prices under DPCO 2013),https://nppa.gov.in/en/compendiumofprice,https://nppa.gov.in/storage/uploads/pdf/Compendium-Prices-2022pdf-464b22085495ff4e3f8700c0e00cf45d.pdf,2026-08-04T09:01:12+00:00,statutory ceiling under DPCO 2013
Cefotaxime,6.2.1.9,Powder for Injection 500 mg,Each Pack,50.06,1499(E),30.03.2022,NPPA Compendium of Prices 2022 (ceiling prices under DPCO 2013),https://nppa.gov.in/en/compendiumofprice,https://nppa.gov.in/storage/uploads/pdf/Compendium-Prices-2022pdf-464b22085495ff4e3f8700c0e00cf45d.pdf,2026-08-04T09:01:12+00:00,statutory ceiling under DPCO 2013
Cefotaxime,6.2.1.9,Powder for Injection 1 g,Each Pack,59.86,1499(E),30.03.2022,NPPA Compendium of Prices 2022 (ceiling prices under DPCO 2013),https://nppa.gov.in/en/compendiumofprice,https://nppa.gov.in/storage/uploads/pdf/Compendium-Prices-2022pdf-464b22085495ff4e3f8700c0e00cf45d.pdf,2026-08-04T09:01:12+00:00,statutory ceiling under DPCO 2013
Cefotaxime,6.2.1.9,Powder for Injection 2 g,Each Pack,142.29,1499(E),30.03.2022,NPPA Compendium of Prices 2022 (ceiling prices under DPCO 2013),https://nppa.gov.in/en/compendiumofprice,https://nppa.gov.in/storage/uploads/pdf/Compendium-Prices-2022pdf-464b22085495ff4e3f8700c0e00cf45d.pdf,2026-08-04T09:01:12+00:00,statutory ceiling under DPCO 2013
Cefotaxime,6.2.1.9,6.2.1.1.2Cloxacillin Capsule 250mg,1 Capsule,1.26,1499(E),30.03.2022,NPPA Compendium of Prices 2022 (ceiling prices under DPCO 2013),https://nppa.gov.in/en/compendiumofprice,https://nppa.gov.in/storage/uploads/pdf/Compendium-Prices-2022pdf-464b22085495ff4e3f8700c0e00cf45d.pdf,2026-08-04T09:01:12+00:00,statutory ceiling under DPCO 2013
Cefotaxime,6.2.1.9,Capsule 500mg,1 Capsule,2.12,1499(E),30.03.2022,NPPA Compendium of Prices 2022 (ceiling prices under DPCO 2013),https://nppa.gov.in/en/compendiumofprice,https://nppa.gov.in/storage/uploads/pdf/Compendium-Prices-2022pdf-464b22085495ff4e3f8700c0e00cf45d.pdf,2026-08-04T09:01:12+00:00,statutory ceiling under DPCO 2013
Cefotaxime,6.2.1.9,Tablet 250mg,1 Tablet,1.92,1499(E),30.03.2022,NPPA Compendium of Prices 2022 (ceiling prices under DPCO 2013),https://nppa.gov.in/en/compendiumofprice,https://nppa.gov.in/storage/uploads/pdf/Compendium-Prices-2022pdf-464b22085495ff4e3f8700c0e00cf45d.pdf,2026-08-04T09:01:12+00:00,statutory ceiling under DPCO 2013
Cefotaxime,6.2.1.9,Powder for Injection250mg,Each Pack,4.93,1499(E),30.03.2022,NPPA Compendium of Prices 2022 (ceiling prices under DPCO 2013),https://nppa.gov.in/en/compendiumofprice,https://nppa.gov.in/storage/uploads/pdf/Compendium-Prices-2022pdf-464b22085495ff4e3f8700c0e00cf45d.pdf,2026-08-04T09:01:12+00:00,statutory ceiling under DPCO 2013
Cefotaxime,6.2.1.9,6.2.1.1.3Piperacillin (A) + Tazobactam (B) Powder for Injection 1 g (A) + 125 mg(B),Each Pack,98.15,1499(E),30.03.2022,NPPA Compendium of Prices 2022 (ceiling prices under DPCO 2013),https://nppa.gov.in/en/compendiumofprice,https://nppa.gov.in/storage/uploads/pdf/Compendium-Prices-2022pdf-464b22085495ff4e3f8700c0e00cf45d.pdf,2026-08-04T09:01:12+00:00,statutory ceiling under DPCO 2013
Cefotaxime,6.2.1.9,Powder for Injection 2 g (A) + 250 mg(B),Each Pack,232.2,1499(E),30.03.2022,NPPA Compendium of Prices 2022 (ceiling prices under DPCO 2013),https://nppa.gov.in/en/compendiumofprice,https://nppa.gov.in/storage/uploads/pdf/Compendium-Prices-2022pdf-464b22085495ff4e3f8700c0e00cf45d.pdf,2026-08-04T09:01:12+00:00,statutory ceiling under DPCO 2013
Cefotaxime,6.2.1.9,Powder for Injection 4 g (A) + 500 mg(B),Each Pack,487.76,1499(E),30.03.2022,NPPA Compendium of Prices 2022 (ceiling prices under DPCO 2013),https://nppa.gov.in/en/compendiumofprice,https://nppa.gov.in/storage/uploads/pdf/Compendium-Prices-2022pdf-464b22085495ff4e3f8700c0e00cf45d.pdf,2026-08-04T09:01:12+00:00,statutory ceiling under DPCO 2013
Azithromycin,6.2.2.1,Capsule 250 mg,1 Capsule,11.66,1499(E),30.03.2022,NPPA Compendium of Prices 2022 (ceiling prices under DPCO 2013),https://nppa.gov.in/en/compendiumofprice,https://nppa.gov.in/storage/uploads/pdf/Compendium-Prices-2022pdf-464b22085495ff4e3f8700c0e00cf45d.pdf,2026-08-04T09:01:12+00:00,statutory ceiling under DPCO 2013
Azithromycin,6.2.2.1,Capsule 500 mg,1 Capsule,18.41,1499(E),30.03.2022,NPPA Compendium of Prices 2022 (ceiling prices under DPCO 2013),https://nppa.gov.in/en/compendiumofprice,https://nppa.gov.in/storage/uploads/pdf/Compendium-Prices-2022pdf-464b22085495ff4e3f8700c0e00cf45d.pdf,2026-08-04T09:01:12+00:00,statutory ceiling under DPCO 2013
Azithromycin,6.2.2.1,Oral Liquid 200 mg/5ml,1 ml,3.42,1499(E),30.03.2022,NPPA Compendium of Prices 2022 (ceiling prices under DPCO 2013),https://nppa.gov.in/en/compendiumofprice,https://nppa.gov.in/storage/uploads/pdf/Compendium-Prices-2022pdf-464b22085495ff4e3f8700c0e00cf45d.pdf,2026-08-04T09:01:12+00:00,statutory ceiling under DPCO 2013
Azithromycin,6.2.2.1,Tablet 250mg,1 Tablet,11.72,1499(E),30.03.2022,NPPA Compendium of Prices 2022 (ceiling prices under DPCO 2013),https://nppa.gov.in/en/compendiumofprice,https://nppa.gov.in/storage/uploads/pdf/Compendium-Prices-2022pdf-464b22085495ff4e3f8700c0e00cf45d.pdf,2026-08-04T09:01:12+00:00,statutory ceiling under DPCO 2013
Azithromycin,6.2.2.1,Tablet 500mg,1 Tablet,23.64,1499(E),30.03.2022,NPPA Compendium of Prices 2022 (ceiling prices under DPCO 2013),https://nppa.gov.in/en/compendiumofprice,https://nppa.gov.in/storage/uploads/pdf/Compendium-Prices-2022pdf-464b22085495ff4e3f8700c0e00cf45d.pdf,2026-08-04T09:01:12+00:00,statutory ceiling under DPCO 2013
Azithromycin,6.2.2.1,Powder for Injection 500mg,Each Pack,213.48,1499(E),30.03.2022,NPPA Compendium of Prices 2022 (ceiling prices under DPCO 2013),https://nppa.gov.in/en/compendiumofprice,https://nppa.gov.in/storage/uploads/pdf/Compendium-Prices-2022pdf-464b22085495ff4e3f8700c0e00cf45d.pdf,2026-08-04T09:01:12+00:00,statutory ceiling under DPCO 2013
Ciprofloxacin,6.2.2.2,Ointment 0.3%,1 gm,1.26,1499(E),30.03.2022,NPPA Compendium of Prices 2022 (ceiling prices under DPCO 2013),https://nppa.gov.in/en/compendiumofprice,https://nppa.gov.in/storage/uploads/pdf/Compendium-Prices-2022pdf-464b22085495ff4e3f8700c0e00cf45d.pdf,2026-08-04T09:01:12+00:00,statutory ceiling under DPCO 2013
Ciprofloxacin,6.2.2.2,Drops 0.30%,1 ml,1.69,1499(E),30.03.2022,NPPA Compendium of Prices 2022 (ceiling prices under DPCO 2013),https://nppa.gov.in/en/compendiumofprice,https://nppa.gov.in/storage/uploads/pdf/Compendium-Prices-2022pdf-464b22085495ff4e3f8700c0e00cf45d.pdf,2026-08-04T09:01:12+00:00,statutory ceiling under DPCO 2013
Ciprofloxacin,6.2.2.2,Injection 200 mg/100ml,1 ml,0.19,1499(E),30.03.2022,NPPA Compendium of Prices 2022 (ceiling prices under DPCO 2013),https://nppa.gov.in/en/compendiumofprice,https://nppa.gov.in/storage/uploads/pdf/Compendium-Prices-2022pdf-464b22085495ff4e3f8700c0e00cf45d.pdf,2026-08-04T09:01:12+00:00,statutory ceiling under DPCO 2013
Ciprofloxacin,6.2.2.2,Oral Liquid 250 mg/5ml,1 ml,0.7,1499(E),30.03.2022,NPPA Compendium of Prices 2022 (ceiling prices under DPCO 2013),https://nppa.gov.in/en/compendiumofprice,https://nppa.gov.in/storage/uploads/pdf/Compendium-Prices-2022pdf-464b22085495ff4e3f8700c0e00cf45d.pdf,2026-08-04T09:01:12+00:00,statutory ceiling under DPCO 2013
Ciprofloxacin,6.2.2.2,Tablet 250mg,1 Tablet,2.3,1499(E),30.03.2022,NPPA Compendium of Prices 2022 (ceiling prices under DPCO 2013),https://nppa.gov.in/en/compendiumofprice,https://nppa.gov.in/storage/uploads/pdf/Compendium-Prices-2022pdf-464b22085495ff4e3f8700c0e00cf45d.pdf,2026-08-04T09:01:12+00:00,statutory ceiling under DPCO 2013
Ciprofloxacin,6.2.2.2,Tablet 500mg,1 Tablet,4.05,1499(E),30.03.2022,NPPA Compendium of Prices 2022 (ceiling prices under DPCO 2013),https://nppa.gov.in/en/compendiumofprice,https://nppa.gov.in/storage/uploads/pdf/Compendium-Prices-2022pdf-464b22085495ff4e3f8700c0e00cf45d.pdf,2026-08-04T09:01:12+00:00,statutory ceiling under DPCO 2013
Clarithromycin,6.2.2.3,Tablet 250 mg,1 Tablet,31.09,1499(E),30.03.2022,NPPA Compendium of Prices 2022 (ceiling prices under DPCO 2013),https://nppa.gov.in/en/compendiumofprice,https://nppa.gov.in/storage/uploads/pdf/Compendium-Prices-2022pdf-464b22085495ff4e3f8700c0e00cf45d.pdf,2026-08-04T09:01:12+00:00,statutory ceiling under DPCO 2013
Clarithromycin,6.2.2.3,Tablet 500 mg,1 Tablet,54.8,1499(E),30.03.2022,NPPA Compendium of Prices 2022 (ceiling prices under DPCO 2013),https://nppa.gov.in/en/compendiumofprice,https://nppa.gov.in/storage/uploads/pdf/Compendium-Prices-2022pdf-464b22085495ff4e3f8700c0e00cf45d.pdf,2026-08-04T09:01:12+00:00,statutory ceiling under DPCO 2013
Clarithromycin,6.2.2.3,Oral liquid 125mg/5 ml,1 ml,4.79,1499(E),30.03.2022,NPPA Compendium of Prices 2022 (ceiling prices under DPCO 2013),https://nppa.gov.in/en/compendiumofprice,https://nppa.gov.in/storage/uploads/pdf/Compendium-Prices-2022pdf-464b22085495ff4e3f8700c0e00cf45d.pdf,2026-08-04T09:01:12+00:00,statutory ceiling under DPCO 2013
Co-trimoxazole [Sulphamethoxazol e (A) +Trimethoprim (B)],6.2.2.4,Tablet 400 mg (A) + 80 mg (B),1 Tablet,0.86,1499(E),30.03.2022,NPPA Compendium of Prices 2022 (ceiling prices under DPCO 2013),https://nppa.gov.in/en/compendiumofprice,https://nppa.gov.in/storage/uploads/pdf/Compendium-Prices-2022pdf-464b22085495ff4e3f8700c0e00cf45d.pdf,2026-08-04T09:01:12+00:00,statutory ceiling under DPCO 2013
Co-trimoxazole [Sulphamethoxazol e (A) +Trimethoprim (B)],6.2.2.4,Tablet 800 mg (A) + 160 mg (B),1 Tablet,2.25,1499(E),30.03.2022,NPPA Compendium of Prices 2022 (ceiling prices under DPCO 2013),https://nppa.gov.in/en/compendiumofprice,https://nppa.gov.in/storage/uploads/pdf/Compendium-Prices-2022pdf-464b22085495ff4e3f8700c0e00cf45d.pdf,2026-08-04T09:01:12+00:00,statutory ceiling under DPCO 2013
Co-trimoxazole [Sulphamethoxazol e (A) +Trimethoprim (B)],6.2.2.4,Oral liquid 200 mg (A) + 40 mg (B)/5 ml,1 ml,0.37,1499(E),30.03.2022,NPPA Compendium of Prices 2022 (ceiling prices under DPCO 2013),https://nppa.gov.in/en/compendiumofprice,https://nppa.gov.in/storage/uploads/pdf/Compendium-Prices-2022pdf-464b22085495ff4e3f8700c0e00cf45d.pdf,2026-08-04T09:01:12+00:00,statutory ceiling under DPCO 2013
Doxycycline,6.2.2.5,Capsule 100 mg,1 Capsule,2.78,1499(E),30.03.2022,NPPA Compendium of Prices 2022 (ceiling prices under DPCO 2013),https://nppa.gov.in/en/compendiumofprice,https://nppa.gov.in/storage/uploads/pdf/Compendium-Prices-2022pdf-464b22085495ff4e3f8700c0e00cf45d.pdf,2026-08-04T09:01:12+00:00,statutory ceiling under DPCO 2013
Gentamicin,6.2.2.6,Injection 10 mg/ml,1 ml,3.53,1499(E),30.03.2022,NPPA Compendium of Prices 2022 (ceiling prices under DPCO 2013),https://nppa.gov.in/en/compendiumofprice,https://nppa.gov.in/storage/uploads/pdf/Compendium-Prices-2022pdf-464b22085495ff4e3f8700c0e00cf45d.pdf,2026-08-04T09:01:12+00:00,statutory ceiling under DPCO 2013
Gentamicin,6.2.2.6,Injection 40 mg/ml,Each Pack (10 ml),19.95,1499(E),30.03.2022,NPPA Compendium of Prices 2022 (ceiling prices under DPCO 2013),https://nppa.gov.in/en/compendiumofprice,https://nppa.gov.in/storage/uploads/pdf/Compendium-Prices-2022pdf-464b22085495ff4e3f8700c0e00cf45d.pdf,2026-08-04T09:01:12+00:00,statutory ceiling under DPCO 2013
Gentamicin,6.2.2.6,Injection 40 mg/ml,Each Pack (2 ml),9.35,1499(E),30.03.2022,NPPA Compendium of Prices 2022 (ceiling prices under DPCO 2013),https://nppa.gov.in/en/compendiumofprice,https://nppa.gov.in/storage/uploads/pdf/Compendium-Prices-2022pdf-464b22085495ff4e3f8700c0e00cf45d.pdf,2026-08-04T09:01:12+00:00,statutory ceiling under DPCO 2013
Gentamicin,6.2.2.6,Injection 40 mg/ml,Each Pack (20 ml),30.24,1499(E),30.03.2022,NPPA Compendium of Prices 2022 (ceiling prices under DPCO 2013),https://nppa.gov.in/en/compendiumofprice,https://nppa.gov.in/storage/uploads/pdf/Compendium-Prices-2022pdf-464b22085495ff4e3f8700c0e00cf45d.pdf,2026-08-04T09:01:12+00:00,statutory ceiling under DPCO 2013
Gentamicin,6.2.2.6,Injection 40 mg/ml,Each Pack (30 ml),33.1,1499(E),30.03.2022,NPPA Compendium of Prices 2022 (ceiling prices under DPCO 2013),https://nppa.gov.in/en/compendiumofprice,https://nppa.gov.in/storage/uploads/pdf/Compendium-Prices-2022pdf-464b22085495ff4e3f8700c0e00cf45d.pdf,2026-08-04T09:01:12+00:00,statutory ceiling under DPCO 2013
Gentamicin,6.2.2.6,Drops 0.3%,1 ml,1.01,1499(E),30.03.2022,NPPA Compendium of Prices 2022 (ceiling prices under DPCO 2013),https://nppa.gov.in/en/compendiumofprice,https://nppa.gov.in/storage/uploads/pdf/Compendium-Prices-2022pdf-464b22085495ff4e3f8700c0e00cf45d.pdf,2026-08-04T09:01:12+00:00,statutory ceiling under DPCO 2013
Metronidazole,6.2.2.7,Tablet 200 mg,1 Tablet,0.76,1499(E),30.03.2022,NPPA Compendium of Prices 2022 (ceiling prices under DPCO 2013),https://nppa.gov.in/en/compendiumofprice,https://nppa.gov.in/storage/uploads/pdf/Compendium-Prices-2022pdf-464b22085495ff4e3f8700c0e00cf45d.pdf,2026-08-04T09:01:12+00:00,statutory ceiling under DPCO 2013
Metronidazole,6.2.2.7,Tablet 400 mg,1 Tablet,1.42,1499(E),30.03.2022,NPPA Compendium of Prices 2022 (ceiling prices under DPCO 2013),https://nppa.gov.in/en/compendiumofprice,https://nppa.gov.in/storage/uploads/pdf/Compendium-Prices-2022pdf-464b22085495ff4e3f8700c0e00cf45d.pdf,2026-08-04T09:01:12+00:00,statutory ceiling under DPCO 2013
Metronidazole,6.2.2.7,Oral liquid 200 mg/5 ml,1 ml,0.5,1499(E),30.03.2022,NPPA Compendium of Prices 2022 (ceiling prices under DPCO 2013),https://nppa.gov.in/en/compendiumofprice,https://nppa.gov.in/storage/uploads/pdf/Compendium-Prices-2022pdf-464b22085495ff4e3f8700c0e00cf45d.pdf,2026-08-04T09:01:12+00:00,statutory ceiling under DPCO 2013
Metronidazole,6.2.2.7,Injection 500 mg/100 ml,1 ml,0.22,1499(E),30.03.2022,NPPA Compendium of Prices 2022 (ceiling prices under DPCO 2013),https://nppa.gov.in/en/compendiumofprice,https://nppa.gov.in/storage/uploads/pdf/Compendium-Prices-2022pdf-464b22085495ff4e3f8700c0e00cf45d.pdf,2026-08-04T09:01:12+00:00,statutory ceiling under DPCO 2013
Nitrofurantoin,6.2.2.8,Oral Liquid 25 mg/5ml,1 ml,0.91,1499(E),30.03.2022,NPPA Compendium of Prices 2022 (ceiling prices under DPCO 2013),https://nppa.gov.in/en/compendiumofprice,https://nppa.gov.in/storage/uploads/pdf/Compendium-Prices-2022pdf-464b22085495ff4e3f8700c0e00cf45d.pdf,2026-08-04T09:01:12+00:00,statutory ceiling under DPCO 2013
Nitrofurantoin,6.2.2.8,Tablet 100 mg,1 Tablet,8.03,1499(E),30.03.2022,NPPA Compendium of Prices 2022 (ceiling prices under DPCO 2013),https://nppa.gov.in/en/compendiumofprice,https://nppa.gov.in/storage/uploads/pdf/Compendium-Prices-2022pdf-464b22085495ff4e3f8700c0e00cf45d.pdf,2026-08-04T09:01:12+00:00,statutory ceiling under DPCO 2013
Nitrofurantoin,6.2.2.8,Capsule 100mg,1 Capsule,8.72,1499(E),30.03.2022,NPPA Compendium of Prices 2022 (ceiling prices under DPCO 2013),https://nppa.gov.in/en/compendiumofprice,https://nppa.gov.in/storage/uploads/pdf/Compendium-Prices-2022pdf-464b22085495ff4e3f8700c0e00cf45d.pdf,2026-08-04T09:01:12+00:00,statutory ceiling under DPCO 2013
Vancomycin,6.2.2.9,Powder for Injection 1 gm,Each Pack,528.43,1499(E),30.03.2022,NPPA Compendium of Prices 2022 (ceiling prices under DPCO 2013),https://nppa.gov.in/en/compendiumofprice,https://nppa.gov.in/storage/uploads/pdf/Compendium-Prices-2022pdf-464b22085495ff4e3f8700c0e00cf45d.pdf,2026-08-04T09:01:12+00:00,statutory ceiling under DPCO 2013
Vancomycin,6.2.2.9,Powder for Injection 250 mg,Each Pack,246.21,1499(E),30.03.2022,NPPA Compendium of Prices 2022 (ceiling prices under DPCO 2013),https://nppa.gov.in/en/compendiumofprice,https://nppa.gov.in/storage/uploads/pdf/Compendium-Prices-2022pdf-464b22085495ff4e3f8700c0e00cf45d.pdf,2026-08-04T09:01:12+00:00,statutory ceiling under DPCO 2013
Vancomycin,6.2.2.9,Powder for Injection 500 mg,Each Pack,317.83,1499(E),30.03.2022,NPPA Compendium of Prices 2022 (ceiling prices under DPCO 2013),https://nppa.gov.in/en/compendiumofprice,https://nppa.gov.in/storage/uploads/pdf/Compendium-Prices-2022pdf-464b22085495ff4e3f8700c0e00cf45d.pdf,2026-08-04T09:01:12+00:00,statutory ceiling under DPCO 2013
Clofazimine,6.2.3.1,Capsule 50 mg,1 Capsule,2.41,1499(E),30.03.2022,NPPA Compendium of Prices 2022 (ceiling prices under DPCO 2013),https://nppa.gov.in/en/compendiumofprice,https://nppa.gov.in/storage/uploads/pdf/Compendium-Prices-2022pdf-464b22085495ff4e3f8700c0e00cf45d.pdf,2026-08-04T09:01:12+00:00,statutory ceiling under DPCO 2013
Clofazimine,6.2.3.1,Capsule 100 mg,1 Capsule,4.12,1499(E),30.03.2022,NPPA Compendium of Prices 2022 (ceiling prices under DPCO 2013),https://nppa.gov.in/en/compendiumofprice,https://nppa.gov.in/storage/uploads/pdf/Compendium-Prices-2022pdf-464b22085495ff4e3f8700c0e00cf45d.pdf,2026-08-04T09:01:12+00:00,statutory ceiling under DPCO 2013
Dapsone,6.2.3.2,Tablet 25 mg Tablet 50 mg Tablet 100 mg,1 Tablet,0.4,1499(E),30.03.2022,NPPA Compendium of Prices 2022 (ceiling prices under DPCO 2013),https://nppa.gov.in/en/compendiumofprice,https://nppa.gov.in/storage/uploads/pdf/Compendium-Prices-2022pdf-464b22085495ff4e3f8700c0e00cf45d.pdf,2026-08-04T09:01:12+00:00,statutory ceiling under DPCO 2013
Rifampicin,6.2.3.3,Capsule 150 mg,1 Capsule,2.23,1499(E),30.03.2022,NPPA Compendium of Prices 2022 (ceiling prices under DPCO 2013),https://nppa.gov.in/en/compendiumofprice,https://nppa.gov.in/storage/uploads/pdf/Compendium-Prices-2022pdf-464b22085495ff4e3f8700c0e00cf45d.pdf,2026-08-04T09:01:12+00:00,statutory ceiling under DPCO 2013
Rifampicin,6.2.3.3,Capsule 300 mg,1 Capsule,4.22,1499(E),30.03.2022,NPPA Compendium of Prices 2022 (ceiling prices under DPCO 2013),https://nppa.gov.in/en/compendiumofprice,https://nppa.gov.in/storage/uploads/pdf/Compendium-Prices-2022pdf-464b22085495ff4e3f8700c0e00cf45d.pdf,2026-08-04T09:01:12+00:00,statutory ceiling under DPCO 2013
Rifampicin,6.2.3.3,Capsule 450 mg,1 Capsule,5.48,1499(E),30.03.2022,NPPA Compendium of Prices 2022 (ceiling prices under DPCO 2013),https://nppa.gov.in/en/compendiumofprice,https://nppa.gov.in/storage/uploads/pdf/Compendium-Prices-2022pdf-464b22085495ff4e3f8700c0e00cf45d.pdf,2026-08-04T09:01:12+00:00,statutory ceiling under DPCO 2013
Rifampicin,6.2.3.3,Capsule 600 mg,1 Capsule,12.87,1499(E),30.03.2022,NPPA Compendium of Prices 2022 (ceiling prices under DPCO 2013),https://nppa.gov.in/en/compendiumofprice,https://nppa.gov.in/storage/uploads/pdf/Compendium-Prices-2022pdf-464b22085495ff4e3f8700c0e00cf45d.pdf,2026-08-04T09:01:12+00:00,statutory ceiling under DPCO 2013
Rifampicin,6.2.3.3,Oral Liquid 100 mg/5ml,1 ml,0.43,1499(E),30.03.2022,NPPA Compendium of Prices 2022 (ceiling prices under DPCO 2013),https://nppa.gov.in/en/compendiumofprice,https://nppa.gov.in/storage/uploads/pdf/Compendium-Prices-2022pdf-464b22085495ff4e3f8700c0e00cf45d.pdf,2026-08-04T09:01:12+00:00,statutory ceiling under DPCO 2013
Rifampicin,6.2.3.3,Tablet 150 mg,1 Tablet,1.79,1499(E),30.03.2022,NPPA Compendium of Prices 2022 (ceiling prices under DPCO 2013),https://nppa.gov.in/en/compendiumofprice,https://nppa.gov.in/storage/uploads/pdf/Compendium-Prices-2022pdf-464b22085495ff4e3f8700c0e00cf45d.pdf,2026-08-04T09:01:12+00:00,statutory ceiling under DPCO 2013
Rifampicin,6.2.3.3,Tablet 300 mg,1 Tablet,3.26,1499(E),30.03.2022,NPPA Compendium of Prices 2022 (ceiling prices under DPCO 2013),https://nppa.gov.in/en/compendiumofprice,https://nppa.gov.in/storage/uploads/pdf/Compendium-Prices-2022pdf-464b22085495ff4e3f8700c0e00cf45d.pdf,2026-08-04T09:01:12+00:00,statutory ceiling under DPCO 2013
Capreomycin,6.2.4.1,Powder for Injection 1 g,Each Pack,384.6,1499(E),30.03.2022,NPPA Compendium of Prices 2022 (ceiling prices under DPCO 2013),https://nppa.gov.in/en/compendiumofprice,https://nppa.gov.in/storage/uploads/pdf/Compendium-Prices-2022pdf-464b22085495ff4e3f8700c0e00cf45d.pdf,2026-08-04T09:01:12+00:00,statutory ceiling under DPCO 2013
Cycloserine,6.2.4.2,Capsule 250 mg,1 Capsule,60.28,1499(E),30.03.2022,NPPA Compendium of Prices 2022 (ceiling prices under DPCO 2013),https://nppa.gov.in/en/compendiumofprice,https://nppa.gov.in/storage/uploads/pdf/Compendium-Prices-2022pdf-464b22085495ff4e3f8700c0e00cf45d.pdf,2026-08-04T09:01:12+00:00,statutory ceiling under DPCO 2013
Cycloserine,6.2.4.2,Tablet 250 mg,1 Tablet,51.83,1499(E),30.03.2022,NPPA Compendium of Prices 2022 (ceiling prices under DPCO 2013),https://nppa.gov.in/en/compendiumofprice,https://nppa.gov.in/storage/uploads/pdf/Compendium-Prices-2022pdf-464b22085495ff4e3f8700c0e00cf45d.pdf,2026-08-04T09:01:12+00:00,statutory ceiling under DPCO 2013
Ethambutol,6.2.4.3,Tablet 200 mg,1 Tablet,1.17,1499(E),30.03.2022,NPPA Compendium of Prices 2022 (ceiling prices under DPCO 2013),https://nppa.gov.in/en/compendiumofprice,https://nppa.gov.in/storage/uploads/pdf/Compendium-Prices-2022pdf-464b22085495ff4e3f8700c0e00cf45d.pdf,2026-08-04T09:01:12+00:00,statutory ceiling under DPCO 2013
Ethambutol,6.2.4.3,Tablet 400 mg,1 Tablet,2.66,1499(E),30.03.2022,NPPA Compendium of Prices 2022 (ceiling prices under DPCO 2013),https://nppa.gov.in/en/compendiumofprice,https://nppa.gov.in/storage/uploads/pdf/Compendium-Prices-2022pdf-464b22085495ff4e3f8700c0e00cf45d.pdf,2026-08-04T09:01:12+00:00,statutory ceiling under DPCO 2013
Ethambutol,6.2.4.3,Tablet 600 mg,1 Tablet,3.93,1499(E),30.03.2022,NPPA Compendium of Prices 2022 (ceiling prices under DPCO 2013),https://nppa.gov.in/en/compendiumofprice,https://nppa.gov.in/storage/uploads/pdf/Compendium-Prices-2022pdf-464b22085495ff4e3f8700c0e00cf45d.pdf,2026-08-04T09:01:12+00:00,statutory ceiling under DPCO 2013
Ethambutol,6.2.4.3,Tablet 800 mg,1 Tablet,4.7,1499(E),30.03.2022,NPPA Compendium of Prices 2022 (ceiling prices under DPCO 2013),https://nppa.gov.in/en/compendiumofprice,https://nppa.gov.in/storage/uploads/pdf/Compendium-Prices-2022pdf-464b22085495ff4e3f8700c0e00cf45d.pdf,2026-08-04T09:01:12+00:00,statutory ceiling under DPCO 2013
Ethionamide,6.2.4.4,Tablet 125 mg Tablet 250 mg,1 Tablet,17.52,1499(E),30.03.2022,NPPA Compendium of Prices 2022 (ceiling prices under DPCO 2013),https://nppa.gov.in/en/compendiumofprice,https://nppa.gov.in/storage/uploads/pdf/Compendium-Prices-2022pdf-464b22085495ff4e3f8700c0e00cf45d.pdf,2026-08-04T09:01:12+00:00,statutory ceiling under DPCO 2013
Isoniazid,6.2.4.5,Tablet 50 mg Tablet 100 mg,1 Tablet,0.75,1499(E),30.03.2022,NPPA Compendium of Prices 2022 (ceiling prices under DPCO 2013),https://nppa.gov.in/en/compendiumofprice,https://nppa.gov.in/storage/uploads/pdf/Compendium-Prices-2022pdf-464b22085495ff4e3f8700c0e00cf45d.pdf,2026-08-04T09:01:12+00:00,statutory ceiling under DPCO 2013
Isoniazid,6.2.4.5,Tablet 300 mg,1 Tablet,1.33,1499(E),30.03.2022,NPPA Compendium of Prices 2022 (ceiling prices under DPCO 2013),https://nppa.gov.in/en/compendiumofprice,https://nppa.gov.in/storage/uploads/pdf/Compendium-Prices-2022pdf-464b22085495ff4e3f8700c0e00cf45d.pdf,2026-08-04T09:01:12+00:00,statutory ceiling under DPCO 2013
Isoniazid,6.2.4.5,Oral liquid 100 mg/5 ml 6.2.4.6 Kanamycin Powder for Injection 1 gm,Each Pack,43.42,1499(E),30.03.2022,NPPA Compendium of Prices 2022 (ceiling prices under DPCO 2013),https://nppa.gov.in/en/compendiumofprice,https://nppa.gov.in/storage/uploads/pdf/Compendium-Prices-2022pdf-464b22085495ff4e3f8700c0e00cf45d.pdf,2026-08-04T09:01:12+00:00,statutory ceiling under DPCO 2013
Isoniazid,6.2.4.5,Powder for Injection 500 mg,Each Pack,23.68,1499(E),30.03.2022,NPPA Compendium of Prices 2022 (ceiling prices under DPCO 2013),https://nppa.gov.in/en/compendiumofprice,https://nppa.gov.in/storage/uploads/pdf/Compendium-Prices-2022pdf-464b22085495ff4e3f8700c0e00cf45d.pdf,2026-08-04T09:01:12+00:00,statutory ceiling under DPCO 2013
Isoniazid,6.2.4.5,Powder for Injection 750 mg,Each Pack,40.46,1499(E),30.03.2022,NPPA Compendium of Prices 2022 (ceiling prices under DPCO 2013),https://nppa.gov.in/en/compendiumofprice,https://nppa.gov.in/storage/uploads/pdf/Compendium-Prices-2022pdf-464b22085495ff4e3f8700c0e00cf45d.pdf,2026-08-04T09:01:12+00:00,statutory ceiling under DPCO 2013
Levofloxacin,6.2.4.7,Tablet 250 mg,1 Tablet,4.9,1499(E),30.03.2022,NPPA Compendium of Prices 2022 (ceiling prices under DPCO 2013),https://nppa.gov.in/en/compendiumofprice,https://nppa.gov.in/storage/uploads/pdf/Compendium-Prices-2022pdf-464b22085495ff4e3f8700c0e00cf45d.pdf,2026-08-04T09:01:12+00:00,statutory ceiling under DPCO 2013
Levofloxacin,6.2.4.7,Tablet 750 mg,1 Tablet,12.14,1499(E),30.03.2022,NPPA Compendium of Prices 2022 (ceiling prices under DPCO 2013),https://nppa.gov.in/en/compendiumofprice,https://nppa.gov.in/storage/uploads/pdf/Compendium-Prices-2022pdf-464b22085495ff4e3f8700c0e00cf45d.pdf,2026-08-04T09:01:12+00:00,statutory ceiling under DPCO 2013
Levofloxacin,6.2.4.7,Tablet 500mg,1 Tablet,8.95,1499(E),30.03.2022,NPPA Compendium of Prices 2022 (ceiling prices under DPCO 2013),https://nppa.gov.in/en/compendiumofprice,https://nppa.gov.in/storage/uploads/pdf/Compendium-Prices-2022pdf-464b22085495ff4e3f8700c0e00cf45d.pdf,2026-08-04T09:01:12+00:00,statutory ceiling under DPCO 2013
Linezolid,6.2.4.8,Tablet 600 mg,1 Tablet,36.69,1499(E),30.03.2022,NPPA Compendium of Prices 2022 (ceiling prices under DPCO 2013),https://nppa.gov.in/en/compendiumofprice,https://nppa.gov.in/storage/uploads/pdf/Compendium-Prices-2022pdf-464b22085495ff4e3f8700c0e00cf45d.pdf,2026-08-04T09:01:12+00:00,statutory ceiling under DPCO 2013
Linezolid,6.2.4.8,6.2.4.1.0Para-aminosalicylic acidTablet 500 mg Granules (As licensed),1 gm,3.16,1499(E),30.03.2022,NPPA Compendium of Prices 2022 (ceiling prices under DPCO 2013),https://nppa.gov.in/en/compendiumofprice,https://nppa.gov.in/storage/uploads/pdf/Compendium-Prices-2022pdf-464b22085495ff4e3f8700c0e00cf45d.pdf,2026-08-04T09:01:12+00:00,statutory ceiling under DPCO 2013
Linezolid,6.2.4.8,6.2.4.1.1Pyrazinamide Oral Liquid 250 mg/5ml,1 ml,0.68,1499(E),30.03.2022,NPPA Compendium of Prices 2022 (ceiling prices under DPCO 2013),https://nppa.gov.in/en/compendiumofprice,https://nppa.gov.in/storage/uploads/pdf/Compendium-Prices-2022pdf-464b22085495ff4e3f8700c0e00cf45d.pdf,2026-08-04T09:01:12+00:00,statutory ceiling under DPCO 2013
Linezolid,6.2.4.8,Tablet 1000 mg,1 Tablet,10.47,1499(E),30.03.2022,NPPA Compendium of Prices 2022 (ceiling prices under DPCO 2013),https://nppa.gov.in/en/compendiumofprice,https://nppa.gov.in/storage/uploads/pdf/Compendium-Prices-2022pdf-464b22085495ff4e3f8700c0e00cf45d.pdf,2026-08-04T09:01:12+00:00,statutory ceiling under DPCO 2013
Linezolid,6.2.4.8,Tablet 1500 mg,1 Tablet,11.6,1499(E),30.03.2022,NPPA Compendium of Prices 2022 (ceiling prices under DPCO 2013),https://nppa.gov.in/en/compendiumofprice,https://nppa.gov.in/storage/uploads/pdf/Compendium-Prices-2022pdf-464b22085495ff4e3f8700c0e00cf45d.pdf,2026-08-04T09:01:12+00:00,statutory ceiling under DPCO 2013
Linezolid,6.2.4.8,Tablet 500 mg,1 Tablet,4.7,1499(E),30.03.2022,NPPA Compendium of Prices 2022 (ceiling prices under DPCO 2013),https://nppa.gov.in/en/compendiumofprice,https://nppa.gov.in/storage/uploads/pdf/Compendium-Prices-2022pdf-464b22085495ff4e3f8700c0e00cf45d.pdf,2026-08-04T09:01:12+00:00,statutory ceiling under DPCO 2013
Linezolid,6.2.4.8,Tablet 750 mg,1 Tablet,7.14,1499(E),30.03.2022,NPPA Compendium of Prices 2022 (ceiling prices under DPCO 2013),https://nppa.gov.in/en/compendiumofprice,https://nppa.gov.in/storage/uploads/pdf/Compendium-Prices-2022pdf-464b22085495ff4e3f8700c0e00cf45d.pdf,2026-08-04T09:01:12+00:00,statutory ceiling under DPCO 2013
Linezolid,6.2.4.8,6.2.4.1.2Rifabutin Capsule 150mg,1 Capsule,44.04,1499(E),30.03.2022,NPPA Compendium of Prices 2022 (ceiling prices under DPCO 2013),https://nppa.gov.in/en/compendiumofprice,https://nppa.gov.in/storage/uploads/pdf/Compendium-Prices-2022pdf-464b22085495ff4e3f8700c0e00cf45d.pdf,2026-08-04T09:01:12+00:00,statutory ceiling under DPCO 2013
Linezolid,6.2.4.8,Tablet 150mg,1 Tablet,41.13,1499(E),30.03.2022,NPPA Compendium of Prices 2022 (ceiling prices under DPCO 2013),https://nppa.gov.in/en/compendiumofprice,https://nppa.gov.in/storage/uploads/pdf/Compendium-Prices-2022pdf-464b22085495ff4e3f8700c0e00cf45d.pdf,2026-08-04T09:01:12+00:00,statutory ceiling under DPCO 2013
Linezolid,6.2.4.8,6.2.4.1.3Rifampicin Capsule 150 mg,1 Capsule,2.23,1499(E),30.03.2022,NPPA Compendium of Prices 2022 (ceiling prices under DPCO 2013),https://nppa.gov.in/en/compendiumofprice,https://nppa.gov.in/storage/uploads/pdf/Compendium-Prices-2022pdf-464b22085495ff4e3f8700c0e00cf45d.pdf,2026-08-04T09:01:12+00:00,statutory ceiling under DPCO 2013
Linezolid,6.2.4.8,Capsule 300 mg,1 Capsule,4.22,1499(E),30.03.2022,NPPA Compendium of Prices 2022 (ceiling prices under DPCO 2013),https://nppa.gov.in/en/compendiumofprice,https://nppa.gov.in/storage/uploads/pdf/Compendium-Prices-2022pdf-464b22085495ff4e3f8700c0e00cf45d.pdf,2026-08-04T09:01:12+00:00,statutory ceiling under DPCO 2013
Linezolid,6.2.4.8,Capsule 450 mg,1 Capsule,5.48,1499(E),30.03.2022,NPPA Compendium of Prices 2022 (ceiling prices under DPCO 2013),https://nppa.gov.in/en/compendiumofprice,https://nppa.gov.in/storage/uploads/pdf/Compendium-Prices-2022pdf-464b22085495ff4e3f8700c0e00cf45d.pdf,2026-08-04T09:01:12+00:00,statutory ceiling under DPCO 2013
Linezolid,6.2.4.8,Capsule 600 mg,1 Capsule,12.87,1499(E),30.03.2022,NPPA Compendium of Prices 2022 (ceiling prices under DPCO 2013),https://nppa.gov.in/en/compendiumofprice,https://nppa.gov.in/storage/uploads/pdf/Compendium-Prices-2022pdf-464b22085495ff4e3f8700c0e00cf45d.pdf,2026-08-04T09:01:12+00:00,statutory ceiling under DPCO 2013
Linezolid,6.2.4.8,Oral Liquid 100 mg/5ml,1 ml,0.43,1499(E),30.03.2022,NPPA Compendium of Prices 2022 (ceiling prices under DPCO 2013),https://nppa.gov.in/en/compendiumofprice,https://nppa.gov.in/storage/uploads/pdf/Compendium-Prices-2022pdf-464b22085495ff4e3f8700c0e00cf45d.pdf,2026-08-04T09:01:12+00:00,statutory ceiling under DPCO 2013
Linezolid,6.2.4.8,Tablet 150 mg,1 Tablet,1.79,1499(E),30.03.2022,NPPA Compendium of Prices 2022 (ceiling prices under DPCO 2013),https://nppa.gov.in/en/compendiumofprice,https://nppa.gov.in/storage/uploads/pdf/Compendium-Prices-2022pdf-464b22085495ff4e3f8700c0e00cf45d.pdf,2026-08-04T09:01:12+00:00,statutory ceiling under DPCO 2013
Linezolid,6.2.4.8,Tablet 300 mg,1 Tablet,3.26,1499(E),30.03.2022,NPPA Compendium of Prices 2022 (ceiling prices under DPCO 2013),https://nppa.gov.in/en/compendiumofprice,https://nppa.gov.in/storage/uploads/pdf/Compendium-Prices-2022pdf-464b22085495ff4e3f8700c0e00cf45d.pdf,2026-08-04T09:01:12+00:00,statutory ceiling under DPCO 2013
Linezolid,6.2.4.8,6.2.4.1.4Streptomycin Powder for Injection 750 mg,Each Pack,9.75,1499(E),30.03.2022,NPPA Compendium of Prices 2022 (ceiling prices under DPCO 2013),https://nppa.gov.in/en/compendiumofprice,https://nppa.gov.in/storage/uploads/pdf/Compendium-Prices-2022pdf-464b22085495ff4e3f8700c0e00cf45d.pdf,2026-08-04T09:01:12+00:00,statutory ceiling under DPCO 2013
Linezolid,6.2.4.8,Powder for Injection 1 g,Each Pack,11.59,1499(E),30.03.2022,NPPA Compendium of Prices 2022 (ceiling prices under DPCO 2013),https://nppa.gov.in/en/compendiumofprice,https://nppa.gov.in/storage/uploads/pdf/Compendium-Prices-2022pdf-464b22085495ff4e3f8700c0e00cf45d.pdf,2026-08-04T09:01:12+00:00,statutory ceiling under DPCO 2013
Amphotericin B a)   Amphotericin B (conventional),6.3.1,Powder for Injection 50 mg,Each Pack,343.91,1499(E),30.03.2022,NPPA Compendium of Prices 2022 (ceiling prices under DPCO 2013),https://nppa.gov.in/en/compendiumofprice,https://nppa.gov.in/storage/uploads/pdf/Compendium-Prices-2022pdf-464b22085495ff4e3f8700c0e00cf45d.pdf,2026-08-04T09:01:12+00:00,statutory ceiling under DPCO 2013
Amphotericin B a)   Amphotericin B (conventional),6.3.1,b)   Lipid/ Liposomal Amphotericin B Powder for Injection 50 mg(Lipid),Each Pack,3558.99,1499(E),30.03.2022,NPPA Compendium of Prices 2022 (ceiling prices under DPCO 2013),https://nppa.gov.in/en/compendiumofprice,https://nppa.gov.in/storage/uploads/pdf/Compendium-Prices-2022pdf-464b22085495ff4e3f8700c0e00cf45d.pdf,2026-08-04T09:01:12+00:00,statutory ceiling under DPCO 2013
Amphotericin B a)   Amphotericin B (conventional),6.3.1,Powder for Injection 50 mg(Liposomal),Each Pack,8290.0,1499(E),30.03.2022,NPPA Compendium of Prices 2022 (ceiling prices under DPCO 2013),https://nppa.gov.in/en/compendiumofprice,https://nppa.gov.in/storage/uploads/pdf/Compendium-Prices-2022pdf-464b22085495ff4e3f8700c0e00cf45d.pdf,2026-08-04T09:01:12+00:00,statutory ceiling under DPCO 2013
Clotrimazole,6.3.2,Pessary 100 mg 1 Pessary,,9.65,1499(E),30.03.2022,NPPA Compendium of Prices 2022 (ceiling prices under DPCO 2013),https://nppa.gov.in/en/compendiumofprice,https://nppa.gov.in/storage/uploads/pdf/Compendium-Prices-2022pdf-464b22085495ff4e3f8700c0e00cf45d.pdf,2026-08-04T09:01:12+00:00,statutory ceiling under DPCO 2013
Clotrimazole,6.3.2,Lotion 1%,1 ml,3.98,1499(E),30.03.2022,NPPA Compendium of Prices 2022 (ceiling prices under DPCO 2013),https://nppa.gov.in/en/compendiumofprice,https://nppa.gov.in/storage/uploads/pdf/Compendium-Prices-2022pdf-464b22085495ff4e3f8700c0e00cf45d.pdf,2026-08-04T09:01:12+00:00,statutory ceiling under DPCO 2013
Fluconazole,6.3.3,Capsule 100 mg,1 Capsule,28.06,1499(E),30.03.2022,NPPA Compendium of Prices 2022 (ceiling prices under DPCO 2013),https://nppa.gov.in/en/compendiumofprice,https://nppa.gov.in/storage/uploads/pdf/Compendium-Prices-2022pdf-464b22085495ff4e3f8700c0e00cf45d.pdf,2026-08-04T09:01:12+00:00,statutory ceiling under DPCO 2013
Fluconazole,6.3.3,Capsule 150 mg,1 Capsule,20.59,1499(E),30.03.2022,NPPA Compendium of Prices 2022 (ceiling prices under DPCO 2013),https://nppa.gov.in/en/compendiumofprice,https://nppa.gov.in/storage/uploads/pdf/Compendium-Prices-2022pdf-464b22085495ff4e3f8700c0e00cf45d.pdf,2026-08-04T09:01:12+00:00,statutory ceiling under DPCO 2013
Fluconazole,6.3.3,Capsule 200 mg,1 Capsule,40.54,1499(E),30.03.2022,NPPA Compendium of Prices 2022 (ceiling prices under DPCO 2013),https://nppa.gov.in/en/compendiumofprice,https://nppa.gov.in/storage/uploads/pdf/Compendium-Prices-2022pdf-464b22085495ff4e3f8700c0e00cf45d.pdf,2026-08-04T09:01:12+00:00,statutory ceiling under DPCO 2013
Fluconazole,6.3.3,Oral Liquid 50mg/5ml,1 ml,2.9,1499(E),30.03.2022,NPPA Compendium of Prices 2022 (ceiling prices under DPCO 2013),https://nppa.gov.in/en/compendiumofprice,https://nppa.gov.in/storage/uploads/pdf/Compendium-Prices-2022pdf-464b22085495ff4e3f8700c0e00cf45d.pdf,2026-08-04T09:01:12+00:00,statutory ceiling under DPCO 2013
Fluconazole,6.3.3,Tablet 100 mg,1 Tablet,8.86,1499(E),30.03.2022,NPPA Compendium of Prices 2022 (ceiling prices under DPCO 2013),https://nppa.gov.in/en/compendiumofprice,https://nppa.gov.in/storage/uploads/pdf/Compendium-Prices-2022pdf-464b22085495ff4e3f8700c0e00cf45d.pdf,2026-08-04T09:01:12+00:00,statutory ceiling under DPCO 2013
Fluconazole,6.3.3,Tablet 150 mg,1 Tablet,13.15,1499(E),30.03.2022,NPPA Compendium of Prices 2022 (ceiling prices under DPCO 2013),https://nppa.gov.in/en/compendiumofprice,https://nppa.gov.in/storage/uploads/pdf/Compendium-Prices-2022pdf-464b22085495ff4e3f8700c0e00cf45d.pdf,2026-08-04T09:01:12+00:00,statutory ceiling under DPCO 2013
Fluconazole,6.3.3,Tablet 200 mg,1 Tablet,20.86,1499(E),30.03.2022,NPPA Compendium of Prices 2022 (ceiling prices under DPCO 2013),https://nppa.gov.in/en/compendiumofprice,https://nppa.gov.in/storage/uploads/pdf/Compendium-Prices-2022pdf-464b22085495ff4e3f8700c0e00cf45d.pdf,2026-08-04T09:01:12+00:00,statutory ceiling under DPCO 2013
Fluconazole,6.3.3,Tablet 400 mg,1 Tablet,34.69,1499(E),30.03.2022,NPPA Compendium of Prices 2022 (ceiling prices under DPCO 2013),https://nppa.gov.in/en/compendiumofprice,https://nppa.gov.in/storage/uploads/pdf/Compendium-Prices-2022pdf-464b22085495ff4e3f8700c0e00cf45d.pdf,2026-08-04T09:01:12+00:00,statutory ceiling under DPCO 2013
Fluconazole,6.3.3,Injection 200 mg/100 ml,Each Pack,118.17,1499(E),30.03.2022,NPPA Compendium of Prices 2022 (ceiling prices under DPCO 2013),https://nppa.gov.in/en/compendiumofprice,https://nppa.gov.in/storage/uploads/pdf/Compendium-Prices-2022pdf-464b22085495ff4e3f8700c0e00cf45d.pdf,2026-08-04T09:01:12+00:00,statutory ceiling under DPCO 2013
Griseofulvin,6.3.4,Tablet 125 mg,1 Tablet,0.91,1499(E),30.03.2022,NPPA Compendium of Prices 2022 (ceiling prices under DPCO 2013),https://nppa.gov.in/en/compendiumofprice,https://nppa.gov.in/storage/uploads/pdf/Compendium-Prices-2022pdf-464b22085495ff4e3f8700c0e00cf45d.pdf,2026-08-04T09:01:12+00:00,statutory ceiling under DPCO 2013
Griseofulvin,6.3.4,Tablet 250 mg,1 Tablet,1.77,1499(E),30.03.2022,NPPA Compendium of Prices 2022 (ceiling prices under DPCO 2013),https://nppa.gov.in/en/compendiumofprice,https://nppa.gov.in/storage/uploads/pdf/Compendium-Prices-2022pdf-464b22085495ff4e3f8700c0e00cf45d.pdf,2026-08-04T09:01:12+00:00,statutory ceiling under DPCO 2013
Griseofulvin,6.3.4,Tablet 375 mg,1 Tablet,4.77,1499(E),30.03.2022,NPPA Compendium of Prices 2022 (ceiling prices under DPCO 2013),https://nppa.gov.in/en/compendiumofprice,https://nppa.gov.in/storage/uploads/pdf/Compendium-Prices-2022pdf-464b22085495ff4e3f8700c0e00cf45d.pdf,2026-08-04T09:01:12+00:00,statutory ceiling under DPCO 2013
Nystatin,6.3.5,"Tablet 500,000 IU Pessary 100,000 IU Oral Liquid 100, 000 IU/ml 6.4.1.1 Acyclovir Ointment 3%",1 gm,11.56,1499(E),30.03.2022,NPPA Compendium of Prices 2022 (ceiling prices under DPCO 2013),https://nppa.gov.in/en/compendiumofprice,https://nppa.gov.in/storage/uploads/pdf/Compendium-Prices-2022pdf-464b22085495ff4e3f8700c0e00cf45d.pdf,2026-08-04T09:01:12+00:00,statutory ceiling under DPCO 2013
Nystatin,6.3.5,Oral Liquid 400 mg/5ml,1 ml,1.41,1499(E),30.03.2022,NPPA Compendium of Prices 2022 (ceiling prices under DPCO 2013),https://nppa.gov.in/en/compendiumofprice,https://nppa.gov.in/storage/uploads/pdf/Compendium-Prices-2022pdf-464b22085495ff4e3f8700c0e00cf45d.pdf,2026-08-04T09:01:12+00:00,statutory ceiling under DPCO 2013
Nystatin,6.3.5,Tablet 200 mg,1 Tablet,7.52,1499(E),30.03.2022,NPPA Compendium of Prices 2022 (ceiling prices under DPCO 2013),https://nppa.gov.in/en/compendiumofprice,https://nppa.gov.in/storage/uploads/pdf/Compendium-Prices-2022pdf-464b22085495ff4e3f8700c0e00cf45d.pdf,2026-08-04T09:01:12+00:00,statutory ceiling under DPCO 2013
Nystatin,6.3.5,Tablet 400 mg,1 Tablet,13.67,1499(E),30.03.2022,NPPA Compendium of Prices 2022 (ceiling prices under DPCO 2013),https://nppa.gov.in/en/compendiumofprice,https://nppa.gov.in/storage/uploads/pdf/Compendium-Prices-2022pdf-464b22085495ff4e3f8700c0e00cf45d.pdf,2026-08-04T09:01:12+00:00,statutory ceiling under DPCO 2013
Nystatin,6.3.5,Powder for Injection 250 mg,Each Pack,394.52,1499(E),30.03.2022,NPPA Compendium of Prices 2022 (ceiling prices under DPCO 2013),https://nppa.gov.in/en/compendiumofprice,https://nppa.gov.in/storage/uploads/pdf/Compendium-Prices-2022pdf-464b22085495ff4e3f8700c0e00cf45d.pdf,2026-08-04T09:01:12+00:00,statutory ceiling under DPCO 2013
Nystatin,6.3.5,Powder for Injection 500 mg,Each Pack,509.56,1499(E),30.03.2022,NPPA Compendium of Prices 2022 (ceiling prices under DPCO 2013),https://nppa.gov.in/en/compendiumofprice,https://nppa.gov.in/storage/uploads/pdf/Compendium-Prices-2022pdf-464b22085495ff4e3f8700c0e00cf45d.pdf,2026-08-04T09:01:12+00:00,statutory ceiling under DPCO 2013
Ganciclovir,6.4.2.1,Capsule 250 mg,1 Capsule,133.48,1499(E),30.03.2022,NPPA Compendium of Prices 2022 (ceiling prices under DPCO 2013),https://nppa.gov.in/en/compendiumofprice,https://nppa.gov.in/storage/uploads/pdf/Compendium-Prices-2022pdf-464b22085495ff4e3f8700c0e00cf45d.pdf,2026-08-04T09:01:12+00:00,statutory ceiling under DPCO 2013
Ganciclovir,6.4.2.1,6.4.3.1.1Abacavir Tablet 60 mg Tablet 300 mg,1 Tablet,52.36,1499(E),30.03.2022,NPPA Compendium of Prices 2022 (ceiling prices under DPCO 2013),https://nppa.gov.in/en/compendiumofprice,https://nppa.gov.in/storage/uploads/pdf/Compendium-Prices-2022pdf-464b22085495ff4e3f8700c0e00cf45d.pdf,2026-08-04T09:01:12+00:00,statutory ceiling under DPCO 2013
Ganciclovir,6.4.2.1,6.4.3.1.2Abacavir (A) + Lamivudine (B) Tablet 60 mg (A) +30 mg (B),1 Tablet,22.3,1499(E),30.03.2022,NPPA Compendium of Prices 2022 (ceiling prices under DPCO 2013),https://nppa.gov.in/en/compendiumofprice,https://nppa.gov.in/storage/uploads/pdf/Compendium-Prices-2022pdf-464b22085495ff4e3f8700c0e00cf45d.pdf,2026-08-04T09:01:12+00:00,statutory ceiling under DPCO 2013
Ganciclovir,6.4.2.1,Tablet 600 mg (A)+ 300 mg (B),1 Tablet,101.18,1499(E),30.03.2022,NPPA Compendium of Prices 2022 (ceiling prices under DPCO 2013),https://nppa.gov.in/en/compendiumofprice,https://nppa.gov.in/storage/uploads/pdf/Compendium-Prices-2022pdf-464b22085495ff4e3f8700c0e00cf45d.pdf,2026-08-04T09:01:12+00:00,statutory ceiling under DPCO 2013
Ganciclovir,6.4.2.1,6.4.3.1.3Lamivudine (A) + Nevirapine (B) + Stavudine (C) Dispersible Tablet 30 mg (A) + 50 mg (B) + 6 mg (C),1 Tablet,5.49,1499(E),30.03.2022,NPPA Compendium of Prices 2022 (ceiling prices under DPCO 2013),https://nppa.gov.in/en/compendiumofprice,https://nppa.gov.in/storage/uploads/pdf/Compendium-Prices-2022pdf-464b22085495ff4e3f8700c0e00cf45d.pdf,2026-08-04T09:01:12+00:00,statutory ceiling under DPCO 2013
Ganciclovir,6.4.2.1,Tablet 150 mg (A) + 200 mg (B) + 30 mg (C),1 Tablet,17.32,1499(E),30.03.2022,NPPA Compendium of Prices 2022 (ceiling prices under DPCO 2013),https://nppa.gov.in/en/compendiumofprice,https://nppa.gov.in/storage/uploads/pdf/Compendium-Prices-2022pdf-464b22085495ff4e3f8700c0e00cf45d.pdf,2026-08-04T09:01:12+00:00,statutory ceiling under DPCO 2013
Ganciclovir,6.4.2.1,6.4.3.1.4Lamivudine (A) + Zidovudine (B) Tablet 30 mg (A) + 60 mg (B) Tablet 150 mg (A) + 300 mg (B),1 Tablet,22.28,1499(E),30.03.2022,NPPA Compendium of Prices 2022 (ceiling prices under DPCO 2013),https://nppa.gov.in/en/compendiumofprice,https://nppa.gov.in/storage/uploads/pdf/Compendium-Prices-2022pdf-464b22085495ff4e3f8700c0e00cf45d.pdf,2026-08-04T09:01:12+00:00,statutory ceiling under DPCO 2013
Ganciclovir,6.4.2.1,6.4.3.1.5Stavudine (A) + Lamivudine (B) Dispersible Tablet 6 mg (A) + 30 mg (B) Tablet 30 mg (A) + 150 mg (B),1 Tablet,10.6,1499(E),30.03.2022,NPPA Compendium of Prices 2022 (ceiling prices under DPCO 2013),https://nppa.gov.in/en/compendiumofprice,https://nppa.gov.in/storage/uploads/pdf/Compendium-Prices-2022pdf-464b22085495ff4e3f8700c0e00cf45d.pdf,2026-08-04T09:01:12+00:00,statutory ceiling under DPCO 2013
Ganciclovir,6.4.2.1,6.4.3.1.6Tenofovir (A) + Lamivudine (B) Tablet 300 mg (A) +300 mg (B),1 Tablet,49.84,1499(E),30.03.2022,NPPA Compendium of Prices 2022 (ceiling prices under DPCO 2013),https://nppa.gov.in/en/compendiumofprice,https://nppa.gov.in/storage/uploads/pdf/Compendium-Prices-2022pdf-464b22085495ff4e3f8700c0e00cf45d.pdf,2026-08-04T09:01:12+00:00,statutory ceiling under DPCO 2013
Ganciclovir,6.4.2.1,6.4.3.1.7Tenofovir (A) + Lamivudine (B) + Efavirenz © Tablet 300 mg (A) + 300 mg (B) + 600 mg ©,1 Tablet,114.44,1499(E),30.03.2022,NPPA Compendium of Prices 2022 (ceiling prices under DPCO 2013),https://nppa.gov.in/en/compendiumofprice,https://nppa.gov.in/storage/uploads/pdf/Compendium-Prices-2022pdf-464b22085495ff4e3f8700c0e00cf45d.pdf,2026-08-04T09:01:12+00:00,statutory ceiling under DPCO 2013
Ganciclovir,6.4.2.1,6.4.3.1.8Zidovudine Tablet 300 mg,1 Tablet,15.83,1499(E),30.03.2022,NPPA Compendium of Prices 2022 (ceiling prices under DPCO 2013),https://nppa.gov.in/en/compendiumofprice,https://nppa.gov.in/storage/uploads/pdf/Compendium-Prices-2022pdf-464b22085495ff4e3f8700c0e00cf45d.pdf,2026-08-04T09:01:12+00:00,statutory ceiling under DPCO 2013
Ganciclovir,6.4.2.1,Oral liquid 50 mg/5 ml Capsule 300 mg,1 Capsule,2.29,1499(E),30.03.2022,NPPA Compendium of Prices 2022 (ceiling prices under DPCO 2013),https://nppa.gov.in/en/compendiumofprice,https://nppa.gov.in/storage/uploads/pdf/Compendium-Prices-2022pdf-464b22085495ff4e3f8700c0e00cf45d.pdf,2026-08-04T09:01:12+00:00,statutory ceiling under DPCO 2013
Ganciclovir,6.4.2.1,6.4.3.1.9Zidovudine (A) + Lamivudine (B) + Nevirapine © Tablet 60 mg (A) + 30 mg (B) + 50 mg (C) Tablet 300 mg (A) + 150 mg (B) + 200 mg (C),1 Tablet,22.37,1499(E),30.03.2022,NPPA Compendium of Prices 2022 (ceiling prices under DPCO 2013),https://nppa.gov.in/en/compendiumofprice,https://nppa.gov.in/storage/uploads/pdf/Compendium-Prices-2022pdf-464b22085495ff4e3f8700c0e00cf45d.pdf,2026-08-04T09:01:12+00:00,statutory ceiling under DPCO 2013
Ganciclovir,6.4.2.1,6.4.3.2.1Efavirenz Tablet 50 mg Capsule 200 mg,1 Capsule,26.73,1499(E),30.03.2022,NPPA Compendium of Prices 2022 (ceiling prices under DPCO 2013),https://nppa.gov.in/en/compendiumofprice,https://nppa.gov.in/storage/uploads/pdf/Compendium-Prices-2022pdf-464b22085495ff4e3f8700c0e00cf45d.pdf,2026-08-04T09:01:12+00:00,statutory ceiling under DPCO 2013
Ganciclovir,6.4.2.1,Capsule 600 mg,1 Capsule,69.65,1499(E),30.03.2022,NPPA Compendium of Prices 2022 (ceiling prices under DPCO 2013),https://nppa.gov.in/en/compendiumofprice,https://nppa.gov.in/storage/uploads/pdf/Compendium-Prices-2022pdf-464b22085495ff4e3f8700c0e00cf45d.pdf,2026-08-04T09:01:12+00:00,statutory ceiling under DPCO 2013
Ganciclovir,6.4.2.1,Tablet 200 mg,1 Tablet,25.18,1499(E),30.03.2022,NPPA Compendium of Prices 2022 (ceiling prices under DPCO 2013),https://nppa.gov.in/en/compendiumofprice,https://nppa.gov.in/storage/uploads/pdf/Compendium-Prices-2022pdf-464b22085495ff4e3f8700c0e00cf45d.pdf,2026-08-04T09:01:12+00:00,statutory ceiling under DPCO 2013
Ganciclovir,6.4.2.1,Tablet 600 mg,1 Tablet,78.85,1499(E),30.03.2022,NPPA Compendium of Prices 2022 (ceiling prices under DPCO 2013),https://nppa.gov.in/en/compendiumofprice,https://nppa.gov.in/storage/uploads/pdf/Compendium-Prices-2022pdf-464b22085495ff4e3f8700c0e00cf45d.pdf,2026-08-04T09:01:12+00:00,statutory ceiling under DPCO 2013
Ganciclovir,6.4.2.1,6.4.3.2.2Nevirapine Dispersible Tablet 50 mg Tablet 200 mg,1 Tablet,15.89,1499(E),30.03.2022,NPPA Compendium of Prices 2022 (ceiling prices under DPCO 2013),https://nppa.gov.in/en/compendiumofprice,https://nppa.gov.in/storage/uploads/pdf/Compendium-Prices-2022pdf-464b22085495ff4e3f8700c0e00cf45d.pdf,2026-08-04T09:01:12+00:00,statutory ceiling under DPCO 2013
Ganciclovir,6.4.2.1,Oral liquid 50 mg/5 ml,1 ml,0.93,1499(E),30.03.2022,NPPA Compendium of Prices 2022 (ceiling prices under DPCO 2013),https://nppa.gov.in/en/compendiumofprice,https://nppa.gov.in/storage/uploads/pdf/Compendium-Prices-2022pdf-464b22085495ff4e3f8700c0e00cf45d.pdf,2026-08-04T09:01:12+00:00,statutory ceiling under DPCO 2013
Ganciclovir,6.4.2.1,6.4.3.3.1Raltegravir Tablet 400 mg,1 Tablet,173.77,1499(E),30.03.2022,NPPA Compendium of Prices 2022 (ceiling prices under DPCO 2013),https://nppa.gov.in/en/compendiumofprice,https://nppa.gov.in/storage/uploads/pdf/Compendium-Prices-2022pdf-464b22085495ff4e3f8700c0e00cf45d.pdf,2026-08-04T09:01:12+00:00,statutory ceiling under DPCO 2013
Ganciclovir,6.4.2.1,6.4.3.4.1Atazanavir (A) + Ritonavir (B) Tablet 300 mg (A) + 100 mg (B),1 Tablet,109.61,1499(E),30.03.2022,NPPA Compendium of Prices 2022 (ceiling prices under DPCO 2013),https://nppa.gov.in/en/compendiumofprice,https://nppa.gov.in/storage/uploads/pdf/Compendium-Prices-2022pdf-464b22085495ff4e3f8700c0e00cf45d.pdf,2026-08-04T09:01:12+00:00,statutory ceiling under DPCO 2013
Ganciclovir,6.4.2.1,6.4.3.4.3Lopinavir (A) + Ritonavir (B) Tablet 100 mg (A) + 25 mg (B),1 Tablet,26.11,1499(E),30.03.2022,NPPA Compendium of Prices 2022 (ceiling prices under DPCO 2013),https://nppa.gov.in/en/compendiumofprice,https://nppa.gov.in/storage/uploads/pdf/Compendium-Prices-2022pdf-464b22085495ff4e3f8700c0e00cf45d.pdf,2026-08-04T09:01:12+00:00,statutory ceiling under DPCO 2013
Ganciclovir,6.4.2.1,Tablet 200 mg (A) + 50 mg (B),1 Tablet,50.59,1499(E),30.03.2022,NPPA Compendium of Prices 2022 (ceiling prices under DPCO 2013),https://nppa.gov.in/en/compendiumofprice,https://nppa.gov.in/storage/uploads/pdf/Compendium-Prices-2022pdf-464b22085495ff4e3f8700c0e00cf45d.pdf,2026-08-04T09:01:12+00:00,statutory ceiling under DPCO 2013
Ganciclovir,6.4.2.1,Oral liquid 400 mg (A) + 100 mg (B)/ 5ml 6.4.3.4.4Ritonavir Capsule 100 mg,1 Capsule,31.34,1499(E),30.03.2022,NPPA Compendium of Prices 2022 (ceiling prices under DPCO 2013),https://nppa.gov.in/en/compendiumofprice,https://nppa.gov.in/storage/uploads/pdf/Compendium-Prices-2022pdf-464b22085495ff4e3f8700c0e00cf45d.pdf,2026-08-04T09:01:12+00:00,statutory ceiling under DPCO 2013
Ganciclovir,6.4.2.1,Tablet 100 mg,1 Tablet,32.23,1499(E),30.03.2022,NPPA Compendium of Prices 2022 (ceiling prices under DPCO 2013),https://nppa.gov.in/en/compendiumofprice,https://nppa.gov.in/storage/uploads/pdf/Compendium-Prices-2022pdf-464b22085495ff4e3f8700c0e00cf45d.pdf,2026-08-04T09:01:12+00:00,statutory ceiling under DPCO 2013
Entecavir,6.4.4.1,Tablet 0.5 mg,1 Tablet,88.59,1499(E),30.03.2022,NPPA Compendium of Prices 2022 (ceiling prices under DPCO 2013),https://nppa.gov.in/en/compendiumofprice,https://nppa.gov.in/storage/uploads/pdf/Compendium-Prices-2022pdf-464b22085495ff4e3f8700c0e00cf45d.pdf,2026-08-04T09:01:12+00:00,statutory ceiling under DPCO 2013
Entecavir,6.4.4.1,Tablet 1 mg,1 Tablet,140.76,1499(E),30.03.2022,NPPA Compendium of Prices 2022 (ceiling prices under DPCO 2013),https://nppa.gov.in/en/compendiumofprice,https://nppa.gov.in/storage/uploads/pdf/Compendium-Prices-2022pdf-464b22085495ff4e3f8700c0e00cf45d.pdf,2026-08-04T09:01:12+00:00,statutory ceiling under DPCO 2013
Pegylated interferon alfa 2a,6.4.4.2,Injection 180 mcg,Each Pack,8786.05,1499(E),30.03.2022,NPPA Compendium of Prices 2022 (ceiling prices under DPCO 2013),https://nppa.gov.in/en/compendiumofprice,https://nppa.gov.in/storage/uploads/pdf/Compendium-Prices-2022pdf-464b22085495ff4e3f8700c0e00cf45d.pdf,2026-08-04T09:01:12+00:00,statutory ceiling under DPCO 2013
Pegylated interferon alfa 2a,6.4.4.2,Pegylated interferon alfa 2b Injection 100 mcg,Each Pack,17371.08,1499(E),30.03.2022,NPPA Compendium of Prices 2022 (ceiling prices under DPCO 2013),https://nppa.gov.in/en/compendiumofprice,https://nppa.gov.in/storage/uploads/pdf/Compendium-Prices-2022pdf-464b22085495ff4e3f8700c0e00cf45d.pdf,2026-08-04T09:01:12+00:00,statutory ceiling under DPCO 2013
Pegylated interferon alfa 2a,6.4.4.2,Injection 120 mcg,Each Pack,16177.38,1499(E),30.03.2022,NPPA Compendium of Prices 2022 (ceiling prices under DPCO 2013),https://nppa.gov.in/en/compendiumofprice,https://nppa.gov.in/storage/uploads/pdf/Compendium-Prices-2022pdf-464b22085495ff4e3f8700c0e00cf45d.pdf,2026-08-04T09:01:12+00:00,statutory ceiling under DPCO 2013
Pegylated interferon alfa 2a,6.4.4.2,Pegylated interferonInjection 80 mcg,Each Pack,13887.68,1499(E),30.03.2022,NPPA Compendium of Prices 2022 (ceiling prices under DPCO 2013),https://nppa.gov.in/en/compendiumofprice,https://nppa.gov.in/storage/uploads/pdf/Compendium-Prices-2022pdf-464b22085495ff4e3f8700c0e00cf45d.pdf,2026-08-04T09:01:12+00:00,statutory ceiling under DPCO 2013
Ribavirin,6.4.4.3,Capsule 200 mg,1 Capsule,92.88,1499(E),30.03.2022,NPPA Compendium of Prices 2022 (ceiling prices under DPCO 2013),https://nppa.gov.in/en/compendiumofprice,https://nppa.gov.in/storage/uploads/pdf/Compendium-Prices-2022pdf-464b22085495ff4e3f8700c0e00cf45d.pdf,2026-08-04T09:01:12+00:00,statutory ceiling under DPCO 2013
Sofosbuvir,6.4.4.4,Tablet 400 mg,1 Tablet,741.12,1499(E),30.03.2022,NPPA Compendium of Prices 2022 (ceiling prices under DPCO 2013),https://nppa.gov.in/en/compendiumofprice,https://nppa.gov.in/storage/uploads/pdf/Compendium-Prices-2022pdf-464b22085495ff4e3f8700c0e00cf45d.pdf,2026-08-04T09:01:12+00:00,statutory ceiling under DPCO 2013
Tenofovir,6.4.4.5,Tablet 300 mg,1 Tablet,52.39,1499(E),30.03.2022,NPPA Compendium of Prices 2022 (ceiling prices under DPCO 2013),https://nppa.gov.in/en/compendiumofprice,https://nppa.gov.in/storage/uploads/pdf/Compendium-Prices-2022pdf-464b22085495ff4e3f8700c0e00cf45d.pdf,2026-08-04T09:01:12+00:00,statutory ceiling under DPCO 2013
Diloxanide furoate,6.5.1.1,Tablet 500 mg,1 Tablet,1.17,1499(E),30.03.2022,NPPA Compendium of Prices 2022 (ceiling prices under DPCO 2013),https://nppa.gov.in/en/compendiumofprice,https://nppa.gov.in/storage/uploads/pdf/Compendium-Prices-2022pdf-464b22085495ff4e3f8700c0e00cf45d.pdf,2026-08-04T09:01:12+00:00,statutory ceiling under DPCO 2013
Metronidazole,6.5.1.2,Injection 500mg/100ml,1 ml,0.22,1499(E),30.03.2022,NPPA Compendium of Prices 2022 (ceiling prices under DPCO 2013),https://nppa.gov.in/en/compendiumofprice,https://nppa.gov.in/storage/uploads/pdf/Compendium-Prices-2022pdf-464b22085495ff4e3f8700c0e00cf45d.pdf,2026-08-04T09:01:12+00:00,statutory ceiling under DPCO 2013
Metronidazole,6.5.1.2,Oral Liquid 200 mg/5ml,1 ml,0.5,1499(E),30.03.2022,NPPA Compendium of Prices 2022 (ceiling prices under DPCO 2013),https://nppa.gov.in/en/compendiumofprice,https://nppa.gov.in/storage/uploads/pdf/Compendium-Prices-2022pdf-464b22085495ff4e3f8700c0e00cf45d.pdf,2026-08-04T09:01:12+00:00,statutory ceiling under DPCO 2013
Metronidazole,6.5.1.2,Tablet 200 mg,1 Tablet,0.76,1499(E),30.03.2022,NPPA Compendium of Prices 2022 (ceiling prices under DPCO 2013),https://nppa.gov.in/en/compendiumofprice,https://nppa.gov.in/storage/uploads/pdf/Compendium-Prices-2022pdf-464b22085495ff4e3f8700c0e00cf45d.pdf,2026-08-04T09:01:12+00:00,statutory ceiling under DPCO 2013
Metronidazole,6.5.1.2,Tablet 400 mg,1 Tablet,1.42,1499(E),30.03.2022,NPPA Compendium of Prices 2022 (ceiling prices under DPCO 2013),https://nppa.gov.in/en/compendiumofprice,https://nppa.gov.in/storage/uploads/pdf/Compendium-Prices-2022pdf-464b22085495ff4e3f8700c0e00cf45d.pdf,2026-08-04T09:01:12+00:00,statutory ceiling under DPCO 2013
Amphotericin B a)   Amphotericin B (conventional),6.5.2.1,Powder for Injection 50 mg,Each Pack,343.91,1499(E),30.03.2022,NPPA Compendium of Prices 2022 (ceiling prices under DPCO 2013),https://nppa.gov.in/en/compendiumofprice,https://nppa.gov.in/storage/uploads/pdf/Compendium-Prices-2022pdf-464b22085495ff4e3f8700c0e00cf45d.pdf,2026-08-04T09:01:12+00:00,statutory ceiling under DPCO 2013
Amphotericin B a)   Amphotericin B (conventional),6.5.2.1,b)   Lipid/ Liposomal Amphotericin B Powder for Injection 50 mg(Lipid),Each Pack,3558.99,1499(E),30.03.2022,NPPA Compendium of Prices 2022 (ceiling prices under DPCO 2013),https://nppa.gov.in/en/compendiumofprice,https://nppa.gov.in/storage/uploads/pdf/Compendium-Prices-2022pdf-464b22085495ff4e3f8700c0e00cf45d.pdf,2026-08-04T09:01:12+00:00,statutory ceiling under DPCO 2013
Amphotericin B a)   Amphotericin B (conventional),6.5.2.1,Powder for Injection 50 mg(Liposomal),Each Pack,8290.0,1499(E),30.03.2022,NPPA Compendium of Prices 2022 (ceiling prices under DPCO 2013),https://nppa.gov.in/en/compendiumofprice,https://nppa.gov.in/storage/uploads/pdf/Compendium-Prices-2022pdf-464b22085495ff4e3f8700c0e00cf45d.pdf,2026-08-04T09:01:12+00:00,statutory ceiling under DPCO 2013
Miltefosine,6.5.2.2,Capsule 10 mg Capsule 50 mg 6.5.2.3 Paromomycin Injection 375 mg/ml 6.5.3.1.1Artemether (A) + Lumefantrine (B) Tablet 20 mg (A) + 120 mg (B),1 Tablet,13.9,1499(E),30.03.2022,NPPA Compendium of Prices 2022 (ceiling prices under DPCO 2013),https://nppa.gov.in/en/compendiumofprice,https://nppa.gov.in/storage/uploads/pdf/Compendium-Prices-2022pdf-464b22085495ff4e3f8700c0e00cf45d.pdf,2026-08-04T09:01:12+00:00,statutory ceiling under DPCO 2013
Miltefosine,6.5.2.2,Tablet 40 mg (A) + 240 mg (B),1 Tablet,17.92,1499(E),30.03.2022,NPPA Compendium of Prices 2022 (ceiling prices under DPCO 2013),https://nppa.gov.in/en/compendiumofprice,https://nppa.gov.in/storage/uploads/pdf/Compendium-Prices-2022pdf-464b22085495ff4e3f8700c0e00cf45d.pdf,2026-08-04T09:01:12+00:00,statutory ceiling under DPCO 2013
Miltefosine,6.5.2.2,Tablet 80 mg (A) + 480 mg (B),1 Tablet,25.72,1499(E),30.03.2022,NPPA Compendium of Prices 2022 (ceiling prices under DPCO 2013),https://nppa.gov.in/en/compendiumofprice,https://nppa.gov.in/storage/uploads/pdf/Compendium-Prices-2022pdf-464b22085495ff4e3f8700c0e00cf45d.pdf,2026-08-04T09:01:12+00:00,statutory ceiling under DPCO 2013
Miltefosine,6.5.2.2,Oral liquid 80 mg (A) + 480 mg (B)/5 ml,1 ml,4.47,1499(E),30.03.2022,NPPA Compendium of Prices 2022 (ceiling prices under DPCO 2013),https://nppa.gov.in/en/compendiumofprice,https://nppa.gov.in/storage/uploads/pdf/Compendium-Prices-2022pdf-464b22085495ff4e3f8700c0e00cf45d.pdf,2026-08-04T09:01:12+00:00,statutory ceiling under DPCO 2013
Miltefosine,6.5.2.2,6.5.3.1.2Artesunate Powder for Injection 60 mg,Each Pack,242.69,1499(E),30.03.2022,NPPA Compendium of Prices 2022 (ceiling prices under DPCO 2013),https://nppa.gov.in/en/compendiumofprice,https://nppa.gov.in/storage/uploads/pdf/Compendium-Prices-2022pdf-464b22085495ff4e3f8700c0e00cf45d.pdf,2026-08-04T09:01:12+00:00,statutory ceiling under DPCO 2013
Miltefosine,6.5.2.2,Powder for Injection 120 mg,Each Pack,462.04,1499(E),30.03.2022,NPPA Compendium of Prices 2022 (ceiling prices under DPCO 2013),https://nppa.gov.in/en/compendiumofprice,https://nppa.gov.in/storage/uploads/pdf/Compendium-Prices-2022pdf-464b22085495ff4e3f8700c0e00cf45d.pdf,2026-08-04T09:01:12+00:00,statutory ceiling under DPCO 2013
Miltefosine,6.5.2.2,1 Tablet 50 mg (A) + 1 Tablet(500 mg + 25 mg) (B) Combi Pack,,23.56,1499(E),30.03.2022,NPPA Compendium of Prices 2022 (ceiling prices under DPCO 2013),https://nppa.gov.in/en/compendiumofprice,https://nppa.gov.in/storage/uploads/pdf/Compendium-Prices-2022pdf-464b22085495ff4e3f8700c0e00cf45d.pdf,2026-08-04T09:01:12+00:00,statutory ceiling under DPCO 2013
Miltefosine,6.5.2.2,1 Tablet 100 mg (A) + 1 Tablet(750 mg + 37.5 mg) (B) Combi pack,,32.75,1499(E),30.03.2022,NPPA Compendium of Prices 2022 (ceiling prices under DPCO 2013),https://nppa.gov.in/en/compendiumofprice,https://nppa.gov.in/storage/uploads/pdf/Compendium-Prices-2022pdf-464b22085495ff4e3f8700c0e00cf45d.pdf,2026-08-04T09:01:12+00:00,statutory ceiling under DPCO 2013
Miltefosine,6.5.2.2,1 Tablet 150 mg (A) + 2 Tablet(500 mg + 25 mg) (B) Combi pack,,44.46,1499(E),30.03.2022,NPPA Compendium of Prices 2022 (ceiling prices under DPCO 2013),https://nppa.gov.in/en/compendiumofprice,https://nppa.gov.in/storage/uploads/pdf/Compendium-Prices-2022pdf-464b22085495ff4e3f8700c0e00cf45d.pdf,2026-08-04T09:01:12+00:00,statutory ceiling under DPCO 2013
Miltefosine,6.5.2.2,1 Tablet 200 mg (A) + 2 Tablet(750 mg + 37.5 mg) (B) Combi pack,,40.54,1499(E),30.03.2022,NPPA Compendium of Prices 2022 (ceiling prices under DPCO 2013),https://nppa.gov.in/en/compendiumofprice,https://nppa.gov.in/storage/uploads/pdf/Compendium-Prices-2022pdf-464b22085495ff4e3f8700c0e00cf45d.pdf,2026-08-04T09:01:12+00:00,statutory ceiling under DPCO 2013
Miltefosine,6.5.2.2,6.5.3.1.4Chloroquine Tablet 150 mg,1 Tablet,1.32,1499(E),30.03.2022,NPPA Compendium of Prices 2022 (ceiling prices under DPCO 2013),https://nppa.gov.in/en/compendiumofprice,https://nppa.gov.in/storage/uploads/pdf/Compendium-Prices-2022pdf-464b22085495ff4e3f8700c0e00cf45d.pdf,2026-08-04T09:01:12+00:00,statutory ceiling under DPCO 2013
Miltefosine,6.5.2.2,Oral liquid 50 mg/5 ml,1 ml,0.33,1499(E),30.03.2022,NPPA Compendium of Prices 2022 (ceiling prices under DPCO 2013),https://nppa.gov.in/en/compendiumofprice,https://nppa.gov.in/storage/uploads/pdf/Compendium-Prices-2022pdf-464b22085495ff4e3f8700c0e00cf45d.pdf,2026-08-04T09:01:12+00:00,statutory ceiling under DPCO 2013
Miltefosine,6.5.2.2,6.5.3.1.5Clindamycin Capsule 150 mg,1 Capsule,16.07,1499(E),30.03.2022,NPPA Compendium of Prices 2022 (ceiling prices under DPCO 2013),https://nppa.gov.in/en/compendiumofprice,https://nppa.gov.in/storage/uploads/pdf/Compendium-Prices-2022pdf-464b22085495ff4e3f8700c0e00cf45d.pdf,2026-08-04T09:01:12+00:00,statutory ceiling under DPCO 2013
Miltefosine,6.5.2.2,Capsule 300 mg,1 Capsule,26.24,1499(E),30.03.2022,NPPA Compendium of Prices 2022 (ceiling prices under DPCO 2013),https://nppa.gov.in/en/compendiumofprice,https://nppa.gov.in/storage/uploads/pdf/Compendium-Prices-2022pdf-464b22085495ff4e3f8700c0e00cf45d.pdf,2026-08-04T09:01:12+00:00,statutory ceiling under DPCO 2013
Miltefosine,6.5.2.2,Tablet 300 mg,1 Tablet,16.93,1499(E),30.03.2022,NPPA Compendium of Prices 2022 (ceiling prices under DPCO 2013),https://nppa.gov.in/en/compendiumofprice,https://nppa.gov.in/storage/uploads/pdf/Compendium-Prices-2022pdf-464b22085495ff4e3f8700c0e00cf45d.pdf,2026-08-04T09:01:12+00:00,statutory ceiling under DPCO 2013
Miltefosine,6.5.2.2,6.5.3.1.6Primaquine Tablet 15 mg,1 Tablet,5.07,1499(E),30.03.2022,NPPA Compendium of Prices 2022 (ceiling prices under DPCO 2013),https://nppa.gov.in/en/compendiumofprice,https://nppa.gov.in/storage/uploads/pdf/Compendium-Prices-2022pdf-464b22085495ff4e3f8700c0e00cf45d.pdf,2026-08-04T09:01:12+00:00,statutory ceiling under DPCO 2013
Miltefosine,6.5.2.2,Tablet 2.5 mg,1 Tablet,1.73,1499(E),30.03.2022,NPPA Compendium of Prices 2022 (ceiling prices under DPCO 2013),https://nppa.gov.in/en/compendiumofprice,https://nppa.gov.in/storage/uploads/pdf/Compendium-Prices-2022pdf-464b22085495ff4e3f8700c0e00cf45d.pdf,2026-08-04T09:01:12+00:00,statutory ceiling under DPCO 2013
Miltefosine,6.5.2.2,Tablet 7.5 mg,1 Tablet,2.35,1499(E),30.03.2022,NPPA Compendium of Prices 2022 (ceiling prices under DPCO 2013),https://nppa.gov.in/en/compendiumofprice,https://nppa.gov.in/storage/uploads/pdf/Compendium-Prices-2022pdf-464b22085495ff4e3f8700c0e00cf45d.pdf,2026-08-04T09:01:12+00:00,statutory ceiling under DPCO 2013
Miltefosine,6.5.2.2,6.5.3.1.7Quinine Tablet 300 mg,1 Tablet,6.36,1499(E),30.03.2022,NPPA Compendium of Prices 2022 (ceiling prices under DPCO 2013),https://nppa.gov.in/en/compendiumofprice,https://nppa.gov.in/storage/uploads/pdf/Compendium-Prices-2022pdf-464b22085495ff4e3f8700c0e00cf45d.pdf,2026-08-04T09:01:12+00:00,statutory ceiling under DPCO 2013
Miltefosine,6.5.2.2,Injection 300 mg/ml,1 ml,11.29,1499(E),30.03.2022,NPPA Compendium of Prices 2022 (ceiling prices under DPCO 2013),https://nppa.gov.in/en/compendiumofprice,https://nppa.gov.in/storage/uploads/pdf/Compendium-Prices-2022pdf-464b22085495ff4e3f8700c0e00cf45d.pdf,2026-08-04T09:01:12+00:00,statutory ceiling under DPCO 2013
Miltefosine,6.5.2.2,6.5.3.2.1Mefloquine Tablet 250 mg,1 Tablet,56.6,1499(E),30.03.2022,NPPA Compendium of Prices 2022 (ceiling prices under DPCO 2013),https://nppa.gov.in/en/compendiumofprice,https://nppa.gov.in/storage/uploads/pdf/Compendium-Prices-2022pdf-464b22085495ff4e3f8700c0e00cf45d.pdf,2026-08-04T09:01:12+00:00,statutory ceiling under DPCO 2013
Miltefosine,6.5.2.2,"*Only for use as chemoprophylaxis for long term travellers like military and travel troops, travelling from low endemic to high endemic area. 6.5.4.1 Co-trimoxazole [Sulphamethoxazol e (A) +Trimethoprim (B)] Tablet 400 mg (A) + 80 mg (B)",1 Tablet,0.86,1499(E),30.03.2022,NPPA Compendium of Prices 2022 (ceiling prices under DPCO 2013),https://nppa.gov.in/en/compendiumofprice,https://nppa.gov.in/storage/uploads/pdf/Compendium-Prices-2022pdf-464b22085495ff4e3f8700c0e00cf45d.pdf,2026-08-04T09:01:12+00:00,statutory ceiling under DPCO 2013
Miltefosine,6.5.2.2,Tablet 800 mg (A) + 160 mg (B),1 Tablet,2.25,1499(E),30.03.2022,NPPA Compendium of Prices 2022 (ceiling prices under DPCO 2013),https://nppa.gov.in/en/compendiumofprice,https://nppa.gov.in/storage/uploads/pdf/Compendium-Prices-2022pdf-464b22085495ff4e3f8700c0e00cf45d.pdf,2026-08-04T09:01:12+00:00,statutory ceiling under DPCO 2013
Miltefosine,6.5.2.2,Oral liquid 200 mg (A) + 40 mg (B)/5 ml,1 ml,0.37,1499(E),30.03.2022,NPPA Compendium of Prices 2022 (ceiling prices under DPCO 2013),https://nppa.gov.in/en/compendiumofprice,https://nppa.gov.in/storage/uploads/pdf/Compendium-Prices-2022pdf-464b22085495ff4e3f8700c0e00cf45d.pdf,2026-08-04T09:01:12+00:00,statutory ceiling under DPCO 2013
Pentamidine,6.5.4.2,Powder for Injection 200 mg 7.1.1 Acetylsalicylic acid Tablet 300 mg to 500 mg Effervescent/ Dispersible/Enteric coated Tablet 300 mg to 500 mg 7.1.2 Paracetamol Oral Liquid 100 mg/5ml,1 ml,0.56,1499(E),30.03.2022,NPPA Compendium of Prices 2022 (ceiling prices under DPCO 2013),https://nppa.gov.in/en/compendiumofprice,https://nppa.gov.in/storage/uploads/pdf/Compendium-Prices-2022pdf-464b22085495ff4e3f8700c0e00cf45d.pdf,2026-08-04T09:01:12+00:00,statutory ceiling under DPCO 2013
Pentamidine,6.5.4.2,Oral Liquid 120 mg/5ml,1 ml,0.59,1499(E),30.03.2022,NPPA Compendium of Prices 2022 (ceiling prices under DPCO 2013),https://nppa.gov.in/en/compendiumofprice,https://nppa.gov.in/storage/uploads/pdf/Compendium-Prices-2022pdf-464b22085495ff4e3f8700c0e00cf45d.pdf,2026-08-04T09:01:12+00:00,statutory ceiling under DPCO 2013
Pentamidine,6.5.4.2,Oral Liquid 125 mg/5ml,1 ml,0.38,1499(E),30.03.2022,NPPA Compendium of Prices 2022 (ceiling prices under DPCO 2013),https://nppa.gov.in/en/compendiumofprice,https://nppa.gov.in/storage/uploads/pdf/Compendium-Prices-2022pdf-464b22085495ff4e3f8700c0e00cf45d.pdf,2026-08-04T09:01:12+00:00,statutory ceiling under DPCO 2013
Pentamidine,6.5.4.2,Oral Liquid 150 mg/5ml,1 ml,0.64,1499(E),30.03.2022,NPPA Compendium of Prices 2022 (ceiling prices under DPCO 2013),https://nppa.gov.in/en/compendiumofprice,https://nppa.gov.in/storage/uploads/pdf/Compendium-Prices-2022pdf-464b22085495ff4e3f8700c0e00cf45d.pdf,2026-08-04T09:01:12+00:00,statutory ceiling under DPCO 2013
Pentamidine,6.5.4.2,Oral Liquid 250 mg/5ml,1 ml,0.66,1499(E),30.03.2022,NPPA Compendium of Prices 2022 (ceiling prices under DPCO 2013),https://nppa.gov.in/en/compendiumofprice,https://nppa.gov.in/storage/uploads/pdf/Compendium-Prices-2022pdf-464b22085495ff4e3f8700c0e00cf45d.pdf,2026-08-04T09:01:12+00:00,statutory ceiling under DPCO 2013
Pentamidine,6.5.4.2,Oral Liquid 500 mg/5ml,1 ml,0.71,1499(E),30.03.2022,NPPA Compendium of Prices 2022 (ceiling prices under DPCO 2013),https://nppa.gov.in/en/compendiumofprice,https://nppa.gov.in/storage/uploads/pdf/Compendium-Prices-2022pdf-464b22085495ff4e3f8700c0e00cf45d.pdf,2026-08-04T09:01:12+00:00,statutory ceiling under DPCO 2013
Pentamidine,6.5.4.2,Oral Liquid 650 mg/5ml,1 ml,0.58,1499(E),30.03.2022,NPPA Compendium of Prices 2022 (ceiling prices under DPCO 2013),https://nppa.gov.in/en/compendiumofprice,https://nppa.gov.in/storage/uploads/pdf/Compendium-Prices-2022pdf-464b22085495ff4e3f8700c0e00cf45d.pdf,2026-08-04T09:01:12+00:00,statutory ceiling under DPCO 2013
Pentamidine,6.5.4.2,Tablet 500 mg,1 Tablet,1.01,1499(E),30.03.2022,NPPA Compendium of Prices 2022 (ceiling prices under DPCO 2013),https://nppa.gov.in/en/compendiumofprice,https://nppa.gov.in/storage/uploads/pdf/Compendium-Prices-2022pdf-464b22085495ff4e3f8700c0e00cf45d.pdf,2026-08-04T09:01:12+00:00,statutory ceiling under DPCO 2013
Pentamidine,6.5.4.2,Tablet 650 mg,1 Tablet,2.04,1499(E),30.03.2022,NPPA Compendium of Prices 2022 (ceiling prices under DPCO 2013),https://nppa.gov.in/en/compendiumofprice,https://nppa.gov.in/storage/uploads/pdf/Compendium-Prices-2022pdf-464b22085495ff4e3f8700c0e00cf45d.pdf,2026-08-04T09:01:12+00:00,statutory ceiling under DPCO 2013
Pentamidine,6.5.4.2,Injection 150 mg/ml,Each Pack (1 ml),4.66,1499(E),30.03.2022,NPPA Compendium of Prices 2022 (ceiling prices under DPCO 2013),https://nppa.gov.in/en/compendiumofprice,https://nppa.gov.in/storage/uploads/pdf/Compendium-Prices-2022pdf-464b22085495ff4e3f8700c0e00cf45d.pdf,2026-08-04T09:01:12+00:00,statutory ceiling under DPCO 2013
Pentamidine,6.5.4.2,Injection 150 mg/ml,Each Pack (2 ml),7.16,1499(E),30.03.2022,NPPA Compendium of Prices 2022 (ceiling prices under DPCO 2013),https://nppa.gov.in/en/compendiumofprice,https://nppa.gov.in/storage/uploads/pdf/Compendium-Prices-2022pdf-464b22085495ff4e3f8700c0e00cf45d.pdf,2026-08-04T09:01:12+00:00,statutory ceiling under DPCO 2013
Pentamidine,6.5.4.2,Injection 150 mg/ml,Each Pack (3 ml),9.67,1499(E),30.03.2022,NPPA Compendium of Prices 2022 (ceiling prices under DPCO 2013),https://nppa.gov.in/en/compendiumofprice,https://nppa.gov.in/storage/uploads/pdf/Compendium-Prices-2022pdf-464b22085495ff4e3f8700c0e00cf45d.pdf,2026-08-04T09:01:12+00:00,statutory ceiling under DPCO 2013
Pentamidine,6.5.4.2,Injection 150 mg/ml,Each Pack (4 ml),12.17,1499(E),30.03.2022,NPPA Compendium of Prices 2022 (ceiling prices under DPCO 2013),https://nppa.gov.in/en/compendiumofprice,https://nppa.gov.in/storage/uploads/pdf/Compendium-Prices-2022pdf-464b22085495ff4e3f8700c0e00cf45d.pdf,2026-08-04T09:01:12+00:00,statutory ceiling under DPCO 2013
Pentamidine,6.5.4.2,Injection 150 mg/ml,Each Pack (5 ml),14.68,1499(E),30.03.2022,NPPA Compendium of Prices 2022 (ceiling prices under DPCO 2013),https://nppa.gov.in/en/compendiumofprice,https://nppa.gov.in/storage/uploads/pdf/Compendium-Prices-2022pdf-464b22085495ff4e3f8700c0e00cf45d.pdf,2026-08-04T09:01:12+00:00,statutory ceiling under DPCO 2013
Pentamidine,6.5.4.2,Injection 150 mg/ml,Each Pack (7 ml),19.68,1499(E),30.03.2022,NPPA Compendium of Prices 2022 (ceiling prices under DPCO 2013),https://nppa.gov.in/en/compendiumofprice,https://nppa.gov.in/storage/uploads/pdf/Compendium-Prices-2022pdf-464b22085495ff4e3f8700c0e00cf45d.pdf,2026-08-04T09:01:12+00:00,statutory ceiling under DPCO 2013
Pentamidine,6.5.4.2,Suppository 170 mg Each Suppository,,8.54,1499(E),30.03.2022,NPPA Compendium of Prices 2022 (ceiling prices under DPCO 2013),https://nppa.gov.in/en/compendiumofprice,https://nppa.gov.in/storage/uploads/pdf/Compendium-Prices-2022pdf-464b22085495ff4e3f8700c0e00cf45d.pdf,2026-08-04T09:01:12+00:00,statutory ceiling under DPCO 2013
Pentamidine,6.5.4.2,Suppository 80 mg Each Suppository,,7.22,1499(E),30.03.2022,NPPA Compendium of Prices 2022 (ceiling prices under DPCO 2013),https://nppa.gov.in/en/compendiumofprice,https://nppa.gov.in/storage/uploads/pdf/Compendium-Prices-2022pdf-464b22085495ff4e3f8700c0e00cf45d.pdf,2026-08-04T09:01:12+00:00,statutory ceiling under DPCO 2013
Sumatriptan,7.1.3,Tablet 25mg,1 Tablet,36.96,1499(E),30.03.2022,NPPA Compendium of Prices 2022 (ceiling prices under DPCO 2013),https://nppa.gov.in/en/compendiumofprice,https://nppa.gov.in/storage/uploads/pdf/Compendium-Prices-2022pdf-464b22085495ff4e3f8700c0e00cf45d.pdf,2026-08-04T09:01:12+00:00,statutory ceiling under DPCO 2013
Sumatriptan,7.1.3,Tablet 50mg,1 Tablet,57.22,1499(E),30.03.2022,NPPA Compendium of Prices 2022 (ceiling prices under DPCO 2013),https://nppa.gov.in/en/compendiumofprice,https://nppa.gov.in/storage/uploads/pdf/Compendium-Prices-2022pdf-464b22085495ff4e3f8700c0e00cf45d.pdf,2026-08-04T09:01:12+00:00,statutory ceiling under DPCO 2013
Sumatriptan,7.1.3,Injection 6 mg/ 0.5 ml 7.2.1 Flunarizine Tablet 5 mg,1 Tablet,3.06,1499(E),30.03.2022,NPPA Compendium of Prices 2022 (ceiling prices under DPCO 2013),https://nppa.gov.in/en/compendiumofprice,https://nppa.gov.in/storage/uploads/pdf/Compendium-Prices-2022pdf-464b22085495ff4e3f8700c0e00cf45d.pdf,2026-08-04T09:01:12+00:00,statutory ceiling under DPCO 2013
Sumatriptan,7.1.3,Tablet 10 mg,1 Tablet,5.26,1499(E),30.03.2022,NPPA Compendium of Prices 2022 (ceiling prices under DPCO 2013),https://nppa.gov.in/en/compendiumofprice,https://nppa.gov.in/storage/uploads/pdf/Compendium-Prices-2022pdf-464b22085495ff4e3f8700c0e00cf45d.pdf,2026-08-04T09:01:12+00:00,statutory ceiling under DPCO 2013
Propranolol,7.2.2,Capsule 40 mg,1 Capsule,4.22,1499(E),30.03.2022,NPPA Compendium of Prices 2022 (ceiling prices under DPCO 2013),https://nppa.gov.in/en/compendiumofprice,https://nppa.gov.in/storage/uploads/pdf/Compendium-Prices-2022pdf-464b22085495ff4e3f8700c0e00cf45d.pdf,2026-08-04T09:01:12+00:00,statutory ceiling under DPCO 2013
Propranolol,7.2.2,Capsule 80 mg,1 Capsule,6.41,1499(E),30.03.2022,NPPA Compendium of Prices 2022 (ceiling prices under DPCO 2013),https://nppa.gov.in/en/compendiumofprice,https://nppa.gov.in/storage/uploads/pdf/Compendium-Prices-2022pdf-464b22085495ff4e3f8700c0e00cf45d.pdf,2026-08-04T09:01:12+00:00,statutory ceiling under DPCO 2013
Propranolol,7.2.2,Tablet 10 mg,1 Tablet,1.3,1499(E),30.03.2022,NPPA Compendium of Prices 2022 (ceiling prices under DPCO 2013),https://nppa.gov.in/en/compendiumofprice,https://nppa.gov.in/storage/uploads/pdf/Compendium-Prices-2022pdf-464b22085495ff4e3f8700c0e00cf45d.pdf,2026-08-04T09:01:12+00:00,statutory ceiling under DPCO 2013
Propranolol,7.2.2,Tablet 40 mg,1 Tablet,3.06,1499(E),30.03.2022,NPPA Compendium of Prices 2022 (ceiling prices under DPCO 2013),https://nppa.gov.in/en/compendiumofprice,https://nppa.gov.in/storage/uploads/pdf/Compendium-Prices-2022pdf-464b22085495ff4e3f8700c0e00cf45d.pdf,2026-08-04T09:01:12+00:00,statutory ceiling under DPCO 2013
Propranolol,7.2.2,Tablet 80 mg,1 Tablet,5.55,1499(E),30.03.2022,NPPA Compendium of Prices 2022 (ceiling prices under DPCO 2013),https://nppa.gov.in/en/compendiumofprice,https://nppa.gov.in/storage/uploads/pdf/Compendium-Prices-2022pdf-464b22085495ff4e3f8700c0e00cf45d.pdf,2026-08-04T09:01:12+00:00,statutory ceiling under DPCO 2013
5-Fluorouracil,8.1.1,Injection 250 mg/5 ml,1 ml,2.59,1499(E),30.03.2022,NPPA Compendium of Prices 2022 (ceiling prices under DPCO 2013),https://nppa.gov.in/en/compendiumofprice,https://nppa.gov.in/storage/uploads/pdf/Compendium-Prices-2022pdf-464b22085495ff4e3f8700c0e00cf45d.pdf,2026-08-04T09:01:12+00:00,statutory ceiling under DPCO 2013
6-Mercaptopurine,8.1.2,Tablet 50mg,1 Tablet,7.17,1499(E),30.03.2022,NPPA Compendium of Prices 2022 (ceiling prices under DPCO 2013),https://nppa.gov.in/en/compendiumofprice,https://nppa.gov.in/storage/uploads/pdf/Compendium-Prices-2022pdf-464b22085495ff4e3f8700c0e00cf45d.pdf,2026-08-04T09:01:12+00:00,statutory ceiling under DPCO 2013
Actinomycin D,8.1.3,Powder for Injection 0.5 mg,Each Pack,352.13,1499(E),30.03.2022,NPPA Compendium of Prices 2022 (ceiling prices under DPCO 2013),https://nppa.gov.in/en/compendiumofprice,https://nppa.gov.in/storage/uploads/pdf/Compendium-Prices-2022pdf-464b22085495ff4e3f8700c0e00cf45d.pdf,2026-08-04T09:01:12+00:00,statutory ceiling under DPCO 2013
All-trans retinoic acid,8.1.4,Capsule 10 mg,1 Capsule,90.83,1499(E),30.03.2022,NPPA Compendium of Prices 2022 (ceiling prices under DPCO 2013),https://nppa.gov.in/en/compendiumofprice,https://nppa.gov.in/storage/uploads/pdf/Compendium-Prices-2022pdf-464b22085495ff4e3f8700c0e00cf45d.pdf,2026-08-04T09:01:12+00:00,statutory ceiling under DPCO 2013
Arsenic trioxide,8.1.5,Injection 1mg/ml,1 ml,60.29,1499(E),30.03.2022,NPPA Compendium of Prices 2022 (ceiling prices under DPCO 2013),https://nppa.gov.in/en/compendiumofprice,https://nppa.gov.in/storage/uploads/pdf/Compendium-Prices-2022pdf-464b22085495ff4e3f8700c0e00cf45d.pdf,2026-08-04T09:01:12+00:00,statutory ceiling under DPCO 2013
Bleomycin,8.1.6,Powder for Injection 15 units,Each Pack,689.25,1499(E),30.03.2022,NPPA Compendium of Prices 2022 (ceiling prices under DPCO 2013),https://nppa.gov.in/en/compendiumofprice,https://nppa.gov.in/storage/uploads/pdf/Compendium-Prices-2022pdf-464b22085495ff4e3f8700c0e00cf45d.pdf,2026-08-04T09:01:12+00:00,statutory ceiling under DPCO 2013
Bortezomib,8.1.7,Powder for Injection 2mg,Each Pack,13656.22,1499(E),30.03.2022,NPPA Compendium of Prices 2022 (ceiling prices under DPCO 2013),https://nppa.gov.in/en/compendiumofprice,https://nppa.gov.in/storage/uploads/pdf/Compendium-Prices-2022pdf-464b22085495ff4e3f8700c0e00cf45d.pdf,2026-08-04T09:01:12+00:00,statutory ceiling under DPCO 2013
Calcium folinate,8.1.8,Tablet 15 mg,1 Tablet,45.29,1499(E),30.03.2022,NPPA Compendium of Prices 2022 (ceiling prices under DPCO 2013),https://nppa.gov.in/en/compendiumofprice,https://nppa.gov.in/storage/uploads/pdf/Compendium-Prices-2022pdf-464b22085495ff4e3f8700c0e00cf45d.pdf,2026-08-04T09:01:12+00:00,statutory ceiling under DPCO 2013
Calcium folinate,8.1.8,Injection 3 mg/ml 8.1.9 Capecitabine Tablet 500 mg,1 Tablet,140.33,1499(E),30.03.2022,NPPA Compendium of Prices 2022 (ceiling prices under DPCO 2013),https://nppa.gov.in/en/compendiumofprice,https://nppa.gov.in/storage/uploads/pdf/Compendium-Prices-2022pdf-464b22085495ff4e3f8700c0e00cf45d.pdf,2026-08-04T09:01:12+00:00,statutory ceiling under DPCO 2013
Carboplatin,8.1.10,Injection 10 mg/ml,1 ml,59.08,1499(E),30.03.2022,NPPA Compendium of Prices 2022 (ceiling prices under DPCO 2013),https://nppa.gov.in/en/compendiumofprice,https://nppa.gov.in/storage/uploads/pdf/Compendium-Prices-2022pdf-464b22085495ff4e3f8700c0e00cf45d.pdf,2026-08-04T09:01:12+00:00,statutory ceiling under DPCO 2013
Chlorambucil,8.1.11,Tablet 2 mg,1 Tablet,40.98,1499(E),30.03.2022,NPPA Compendium of Prices 2022 (ceiling prices under DPCO 2013),https://nppa.gov.in/en/compendiumofprice,https://nppa.gov.in/storage/uploads/pdf/Compendium-Prices-2022pdf-464b22085495ff4e3f8700c0e00cf45d.pdf,2026-08-04T09:01:12+00:00,statutory ceiling under DPCO 2013
Chlorambucil,8.1.11,Tablet 5 mg,1 Tablet,92.09,1499(E),30.03.2022,NPPA Compendium of Prices 2022 (ceiling prices under DPCO 2013),https://nppa.gov.in/en/compendiumofprice,https://nppa.gov.in/storage/uploads/pdf/Compendium-Prices-2022pdf-464b22085495ff4e3f8700c0e00cf45d.pdf,2026-08-04T09:01:12+00:00,statutory ceiling under DPCO 2013
Cisplatin,8.1.12,Injection 1mg/ml,1 ml,7.65,1499(E),30.03.2022,NPPA Compendium of Prices 2022 (ceiling prices under DPCO 2013),https://nppa.gov.in/en/compendiumofprice,https://nppa.gov.in/storage/uploads/pdf/Compendium-Prices-2022pdf-464b22085495ff4e3f8700c0e00cf45d.pdf,2026-08-04T09:01:12+00:00,statutory ceiling under DPCO 2013
Cyclophosphamide,8.1.13,Tablet 50 mg,1 Tablet,4.5,1499(E),30.03.2022,NPPA Compendium of Prices 2022 (ceiling prices under DPCO 2013),https://nppa.gov.in/en/compendiumofprice,https://nppa.gov.in/storage/uploads/pdf/Compendium-Prices-2022pdf-464b22085495ff4e3f8700c0e00cf45d.pdf,2026-08-04T09:01:12+00:00,statutory ceiling under DPCO 2013
Cyclophosphamide,8.1.13,Tablet 200 mg Powder for Injection 500 mg,Each Pack,88.62,1499(E),30.03.2022,NPPA Compendium of Prices 2022 (ceiling prices under DPCO 2013),https://nppa.gov.in/en/compendiumofprice,https://nppa.gov.in/storage/uploads/pdf/Compendium-Prices-2022pdf-464b22085495ff4e3f8700c0e00cf45d.pdf,2026-08-04T09:01:12+00:00,statutory ceiling under DPCO 2013
Cytosine arabinoside,8.1.14,Injection 100 mg/ml,Each Pack,220.59,1499(E),30.03.2022,NPPA Compendium of Prices 2022 (ceiling prices under DPCO 2013),https://nppa.gov.in/en/compendiumofprice,https://nppa.gov.in/storage/uploads/pdf/Compendium-Prices-2022pdf-464b22085495ff4e3f8700c0e00cf45d.pdf,2026-08-04T09:01:12+00:00,statutory ceiling under DPCO 2013
Cytosine arabinoside,8.1.14,Powder for Injection 1000 mg,Each Pack,1189.78,1499(E),30.03.2022,NPPA Compendium of Prices 2022 (ceiling prices under DPCO 2013),https://nppa.gov.in/en/compendiumofprice,https://nppa.gov.in/storage/uploads/pdf/Compendium-Prices-2022pdf-464b22085495ff4e3f8700c0e00cf45d.pdf,2026-08-04T09:01:12+00:00,statutory ceiling under DPCO 2013
Cytosine arabinoside,8.1.14,Powder for Injection 500 mg,Each Pack,568.66,1499(E),30.03.2022,NPPA Compendium of Prices 2022 (ceiling prices under DPCO 2013),https://nppa.gov.in/en/compendiumofprice,https://nppa.gov.in/storage/uploads/pdf/Compendium-Prices-2022pdf-464b22085495ff4e3f8700c0e00cf45d.pdf,2026-08-04T09:01:12+00:00,statutory ceiling under DPCO 2013
Dacarbazine,8.1.15,Powder for Injection 200 mg,Each Pack,487.79,1499(E),30.03.2022,NPPA Compendium of Prices 2022 (ceiling prices under DPCO 2013),https://nppa.gov.in/en/compendiumofprice,https://nppa.gov.in/storage/uploads/pdf/Compendium-Prices-2022pdf-464b22085495ff4e3f8700c0e00cf45d.pdf,2026-08-04T09:01:12+00:00,statutory ceiling under DPCO 2013
Dacarbazine,8.1.15,Powder for Injection 500 mg,Each Pack,1100.41,1499(E),30.03.2022,NPPA Compendium of Prices 2022 (ceiling prices under DPCO 2013),https://nppa.gov.in/en/compendiumofprice,https://nppa.gov.in/storage/uploads/pdf/Compendium-Prices-2022pdf-464b22085495ff4e3f8700c0e00cf45d.pdf,2026-08-04T09:01:12+00:00,statutory ceiling under DPCO 2013
Daunorubicin,8.1.16,Injection 5 mg/ml Powder for I.V. Injection 20 mg (5 mg/ml),Each pack,270.01,1499(E),30.03.2022,NPPA Compendium of Prices 2022 (ceiling prices under DPCO 2013),https://nppa.gov.in/en/compendiumofprice,https://nppa.gov.in/storage/uploads/pdf/Compendium-Prices-2022pdf-464b22085495ff4e3f8700c0e00cf45d.pdf,2026-08-04T09:01:12+00:00,statutory ceiling under DPCO 2013
Docetaxel,8.1.17,Powder for Injection 20 mg,Each Pack,3323.65,1499(E),30.03.2022,NPPA Compendium of Prices 2022 (ceiling prices under DPCO 2013),https://nppa.gov.in/en/compendiumofprice,https://nppa.gov.in/storage/uploads/pdf/Compendium-Prices-2022pdf-464b22085495ff4e3f8700c0e00cf45d.pdf,2026-08-04T09:01:12+00:00,statutory ceiling under DPCO 2013
Docetaxel,8.1.17,Powder for Injection 80 mg,Each Pack,12636.74,1499(E),30.03.2022,NPPA Compendium of Prices 2022 (ceiling prices under DPCO 2013),https://nppa.gov.in/en/compendiumofprice,https://nppa.gov.in/storage/uploads/pdf/Compendium-Prices-2022pdf-464b22085495ff4e3f8700c0e00cf45d.pdf,2026-08-04T09:01:12+00:00,statutory ceiling under DPCO 2013
Etoposide,8.1.19,Capsule 50 mg,1 Capsule,60.37,1499(E),30.03.2022,NPPA Compendium of Prices 2022 (ceiling prices under DPCO 2013),https://nppa.gov.in/en/compendiumofprice,https://nppa.gov.in/storage/uploads/pdf/Compendium-Prices-2022pdf-464b22085495ff4e3f8700c0e00cf45d.pdf,2026-08-04T09:01:12+00:00,statutory ceiling under DPCO 2013
Etoposide,8.1.19,Capsule 100 mg Injection 20 mg/ml,1 ml,39.81,1499(E),30.03.2022,NPPA Compendium of Prices 2022 (ceiling prices under DPCO 2013),https://nppa.gov.in/en/compendiumofprice,https://nppa.gov.in/storage/uploads/pdf/Compendium-Prices-2022pdf-464b22085495ff4e3f8700c0e00cf45d.pdf,2026-08-04T09:01:12+00:00,statutory ceiling under DPCO 2013
Gefitinib,8.1.20,Tablet 250 mg,1 Tablet,475.9,1499(E),30.03.2022,NPPA Compendium of Prices 2022 (ceiling prices under DPCO 2013),https://nppa.gov.in/en/compendiumofprice,https://nppa.gov.in/storage/uploads/pdf/Compendium-Prices-2022pdf-464b22085495ff4e3f8700c0e00cf45d.pdf,2026-08-04T09:01:12+00:00,statutory ceiling under DPCO 2013
Gemcitabine,8.1.21,Powder for Injection 1 gm,Each Pack,5890.65,1499(E),30.03.2022,NPPA Compendium of Prices 2022 (ceiling prices under DPCO 2013),https://nppa.gov.in/en/compendiumofprice,https://nppa.gov.in/storage/uploads/pdf/Compendium-Prices-2022pdf-464b22085495ff4e3f8700c0e00cf45d.pdf,2026-08-04T09:01:12+00:00,statutory ceiling under DPCO 2013
Gemcitabine,8.1.21,Powder for Injection 200mg,Each Pack,1300.95,1499(E),30.03.2022,NPPA Compendium of Prices 2022 (ceiling prices under DPCO 2013),https://nppa.gov.in/en/compendiumofprice,https://nppa.gov.in/storage/uploads/pdf/Compendium-Prices-2022pdf-464b22085495ff4e3f8700c0e00cf45d.pdf,2026-08-04T09:01:12+00:00,statutory ceiling under DPCO 2013
Ifosfamide,8.1.22,Powder for Injection 1g,Each Pack,401.77,1499(E),30.03.2022,NPPA Compendium of Prices 2022 (ceiling prices under DPCO 2013),https://nppa.gov.in/en/compendiumofprice,https://nppa.gov.in/storage/uploads/pdf/Compendium-Prices-2022pdf-464b22085495ff4e3f8700c0e00cf45d.pdf,2026-08-04T09:01:12+00:00,statutory ceiling under DPCO 2013
Ifosfamide,8.1.22,Powder for Injection 2g,Each Pack,1054.59,1499(E),30.03.2022,NPPA Compendium of Prices 2022 (ceiling prices under DPCO 2013),https://nppa.gov.in/en/compendiumofprice,https://nppa.gov.in/storage/uploads/pdf/Compendium-Prices-2022pdf-464b22085495ff4e3f8700c0e00cf45d.pdf,2026-08-04T09:01:12+00:00,statutory ceiling under DPCO 2013
Imatinib,8.1.23,Capsule 100 mg,1 Capsule,86.2,1499(E),30.03.2022,NPPA Compendium of Prices 2022 (ceiling prices under DPCO 2013),https://nppa.gov.in/en/compendiumofprice,https://nppa.gov.in/storage/uploads/pdf/Compendium-Prices-2022pdf-464b22085495ff4e3f8700c0e00cf45d.pdf,2026-08-04T09:01:12+00:00,statutory ceiling under DPCO 2013
Imatinib,8.1.23,Capsule 400 mg,1 Capsule,283.61,1499(E),30.03.2022,NPPA Compendium of Prices 2022 (ceiling prices under DPCO 2013),https://nppa.gov.in/en/compendiumofprice,https://nppa.gov.in/storage/uploads/pdf/Compendium-Prices-2022pdf-464b22085495ff4e3f8700c0e00cf45d.pdf,2026-08-04T09:01:12+00:00,statutory ceiling under DPCO 2013
Imatinib,8.1.23,Tablet 100 mg,1 Tablet,88.18,1499(E),30.03.2022,NPPA Compendium of Prices 2022 (ceiling prices under DPCO 2013),https://nppa.gov.in/en/compendiumofprice,https://nppa.gov.in/storage/uploads/pdf/Compendium-Prices-2022pdf-464b22085495ff4e3f8700c0e00cf45d.pdf,2026-08-04T09:01:12+00:00,statutory ceiling under DPCO 2013
Imatinib,8.1.23,Tablet 400 mg,1 Tablet,255.28,1499(E),30.03.2022,NPPA Compendium of Prices 2022 (ceiling prices under DPCO 2013),https://nppa.gov.in/en/compendiumofprice,https://nppa.gov.in/storage/uploads/pdf/Compendium-Prices-2022pdf-464b22085495ff4e3f8700c0e00cf45d.pdf,2026-08-04T09:01:12+00:00,statutory ceiling under DPCO 2013
L-Asparaginase,8.1.24,Powder for Injection 10000 KU,Each Pack,1782.47,1499(E),30.03.2022,NPPA Compendium of Prices 2022 (ceiling prices under DPCO 2013),https://nppa.gov.in/en/compendiumofprice,https://nppa.gov.in/storage/uploads/pdf/Compendium-Prices-2022pdf-464b22085495ff4e3f8700c0e00cf45d.pdf,2026-08-04T09:01:12+00:00,statutory ceiling under DPCO 2013
L-Asparaginase,8.1.24,Powder for Injection 5000KU,Each Pack,1150.56,1499(E),30.03.2022,NPPA Compendium of Prices 2022 (ceiling prices under DPCO 2013),https://nppa.gov.in/en/compendiumofprice,https://nppa.gov.in/storage/uploads/pdf/Compendium-Prices-2022pdf-464b22085495ff4e3f8700c0e00cf45d.pdf,2026-08-04T09:01:12+00:00,statutory ceiling under DPCO 2013
Melphalan,8.1.25,Tablet 2 mg,1 Tablet,108.93,1499(E),30.03.2022,NPPA Compendium of Prices 2022 (ceiling prices under DPCO 2013),https://nppa.gov.in/en/compendiumofprice,https://nppa.gov.in/storage/uploads/pdf/Compendium-Prices-2022pdf-464b22085495ff4e3f8700c0e00cf45d.pdf,2026-08-04T09:01:12+00:00,statutory ceiling under DPCO 2013
Melphalan,8.1.25,Tablet 5 mg,1 Tablet,186.83,1499(E),30.03.2022,NPPA Compendium of Prices 2022 (ceiling prices under DPCO 2013),https://nppa.gov.in/en/compendiumofprice,https://nppa.gov.in/storage/uploads/pdf/Compendium-Prices-2022pdf-464b22085495ff4e3f8700c0e00cf45d.pdf,2026-08-04T09:01:12+00:00,statutory ceiling under DPCO 2013
Mesna,8.1.26,Injection 100 mg/ml,1 ml,18.62,1499(E),30.03.2022,NPPA Compendium of Prices 2022 (ceiling prices under DPCO 2013),https://nppa.gov.in/en/compendiumofprice,https://nppa.gov.in/storage/uploads/pdf/Compendium-Prices-2022pdf-464b22085495ff4e3f8700c0e00cf45d.pdf,2026-08-04T09:01:12+00:00,statutory ceiling under DPCO 2013
Mesna,8.1.26,Tablet 2.5 mg 8.1.27 Methotrexate Injection 25 mg/ml,1 ml,53.41,1499(E),30.03.2022,NPPA Compendium of Prices 2022 (ceiling prices under DPCO 2013),https://nppa.gov.in/en/compendiumofprice,https://nppa.gov.in/storage/uploads/pdf/Compendium-Prices-2022pdf-464b22085495ff4e3f8700c0e00cf45d.pdf,2026-08-04T09:01:12+00:00,statutory ceiling under DPCO 2013
Mesna,8.1.26,Injection 50 mg/ml,1 ml,44.47,1499(E),30.03.2022,NPPA Compendium of Prices 2022 (ceiling prices under DPCO 2013),https://nppa.gov.in/en/compendiumofprice,https://nppa.gov.in/storage/uploads/pdf/Compendium-Prices-2022pdf-464b22085495ff4e3f8700c0e00cf45d.pdf,2026-08-04T09:01:12+00:00,statutory ceiling under DPCO 2013
Mesna,8.1.26,Tablet 10 mg,1 Tablet,13.48,1499(E),30.03.2022,NPPA Compendium of Prices 2022 (ceiling prices under DPCO 2013),https://nppa.gov.in/en/compendiumofprice,https://nppa.gov.in/storage/uploads/pdf/Compendium-Prices-2022pdf-464b22085495ff4e3f8700c0e00cf45d.pdf,2026-08-04T09:01:12+00:00,statutory ceiling under DPCO 2013
Mesna,8.1.26,Tablet 2.5 mg,1 Tablet,5.32,1499(E),30.03.2022,NPPA Compendium of Prices 2022 (ceiling prices under DPCO 2013),https://nppa.gov.in/en/compendiumofprice,https://nppa.gov.in/storage/uploads/pdf/Compendium-Prices-2022pdf-464b22085495ff4e3f8700c0e00cf45d.pdf,2026-08-04T09:01:12+00:00,statutory ceiling under DPCO 2013
Mesna,8.1.26,Tablet 7.5 mg,1 Tablet,12.86,1499(E),30.03.2022,NPPA Compendium of Prices 2022 (ceiling prices under DPCO 2013),https://nppa.gov.in/en/compendiumofprice,https://nppa.gov.in/storage/uploads/pdf/Compendium-Prices-2022pdf-464b22085495ff4e3f8700c0e00cf45d.pdf,2026-08-04T09:01:12+00:00,statutory ceiling under DPCO 2013
Mesna,8.1.26,Tablet 5 mg,1 Tablet,9.29,1499(E),30.03.2022,NPPA Compendium of Prices 2022 (ceiling prices under DPCO 2013),https://nppa.gov.in/en/compendiumofprice,https://nppa.gov.in/storage/uploads/pdf/Compendium-Prices-2022pdf-464b22085495ff4e3f8700c0e00cf45d.pdf,2026-08-04T09:01:12+00:00,statutory ceiling under DPCO 2013
Oxaliplatin,8.1.28,Injection 100mg(as licensed),Each Pack,4962.1,1499(E),30.03.2022,NPPA Compendium of Prices 2022 (ceiling prices under DPCO 2013),https://nppa.gov.in/en/compendiumofprice,https://nppa.gov.in/storage/uploads/pdf/Compendium-Prices-2022pdf-464b22085495ff4e3f8700c0e00cf45d.pdf,2026-08-04T09:01:12+00:00,statutory ceiling under DPCO 2013
Oxaliplatin,8.1.28,Injection 50mg(as licensed),Each Pack,2885.84,1499(E),30.03.2022,NPPA Compendium of Prices 2022 (ceiling prices under DPCO 2013),https://nppa.gov.in/en/compendiumofprice,https://nppa.gov.in/storage/uploads/pdf/Compendium-Prices-2022pdf-464b22085495ff4e3f8700c0e00cf45d.pdf,2026-08-04T09:01:12+00:00,statutory ceiling under DPCO 2013
Paclitaxel,8.1.29,Injection 100 mg/16.7 ml,1 ml,228.33,1499(E),30.03.2022,NPPA Compendium of Prices 2022 (ceiling prices under DPCO 2013),https://nppa.gov.in/en/compendiumofprice,https://nppa.gov.in/storage/uploads/pdf/Compendium-Prices-2022pdf-464b22085495ff4e3f8700c0e00cf45d.pdf,2026-08-04T09:01:12+00:00,statutory ceiling under DPCO 2013
Paclitaxel,8.1.29,Injection 30 mg/ 5ml,1 ml,228.33,1499(E),30.03.2022,NPPA Compendium of Prices 2022 (ceiling prices under DPCO 2013),https://nppa.gov.in/en/compendiumofprice,https://nppa.gov.in/storage/uploads/pdf/Compendium-Prices-2022pdf-464b22085495ff4e3f8700c0e00cf45d.pdf,2026-08-04T09:01:12+00:00,statutory ceiling under DPCO 2013
Procarbazine,8.1.30,Capsule 50 mg,1 Capsule,38.38,1499(E),30.03.2022,NPPA Compendium of Prices 2022 (ceiling prices under DPCO 2013),https://nppa.gov.in/en/compendiumofprice,https://nppa.gov.in/storage/uploads/pdf/Compendium-Prices-2022pdf-464b22085495ff4e3f8700c0e00cf45d.pdf,2026-08-04T09:01:12+00:00,statutory ceiling under DPCO 2013
Procarbazine,8.1.30,Tablet 50 mg,1 Tablet,52.3,1499(E),30.03.2022,NPPA Compendium of Prices 2022 (ceiling prices under DPCO 2013),https://nppa.gov.in/en/compendiumofprice,https://nppa.gov.in/storage/uploads/pdf/Compendium-Prices-2022pdf-464b22085495ff4e3f8700c0e00cf45d.pdf,2026-08-04T09:01:12+00:00,statutory ceiling under DPCO 2013
Rituximab,8.1.31,Injection 10 mg/ml,1 ml,842.18,1499(E),30.03.2022,NPPA Compendium of Prices 2022 (ceiling prices under DPCO 2013),https://nppa.gov.in/en/compendiumofprice,https://nppa.gov.in/storage/uploads/pdf/Compendium-Prices-2022pdf-464b22085495ff4e3f8700c0e00cf45d.pdf,2026-08-04T09:01:12+00:00,statutory ceiling under DPCO 2013
Temozolomide,8.1.32,Capsule 100 mg,1 Capsule,2313.54,1499(E),30.03.2022,NPPA Compendium of Prices 2022 (ceiling prices under DPCO 2013),https://nppa.gov.in/en/compendiumofprice,https://nppa.gov.in/storage/uploads/pdf/Compendium-Prices-2022pdf-464b22085495ff4e3f8700c0e00cf45d.pdf,2026-08-04T09:01:12+00:00,statutory ceiling under DPCO 2013
Temozolomide,8.1.32,Capsule 20 mg,1 Capsule,662.24,1499(E),30.03.2022,NPPA Compendium of Prices 2022 (ceiling prices under DPCO 2013),https://nppa.gov.in/en/compendiumofprice,https://nppa.gov.in/storage/uploads/pdf/Compendium-Prices-2022pdf-464b22085495ff4e3f8700c0e00cf45d.pdf,2026-08-04T09:01:12+00:00,statutory ceiling under DPCO 2013
Temozolomide,8.1.32,Capsule 250 mg,1 Capsule,5203.58,1499(E),30.03.2022,NPPA Compendium of Prices 2022 (ceiling prices under DPCO 2013),https://nppa.gov.in/en/compendiumofprice,https://nppa.gov.in/storage/uploads/pdf/Compendium-Prices-2022pdf-464b22085495ff4e3f8700c0e00cf45d.pdf,2026-08-04T09:01:12+00:00,statutory ceiling under DPCO 2013
Temozolomide,8.1.32,Tablet 100 mg,1 Tablet,1717.31,1499(E),30.03.2022,NPPA Compendium of Prices 2022 (ceiling prices under DPCO 2013),https://nppa.gov.in/en/compendiumofprice,https://nppa.gov.in/storage/uploads/pdf/Compendium-Prices-2022pdf-464b22085495ff4e3f8700c0e00cf45d.pdf,2026-08-04T09:01:12+00:00,statutory ceiling under DPCO 2013
Temozolomide,8.1.32,Tablet 20 mg,1 Tablet,416.06,1499(E),30.03.2022,NPPA Compendium of Prices 2022 (ceiling prices under DPCO 2013),https://nppa.gov.in/en/compendiumofprice,https://nppa.gov.in/storage/uploads/pdf/Compendium-Prices-2022pdf-464b22085495ff4e3f8700c0e00cf45d.pdf,2026-08-04T09:01:12+00:00,statutory ceiling under DPCO 2013
Temozolomide,8.1.32,Tablet 250 mg,1 Tablet,4250.5,1499(E),30.03.2022,NPPA Compendium of Prices 2022 (ceiling prices under DPCO 2013),https://nppa.gov.in/en/compendiumofprice,https://nppa.gov.in/storage/uploads/pdf/Compendium-Prices-2022pdf-464b22085495ff4e3f8700c0e00cf45d.pdf,2026-08-04T09:01:12+00:00,statutory ceiling under DPCO 2013
Thalidomide,8.1.33,Capsule 100 mg,1 Capsule,67.84,1499(E),30.03.2022,NPPA Compendium of Prices 2022 (ceiling prices under DPCO 2013),https://nppa.gov.in/en/compendiumofprice,https://nppa.gov.in/storage/uploads/pdf/Compendium-Prices-2022pdf-464b22085495ff4e3f8700c0e00cf45d.pdf,2026-08-04T09:01:12+00:00,statutory ceiling under DPCO 2013
Thalidomide,8.1.33,Capsule 50 mg,1 Capsule,39.19,1499(E),30.03.2022,NPPA Compendium of Prices 2022 (ceiling prices under DPCO 2013),https://nppa.gov.in/en/compendiumofprice,https://nppa.gov.in/storage/uploads/pdf/Compendium-Prices-2022pdf-464b22085495ff4e3f8700c0e00cf45d.pdf,2026-08-04T09:01:12+00:00,statutory ceiling under DPCO 2013
Trastuzumab,8.1.34,Injection 440 mg/50 ml,Each Pack,66790.46,1499(E),30.03.2022,NPPA Compendium of Prices 2022 (ceiling prices under DPCO 2013),https://nppa.gov.in/en/compendiumofprice,https://nppa.gov.in/storage/uploads/pdf/Compendium-Prices-2022pdf-464b22085495ff4e3f8700c0e00cf45d.pdf,2026-08-04T09:01:12+00:00,statutory ceiling under DPCO 2013
Vinblastine,8.1.35,Injection 1 mg/ml,1 ml,22.78,1499(E),30.03.2022,NPPA Compendium of Prices 2022 (ceiling prices under DPCO 2013),https://nppa.gov.in/en/compendiumofprice,https://nppa.gov.in/storage/uploads/pdf/Compendium-Prices-2022pdf-464b22085495ff4e3f8700c0e00cf45d.pdf,2026-08-04T09:01:12+00:00,statutory ceiling under DPCO 2013
Vincristine,8.1.36,Injection 1 mg/ml,1 ml,57.86,1499(E),30.03.2022,NPPA Compendium of Prices 2022 (ceiling prices under DPCO 2013),https://nppa.gov.in/en/compendiumofprice,https://nppa.gov.in/storage/uploads/pdf/Compendium-Prices-2022pdf-464b22085495ff4e3f8700c0e00cf45d.pdf,2026-08-04T09:01:12+00:00,statutory ceiling under DPCO 2013
Bicalutamide,8.2.1,Tablet 50 mg,1 Tablet,76.18,1499(E),30.03.2022,NPPA Compendium of Prices 2022 (ceiling prices under DPCO 2013),https://nppa.gov.in/en/compendiumofprice,https://nppa.gov.in/storage/uploads/pdf/Compendium-Prices-2022pdf-464b22085495ff4e3f8700c0e00cf45d.pdf,2026-08-04T09:01:12+00:00,statutory ceiling under DPCO 2013
Letrozole,8.2.2,Tablet 2.5 mg,1 Tablet,45.27,1499(E),30.03.2022,NPPA Compendium of Prices 2022 (ceiling prices under DPCO 2013),https://nppa.gov.in/en/compendiumofprice,https://nppa.gov.in/storage/uploads/pdf/Compendium-Prices-2022pdf-464b22085495ff4e3f8700c0e00cf45d.pdf,2026-08-04T09:01:12+00:00,statutory ceiling under DPCO 2013
Prednisolone,8.2.3,Drops 1%,1 ml,5.58,1499(E),30.03.2022,NPPA Compendium of Prices 2022 (ceiling prices under DPCO 2013),https://nppa.gov.in/en/compendiumofprice,https://nppa.gov.in/storage/uploads/pdf/Compendium-Prices-2022pdf-464b22085495ff4e3f8700c0e00cf45d.pdf,2026-08-04T09:01:12+00:00,statutory ceiling under DPCO 2013
Prednisolone,8.2.3,Injection 20 mg/2ml,1 ml,3.98,1499(E),30.03.2022,NPPA Compendium of Prices 2022 (ceiling prices under DPCO 2013),https://nppa.gov.in/en/compendiumofprice,https://nppa.gov.in/storage/uploads/pdf/Compendium-Prices-2022pdf-464b22085495ff4e3f8700c0e00cf45d.pdf,2026-08-04T09:01:12+00:00,statutory ceiling under DPCO 2013
Prednisolone,8.2.3,Oral Liquid 15 mg/ 5ml,1 ml,0.83,1499(E),30.03.2022,NPPA Compendium of Prices 2022 (ceiling prices under DPCO 2013),https://nppa.gov.in/en/compendiumofprice,https://nppa.gov.in/storage/uploads/pdf/Compendium-Prices-2022pdf-464b22085495ff4e3f8700c0e00cf45d.pdf,2026-08-04T09:01:12+00:00,statutory ceiling under DPCO 2013
Prednisolone,8.2.3,Oral Liquid 5 mg/ 5ml,1 ml,0.48,1499(E),30.03.2022,NPPA Compendium of Prices 2022 (ceiling prices under DPCO 2013),https://nppa.gov.in/en/compendiumofprice,https://nppa.gov.in/storage/uploads/pdf/Compendium-Prices-2022pdf-464b22085495ff4e3f8700c0e00cf45d.pdf,2026-08-04T09:01:12+00:00,statutory ceiling under DPCO 2013
Prednisolone,8.2.3,Tablet 10 mg,1 Tablet,1.09,1499(E),30.03.2022,NPPA Compendium of Prices 2022 (ceiling prices under DPCO 2013),https://nppa.gov.in/en/compendiumofprice,https://nppa.gov.in/storage/uploads/pdf/Compendium-Prices-2022pdf-464b22085495ff4e3f8700c0e00cf45d.pdf,2026-08-04T09:01:12+00:00,statutory ceiling under DPCO 2013
Prednisolone,8.2.3,Tablet 20 mg,1 Tablet,2.17,1499(E),30.03.2022,NPPA Compendium of Prices 2022 (ceiling prices under DPCO 2013),https://nppa.gov.in/en/compendiumofprice,https://nppa.gov.in/storage/uploads/pdf/Compendium-Prices-2022pdf-464b22085495ff4e3f8700c0e00cf45d.pdf,2026-08-04T09:01:12+00:00,statutory ceiling under DPCO 2013
Prednisolone,8.2.3,Tablet 40 mg,1 Tablet,3.12,1499(E),30.03.2022,NPPA Compendium of Prices 2022 (ceiling prices under DPCO 2013),https://nppa.gov.in/en/compendiumofprice,https://nppa.gov.in/storage/uploads/pdf/Compendium-Prices-2022pdf-464b22085495ff4e3f8700c0e00cf45d.pdf,2026-08-04T09:01:12+00:00,statutory ceiling under DPCO 2013
Prednisolone,8.2.3,Tablet 5 mg,1 Tablet,0.62,1499(E),30.03.2022,NPPA Compendium of Prices 2022 (ceiling prices under DPCO 2013),https://nppa.gov.in/en/compendiumofprice,https://nppa.gov.in/storage/uploads/pdf/Compendium-Prices-2022pdf-464b22085495ff4e3f8700c0e00cf45d.pdf,2026-08-04T09:01:12+00:00,statutory ceiling under DPCO 2013
Tamoxifen,8.2.4,Tablet 10 mg,1 Tablet,2.86,1499(E),30.03.2022,NPPA Compendium of Prices 2022 (ceiling prices under DPCO 2013),https://nppa.gov.in/en/compendiumofprice,https://nppa.gov.in/storage/uploads/pdf/Compendium-Prices-2022pdf-464b22085495ff4e3f8700c0e00cf45d.pdf,2026-08-04T09:01:12+00:00,statutory ceiling under DPCO 2013
Azathioprine,8.3.1,Tablet 50 mg,1 Tablet,11.26,1499(E),30.03.2022,NPPA Compendium of Prices 2022 (ceiling prices under DPCO 2013),https://nppa.gov.in/en/compendiumofprice,https://nppa.gov.in/storage/uploads/pdf/Compendium-Prices-2022pdf-464b22085495ff4e3f8700c0e00cf45d.pdf,2026-08-04T09:01:12+00:00,statutory ceiling under DPCO 2013
Cyclosporine,8.3.2,Capsule10 mg Capsule 25 mg,1 Capsule,30.55,1499(E),30.03.2022,NPPA Compendium of Prices 2022 (ceiling prices under DPCO 2013),https://nppa.gov.in/en/compendiumofprice,https://nppa.gov.in/storage/uploads/pdf/Compendium-Prices-2022pdf-464b22085495ff4e3f8700c0e00cf45d.pdf,2026-08-04T09:01:12+00:00,statutory ceiling under DPCO 2013
Cyclosporine,8.3.2,Capsule 50 mg,1 Capsule,58.45,1499(E),30.03.2022,NPPA Compendium of Prices 2022 (ceiling prices under DPCO 2013),https://nppa.gov.in/en/compendiumofprice,https://nppa.gov.in/storage/uploads/pdf/Compendium-Prices-2022pdf-464b22085495ff4e3f8700c0e00cf45d.pdf,2026-08-04T09:01:12+00:00,statutory ceiling under DPCO 2013
Cyclosporine,8.3.2,Capsule 100 mg,1 Capsule,113.81,1499(E),30.03.2022,NPPA Compendium of Prices 2022 (ceiling prices under DPCO 2013),https://nppa.gov.in/en/compendiumofprice,https://nppa.gov.in/storage/uploads/pdf/Compendium-Prices-2022pdf-464b22085495ff4e3f8700c0e00cf45d.pdf,2026-08-04T09:01:12+00:00,statutory ceiling under DPCO 2013
Cyclosporine,8.3.2,Injection 50 mg/ml,1 ml,299.48,1499(E),30.03.2022,NPPA Compendium of Prices 2022 (ceiling prices under DPCO 2013),https://nppa.gov.in/en/compendiumofprice,https://nppa.gov.in/storage/uploads/pdf/Compendium-Prices-2022pdf-464b22085495ff4e3f8700c0e00cf45d.pdf,2026-08-04T09:01:12+00:00,statutory ceiling under DPCO 2013
Cyclosporine,8.3.2,Oral Liquid 100 mg/ml,1 ml,104.95,1499(E),30.03.2022,NPPA Compendium of Prices 2022 (ceiling prices under DPCO 2013),https://nppa.gov.in/en/compendiumofprice,https://nppa.gov.in/storage/uploads/pdf/Compendium-Prices-2022pdf-464b22085495ff4e3f8700c0e00cf45d.pdf,2026-08-04T09:01:12+00:00,statutory ceiling under DPCO 2013
Mycophenolate mofetil,8.3.3,Tablet 250 mg,1 Tablet,46.1,1499(E),30.03.2022,NPPA Compendium of Prices 2022 (ceiling prices under DPCO 2013),https://nppa.gov.in/en/compendiumofprice,https://nppa.gov.in/storage/uploads/pdf/Compendium-Prices-2022pdf-464b22085495ff4e3f8700c0e00cf45d.pdf,2026-08-04T09:01:12+00:00,statutory ceiling under DPCO 2013
Mycophenolate mofetil,8.3.3,Tablet 500 mg,1 Tablet,91.19,1499(E),30.03.2022,NPPA Compendium of Prices 2022 (ceiling prices under DPCO 2013),https://nppa.gov.in/en/compendiumofprice,https://nppa.gov.in/storage/uploads/pdf/Compendium-Prices-2022pdf-464b22085495ff4e3f8700c0e00cf45d.pdf,2026-08-04T09:01:12+00:00,statutory ceiling under DPCO 2013
Tacrolimus,8.3.4,Capsule 0.5 mg,1 Capsule,24.56,1499(E),30.03.2022,NPPA Compendium of Prices 2022 (ceiling prices under DPCO 2013),https://nppa.gov.in/en/compendiumofprice,https://nppa.gov.in/storage/uploads/pdf/Compendium-Prices-2022pdf-464b22085495ff4e3f8700c0e00cf45d.pdf,2026-08-04T09:01:12+00:00,statutory ceiling under DPCO 2013
Tacrolimus,8.3.4,Capsule 1 mg,1 Capsule,43.38,1499(E),30.03.2022,NPPA Compendium of Prices 2022 (ceiling prices under DPCO 2013),https://nppa.gov.in/en/compendiumofprice,https://nppa.gov.in/storage/uploads/pdf/Compendium-Prices-2022pdf-464b22085495ff4e3f8700c0e00cf45d.pdf,2026-08-04T09:01:12+00:00,statutory ceiling under DPCO 2013
Tacrolimus,8.3.4,Capsule 2 mg,1 Capsule,84.97,1499(E),30.03.2022,NPPA Compendium of Prices 2022 (ceiling prices under DPCO 2013),https://nppa.gov.in/en/compendiumofprice,https://nppa.gov.in/storage/uploads/pdf/Compendium-Prices-2022pdf-464b22085495ff4e3f8700c0e00cf45d.pdf,2026-08-04T09:01:12+00:00,statutory ceiling under DPCO 2013
Tacrolimus,8.3.4,Tablet 0.5 mg,1 Tablet,20.8,1499(E),30.03.2022,NPPA Compendium of Prices 2022 (ceiling prices under DPCO 2013),https://nppa.gov.in/en/compendiumofprice,https://nppa.gov.in/storage/uploads/pdf/Compendium-Prices-2022pdf-464b22085495ff4e3f8700c0e00cf45d.pdf,2026-08-04T09:01:12+00:00,statutory ceiling under DPCO 2013
Tacrolimus,8.3.4,Tablet 1 mg,1 Tablet,38.2,1499(E),30.03.2022,NPPA Compendium of Prices 2022 (ceiling prices under DPCO 2013),https://nppa.gov.in/en/compendiumofprice,https://nppa.gov.in/storage/uploads/pdf/Compendium-Prices-2022pdf-464b22085495ff4e3f8700c0e00cf45d.pdf,2026-08-04T09:01:12+00:00,statutory ceiling under DPCO 2013
Tacrolimus,8.3.4,Tablet 2 mg,1 Tablet,75.46,1499(E),30.03.2022,NPPA Compendium of Prices 2022 (ceiling prices under DPCO 2013),https://nppa.gov.in/en/compendiumofprice,https://nppa.gov.in/storage/uploads/pdf/Compendium-Prices-2022pdf-464b22085495ff4e3f8700c0e00cf45d.pdf,2026-08-04T09:01:12+00:00,statutory ceiling under DPCO 2013
Allopurinol,8.4.1,Tablet 100 mg,1 Tablet,2.12,1499(E),30.03.2022,NPPA Compendium of Prices 2022 (ceiling prices under DPCO 2013),https://nppa.gov.in/en/compendiumofprice,https://nppa.gov.in/storage/uploads/pdf/Compendium-Prices-2022pdf-464b22085495ff4e3f8700c0e00cf45d.pdf,2026-08-04T09:01:12+00:00,statutory ceiling under DPCO 2013
Allopurinol,8.4.1,Tablet 300 mg,1 Tablet,8.31,1499(E),30.03.2022,NPPA Compendium of Prices 2022 (ceiling prices under DPCO 2013),https://nppa.gov.in/en/compendiumofprice,https://nppa.gov.in/storage/uploads/pdf/Compendium-Prices-2022pdf-464b22085495ff4e3f8700c0e00cf45d.pdf,2026-08-04T09:01:12+00:00,statutory ceiling under DPCO 2013
Amitriptyline,8.4.2,Tablet 10 mg,1 Tablet,2.54,1499(E),30.03.2022,NPPA Compendium of Prices 2022 (ceiling prices under DPCO 2013),https://nppa.gov.in/en/compendiumofprice,https://nppa.gov.in/storage/uploads/pdf/Compendium-Prices-2022pdf-464b22085495ff4e3f8700c0e00cf45d.pdf,2026-08-04T09:01:12+00:00,statutory ceiling under DPCO 2013
Amitriptyline,8.4.2,Tablet 25 mg,1 Tablet,2.5,1499(E),30.03.2022,NPPA Compendium of Prices 2022 (ceiling prices under DPCO 2013),https://nppa.gov.in/en/compendiumofprice,https://nppa.gov.in/storage/uploads/pdf/Compendium-Prices-2022pdf-464b22085495ff4e3f8700c0e00cf45d.pdf,2026-08-04T09:01:12+00:00,statutory ceiling under DPCO 2013
Amitriptyline,8.4.2,Tablet 50 mg,1 Tablet,6.45,1499(E),30.03.2022,NPPA Compendium of Prices 2022 (ceiling prices under DPCO 2013),https://nppa.gov.in/en/compendiumofprice,https://nppa.gov.in/storage/uploads/pdf/Compendium-Prices-2022pdf-464b22085495ff4e3f8700c0e00cf45d.pdf,2026-08-04T09:01:12+00:00,statutory ceiling under DPCO 2013
Amitriptyline,8.4.2,Tablet 75 mg,1 Tablet,6.23,1499(E),30.03.2022,NPPA Compendium of Prices 2022 (ceiling prices under DPCO 2013),https://nppa.gov.in/en/compendiumofprice,https://nppa.gov.in/storage/uploads/pdf/Compendium-Prices-2022pdf-464b22085495ff4e3f8700c0e00cf45d.pdf,2026-08-04T09:01:12+00:00,statutory ceiling under DPCO 2013
Dexamethasone,8.4.3,Tablet 0.5 mg,1 Tablet,0.21,1499(E),30.03.2022,NPPA Compendium of Prices 2022 (ceiling prices under DPCO 2013),https://nppa.gov.in/en/compendiumofprice,https://nppa.gov.in/storage/uploads/pdf/Compendium-Prices-2022pdf-464b22085495ff4e3f8700c0e00cf45d.pdf,2026-08-04T09:01:12+00:00,statutory ceiling under DPCO 2013
Dexamethasone,8.4.3,Injection 4 mg/ml,Each Pack (10 ml),15.29,1499(E),30.03.2022,NPPA Compendium of Prices 2022 (ceiling prices under DPCO 2013),https://nppa.gov.in/en/compendiumofprice,https://nppa.gov.in/storage/uploads/pdf/Compendium-Prices-2022pdf-464b22085495ff4e3f8700c0e00cf45d.pdf,2026-08-04T09:01:12+00:00,statutory ceiling under DPCO 2013
Dexamethasone,8.4.3,Injection 4 mg/ml,Each Pack (2 ml),10.35,1499(E),30.03.2022,NPPA Compendium of Prices 2022 (ceiling prices under DPCO 2013),https://nppa.gov.in/en/compendiumofprice,https://nppa.gov.in/storage/uploads/pdf/Compendium-Prices-2022pdf-464b22085495ff4e3f8700c0e00cf45d.pdf,2026-08-04T09:01:12+00:00,statutory ceiling under DPCO 2013
Dexamethasone,8.4.3,Injection 4 mg/ml,Each Pack (20 ml),29.31,1499(E),30.03.2022,NPPA Compendium of Prices 2022 (ceiling prices under DPCO 2013),https://nppa.gov.in/en/compendiumofprice,https://nppa.gov.in/storage/uploads/pdf/Compendium-Prices-2022pdf-464b22085495ff4e3f8700c0e00cf45d.pdf,2026-08-04T09:01:12+00:00,statutory ceiling under DPCO 2013
Dexamethasone,8.4.3,Injection 4 mg/ml,Each Pack (30 ml),39.17,1499(E),30.03.2022,NPPA Compendium of Prices 2022 (ceiling prices under DPCO 2013),https://nppa.gov.in/en/compendiumofprice,https://nppa.gov.in/storage/uploads/pdf/Compendium-Prices-2022pdf-464b22085495ff4e3f8700c0e00cf45d.pdf,2026-08-04T09:01:12+00:00,statutory ceiling under DPCO 2013
Diazepam,8.4.4,Injection 5 mg/ml,1 ml,6.72,1499(E),30.03.2022,NPPA Compendium of Prices 2022 (ceiling prices under DPCO 2013),https://nppa.gov.in/en/compendiumofprice,https://nppa.gov.in/storage/uploads/pdf/Compendium-Prices-2022pdf-464b22085495ff4e3f8700c0e00cf45d.pdf,2026-08-04T09:01:12+00:00,statutory ceiling under DPCO 2013
Diazepam,8.4.4,Oral Liquid 2 mg/5ml,1 ml,3.03,1499(E),30.03.2022,NPPA Compendium of Prices 2022 (ceiling prices under DPCO 2013),https://nppa.gov.in/en/compendiumofprice,https://nppa.gov.in/storage/uploads/pdf/Compendium-Prices-2022pdf-464b22085495ff4e3f8700c0e00cf45d.pdf,2026-08-04T09:01:12+00:00,statutory ceiling under DPCO 2013
Diazepam,8.4.4,Suppository 5 mg 1 Suppository,,6.63,1499(E),30.03.2022,NPPA Compendium of Prices 2022 (ceiling prices under DPCO 2013),https://nppa.gov.in/en/compendiumofprice,https://nppa.gov.in/storage/uploads/pdf/Compendium-Prices-2022pdf-464b22085495ff4e3f8700c0e00cf45d.pdf,2026-08-04T09:01:12+00:00,statutory ceiling under DPCO 2013
Diazepam,8.4.4,Tablet 2 mg,1 Tablet,1.67,1499(E),30.03.2022,NPPA Compendium of Prices 2022 (ceiling prices under DPCO 2013),https://nppa.gov.in/en/compendiumofprice,https://nppa.gov.in/storage/uploads/pdf/Compendium-Prices-2022pdf-464b22085495ff4e3f8700c0e00cf45d.pdf,2026-08-04T09:01:12+00:00,statutory ceiling under DPCO 2013
Diazepam,8.4.4,Tablet 5 mg,1 Tablet,1.58,1499(E),30.03.2022,NPPA Compendium of Prices 2022 (ceiling prices under DPCO 2013),https://nppa.gov.in/en/compendiumofprice,https://nppa.gov.in/storage/uploads/pdf/Compendium-Prices-2022pdf-464b22085495ff4e3f8700c0e00cf45d.pdf,2026-08-04T09:01:12+00:00,statutory ceiling under DPCO 2013
Filgrastim,8.4.5,Injection 300 mcg,Each pack,1523.73,1499(E),30.03.2022,NPPA Compendium of Prices 2022 (ceiling prices under DPCO 2013),https://nppa.gov.in/en/compendiumofprice,https://nppa.gov.in/storage/uploads/pdf/Compendium-Prices-2022pdf-464b22085495ff4e3f8700c0e00cf45d.pdf,2026-08-04T09:01:12+00:00,statutory ceiling under DPCO 2013
Fluoxetine,8.4.6,Capsule 10 mg,1 Capsule,3.3,1499(E),30.03.2022,NPPA Compendium of Prices 2022 (ceiling prices under DPCO 2013),https://nppa.gov.in/en/compendiumofprice,https://nppa.gov.in/storage/uploads/pdf/Compendium-Prices-2022pdf-464b22085495ff4e3f8700c0e00cf45d.pdf,2026-08-04T09:01:12+00:00,statutory ceiling under DPCO 2013
Fluoxetine,8.4.6,Capsule 20 mg,1 Capsule,4.05,1499(E),30.03.2022,NPPA Compendium of Prices 2022 (ceiling prices under DPCO 2013),https://nppa.gov.in/en/compendiumofprice,https://nppa.gov.in/storage/uploads/pdf/Compendium-Prices-2022pdf-464b22085495ff4e3f8700c0e00cf45d.pdf,2026-08-04T09:01:12+00:00,statutory ceiling under DPCO 2013
Fluoxetine,8.4.6,Capsule 40 mg,1 Capsule,6.15,1499(E),30.03.2022,NPPA Compendium of Prices 2022 (ceiling prices under DPCO 2013),https://nppa.gov.in/en/compendiumofprice,https://nppa.gov.in/storage/uploads/pdf/Compendium-Prices-2022pdf-464b22085495ff4e3f8700c0e00cf45d.pdf,2026-08-04T09:01:12+00:00,statutory ceiling under DPCO 2013
Fluoxetine,8.4.6,Capsule 60 mg,1 Capsule,10.87,1499(E),30.03.2022,NPPA Compendium of Prices 2022 (ceiling prices under DPCO 2013),https://nppa.gov.in/en/compendiumofprice,https://nppa.gov.in/storage/uploads/pdf/Compendium-Prices-2022pdf-464b22085495ff4e3f8700c0e00cf45d.pdf,2026-08-04T09:01:12+00:00,statutory ceiling under DPCO 2013
Fluoxetine,8.4.6,Tablet 10 mg,1 Tablet,2.77,1499(E),30.03.2022,NPPA Compendium of Prices 2022 (ceiling prices under DPCO 2013),https://nppa.gov.in/en/compendiumofprice,https://nppa.gov.in/storage/uploads/pdf/Compendium-Prices-2022pdf-464b22085495ff4e3f8700c0e00cf45d.pdf,2026-08-04T09:01:12+00:00,statutory ceiling under DPCO 2013
Fluoxetine,8.4.6,Tablet 20 mg,1 Tablet,4.4,1499(E),30.03.2022,NPPA Compendium of Prices 2022 (ceiling prices under DPCO 2013),https://nppa.gov.in/en/compendiumofprice,https://nppa.gov.in/storage/uploads/pdf/Compendium-Prices-2022pdf-464b22085495ff4e3f8700c0e00cf45d.pdf,2026-08-04T09:01:12+00:00,statutory ceiling under DPCO 2013
Fluoxetine,8.4.6,Tablet 40 mg,1 Tablet,5.93,1499(E),30.03.2022,NPPA Compendium of Prices 2022 (ceiling prices under DPCO 2013),https://nppa.gov.in/en/compendiumofprice,https://nppa.gov.in/storage/uploads/pdf/Compendium-Prices-2022pdf-464b22085495ff4e3f8700c0e00cf45d.pdf,2026-08-04T09:01:12+00:00,statutory ceiling under DPCO 2013
Fluoxetine,8.4.6,Tablet 60 mg,1 Tablet,8.22,1499(E),30.03.2022,NPPA Compendium of Prices 2022 (ceiling prices under DPCO 2013),https://nppa.gov.in/en/compendiumofprice,https://nppa.gov.in/storage/uploads/pdf/Compendium-Prices-2022pdf-464b22085495ff4e3f8700c0e00cf45d.pdf,2026-08-04T09:01:12+00:00,statutory ceiling under DPCO 2013
Haloperidol,8.4.7,Injection 5 mg/ml,1 ml,6.47,1499(E),30.03.2022,NPPA Compendium of Prices 2022 (ceiling prices under DPCO 2013),https://nppa.gov.in/en/compendiumofprice,https://nppa.gov.in/storage/uploads/pdf/Compendium-Prices-2022pdf-464b22085495ff4e3f8700c0e00cf45d.pdf,2026-08-04T09:01:12+00:00,statutory ceiling under DPCO 2013
Haloperidol,8.4.7,Oral Liquid 2 mg/ 5ml,1 ml,2.28,1499(E),30.03.2022,NPPA Compendium of Prices 2022 (ceiling prices under DPCO 2013),https://nppa.gov.in/en/compendiumofprice,https://nppa.gov.in/storage/uploads/pdf/Compendium-Prices-2022pdf-464b22085495ff4e3f8700c0e00cf45d.pdf,2026-08-04T09:01:12+00:00,statutory ceiling under DPCO 2013
Haloperidol,8.4.7,Tablet 1.5 mg,1 Tablet,1.84,1499(E),30.03.2022,NPPA Compendium of Prices 2022 (ceiling prices under DPCO 2013),https://nppa.gov.in/en/compendiumofprice,https://nppa.gov.in/storage/uploads/pdf/Compendium-Prices-2022pdf-464b22085495ff4e3f8700c0e00cf45d.pdf,2026-08-04T09:01:12+00:00,statutory ceiling under DPCO 2013
Haloperidol,8.4.7,Tablet 10 mg,1 Tablet,4.9,1499(E),30.03.2022,NPPA Compendium of Prices 2022 (ceiling prices under DPCO 2013),https://nppa.gov.in/en/compendiumofprice,https://nppa.gov.in/storage/uploads/pdf/Compendium-Prices-2022pdf-464b22085495ff4e3f8700c0e00cf45d.pdf,2026-08-04T09:01:12+00:00,statutory ceiling under DPCO 2013
Haloperidol,8.4.7,Tablet 20 mg,1 Tablet,5.47,1499(E),30.03.2022,NPPA Compendium of Prices 2022 (ceiling prices under DPCO 2013),https://nppa.gov.in/en/compendiumofprice,https://nppa.gov.in/storage/uploads/pdf/Compendium-Prices-2022pdf-464b22085495ff4e3f8700c0e00cf45d.pdf,2026-08-04T09:01:12+00:00,statutory ceiling under DPCO 2013
Haloperidol,8.4.7,Tablet 5 mg,1 Tablet,3.82,1499(E),30.03.2022,NPPA Compendium of Prices 2022 (ceiling prices under DPCO 2013),https://nppa.gov.in/en/compendiumofprice,https://nppa.gov.in/storage/uploads/pdf/Compendium-Prices-2022pdf-464b22085495ff4e3f8700c0e00cf45d.pdf,2026-08-04T09:01:12+00:00,statutory ceiling under DPCO 2013
Lactulose,8.4.8,Oral liquid 10 g/15 ml,1 ml,1.22,1499(E),30.03.2022,NPPA Compendium of Prices 2022 (ceiling prices under DPCO 2013),https://nppa.gov.in/en/compendiumofprice,https://nppa.gov.in/storage/uploads/pdf/Compendium-Prices-2022pdf-464b22085495ff4e3f8700c0e00cf45d.pdf,2026-08-04T09:01:12+00:00,statutory ceiling under DPCO 2013
Loperamide,8.4.9,Capsule 2 mg,1 Capsule,3.98,1499(E),30.03.2022,NPPA Compendium of Prices 2022 (ceiling prices under DPCO 2013),https://nppa.gov.in/en/compendiumofprice,https://nppa.gov.in/storage/uploads/pdf/Compendium-Prices-2022pdf-464b22085495ff4e3f8700c0e00cf45d.pdf,2026-08-04T09:01:12+00:00,statutory ceiling under DPCO 2013
Loperamide,8.4.9,Tablet 2 mg,1 Tablet,2.19,1499(E),30.03.2022,NPPA Compendium of Prices 2022 (ceiling prices under DPCO 2013),https://nppa.gov.in/en/compendiumofprice,https://nppa.gov.in/storage/uploads/pdf/Compendium-Prices-2022pdf-464b22085495ff4e3f8700c0e00cf45d.pdf,2026-08-04T09:01:12+00:00,statutory ceiling under DPCO 2013
Metoclopramide,8.4.10,Injection 5 mg/ml (10 ml Pack),1 ml,1.58,1499(E),30.03.2022,NPPA Compendium of Prices 2022 (ceiling prices under DPCO 2013),https://nppa.gov.in/en/compendiumofprice,https://nppa.gov.in/storage/uploads/pdf/Compendium-Prices-2022pdf-464b22085495ff4e3f8700c0e00cf45d.pdf,2026-08-04T09:01:12+00:00,statutory ceiling under DPCO 2013
Metoclopramide,8.4.10,Oral Liquid 5 mg/5ml,1 ml,0.49,1499(E),30.03.2022,NPPA Compendium of Prices 2022 (ceiling prices under DPCO 2013),https://nppa.gov.in/en/compendiumofprice,https://nppa.gov.in/storage/uploads/pdf/Compendium-Prices-2022pdf-464b22085495ff4e3f8700c0e00cf45d.pdf,2026-08-04T09:01:12+00:00,statutory ceiling under DPCO 2013
Metoclopramide,8.4.10,Tablet 10 mg,1 Tablet,1.3,1499(E),30.03.2022,NPPA Compendium of Prices 2022 (ceiling prices under DPCO 2013),https://nppa.gov.in/en/compendiumofprice,https://nppa.gov.in/storage/uploads/pdf/Compendium-Prices-2022pdf-464b22085495ff4e3f8700c0e00cf45d.pdf,2026-08-04T09:01:12+00:00,statutory ceiling under DPCO 2013
Midazolam,8.4.11,Injection 1 mg/ml,1 ml,6.56,1499(E),30.03.2022,NPPA Compendium of Prices 2022 (ceiling prices under DPCO 2013),https://nppa.gov.in/en/compendiumofprice,https://nppa.gov.in/storage/uploads/pdf/Compendium-Prices-2022pdf-464b22085495ff4e3f8700c0e00cf45d.pdf,2026-08-04T09:01:12+00:00,statutory ceiling under DPCO 2013
Midazolam,8.4.11,Injection 5 mg/ml,1 ml,16.12,1499(E),30.03.2022,NPPA Compendium of Prices 2022 (ceiling prices under DPCO 2013),https://nppa.gov.in/en/compendiumofprice,https://nppa.gov.in/storage/uploads/pdf/Compendium-Prices-2022pdf-464b22085495ff4e3f8700c0e00cf45d.pdf,2026-08-04T09:01:12+00:00,statutory ceiling under DPCO 2013
Midazolam,8.4.11,Tablet 7.5mg,1 Tablet,24.92,1499(E),30.03.2022,NPPA Compendium of Prices 2022 (ceiling prices under DPCO 2013),https://nppa.gov.in/en/compendiumofprice,https://nppa.gov.in/storage/uploads/pdf/Compendium-Prices-2022pdf-464b22085495ff4e3f8700c0e00cf45d.pdf,2026-08-04T09:01:12+00:00,statutory ceiling under DPCO 2013
Morphine,8.4.12,Injection 10 mg/ml,1 ml,26.37,1499(E),30.03.2022,NPPA Compendium of Prices 2022 (ceiling prices under DPCO 2013),https://nppa.gov.in/en/compendiumofprice,https://nppa.gov.in/storage/uploads/pdf/Compendium-Prices-2022pdf-464b22085495ff4e3f8700c0e00cf45d.pdf,2026-08-04T09:01:12+00:00,statutory ceiling under DPCO 2013
Morphine,8.4.12,Injection 15 mg/ml,1 ml,32.91,1499(E),30.03.2022,NPPA Compendium of Prices 2022 (ceiling prices under DPCO 2013),https://nppa.gov.in/en/compendiumofprice,https://nppa.gov.in/storage/uploads/pdf/Compendium-Prices-2022pdf-464b22085495ff4e3f8700c0e00cf45d.pdf,2026-08-04T09:01:12+00:00,statutory ceiling under DPCO 2013
Morphine,8.4.12,SR Tablet 30 mg,1 Tablet,6.05,1499(E),30.03.2022,NPPA Compendium of Prices 2022 (ceiling prices under DPCO 2013),https://nppa.gov.in/en/compendiumofprice,https://nppa.gov.in/storage/uploads/pdf/Compendium-Prices-2022pdf-464b22085495ff4e3f8700c0e00cf45d.pdf,2026-08-04T09:01:12+00:00,statutory ceiling under DPCO 2013
Morphine,8.4.12,Tablet 10 mg,1 Tablet,5.91,1499(E),30.03.2022,NPPA Compendium of Prices 2022 (ceiling prices under DPCO 2013),https://nppa.gov.in/en/compendiumofprice,https://nppa.gov.in/storage/uploads/pdf/Compendium-Prices-2022pdf-464b22085495ff4e3f8700c0e00cf45d.pdf,2026-08-04T09:01:12+00:00,statutory ceiling under DPCO 2013
Ondansetron,8.4.13,Injection 2 mg/ml,1 ml,6.49,1499(E),30.03.2022,NPPA Compendium of Prices 2022 (ceiling prices under DPCO 2013),https://nppa.gov.in/en/compendiumofprice,https://nppa.gov.in/storage/uploads/pdf/Compendium-Prices-2022pdf-464b22085495ff4e3f8700c0e00cf45d.pdf,2026-08-04T09:01:12+00:00,statutory ceiling under DPCO 2013
Ondansetron,8.4.13,Oral Liquid 2 mg/5ml,1 ml,1.26,1499(E),30.03.2022,NPPA Compendium of Prices 2022 (ceiling prices under DPCO 2013),https://nppa.gov.in/en/compendiumofprice,https://nppa.gov.in/storage/uploads/pdf/Compendium-Prices-2022pdf-464b22085495ff4e3f8700c0e00cf45d.pdf,2026-08-04T09:01:12+00:00,statutory ceiling under DPCO 2013
Ondansetron,8.4.13,Tablet 4 mg,1 Tablet,5.23,1499(E),30.03.2022,NPPA Compendium of Prices 2022 (ceiling prices under DPCO 2013),https://nppa.gov.in/en/compendiumofprice,https://nppa.gov.in/storage/uploads/pdf/Compendium-Prices-2022pdf-464b22085495ff4e3f8700c0e00cf45d.pdf,2026-08-04T09:01:12+00:00,statutory ceiling under DPCO 2013
Ondansetron,8.4.13,Tablet 8 mg,1 Tablet,10.83,1499(E),30.03.2022,NPPA Compendium of Prices 2022 (ceiling prices under DPCO 2013),https://nppa.gov.in/en/compendiumofprice,https://nppa.gov.in/storage/uploads/pdf/Compendium-Prices-2022pdf-464b22085495ff4e3f8700c0e00cf45d.pdf,2026-08-04T09:01:12+00:00,statutory ceiling under DPCO 2013
Tramadol,8.4.14,Capsule 50 mg,1 Capsule,5.01,1499(E),30.03.2022,NPPA Compendium of Prices 2022 (ceiling prices under DPCO 2013),https://nppa.gov.in/en/compendiumofprice,https://nppa.gov.in/storage/uploads/pdf/Compendium-Prices-2022pdf-464b22085495ff4e3f8700c0e00cf45d.pdf,2026-08-04T09:01:12+00:00,statutory ceiling under DPCO 2013
Tramadol,8.4.14,Injection 50 mg/ml (20 ml Pack),1 ml,1.38,1499(E),30.03.2022,NPPA Compendium of Prices 2022 (ceiling prices under DPCO 2013),https://nppa.gov.in/en/compendiumofprice,https://nppa.gov.in/storage/uploads/pdf/Compendium-Prices-2022pdf-464b22085495ff4e3f8700c0e00cf45d.pdf,2026-08-04T09:01:12+00:00,statutory ceiling under DPCO 2013
Tramadol,8.4.14,Injection 50 mg/ml (upto 2 ml Pack),1 ml,11.63,1499(E),30.03.2022,NPPA Compendium of Prices 2022 (ceiling prices under DPCO 2013),https://nppa.gov.in/en/compendiumofprice,https://nppa.gov.in/storage/uploads/pdf/Compendium-Prices-2022pdf-464b22085495ff4e3f8700c0e00cf45d.pdf,2026-08-04T09:01:12+00:00,statutory ceiling under DPCO 2013
Tramadol,8.4.14,Tablet 100 mg,1 Tablet,21.84,1499(E),30.03.2022,NPPA Compendium of Prices 2022 (ceiling prices under DPCO 2013),https://nppa.gov.in/en/compendiumofprice,https://nppa.gov.in/storage/uploads/pdf/Compendium-Prices-2022pdf-464b22085495ff4e3f8700c0e00cf45d.pdf,2026-08-04T09:01:12+00:00,statutory ceiling under DPCO 2013
Tramadol,8.4.14,Tablet 50 mg,1 Tablet,8.95,1499(E),30.03.2022,NPPA Compendium of Prices 2022 (ceiling prices under DPCO 2013),https://nppa.gov.in/en/compendiumofprice,https://nppa.gov.in/storage/uploads/pdf/Compendium-Prices-2022pdf-464b22085495ff4e3f8700c0e00cf45d.pdf,2026-08-04T09:01:12+00:00,statutory ceiling under DPCO 2013
Tramadol,8.4.14,Capsule 100 mg,1 Capsule,10.66,1499(E),30.03.2022,NPPA Compendium of Prices 2022 (ceiling prices under DPCO 2013),https://nppa.gov.in/en/compendiumofprice,https://nppa.gov.in/storage/uploads/pdf/Compendium-Prices-2022pdf-464b22085495ff4e3f8700c0e00cf45d.pdf,2026-08-04T09:01:12+00:00,statutory ceiling under DPCO 2013
Zoledronic acid,8.4.15,Powder for Injection 4 mg,Each Pack,4664.74,1499(E),30.03.2022,NPPA Compendium of Prices 2022 (ceiling prices under DPCO 2013),https://nppa.gov.in/en/compendiumofprice,https://nppa.gov.in/storage/uploads/pdf/Compendium-Prices-2022pdf-464b22085495ff4e3f8700c0e00cf45d.pdf,2026-08-04T09:01:12+00:00,statutory ceiling under DPCO 2013
Levodopa (A) + Carbidopa (B) CR,9.1,Tablet 100 mg(A) + 25 mg(B),1 Tablet,3.7,1499(E),30.03.2022,NPPA Compendium of Prices 2022 (ceiling prices under DPCO 2013),https://nppa.gov.in/en/compendiumofprice,https://nppa.gov.in/storage/uploads/pdf/Compendium-Prices-2022pdf-464b22085495ff4e3f8700c0e00cf45d.pdf,2026-08-04T09:01:12+00:00,statutory ceiling under DPCO 2013
Levodopa (A) + Carbidopa (B) CR,9.1,Tablet 100 mg(A) + 10 mg(B),1 Tablet,1.73,1499(E),30.03.2022,NPPA Compendium of Prices 2022 (ceiling prices under DPCO 2013),https://nppa.gov.in/en/compendiumofprice,https://nppa.gov.in/storage/uploads/pdf/Compendium-Prices-2022pdf-464b22085495ff4e3f8700c0e00cf45d.pdf,2026-08-04T09:01:12+00:00,statutory ceiling under DPCO 2013
Levodopa (A) + Carbidopa (B) CR,9.1,Tablet 100 mg(A) + 25 mg(B),1 Tablet,2.5,1499(E),30.03.2022,NPPA Compendium of Prices 2022 (ceiling prices under DPCO 2013),https://nppa.gov.in/en/compendiumofprice,https://nppa.gov.in/storage/uploads/pdf/Compendium-Prices-2022pdf-464b22085495ff4e3f8700c0e00cf45d.pdf,2026-08-04T09:01:12+00:00,statutory ceiling under DPCO 2013
Levodopa (A) + Carbidopa (B) CR,9.1,Tablet 250 mg(A) + 25 mg(B),1 Tablet,4.15,1499(E),30.03.2022,NPPA Compendium of Prices 2022 (ceiling prices under DPCO 2013),https://nppa.gov.in/en/compendiumofprice,https://nppa.gov.in/storage/uploads/pdf/Compendium-Prices-2022pdf-464b22085495ff4e3f8700c0e00cf45d.pdf,2026-08-04T09:01:12+00:00,statutory ceiling under DPCO 2013
Levodopa (A) + Carbidopa (B) CR,9.1,CR Tablet 200 mg(A) + 50 mg(B),1 Tablet,4.56,1499(E),30.03.2022,NPPA Compendium of Prices 2022 (ceiling prices under DPCO 2013),https://nppa.gov.in/en/compendiumofprice,https://nppa.gov.in/storage/uploads/pdf/Compendium-Prices-2022pdf-464b22085495ff4e3f8700c0e00cf45d.pdf,2026-08-04T09:01:12+00:00,statutory ceiling under DPCO 2013
Trihexyphenidyl,9.2,Tablet 2 mg,1 Tablet,1.35,1499(E),30.03.2022,NPPA Compendium of Prices 2022 (ceiling prices under DPCO 2013),https://nppa.gov.in/en/compendiumofprice,https://nppa.gov.in/storage/uploads/pdf/Compendium-Prices-2022pdf-464b22085495ff4e3f8700c0e00cf45d.pdf,2026-08-04T09:01:12+00:00,statutory ceiling under DPCO 2013
Erythropoietin,10.1.1,Injection 10000 IU/ml,Each pack,2888.54,1499(E),30.03.2022,NPPA Compendium of Prices 2022 (ceiling prices under DPCO 2013),https://nppa.gov.in/en/compendiumofprice,https://nppa.gov.in/storage/uploads/pdf/Compendium-Prices-2022pdf-464b22085495ff4e3f8700c0e00cf45d.pdf,2026-08-04T09:01:12+00:00,statutory ceiling under DPCO 2013
Erythropoietin,10.1.1,Injection 2000 IU/ml,Each pack,684.16,1499(E),30.03.2022,NPPA Compendium of Prices 2022 (ceiling prices under DPCO 2013),https://nppa.gov.in/en/compendiumofprice,https://nppa.gov.in/storage/uploads/pdf/Compendium-Prices-2022pdf-464b22085495ff4e3f8700c0e00cf45d.pdf,2026-08-04T09:01:12+00:00,statutory ceiling under DPCO 2013
Ferrous salts,10.1.2,Tablet equivalent to 60 mg of elemental iron Oral liquid equivalent to 25 mg of elemental iron/ml 10.1.3 Ferrous salt (A) + Folic acid (B) Tablet 45mg elemental iron (A) + 400 mcg (B) Tablet 100 mg elemental iron (A)+ 500 mcg (B),1 Tablet,0.25,1499(E),30.03.2022,NPPA Compendium of Prices 2022 (ceiling prices under DPCO 2013),https://nppa.gov.in/en/compendiumofprice,https://nppa.gov.in/storage/uploads/pdf/Compendium-Prices-2022pdf-464b22085495ff4e3f8700c0e00cf45d.pdf,2026-08-04T09:01:12+00:00,statutory ceiling under DPCO 2013
Ferrous salts,10.1.2,Oral liqiud 20 mg elemental iron (A) + 100 mcg (B)/ml 10.1.4 Folic acid Capsule 5 mg,1 Capsule,6.26,1499(E),30.03.2022,NPPA Compendium of Prices 2022 (ceiling prices under DPCO 2013),https://nppa.gov.in/en/compendiumofprice,https://nppa.gov.in/storage/uploads/pdf/Compendium-Prices-2022pdf-464b22085495ff4e3f8700c0e00cf45d.pdf,2026-08-04T09:01:12+00:00,statutory ceiling under DPCO 2013
Ferrous salts,10.1.2,Tablet 5 mg,1 Tablet,1.55,1499(E),30.03.2022,NPPA Compendium of Prices 2022 (ceiling prices under DPCO 2013),https://nppa.gov.in/en/compendiumofprice,https://nppa.gov.in/storage/uploads/pdf/Compendium-Prices-2022pdf-464b22085495ff4e3f8700c0e00cf45d.pdf,2026-08-04T09:01:12+00:00,statutory ceiling under DPCO 2013
Hydroxocobalamin,10.1.5,Injection 1 mg/ml,1 ML,10.98,1499(E),30.03.2022,NPPA Compendium of Prices 2022 (ceiling prices under DPCO 2013),https://nppa.gov.in/en/compendiumofprice,https://nppa.gov.in/storage/uploads/pdf/Compendium-Prices-2022pdf-464b22085495ff4e3f8700c0e00cf45d.pdf,2026-08-04T09:01:12+00:00,statutory ceiling under DPCO 2013
Hydroxyurea,10.1.6,Capsule 500 mg,1 Capsule,14.23,1499(E),30.03.2022,NPPA Compendium of Prices 2022 (ceiling prices under DPCO 2013),https://nppa.gov.in/en/compendiumofprice,https://nppa.gov.in/storage/uploads/pdf/Compendium-Prices-2022pdf-464b22085495ff4e3f8700c0e00cf45d.pdf,2026-08-04T09:01:12+00:00,statutory ceiling under DPCO 2013
Iron sucrose,10.1.7,Injection 20 mg/ml,1 ml,59.68,1499(E),30.03.2022,NPPA Compendium of Prices 2022 (ceiling prices under DPCO 2013),https://nppa.gov.in/en/compendiumofprice,https://nppa.gov.in/storage/uploads/pdf/Compendium-Prices-2022pdf-464b22085495ff4e3f8700c0e00cf45d.pdf,2026-08-04T09:01:12+00:00,statutory ceiling under DPCO 2013
Iron sucrose,10.1.7,Injection 60 mg/0.6ml 0.,1 ml,112.86,1499(E),30.03.2022,NPPA Compendium of Prices 2022 (ceiling prices under DPCO 2013),https://nppa.gov.in/en/compendiumofprice,https://nppa.gov.in/storage/uploads/pdf/Compendium-Prices-2022pdf-464b22085495ff4e3f8700c0e00cf45d.pdf,2026-08-04T09:01:12+00:00,statutory ceiling under DPCO 2013
Heparin,10.2.2,Injection 1000 IU/ml,1 ml,18.11,1499(E),30.03.2022,NPPA Compendium of Prices 2022 (ceiling prices under DPCO 2013),https://nppa.gov.in/en/compendiumofprice,https://nppa.gov.in/storage/uploads/pdf/Compendium-Prices-2022pdf-464b22085495ff4e3f8700c0e00cf45d.pdf,2026-08-04T09:01:12+00:00,statutory ceiling under DPCO 2013
Heparin,10.2.2,Injection 5000 IU/ml,1 ml,44.95,1499(E),30.03.2022,NPPA Compendium of Prices 2022 (ceiling prices under DPCO 2013),https://nppa.gov.in/en/compendiumofprice,https://nppa.gov.in/storage/uploads/pdf/Compendium-Prices-2022pdf-464b22085495ff4e3f8700c0e00cf45d.pdf,2026-08-04T09:01:12+00:00,statutory ceiling under DPCO 2013
Phytomenadione (Vitamin K1),10.2.3,Tablet 10mg,1 Tablet,16.13,1499(E),30.03.2022,NPPA Compendium of Prices 2022 (ceiling prices under DPCO 2013),https://nppa.gov.in/en/compendiumofprice,https://nppa.gov.in/storage/uploads/pdf/Compendium-Prices-2022pdf-464b22085495ff4e3f8700c0e00cf45d.pdf,2026-08-04T09:01:12+00:00,statutory ceiling under DPCO 2013
Phytomenadione (Vitamin K1),10.2.3,Injection 10 mg/ml,1 ml,53.17,1499(E),30.03.2022,NPPA Compendium of Prices 2022 (ceiling prices under DPCO 2013),https://nppa.gov.in/en/compendiumofprice,https://nppa.gov.in/storage/uploads/pdf/Compendium-Prices-2022pdf-464b22085495ff4e3f8700c0e00cf45d.pdf,2026-08-04T09:01:12+00:00,statutory ceiling under DPCO 2013
Protamine,10.2.4,Injection 10 mg/ml,1 ml,10.27,1499(E),30.03.2022,NPPA Compendium of Prices 2022 (ceiling prices under DPCO 2013),https://nppa.gov.in/en/compendiumofprice,https://nppa.gov.in/storage/uploads/pdf/Compendium-Prices-2022pdf-464b22085495ff4e3f8700c0e00cf45d.pdf,2026-08-04T09:01:12+00:00,statutory ceiling under DPCO 2013
Tranexamic acid,10.2.5,Injection 100 mg/ml,1 ml,16.59,1499(E),30.03.2022,NPPA Compendium of Prices 2022 (ceiling prices under DPCO 2013),https://nppa.gov.in/en/compendiumofprice,https://nppa.gov.in/storage/uploads/pdf/Compendium-Prices-2022pdf-464b22085495ff4e3f8700c0e00cf45d.pdf,2026-08-04T09:01:12+00:00,statutory ceiling under DPCO 2013
Tranexamic acid,10.2.5,Tablet 500 mg,1 Tablet,19.28,1499(E),30.03.2022,NPPA Compendium of Prices 2022 (ceiling prices under DPCO 2013),https://nppa.gov.in/en/compendiumofprice,https://nppa.gov.in/storage/uploads/pdf/Compendium-Prices-2022pdf-464b22085495ff4e3f8700c0e00cf45d.pdf,2026-08-04T09:01:12+00:00,statutory ceiling under DPCO 2013
Warfarin,10.2.6,Tablet 1 mg,1 Tablet,2.68,1499(E),30.03.2022,NPPA Compendium of Prices 2022 (ceiling prices under DPCO 2013),https://nppa.gov.in/en/compendiumofprice,https://nppa.gov.in/storage/uploads/pdf/Compendium-Prices-2022pdf-464b22085495ff4e3f8700c0e00cf45d.pdf,2026-08-04T09:01:12+00:00,statutory ceiling under DPCO 2013
Warfarin,10.2.6,Tablet 2 mg,1 Tablet,2.96,1499(E),30.03.2022,NPPA Compendium of Prices 2022 (ceiling prices under DPCO 2013),https://nppa.gov.in/en/compendiumofprice,https://nppa.gov.in/storage/uploads/pdf/Compendium-Prices-2022pdf-464b22085495ff4e3f8700c0e00cf45d.pdf,2026-08-04T09:01:12+00:00,statutory ceiling under DPCO 2013
Warfarin,10.2.6,Tablet 3 mg,1 Tablet,3.47,1499(E),30.03.2022,NPPA Compendium of Prices 2022 (ceiling prices under DPCO 2013),https://nppa.gov.in/en/compendiumofprice,https://nppa.gov.in/storage/uploads/pdf/Compendium-Prices-2022pdf-464b22085495ff4e3f8700c0e00cf45d.pdf,2026-08-04T09:01:12+00:00,statutory ceiling under DPCO 2013
Warfarin,10.2.6,Tablet 5 mg,1 Tablet,2.61,1499(E),30.03.2022,NPPA Compendium of Prices 2022 (ceiling prices under DPCO 2013),https://nppa.gov.in/en/compendiumofprice,https://nppa.gov.in/storage/uploads/pdf/Compendium-Prices-2022pdf-464b22085495ff4e3f8700c0e00cf45d.pdf,2026-08-04T09:01:12+00:00,statutory ceiling under DPCO 2013
Fresh frozen plasma As licensed 11.1.2 Platelet rich plasma As licensed 11.1.3 Red blood cells As licensed 11.1.4 Whole blood As licensed 11.2.1 Dextran-40,11.1.1,Injection 10%,1 ml,0.94,1499(E),30.03.2022,NPPA Compendium of Prices 2022 (ceiling prices under DPCO 2013),https://nppa.gov.in/en/compendiumofprice,https://nppa.gov.in/storage/uploads/pdf/Compendium-Prices-2022pdf-464b22085495ff4e3f8700c0e00cf45d.pdf,2026-08-04T09:01:12+00:00,statutory ceiling under DPCO 2013
Coagulation factor IX,11.3.1,Powder for Injection 600 IU,Each Pack,13680.58,1499(E),30.03.2022,NPPA Compendium of Prices 2022 (ceiling prices under DPCO 2013),https://nppa.gov.in/en/compendiumofprice,https://nppa.gov.in/storage/uploads/pdf/Compendium-Prices-2022pdf-464b22085495ff4e3f8700c0e00cf45d.pdf,2026-08-04T09:01:12+00:00,statutory ceiling under DPCO 2013
Coagulation factor VIII,11.3.2,Powder for Injection 250 IU,Each pack,4147.18,1499(E),30.03.2022,NPPA Compendium of Prices 2022 (ceiling prices under DPCO 2013),https://nppa.gov.in/en/compendiumofprice,https://nppa.gov.in/storage/uploads/pdf/Compendium-Prices-2022pdf-464b22085495ff4e3f8700c0e00cf45d.pdf,2026-08-04T09:01:12+00:00,statutory ceiling under DPCO 2013
Coagulation factor VIII,11.3.2,Powder for Injection 500 IU,Each Pack,10176.88,1499(E),30.03.2022,NPPA Compendium of Prices 2022 (ceiling prices under DPCO 2013),https://nppa.gov.in/en/compendiumofprice,https://nppa.gov.in/storage/uploads/pdf/Compendium-Prices-2022pdf-464b22085495ff4e3f8700c0e00cf45d.pdf,2026-08-04T09:01:12+00:00,statutory ceiling under DPCO 2013
Cryoprecipitate As licensed 12.1.1 Acetylsalicylic acid Effervescent/,11.3.3,Dispersible/ Enteric coated Tablet 100 mg,1 Tablet,0.2,1499(E),30.03.2022,NPPA Compendium of Prices 2022 (ceiling prices under DPCO 2013),https://nppa.gov.in/en/compendiumofprice,https://nppa.gov.in/storage/uploads/pdf/Compendium-Prices-2022pdf-464b22085495ff4e3f8700c0e00cf45d.pdf,2026-08-04T09:01:12+00:00,statutory ceiling under DPCO 2013
Cryoprecipitate As licensed 12.1.1 Acetylsalicylic acid Effervescent/,11.3.3,Effervescent/ Dispersible/ Enteric coated Tablet 150 mg,1 Tablet,1.34,1499(E),30.03.2022,NPPA Compendium of Prices 2022 (ceiling prices under DPCO 2013),https://nppa.gov.in/en/compendiumofprice,https://nppa.gov.in/storage/uploads/pdf/Compendium-Prices-2022pdf-464b22085495ff4e3f8700c0e00cf45d.pdf,2026-08-04T09:01:12+00:00,statutory ceiling under DPCO 2013
Cryoprecipitate As licensed 12.1.1 Acetylsalicylic acid Effervescent/,11.3.3,Effervescent/ Dispersible/Enteric coated Tablet 75 mg,1 Tablet,1.36,1499(E),30.03.2022,NPPA Compendium of Prices 2022 (ceiling prices under DPCO 2013),https://nppa.gov.in/en/compendiumofprice,https://nppa.gov.in/storage/uploads/pdf/Compendium-Prices-2022pdf-464b22085495ff4e3f8700c0e00cf45d.pdf,2026-08-04T09:01:12+00:00,statutory ceiling under DPCO 2013
Cryoprecipitate As licensed 12.1.1 Acetylsalicylic acid Effervescent/,11.3.3,Tablet 100 mg,1 Tablet,0.19,1499(E),30.03.2022,NPPA Compendium of Prices 2022 (ceiling prices under DPCO 2013),https://nppa.gov.in/en/compendiumofprice,https://nppa.gov.in/storage/uploads/pdf/Compendium-Prices-2022pdf-464b22085495ff4e3f8700c0e00cf45d.pdf,2026-08-04T09:01:12+00:00,statutory ceiling under DPCO 2013
Cryoprecipitate As licensed 12.1.1 Acetylsalicylic acid Effervescent/,11.3.3,Tablet 150 mg,1 Tablet,0.45,1499(E),30.03.2022,NPPA Compendium of Prices 2022 (ceiling prices under DPCO 2013),https://nppa.gov.in/en/compendiumofprice,https://nppa.gov.in/storage/uploads/pdf/Compendium-Prices-2022pdf-464b22085495ff4e3f8700c0e00cf45d.pdf,2026-08-04T09:01:12+00:00,statutory ceiling under DPCO 2013
Cryoprecipitate As licensed 12.1.1 Acetylsalicylic acid Effervescent/,11.3.3,Tablet 325mg,1 Tablet,0.61,1499(E),30.03.2022,NPPA Compendium of Prices 2022 (ceiling prices under DPCO 2013),https://nppa.gov.in/en/compendiumofprice,https://nppa.gov.in/storage/uploads/pdf/Compendium-Prices-2022pdf-464b22085495ff4e3f8700c0e00cf45d.pdf,2026-08-04T09:01:12+00:00,statutory ceiling under DPCO 2013
Cryoprecipitate As licensed 12.1.1 Acetylsalicylic acid Effervescent/,11.3.3,Tablet 350mg,1 Tablet,0.34,1499(E),30.03.2022,NPPA Compendium of Prices 2022 (ceiling prices under DPCO 2013),https://nppa.gov.in/en/compendiumofprice,https://nppa.gov.in/storage/uploads/pdf/Compendium-Prices-2022pdf-464b22085495ff4e3f8700c0e00cf45d.pdf,2026-08-04T09:01:12+00:00,statutory ceiling under DPCO 2013
Cryoprecipitate As licensed 12.1.1 Acetylsalicylic acid Effervescent/,11.3.3,Tablet 75 mg,1 Tablet,0.34,1499(E),30.03.2022,NPPA Compendium of Prices 2022 (ceiling prices under DPCO 2013),https://nppa.gov.in/en/compendiumofprice,https://nppa.gov.in/storage/uploads/pdf/Compendium-Prices-2022pdf-464b22085495ff4e3f8700c0e00cf45d.pdf,2026-08-04T09:01:12+00:00,statutory ceiling under DPCO 2013
Clopidogrel,12.1.2,Tablet 75 mg,1 Tablet,7.72,1499(E),30.03.2022,NPPA Compendium of Prices 2022 (ceiling prices under DPCO 2013),https://nppa.gov.in/en/compendiumofprice,https://nppa.gov.in/storage/uploads/pdf/Compendium-Prices-2022pdf-464b22085495ff4e3f8700c0e00cf45d.pdf,2026-08-04T09:01:12+00:00,statutory ceiling under DPCO 2013
Diltiazem,12.1.3,Capsule 90 mg,1 Capsule,10.67,1499(E),30.03.2022,NPPA Compendium of Prices 2022 (ceiling prices under DPCO 2013),https://nppa.gov.in/en/compendiumofprice,https://nppa.gov.in/storage/uploads/pdf/Compendium-Prices-2022pdf-464b22085495ff4e3f8700c0e00cf45d.pdf,2026-08-04T09:01:12+00:00,statutory ceiling under DPCO 2013
Diltiazem,12.1.3,SR Tablet 90 mg,1 Tablet,10.36,1499(E),30.03.2022,NPPA Compendium of Prices 2022 (ceiling prices under DPCO 2013),https://nppa.gov.in/en/compendiumofprice,https://nppa.gov.in/storage/uploads/pdf/Compendium-Prices-2022pdf-464b22085495ff4e3f8700c0e00cf45d.pdf,2026-08-04T09:01:12+00:00,statutory ceiling under DPCO 2013
Diltiazem,12.1.3,Tablet 30 mg,1 Tablet,2.66,1499(E),30.03.2022,NPPA Compendium of Prices 2022 (ceiling prices under DPCO 2013),https://nppa.gov.in/en/compendiumofprice,https://nppa.gov.in/storage/uploads/pdf/Compendium-Prices-2022pdf-464b22085495ff4e3f8700c0e00cf45d.pdf,2026-08-04T09:01:12+00:00,statutory ceiling under DPCO 2013
Diltiazem,12.1.3,Tablet 60 mg,1 Tablet,5.43,1499(E),30.03.2022,NPPA Compendium of Prices 2022 (ceiling prices under DPCO 2013),https://nppa.gov.in/en/compendiumofprice,https://nppa.gov.in/storage/uploads/pdf/Compendium-Prices-2022pdf-464b22085495ff4e3f8700c0e00cf45d.pdf,2026-08-04T09:01:12+00:00,statutory ceiling under DPCO 2013
Glyceryl trinitrate Sublingual,12.1.4,tablet 0.5 mg,1 Tablet,2.0,1499(E),30.03.2022,NPPA Compendium of Prices 2022 (ceiling prices under DPCO 2013),https://nppa.gov.in/en/compendiumofprice,https://nppa.gov.in/storage/uploads/pdf/Compendium-Prices-2022pdf-464b22085495ff4e3f8700c0e00cf45d.pdf,2026-08-04T09:01:12+00:00,statutory ceiling under DPCO 2013
Glyceryl trinitrate Sublingual,12.1.4,Injection 5 mg/ml,1 ml,7.29,1499(E),30.03.2022,NPPA Compendium of Prices 2022 (ceiling prices under DPCO 2013),https://nppa.gov.in/en/compendiumofprice,https://nppa.gov.in/storage/uploads/pdf/Compendium-Prices-2022pdf-464b22085495ff4e3f8700c0e00cf45d.pdf,2026-08-04T09:01:12+00:00,statutory ceiling under DPCO 2013
Glyceryl trinitrate Sublingual,12.1.4,Tablet 10 mg 12.1.5 Isosorbide-5-mononitrateSR Capsule 30 mg,1 Capsule,3.89,1499(E),30.03.2022,NPPA Compendium of Prices 2022 (ceiling prices under DPCO 2013),https://nppa.gov.in/en/compendiumofprice,https://nppa.gov.in/storage/uploads/pdf/Compendium-Prices-2022pdf-464b22085495ff4e3f8700c0e00cf45d.pdf,2026-08-04T09:01:12+00:00,statutory ceiling under DPCO 2013
Glyceryl trinitrate Sublingual,12.1.4,SR Capsule 60 mg,1 Capsule,3.87,1499(E),30.03.2022,NPPA Compendium of Prices 2022 (ceiling prices under DPCO 2013),https://nppa.gov.in/en/compendiumofprice,https://nppa.gov.in/storage/uploads/pdf/Compendium-Prices-2022pdf-464b22085495ff4e3f8700c0e00cf45d.pdf,2026-08-04T09:01:12+00:00,statutory ceiling under DPCO 2013
Glyceryl trinitrate Sublingual,12.1.4,SR Tablet 30 mg,1 Tablet,5.44,1499(E),30.03.2022,NPPA Compendium of Prices 2022 (ceiling prices under DPCO 2013),https://nppa.gov.in/en/compendiumofprice,https://nppa.gov.in/storage/uploads/pdf/Compendium-Prices-2022pdf-464b22085495ff4e3f8700c0e00cf45d.pdf,2026-08-04T09:01:12+00:00,statutory ceiling under DPCO 2013
Glyceryl trinitrate Sublingual,12.1.4,SR Tablet 60 mg,1 Tablet,7.09,1499(E),30.03.2022,NPPA Compendium of Prices 2022 (ceiling prices under DPCO 2013),https://nppa.gov.in/en/compendiumofprice,https://nppa.gov.in/storage/uploads/pdf/Compendium-Prices-2022pdf-464b22085495ff4e3f8700c0e00cf45d.pdf,2026-08-04T09:01:12+00:00,statutory ceiling under DPCO 2013
Glyceryl trinitrate Sublingual,12.1.4,Tablet 10 mg,1 Tablet,2.18,1499(E),30.03.2022,NPPA Compendium of Prices 2022 (ceiling prices under DPCO 2013),https://nppa.gov.in/en/compendiumofprice,https://nppa.gov.in/storage/uploads/pdf/Compendium-Prices-2022pdf-464b22085495ff4e3f8700c0e00cf45d.pdf,2026-08-04T09:01:12+00:00,statutory ceiling under DPCO 2013
Glyceryl trinitrate Sublingual,12.1.4,Tablet 20 mg,1 Tablet,3.64,1499(E),30.03.2022,NPPA Compendium of Prices 2022 (ceiling prices under DPCO 2013),https://nppa.gov.in/en/compendiumofprice,https://nppa.gov.in/storage/uploads/pdf/Compendium-Prices-2022pdf-464b22085495ff4e3f8700c0e00cf45d.pdf,2026-08-04T09:01:12+00:00,statutory ceiling under DPCO 2013
Isosorbide dinitrate,12.1.6,Tablet 10 mg,1 Tablet,0.81,1499(E),30.03.2022,NPPA Compendium of Prices 2022 (ceiling prices under DPCO 2013),https://nppa.gov.in/en/compendiumofprice,https://nppa.gov.in/storage/uploads/pdf/Compendium-Prices-2022pdf-464b22085495ff4e3f8700c0e00cf45d.pdf,2026-08-04T09:01:12+00:00,statutory ceiling under DPCO 2013
Isosorbide dinitrate,12.1.6,Tablet 5 mg,1 Tablet,0.83,1499(E),30.03.2022,NPPA Compendium of Prices 2022 (ceiling prices under DPCO 2013),https://nppa.gov.in/en/compendiumofprice,https://nppa.gov.in/storage/uploads/pdf/Compendium-Prices-2022pdf-464b22085495ff4e3f8700c0e00cf45d.pdf,2026-08-04T09:01:12+00:00,statutory ceiling under DPCO 2013
Metoprolol,12.1.7,Capsule 25 mg,1 Capsule,4.7,1499(E),30.03.2022,NPPA Compendium of Prices 2022 (ceiling prices under DPCO 2013),https://nppa.gov.in/en/compendiumofprice,https://nppa.gov.in/storage/uploads/pdf/Compendium-Prices-2022pdf-464b22085495ff4e3f8700c0e00cf45d.pdf,2026-08-04T09:01:12+00:00,statutory ceiling under DPCO 2013
Metoprolol,12.1.7,Capsule 50 mg,1 Capsule,7.16,1499(E),30.03.2022,NPPA Compendium of Prices 2022 (ceiling prices under DPCO 2013),https://nppa.gov.in/en/compendiumofprice,https://nppa.gov.in/storage/uploads/pdf/Compendium-Prices-2022pdf-464b22085495ff4e3f8700c0e00cf45d.pdf,2026-08-04T09:01:12+00:00,statutory ceiling under DPCO 2013
Metoprolol,12.1.7,SR Tablet 25 mg,1 Tablet,4.47,1499(E),30.03.2022,NPPA Compendium of Prices 2022 (ceiling prices under DPCO 2013),https://nppa.gov.in/en/compendiumofprice,https://nppa.gov.in/storage/uploads/pdf/Compendium-Prices-2022pdf-464b22085495ff4e3f8700c0e00cf45d.pdf,2026-08-04T09:01:12+00:00,statutory ceiling under DPCO 2013
Metoprolol,12.1.7,SR Tablet 50 mg,1 Tablet,6.41,1499(E),30.03.2022,NPPA Compendium of Prices 2022 (ceiling prices under DPCO 2013),https://nppa.gov.in/en/compendiumofprice,https://nppa.gov.in/storage/uploads/pdf/Compendium-Prices-2022pdf-464b22085495ff4e3f8700c0e00cf45d.pdf,2026-08-04T09:01:12+00:00,statutory ceiling under DPCO 2013
Metoprolol,12.1.7,Tablet 25 mg,1 Tablet,3.46,1499(E),30.03.2022,NPPA Compendium of Prices 2022 (ceiling prices under DPCO 2013),https://nppa.gov.in/en/compendiumofprice,https://nppa.gov.in/storage/uploads/pdf/Compendium-Prices-2022pdf-464b22085495ff4e3f8700c0e00cf45d.pdf,2026-08-04T09:01:12+00:00,statutory ceiling under DPCO 2013
Metoprolol,12.1.7,Tablet 50 mg,1 Tablet,5.24,1499(E),30.03.2022,NPPA Compendium of Prices 2022 (ceiling prices under DPCO 2013),https://nppa.gov.in/en/compendiumofprice,https://nppa.gov.in/storage/uploads/pdf/Compendium-Prices-2022pdf-464b22085495ff4e3f8700c0e00cf45d.pdf,2026-08-04T09:01:12+00:00,statutory ceiling under DPCO 2013
Adenosine,12.2.1,Injection 3 mg/ml,1 ml,109.33,1499(E),30.03.2022,NPPA Compendium of Prices 2022 (ceiling prices under DPCO 2013),https://nppa.gov.in/en/compendiumofprice,https://nppa.gov.in/storage/uploads/pdf/Compendium-Prices-2022pdf-464b22085495ff4e3f8700c0e00cf45d.pdf,2026-08-04T09:01:12+00:00,statutory ceiling under DPCO 2013
Amiodarone,12.2.2,Injection 50 mg/ml,1 ml,24.77,1499(E),30.03.2022,NPPA Compendium of Prices 2022 (ceiling prices under DPCO 2013),https://nppa.gov.in/en/compendiumofprice,https://nppa.gov.in/storage/uploads/pdf/Compendium-Prices-2022pdf-464b22085495ff4e3f8700c0e00cf45d.pdf,2026-08-04T09:01:12+00:00,statutory ceiling under DPCO 2013
Amiodarone,12.2.2,Tablet 100 mg,1 Tablet,6.35,1499(E),30.03.2022,NPPA Compendium of Prices 2022 (ceiling prices under DPCO 2013),https://nppa.gov.in/en/compendiumofprice,https://nppa.gov.in/storage/uploads/pdf/Compendium-Prices-2022pdf-464b22085495ff4e3f8700c0e00cf45d.pdf,2026-08-04T09:01:12+00:00,statutory ceiling under DPCO 2013
Amiodarone,12.2.2,Tablet 200 mg,1 Tablet,12.57,1499(E),30.03.2022,NPPA Compendium of Prices 2022 (ceiling prices under DPCO 2013),https://nppa.gov.in/en/compendiumofprice,https://nppa.gov.in/storage/uploads/pdf/Compendium-Prices-2022pdf-464b22085495ff4e3f8700c0e00cf45d.pdf,2026-08-04T09:01:12+00:00,statutory ceiling under DPCO 2013
Esmolol,12.2.3,Injection 10 mg/ml,1 ml,24.06,1499(E),30.03.2022,NPPA Compendium of Prices 2022 (ceiling prices under DPCO 2013),https://nppa.gov.in/en/compendiumofprice,https://nppa.gov.in/storage/uploads/pdf/Compendium-Prices-2022pdf-464b22085495ff4e3f8700c0e00cf45d.pdf,2026-08-04T09:01:12+00:00,statutory ceiling under DPCO 2013
Lignocaine,12.2.4,Injection 2%,1 ml,1.1,1499(E),30.03.2022,NPPA Compendium of Prices 2022 (ceiling prices under DPCO 2013),https://nppa.gov.in/en/compendiumofprice,https://nppa.gov.in/storage/uploads/pdf/Compendium-Prices-2022pdf-464b22085495ff4e3f8700c0e00cf45d.pdf,2026-08-04T09:01:12+00:00,statutory ceiling under DPCO 2013
Lignocaine,12.2.4,Injection 2%(Preservative free for IV use),1 ml,1.09,1499(E),30.03.2022,NPPA Compendium of Prices 2022 (ceiling prices under DPCO 2013),https://nppa.gov.in/en/compendiumofprice,https://nppa.gov.in/storage/uploads/pdf/Compendium-Prices-2022pdf-464b22085495ff4e3f8700c0e00cf45d.pdf,2026-08-04T09:01:12+00:00,statutory ceiling under DPCO 2013
Lignocaine,12.2.4,Injection 1%,Each Pack,8.82,1499(E),30.03.2022,NPPA Compendium of Prices 2022 (ceiling prices under DPCO 2013),https://nppa.gov.in/en/compendiumofprice,https://nppa.gov.in/storage/uploads/pdf/Compendium-Prices-2022pdf-464b22085495ff4e3f8700c0e00cf45d.pdf,2026-08-04T09:01:12+00:00,statutory ceiling under DPCO 2013
Lignocaine,12.2.4,Topical Forms 2-5% 1 gm or,1 ml,1.2,1499(E),30.03.2022,NPPA Compendium of Prices 2022 (ceiling prices under DPCO 2013),https://nppa.gov.in/en/compendiumofprice,https://nppa.gov.in/storage/uploads/pdf/Compendium-Prices-2022pdf-464b22085495ff4e3f8700c0e00cf45d.pdf,2026-08-04T09:01:12+00:00,statutory ceiling under DPCO 2013
Lignocaine,12.2.4,Injection 5% with 7.5% Glucose,1 ml,4.09,1499(E),30.03.2022,NPPA Compendium of Prices 2022 (ceiling prices under DPCO 2013),https://nppa.gov.in/en/compendiumofprice,https://nppa.gov.in/storage/uploads/pdf/Compendium-Prices-2022pdf-464b22085495ff4e3f8700c0e00cf45d.pdf,2026-08-04T09:01:12+00:00,statutory ceiling under DPCO 2013
Verapamil,12.2.5,Injection 2.5 mg/ml,1 ml,1.3,1499(E),30.03.2022,NPPA Compendium of Prices 2022 (ceiling prices under DPCO 2013),https://nppa.gov.in/en/compendiumofprice,https://nppa.gov.in/storage/uploads/pdf/Compendium-Prices-2022pdf-464b22085495ff4e3f8700c0e00cf45d.pdf,2026-08-04T09:01:12+00:00,statutory ceiling under DPCO 2013
Verapamil,12.2.5,Tablet 40 mg,1 Tablet,0.82,1499(E),30.03.2022,NPPA Compendium of Prices 2022 (ceiling prices under DPCO 2013),https://nppa.gov.in/en/compendiumofprice,https://nppa.gov.in/storage/uploads/pdf/Compendium-Prices-2022pdf-464b22085495ff4e3f8700c0e00cf45d.pdf,2026-08-04T09:01:12+00:00,statutory ceiling under DPCO 2013
Verapamil,12.2.5,Tablet 80 mg,1 Tablet,1.55,1499(E),30.03.2022,NPPA Compendium of Prices 2022 (ceiling prices under DPCO 2013),https://nppa.gov.in/en/compendiumofprice,https://nppa.gov.in/storage/uploads/pdf/Compendium-Prices-2022pdf-464b22085495ff4e3f8700c0e00cf45d.pdf,2026-08-04T09:01:12+00:00,statutory ceiling under DPCO 2013
Amlodipine,12.3.1,Tablet 10 mg,1 Tablet,5.63,1499(E),30.03.2022,NPPA Compendium of Prices 2022 (ceiling prices under DPCO 2013),https://nppa.gov.in/en/compendiumofprice,https://nppa.gov.in/storage/uploads/pdf/Compendium-Prices-2022pdf-464b22085495ff4e3f8700c0e00cf45d.pdf,2026-08-04T09:01:12+00:00,statutory ceiling under DPCO 2013
Amlodipine,12.3.1,Tablet 2.5 mg,1 Tablet,1.84,1499(E),30.03.2022,NPPA Compendium of Prices 2022 (ceiling prices under DPCO 2013),https://nppa.gov.in/en/compendiumofprice,https://nppa.gov.in/storage/uploads/pdf/Compendium-Prices-2022pdf-464b22085495ff4e3f8700c0e00cf45d.pdf,2026-08-04T09:01:12+00:00,statutory ceiling under DPCO 2013
Amlodipine,12.3.1,Tablet 5mg,1 Tablet,2.89,1499(E),30.03.2022,NPPA Compendium of Prices 2022 (ceiling prices under DPCO 2013),https://nppa.gov.in/en/compendiumofprice,https://nppa.gov.in/storage/uploads/pdf/Compendium-Prices-2022pdf-464b22085495ff4e3f8700c0e00cf45d.pdf,2026-08-04T09:01:12+00:00,statutory ceiling under DPCO 2013
Atenolol,12.3.2,Tablet 100 mg,1 Tablet,3.87,1499(E),30.03.2022,NPPA Compendium of Prices 2022 (ceiling prices under DPCO 2013),https://nppa.gov.in/en/compendiumofprice,https://nppa.gov.in/storage/uploads/pdf/Compendium-Prices-2022pdf-464b22085495ff4e3f8700c0e00cf45d.pdf,2026-08-04T09:01:12+00:00,statutory ceiling under DPCO 2013
Atenolol,12.3.2,Tablet 50 mg,1 Tablet,1.98,1499(E),30.03.2022,NPPA Compendium of Prices 2022 (ceiling prices under DPCO 2013),https://nppa.gov.in/en/compendiumofprice,https://nppa.gov.in/storage/uploads/pdf/Compendium-Prices-2022pdf-464b22085495ff4e3f8700c0e00cf45d.pdf,2026-08-04T09:01:12+00:00,statutory ceiling under DPCO 2013
Enalapril,12.3.3,Tablet 2.5 mg,1 Tablet,2.15,1499(E),30.03.2022,NPPA Compendium of Prices 2022 (ceiling prices under DPCO 2013),https://nppa.gov.in/en/compendiumofprice,https://nppa.gov.in/storage/uploads/pdf/Compendium-Prices-2022pdf-464b22085495ff4e3f8700c0e00cf45d.pdf,2026-08-04T09:01:12+00:00,statutory ceiling under DPCO 2013
Enalapril,12.3.3,Tablet 5 mg,1 Tablet,3.57,1499(E),30.03.2022,NPPA Compendium of Prices 2022 (ceiling prices under DPCO 2013),https://nppa.gov.in/en/compendiumofprice,https://nppa.gov.in/storage/uploads/pdf/Compendium-Prices-2022pdf-464b22085495ff4e3f8700c0e00cf45d.pdf,2026-08-04T09:01:12+00:00,statutory ceiling under DPCO 2013
Hydrochlorothiazide,12.3.4,Tablet 12.5 mg,1 Tablet,1.1,1499(E),30.03.2022,NPPA Compendium of Prices 2022 (ceiling prices under DPCO 2013),https://nppa.gov.in/en/compendiumofprice,https://nppa.gov.in/storage/uploads/pdf/Compendium-Prices-2022pdf-464b22085495ff4e3f8700c0e00cf45d.pdf,2026-08-04T09:01:12+00:00,statutory ceiling under DPCO 2013
Hydrochlorothiazide,12.3.4,Tablet 25 mg,1 Tablet,1.87,1499(E),30.03.2022,NPPA Compendium of Prices 2022 (ceiling prices under DPCO 2013),https://nppa.gov.in/en/compendiumofprice,https://nppa.gov.in/storage/uploads/pdf/Compendium-Prices-2022pdf-464b22085495ff4e3f8700c0e00cf45d.pdf,2026-08-04T09:01:12+00:00,statutory ceiling under DPCO 2013
Hydrochlorothiazide,12.3.4,Tablet 50 mg,1 Tablet,0.09,1499(E),30.03.2022,NPPA Compendium of Prices 2022 (ceiling prices under DPCO 2013),https://nppa.gov.in/en/compendiumofprice,https://nppa.gov.in/storage/uploads/pdf/Compendium-Prices-2022pdf-464b22085495ff4e3f8700c0e00cf45d.pdf,2026-08-04T09:01:12+00:00,statutory ceiling under DPCO 2013
Labetalol,12.3.5,Injection 5 mg/ml,1 ml,56.28,1499(E),30.03.2022,NPPA Compendium of Prices 2022 (ceiling prices under DPCO 2013),https://nppa.gov.in/en/compendiumofprice,https://nppa.gov.in/storage/uploads/pdf/Compendium-Prices-2022pdf-464b22085495ff4e3f8700c0e00cf45d.pdf,2026-08-04T09:01:12+00:00,statutory ceiling under DPCO 2013
Methyldopa,12.3.6,Tablet 250 mg,1 Tablet,2.71,1499(E),30.03.2022,NPPA Compendium of Prices 2022 (ceiling prices under DPCO 2013),https://nppa.gov.in/en/compendiumofprice,https://nppa.gov.in/storage/uploads/pdf/Compendium-Prices-2022pdf-464b22085495ff4e3f8700c0e00cf45d.pdf,2026-08-04T09:01:12+00:00,statutory ceiling under DPCO 2013
Methyldopa,12.3.6,Tablet 500 mg,1 Tablet,5.21,1499(E),30.03.2022,NPPA Compendium of Prices 2022 (ceiling prices under DPCO 2013),https://nppa.gov.in/en/compendiumofprice,https://nppa.gov.in/storage/uploads/pdf/Compendium-Prices-2022pdf-464b22085495ff4e3f8700c0e00cf45d.pdf,2026-08-04T09:01:12+00:00,statutory ceiling under DPCO 2013
Ramipril,12.3.7,Capsule 2.5 mg,1 Capsule,5.26,1499(E),30.03.2022,NPPA Compendium of Prices 2022 (ceiling prices under DPCO 2013),https://nppa.gov.in/en/compendiumofprice,https://nppa.gov.in/storage/uploads/pdf/Compendium-Prices-2022pdf-464b22085495ff4e3f8700c0e00cf45d.pdf,2026-08-04T09:01:12+00:00,statutory ceiling under DPCO 2013
Ramipril,12.3.7,Capsule 5 mg,1 Capsule,8.21,1499(E),30.03.2022,NPPA Compendium of Prices 2022 (ceiling prices under DPCO 2013),https://nppa.gov.in/en/compendiumofprice,https://nppa.gov.in/storage/uploads/pdf/Compendium-Prices-2022pdf-464b22085495ff4e3f8700c0e00cf45d.pdf,2026-08-04T09:01:12+00:00,statutory ceiling under DPCO 2013
Ramipril,12.3.7,Tablet 2.5 mg,1 Tablet,5.53,1499(E),30.03.2022,NPPA Compendium of Prices 2022 (ceiling prices under DPCO 2013),https://nppa.gov.in/en/compendiumofprice,https://nppa.gov.in/storage/uploads/pdf/Compendium-Prices-2022pdf-464b22085495ff4e3f8700c0e00cf45d.pdf,2026-08-04T09:01:12+00:00,statutory ceiling under DPCO 2013
Ramipril,12.3.7,Tablet 5 mg,1 Tablet,8.7,1499(E),30.03.2022,NPPA Compendium of Prices 2022 (ceiling prices under DPCO 2013),https://nppa.gov.in/en/compendiumofprice,https://nppa.gov.in/storage/uploads/pdf/Compendium-Prices-2022pdf-464b22085495ff4e3f8700c0e00cf45d.pdf,2026-08-04T09:01:12+00:00,statutory ceiling under DPCO 2013
Sodium nitroprusside,12.3.8,Injection 10 mg/ml,1 ml,28.67,1499(E),30.03.2022,NPPA Compendium of Prices 2022 (ceiling prices under DPCO 2013),https://nppa.gov.in/en/compendiumofprice,https://nppa.gov.in/storage/uploads/pdf/Compendium-Prices-2022pdf-464b22085495ff4e3f8700c0e00cf45d.pdf,2026-08-04T09:01:12+00:00,statutory ceiling under DPCO 2013
Sodium nitroprusside,12.3.8,Tablet 40 mg,1 Tablet,7.32,1499(E),30.03.2022,NPPA Compendium of Prices 2022 (ceiling prices under DPCO 2013),https://nppa.gov.in/en/compendiumofprice,https://nppa.gov.in/storage/uploads/pdf/Compendium-Prices-2022pdf-464b22085495ff4e3f8700c0e00cf45d.pdf,2026-08-04T09:01:12+00:00,statutory ceiling under DPCO 2013
Sodium nitroprusside,12.3.8,Tablet 80 mg,1 Tablet,11.15,1499(E),30.03.2022,NPPA Compendium of Prices 2022 (ceiling prices under DPCO 2013),https://nppa.gov.in/en/compendiumofprice,https://nppa.gov.in/storage/uploads/pdf/Compendium-Prices-2022pdf-464b22085495ff4e3f8700c0e00cf45d.pdf,2026-08-04T09:01:12+00:00,statutory ceiling under DPCO 2013
Digoxin,12.4.1,Injection 0.25 mg/ml,1 ml,3.7,1499(E),30.03.2022,NPPA Compendium of Prices 2022 (ceiling prices under DPCO 2013),https://nppa.gov.in/en/compendiumofprice,https://nppa.gov.in/storage/uploads/pdf/Compendium-Prices-2022pdf-464b22085495ff4e3f8700c0e00cf45d.pdf,2026-08-04T09:01:12+00:00,statutory ceiling under DPCO 2013
Digoxin,12.4.1,Oral liquid 0.05 mg/ml,1 ml,1.41,1499(E),30.03.2022,NPPA Compendium of Prices 2022 (ceiling prices under DPCO 2013),https://nppa.gov.in/en/compendiumofprice,https://nppa.gov.in/storage/uploads/pdf/Compendium-Prices-2022pdf-464b22085495ff4e3f8700c0e00cf45d.pdf,2026-08-04T09:01:12+00:00,statutory ceiling under DPCO 2013
Digoxin,12.4.1,Tablet 0.25 mg,1 Tablet,1.33,1499(E),30.03.2022,NPPA Compendium of Prices 2022 (ceiling prices under DPCO 2013),https://nppa.gov.in/en/compendiumofprice,https://nppa.gov.in/storage/uploads/pdf/Compendium-Prices-2022pdf-464b22085495ff4e3f8700c0e00cf45d.pdf,2026-08-04T09:01:12+00:00,statutory ceiling under DPCO 2013
Dobutamine,12.4.2,Injection 50 mg/ml,Each Pack,41.64,1499(E),30.03.2022,NPPA Compendium of Prices 2022 (ceiling prices under DPCO 2013),https://nppa.gov.in/en/compendiumofprice,https://nppa.gov.in/storage/uploads/pdf/Compendium-Prices-2022pdf-464b22085495ff4e3f8700c0e00cf45d.pdf,2026-08-04T09:01:12+00:00,statutory ceiling under DPCO 2013
Dopamine,12.4.3,Injection 40 mg/ml,1 ml,6.27,1499(E),30.03.2022,NPPA Compendium of Prices 2022 (ceiling prices under DPCO 2013),https://nppa.gov.in/en/compendiumofprice,https://nppa.gov.in/storage/uploads/pdf/Compendium-Prices-2022pdf-464b22085495ff4e3f8700c0e00cf45d.pdf,2026-08-04T09:01:12+00:00,statutory ceiling under DPCO 2013
Noradrenaline,12.4.4,Injection 2 mg/ml,1 ml,28.61,1499(E),30.03.2022,NPPA Compendium of Prices 2022 (ceiling prices under DPCO 2013),https://nppa.gov.in/en/compendiumofprice,https://nppa.gov.in/storage/uploads/pdf/Compendium-Prices-2022pdf-464b22085495ff4e3f8700c0e00cf45d.pdf,2026-08-04T09:01:12+00:00,statutory ceiling under DPCO 2013
Acetylsalicylic acid,12.5.1,Tablet 75 mg,1 Tablet,0.34,1499(E),30.03.2022,NPPA Compendium of Prices 2022 (ceiling prices under DPCO 2013),https://nppa.gov.in/en/compendiumofprice,https://nppa.gov.in/storage/uploads/pdf/Compendium-Prices-2022pdf-464b22085495ff4e3f8700c0e00cf45d.pdf,2026-08-04T09:01:12+00:00,statutory ceiling under DPCO 2013
Acetylsalicylic acid,12.5.1,Effervescent/ Dispersible/ Enteric coated Tablet 75 mg,1 Tablet,1.36,1499(E),30.03.2022,NPPA Compendium of Prices 2022 (ceiling prices under DPCO 2013),https://nppa.gov.in/en/compendiumofprice,https://nppa.gov.in/storage/uploads/pdf/Compendium-Prices-2022pdf-464b22085495ff4e3f8700c0e00cf45d.pdf,2026-08-04T09:01:12+00:00,statutory ceiling under DPCO 2013
Acetylsalicylic acid,12.5.1,Tablet 100 mg,1 Tablet,0.19,1499(E),30.03.2022,NPPA Compendium of Prices 2022 (ceiling prices under DPCO 2013),https://nppa.gov.in/en/compendiumofprice,https://nppa.gov.in/storage/uploads/pdf/Compendium-Prices-2022pdf-464b22085495ff4e3f8700c0e00cf45d.pdf,2026-08-04T09:01:12+00:00,statutory ceiling under DPCO 2013
Acetylsalicylic acid,12.5.1,Effervescent/ Dispersible/ Enteric coated Tablet 100 mg,1 Tablet,0.2,1499(E),30.03.2022,NPPA Compendium of Prices 2022 (ceiling prices under DPCO 2013),https://nppa.gov.in/en/compendiumofprice,https://nppa.gov.in/storage/uploads/pdf/Compendium-Prices-2022pdf-464b22085495ff4e3f8700c0e00cf45d.pdf,2026-08-04T09:01:12+00:00,statutory ceiling under DPCO 2013
Acetylsalicylic acid,12.5.1,Tablet 150 mg,1 Tablet,0.45,1499(E),30.03.2022,NPPA Compendium of Prices 2022 (ceiling prices under DPCO 2013),https://nppa.gov.in/en/compendiumofprice,https://nppa.gov.in/storage/uploads/pdf/Compendium-Prices-2022pdf-464b22085495ff4e3f8700c0e00cf45d.pdf,2026-08-04T09:01:12+00:00,statutory ceiling under DPCO 2013
Acetylsalicylic acid,12.5.1,Effervescent/ Dispersible/ Enteric coated Tablet 150 mg,1 Tablet,1.34,1499(E),30.03.2022,NPPA Compendium of Prices 2022 (ceiling prices under DPCO 2013),https://nppa.gov.in/en/compendiumofprice,https://nppa.gov.in/storage/uploads/pdf/Compendium-Prices-2022pdf-464b22085495ff4e3f8700c0e00cf45d.pdf,2026-08-04T09:01:12+00:00,statutory ceiling under DPCO 2013
Alteplase,12.5.2,Powder for Injection 20 mg,Each Pack,21089.89,1499(E),30.03.2022,NPPA Compendium of Prices 2022 (ceiling prices under DPCO 2013),https://nppa.gov.in/en/compendiumofprice,https://nppa.gov.in/storage/uploads/pdf/Compendium-Prices-2022pdf-464b22085495ff4e3f8700c0e00cf45d.pdf,2026-08-04T09:01:12+00:00,statutory ceiling under DPCO 2013
Alteplase,12.5.2,Powder for Injection 50 mg,Each Pack,44033.63,1499(E),30.03.2022,NPPA Compendium of Prices 2022 (ceiling prices under DPCO 2013),https://nppa.gov.in/en/compendiumofprice,https://nppa.gov.in/storage/uploads/pdf/Compendium-Prices-2022pdf-464b22085495ff4e3f8700c0e00cf45d.pdf,2026-08-04T09:01:12+00:00,statutory ceiling under DPCO 2013
Heparin,12.5.3,Injection 1000 IU/ml,1 ml,18.11,1499(E),30.03.2022,NPPA Compendium of Prices 2022 (ceiling prices under DPCO 2013),https://nppa.gov.in/en/compendiumofprice,https://nppa.gov.in/storage/uploads/pdf/Compendium-Prices-2022pdf-464b22085495ff4e3f8700c0e00cf45d.pdf,2026-08-04T09:01:12+00:00,statutory ceiling under DPCO 2013
Heparin,12.5.3,Injection 5000 IU/ml,1 ml,44.95,1499(E),30.03.2022,NPPA Compendium of Prices 2022 (ceiling prices under DPCO 2013),https://nppa.gov.in/en/compendiumofprice,https://nppa.gov.in/storage/uploads/pdf/Compendium-Prices-2022pdf-464b22085495ff4e3f8700c0e00cf45d.pdf,2026-08-04T09:01:12+00:00,statutory ceiling under DPCO 2013
Streptokinase,12.5.4,"Injection 750,000 IU",Each Pack,1397.88,1499(E),30.03.2022,NPPA Compendium of Prices 2022 (ceiling prices under DPCO 2013),https://nppa.gov.in/en/compendiumofprice,https://nppa.gov.in/storage/uploads/pdf/Compendium-Prices-2022pdf-464b22085495ff4e3f8700c0e00cf45d.pdf,2026-08-04T09:01:12+00:00,statutory ceiling under DPCO 2013
Streptokinase,12.5.4,"Injection 15,00,000 IU",Each Pack,1987.53,1499(E),30.03.2022,NPPA Compendium of Prices 2022 (ceiling prices under DPCO 2013),https://nppa.gov.in/en/compendiumofprice,https://nppa.gov.in/storage/uploads/pdf/Compendium-Prices-2022pdf-464b22085495ff4e3f8700c0e00cf45d.pdf,2026-08-04T09:01:12+00:00,statutory ceiling under DPCO 2013
Atorvastatin,12.6.1,Tablet 10 mg,1 Tablet,6.09,1499(E),30.03.2022,NPPA Compendium of Prices 2022 (ceiling prices under DPCO 2013),https://nppa.gov.in/en/compendiumofprice,https://nppa.gov.in/storage/uploads/pdf/Compendium-Prices-2022pdf-464b22085495ff4e3f8700c0e00cf45d.pdf,2026-08-04T09:01:12+00:00,statutory ceiling under DPCO 2013
Atorvastatin,12.6.1,Tablet 20 mg,1 Tablet,14.75,1499(E),30.03.2022,NPPA Compendium of Prices 2022 (ceiling prices under DPCO 2013),https://nppa.gov.in/en/compendiumofprice,https://nppa.gov.in/storage/uploads/pdf/Compendium-Prices-2022pdf-464b22085495ff4e3f8700c0e00cf45d.pdf,2026-08-04T09:01:12+00:00,statutory ceiling under DPCO 2013
Atorvastatin,12.6.1,Tablet 40 mg,1 Tablet,21.42,1499(E),30.03.2022,NPPA Compendium of Prices 2022 (ceiling prices under DPCO 2013),https://nppa.gov.in/en/compendiumofprice,https://nppa.gov.in/storage/uploads/pdf/Compendium-Prices-2022pdf-464b22085495ff4e3f8700c0e00cf45d.pdf,2026-08-04T09:01:12+00:00,statutory ceiling under DPCO 2013
Donepezil,13.1,Tablet 5 mg,1 Tablet,12.48,1499(E),30.03.2022,NPPA Compendium of Prices 2022 (ceiling prices under DPCO 2013),https://nppa.gov.in/en/compendiumofprice,https://nppa.gov.in/storage/uploads/pdf/Compendium-Prices-2022pdf-464b22085495ff4e3f8700c0e00cf45d.pdf,2026-08-04T09:01:12+00:00,statutory ceiling under DPCO 2013
Donepezil,13.1,Tablet 10 mg,1 Tablet,17.82,1499(E),30.03.2022,NPPA Compendium of Prices 2022 (ceiling prices under DPCO 2013),https://nppa.gov.in/en/compendiumofprice,https://nppa.gov.in/storage/uploads/pdf/Compendium-Prices-2022pdf-464b22085495ff4e3f8700c0e00cf45d.pdf,2026-08-04T09:01:12+00:00,statutory ceiling under DPCO 2013
Clotrimazole,14.1.1,Cream 1%,1 gm,3.23,1499(E),30.03.2022,NPPA Compendium of Prices 2022 (ceiling prices under DPCO 2013),https://nppa.gov.in/en/compendiumofprice,https://nppa.gov.in/storage/uploads/pdf/Compendium-Prices-2022pdf-464b22085495ff4e3f8700c0e00cf45d.pdf,2026-08-04T09:01:12+00:00,statutory ceiling under DPCO 2013
Framycetin,14.2.1,Cream 0.5%,1 gm,1.19,1834(E),18.04.2022,NPPA Compendium of Prices 2022 (ceiling prices under DPCO 2013),https://nppa.gov.in/en/compendiumofprice,https://nppa.gov.in/storage/uploads/pdf/Compendium-Prices-2022pdf-464b22085495ff4e3f8700c0e00cf45d.pdf,2026-08-04T09:01:12+00:00,statutory ceiling under DPCO 2013
Fusidic acid,14.2.2,Cream 2%,1 gm,10.14,1499(E),30.03.2022,NPPA Compendium of Prices 2022 (ceiling prices under DPCO 2013),https://nppa.gov.in/en/compendiumofprice,https://nppa.gov.in/storage/uploads/pdf/Compendium-Prices-2022pdf-464b22085495ff4e3f8700c0e00cf45d.pdf,2026-08-04T09:01:12+00:00,statutory ceiling under DPCO 2013
Methylrosaniliniu m chloride (Gentian Violet) Paint 1% 1 ml,14.2.3,,,0.09,1499(E),30.03.2022,NPPA Compendium of Prices 2022 (ceiling prices under DPCO 2013),https://nppa.gov.in/en/compendiumofprice,https://nppa.gov.in/storage/uploads/pdf/Compendium-Prices-2022pdf-464b22085495ff4e3f8700c0e00cf45d.pdf,2026-08-04T09:01:12+00:00,statutory ceiling under DPCO 2013
Povidone iodine,14.2.4,Solution 4% to 10% Scrub 7.5%,1 ml,1.78,1499(E),31.03.2021,NPPA Compendium of Prices 2022 (ceiling prices under DPCO 2013),https://nppa.gov.in/en/compendiumofprice,https://nppa.gov.in/storage/uploads/pdf/Compendium-Prices-2022pdf-464b22085495ff4e3f8700c0e00cf45d.pdf,2026-08-04T09:01:12+00:00,statutory ceiling under DPCO 2013
Povidone iodine,14.2.4,Ointment 10%,1 gm,5.78,1499(E),30.03.2022,NPPA Compendium of Prices 2022 (ceiling prices under DPCO 2013),https://nppa.gov.in/en/compendiumofprice,https://nppa.gov.in/storage/uploads/pdf/Compendium-Prices-2022pdf-464b22085495ff4e3f8700c0e00cf45d.pdf,2026-08-04T09:01:12+00:00,statutory ceiling under DPCO 2013
Povidone iodine,14.2.4,Solution 4%,1 ml,1.93,1499(E),30.03.2022,NPPA Compendium of Prices 2022 (ceiling prices under DPCO 2013),https://nppa.gov.in/en/compendiumofprice,https://nppa.gov.in/storage/uploads/pdf/Compendium-Prices-2022pdf-464b22085495ff4e3f8700c0e00cf45d.pdf,2026-08-04T09:01:12+00:00,statutory ceiling under DPCO 2013
Povidone iodine,14.2.4,Solution 7.5%,1 ml,0.85,1499(E),30.03.2022,NPPA Compendium of Prices 2022 (ceiling prices under DPCO 2013),https://nppa.gov.in/en/compendiumofprice,https://nppa.gov.in/storage/uploads/pdf/Compendium-Prices-2022pdf-464b22085495ff4e3f8700c0e00cf45d.pdf,2026-08-04T09:01:12+00:00,statutory ceiling under DPCO 2013
Povidone iodine,14.2.4,Solution 10%,1 ml,1.03,1499(E),30.03.2022,NPPA Compendium of Prices 2022 (ceiling prices under DPCO 2013),https://nppa.gov.in/en/compendiumofprice,https://nppa.gov.in/storage/uploads/pdf/Compendium-Prices-2022pdf-464b22085495ff4e3f8700c0e00cf45d.pdf,2026-08-04T09:01:12+00:00,statutory ceiling under DPCO 2013
Povidone iodine,14.2.4,Solution 5%,1 ml,0.43,1499(E),30.03.2022,NPPA Compendium of Prices 2022 (ceiling prices under DPCO 2013),https://nppa.gov.in/en/compendiumofprice,https://nppa.gov.in/storage/uploads/pdf/Compendium-Prices-2022pdf-464b22085495ff4e3f8700c0e00cf45d.pdf,2026-08-04T09:01:12+00:00,statutory ceiling under DPCO 2013
Silver sulphadiazine,14.2.5,Cream 1%,1 gm,0.56,1499(E),30.03.2022,NPPA Compendium of Prices 2022 (ceiling prices under DPCO 2013),https://nppa.gov.in/en/compendiumofprice,https://nppa.gov.in/storage/uploads/pdf/Compendium-Prices-2022pdf-464b22085495ff4e3f8700c0e00cf45d.pdf,2026-08-04T09:01:12+00:00,statutory ceiling under DPCO 2013
Silver sulphadiazine,14.2.5,Cream 0.1%,1 gm,0.93,1499(E),30.03.2022,NPPA Compendium of Prices 2022 (ceiling prices under DPCO 2013),https://nppa.gov.in/en/compendiumofprice,https://nppa.gov.in/storage/uploads/pdf/Compendium-Prices-2022pdf-464b22085495ff4e3f8700c0e00cf45d.pdf,2026-08-04T09:01:12+00:00,statutory ceiling under DPCO 2013
Silver sulphadiazine,14.2.5,Gel 0.05%,1 gm,0.59,1499(E),30.03.2022,NPPA Compendium of Prices 2022 (ceiling prices under DPCO 2013),https://nppa.gov.in/en/compendiumofprice,https://nppa.gov.in/storage/uploads/pdf/Compendium-Prices-2022pdf-464b22085495ff4e3f8700c0e00cf45d.pdf,2026-08-04T09:01:12+00:00,statutory ceiling under DPCO 2013
Silver sulphadiazine,14.2.5,Lotion 0.1%,1 ml,0.91,1499(E),30.03.2022,NPPA Compendium of Prices 2022 (ceiling prices under DPCO 2013),https://nppa.gov.in/en/compendiumofprice,https://nppa.gov.in/storage/uploads/pdf/Compendium-Prices-2022pdf-464b22085495ff4e3f8700c0e00cf45d.pdf,2026-08-04T09:01:12+00:00,statutory ceiling under DPCO 2013
Silver sulphadiazine,14.2.5,Lotion 0.5%,1 ml,0.59,1499(E),30.03.2022,NPPA Compendium of Prices 2022 (ceiling prices under DPCO 2013),https://nppa.gov.in/en/compendiumofprice,https://nppa.gov.in/storage/uploads/pdf/Compendium-Prices-2022pdf-464b22085495ff4e3f8700c0e00cf45d.pdf,2026-08-04T09:01:12+00:00,statutory ceiling under DPCO 2013
Calamine,14.3.2,Lotion (As per IP),1 ml,0.94,1499(E),30.03.2022,NPPA Compendium of Prices 2022 (ceiling prices under DPCO 2013),https://nppa.gov.in/en/compendiumofprice,https://nppa.gov.in/storage/uploads/pdf/Compendium-Prices-2022pdf-464b22085495ff4e3f8700c0e00cf45d.pdf,2026-08-04T09:01:12+00:00,statutory ceiling under DPCO 2013
Benzoyl peroxide,14.4.1,Gel 2.5%,1 gm,4.16,1499(E),30.03.2022,NPPA Compendium of Prices 2022 (ceiling prices under DPCO 2013),https://nppa.gov.in/en/compendiumofprice,https://nppa.gov.in/storage/uploads/pdf/Compendium-Prices-2022pdf-464b22085495ff4e3f8700c0e00cf45d.pdf,2026-08-04T09:01:12+00:00,statutory ceiling under DPCO 2013
Benzoyl peroxide,14.4.1,Cream 2.5%,1 gm,2.59,1499(E),30.03.2022,NPPA Compendium of Prices 2022 (ceiling prices under DPCO 2013),https://nppa.gov.in/en/compendiumofprice,https://nppa.gov.in/storage/uploads/pdf/Compendium-Prices-2022pdf-464b22085495ff4e3f8700c0e00cf45d.pdf,2026-08-04T09:01:12+00:00,statutory ceiling under DPCO 2013
Coal tar,14.4.2,Solution 5% 14.4.3 Podophyllin resin Solution 10% to 25% 14.4.4 Salicylic acid Ointment 6%,1 gm,1.99,1499(E),30.03.2022,NPPA Compendium of Prices 2022 (ceiling prices under DPCO 2013),https://nppa.gov.in/en/compendiumofprice,https://nppa.gov.in/storage/uploads/pdf/Compendium-Prices-2022pdf-464b22085495ff4e3f8700c0e00cf45d.pdf,2026-08-04T09:01:12+00:00,statutory ceiling under DPCO 2013
Permethrin,14.5.1,Lotion 1%,1 gm,1.01,1499(E),30.03.2022,NPPA Compendium of Prices 2022 (ceiling prices under DPCO 2013),https://nppa.gov.in/en/compendiumofprice,https://nppa.gov.in/storage/uploads/pdf/Compendium-Prices-2022pdf-464b22085495ff4e3f8700c0e00cf45d.pdf,2026-08-04T09:01:12+00:00,statutory ceiling under DPCO 2013
Permethrin,14.5.1,Cream 5%,1 gm,1.93,1499(E),30.03.2022,NPPA Compendium of Prices 2022 (ceiling prices under DPCO 2013),https://nppa.gov.in/en/compendiumofprice,https://nppa.gov.in/storage/uploads/pdf/Compendium-Prices-2022pdf-464b22085495ff4e3f8700c0e00cf45d.pdf,2026-08-04T09:01:12+00:00,statutory ceiling under DPCO 2013
Permethrin,14.5.1,Cream 1%,1 gm,1.78,1499(E),30.03.2022,NPPA Compendium of Prices 2022 (ceiling prices under DPCO 2013),https://nppa.gov.in/en/compendiumofprice,https://nppa.gov.in/storage/uploads/pdf/Compendium-Prices-2022pdf-464b22085495ff4e3f8700c0e00cf45d.pdf,2026-08-04T09:01:12+00:00,statutory ceiling under DPCO 2013
Permethrin,14.5.1,Gel 5%,1 gm,1.63,1499(E),30.03.2022,NPPA Compendium of Prices 2022 (ceiling prices under DPCO 2013),https://nppa.gov.in/en/compendiumofprice,https://nppa.gov.in/storage/uploads/pdf/Compendium-Prices-2022pdf-464b22085495ff4e3f8700c0e00cf45d.pdf,2026-08-04T09:01:12+00:00,statutory ceiling under DPCO 2013
Permethrin,14.5.1,Lotion 5%,1 ml,1.09,1499(E),30.03.2022,NPPA Compendium of Prices 2022 (ceiling prices under DPCO 2013),https://nppa.gov.in/en/compendiumofprice,https://nppa.gov.in/storage/uploads/pdf/Compendium-Prices-2022pdf-464b22085495ff4e3f8700c0e00cf45d.pdf,2026-08-04T09:01:12+00:00,statutory ceiling under DPCO 2013
Glycerin,14.6.1,Oral Liquid,1 ml,0.17,1499(E),30.03.2022,NPPA Compendium of Prices 2022 (ceiling prices under DPCO 2013),https://nppa.gov.in/en/compendiumofprice,https://nppa.gov.in/storage/uploads/pdf/Compendium-Prices-2022pdf-464b22085495ff4e3f8700c0e00cf45d.pdf,2026-08-04T09:01:12+00:00,statutory ceiling under DPCO 2013
White Petrolatum Jelly 100% 1 gm,14.6.2,,,0.1,1499(E),30.03.2022,NPPA Compendium of Prices 2022 (ceiling prices under DPCO 2013),https://nppa.gov.in/en/compendiumofprice,https://nppa.gov.in/storage/uploads/pdf/Compendium-Prices-2022pdf-464b22085495ff4e3f8700c0e00cf45d.pdf,2026-08-04T09:01:12+00:00,statutory ceiling under DPCO 2013
Fluorescein,15.1.1,Eye drop 1% 15.1.2 Lignocaine Eye drop 4% 1 gm or,1 ml,1.2,1499(E),30.03.2022,NPPA Compendium of Prices 2022 (ceiling prices under DPCO 2013),https://nppa.gov.in/en/compendiumofprice,https://nppa.gov.in/storage/uploads/pdf/Compendium-Prices-2022pdf-464b22085495ff4e3f8700c0e00cf45d.pdf,2026-08-04T09:01:12+00:00,statutory ceiling under DPCO 2013
Tropicamide,15.1.3,Eye drop 1%,1 ml,11.17,1499(E),30.03.2022,NPPA Compendium of Prices 2022 (ceiling prices under DPCO 2013),https://nppa.gov.in/en/compendiumofprice,https://nppa.gov.in/storage/uploads/pdf/Compendium-Prices-2022pdf-464b22085495ff4e3f8700c0e00cf45d.pdf,2026-08-04T09:01:12+00:00,statutory ceiling under DPCO 2013
Barium sulphate,15.2.1,Oral liquid 100% w/v Oral liquid 250% w/v 15.2.2 Gadobenate Injection 529 mg/ml,1 ml,121.01,1499(E),30.03.2022,NPPA Compendium of Prices 2022 (ceiling prices under DPCO 2013),https://nppa.gov.in/en/compendiumofprice,https://nppa.gov.in/storage/uploads/pdf/Compendium-Prices-2022pdf-464b22085495ff4e3f8700c0e00cf45d.pdf,2026-08-04T09:01:12+00:00,statutory ceiling under DPCO 2013
Iohexol,15.2.3,Injection 140 to 350 mg iodine/ml Injection 300mgiodine/ml,1 ml,18.46,1499(E),30.03.2022,NPPA Compendium of Prices 2022 (ceiling prices under DPCO 2013),https://nppa.gov.in/en/compendiumofprice,https://nppa.gov.in/storage/uploads/pdf/Compendium-Prices-2022pdf-464b22085495ff4e3f8700c0e00cf45d.pdf,2026-08-04T09:01:12+00:00,statutory ceiling under DPCO 2013
Meglumine diatrizoate,15.2.4,Injection 60% w/v,1 ml,9.17,1499(E),30.03.2022,NPPA Compendium of Prices 2022 (ceiling prices under DPCO 2013),https://nppa.gov.in/en/compendiumofprice,https://nppa.gov.in/storage/uploads/pdf/Compendium-Prices-2022pdf-464b22085495ff4e3f8700c0e00cf45d.pdf,2026-08-04T09:01:12+00:00,statutory ceiling under DPCO 2013
Meglumine diatrizoate,15.2.4,Injection 76% w/v,1 ml,10.6,1499(E),30.03.2022,NPPA Compendium of Prices 2022 (ceiling prices under DPCO 2013),https://nppa.gov.in/en/compendiumofprice,https://nppa.gov.in/storage/uploads/pdf/Compendium-Prices-2022pdf-464b22085495ff4e3f8700c0e00cf45d.pdf,2026-08-04T09:01:12+00:00,statutory ceiling under DPCO 2013
Haemodialysis fluid As licensed 1 ml,16.1,,,0.04,1499(E),30.03.2022,NPPA Compendium of Prices 2022 (ceiling prices under DPCO 2013),https://nppa.gov.in/en/compendiumofprice,https://nppa.gov.in/storage/uploads/pdf/Compendium-Prices-2022pdf-464b22085495ff4e3f8700c0e00cf45d.pdf,2026-08-04T09:01:12+00:00,statutory ceiling under DPCO 2013
Intraperitoneal dialysis,16.2,solution As licensed 17.1.1 Cetrimide Solution 20% (Concentrate for dilution),1 ml,0.35,1499(E),30.03.2022,NPPA Compendium of Prices 2022 (ceiling prices under DPCO 2013),https://nppa.gov.in/en/compendiumofprice,https://nppa.gov.in/storage/uploads/pdf/Compendium-Prices-2022pdf-464b22085495ff4e3f8700c0e00cf45d.pdf,2026-08-04T09:01:12+00:00,statutory ceiling under DPCO 2013
Chlorhexidine,17.1.2,Solution 5% (Concentrate for dilution),1 ml,0.17,1499(E),30.03.2022,NPPA Compendium of Prices 2022 (ceiling prices under DPCO 2013),https://nppa.gov.in/en/compendiumofprice,https://nppa.gov.in/storage/uploads/pdf/Compendium-Prices-2022pdf-464b22085495ff4e3f8700c0e00cf45d.pdf,2026-08-04T09:01:12+00:00,statutory ceiling under DPCO 2013
Ethyl alcohol (Denatured),17.1.3,Solution 70%,1 ml,0.47,1499(E),30.03.2022,NPPA Compendium of Prices 2022 (ceiling prices under DPCO 2013),https://nppa.gov.in/en/compendiumofprice,https://nppa.gov.in/storage/uploads/pdf/Compendium-Prices-2022pdf-464b22085495ff4e3f8700c0e00cf45d.pdf,2026-08-04T09:01:12+00:00,statutory ceiling under DPCO 2013
Hydrogen peroxide,17.1.4,Solution 6%,1 ml,0.04,1499(E),30.03.2022,NPPA Compendium of Prices 2022 (ceiling prices under DPCO 2013),https://nppa.gov.in/en/compendiumofprice,https://nppa.gov.in/storage/uploads/pdf/Compendium-Prices-2022pdf-464b22085495ff4e3f8700c0e00cf45d.pdf,2026-08-04T09:01:12+00:00,statutory ceiling under DPCO 2013
Methylrosaniliniu m chloride (Gentian Violet) Topial preparation 0.25% to 2% 17.1.6 Povidone iodine,17.1.5,Solution 4% to 10% Solution 4%,1 ml,1.93,1499(E),30.03.2022,NPPA Compendium of Prices 2022 (ceiling prices under DPCO 2013),https://nppa.gov.in/en/compendiumofprice,https://nppa.gov.in/storage/uploads/pdf/Compendium-Prices-2022pdf-464b22085495ff4e3f8700c0e00cf45d.pdf,2026-08-04T09:01:12+00:00,statutory ceiling under DPCO 2013
Methylrosaniliniu m chloride (Gentian Violet) Topial preparation 0.25% to 2% 17.1.6 Povidone iodine,17.1.5,Solution 7.5%,1 ml,0.85,1499(E),30.03.2022,NPPA Compendium of Prices 2022 (ceiling prices under DPCO 2013),https://nppa.gov.in/en/compendiumofprice,https://nppa.gov.in/storage/uploads/pdf/Compendium-Prices-2022pdf-464b22085495ff4e3f8700c0e00cf45d.pdf,2026-08-04T09:01:12+00:00,statutory ceiling under DPCO 2013
Methylrosaniliniu m chloride (Gentian Violet) Topial preparation 0.25% to 2% 17.1.6 Povidone iodine,17.1.5,Solution 10%,1 ml,1.03,1499(E),30.03.2022,NPPA Compendium of Prices 2022 (ceiling prices under DPCO 2013),https://nppa.gov.in/en/compendiumofprice,https://nppa.gov.in/storage/uploads/pdf/Compendium-Prices-2022pdf-464b22085495ff4e3f8700c0e00cf45d.pdf,2026-08-04T09:01:12+00:00,statutory ceiling under DPCO 2013
Bleaching,17.2.1,powder Containing not less than 30% w/w of available chlorine (as per I.P) 17.2.2 Glutaraldehyde Solution 2%,1 ml,0.07,1499(E),30.03.2022,NPPA Compendium of Prices 2022 (ceiling prices under DPCO 2013),https://nppa.gov.in/en/compendiumofprice,https://nppa.gov.in/storage/uploads/pdf/Compendium-Prices-2022pdf-464b22085495ff4e3f8700c0e00cf45d.pdf,2026-08-04T09:01:12+00:00,statutory ceiling under DPCO 2013
Potassium permanganateCrystals for,17.2.3,topical solution,1 gm,0.49,1499(E),30.03.2022,NPPA Compendium of Prices 2022 (ceiling prices under DPCO 2013),https://nppa.gov.in/en/compendiumofprice,https://nppa.gov.in/storage/uploads/pdf/Compendium-Prices-2022pdf-464b22085495ff4e3f8700c0e00cf45d.pdf,2026-08-04T09:01:12+00:00,statutory ceiling under DPCO 2013
Furosemide,18.1,Tablet 40 mg,1 Tablet,0.83,1499(E),30.03.2022,NPPA Compendium of Prices 2022 (ceiling prices under DPCO 2013),https://nppa.gov.in/en/compendiumofprice,https://nppa.gov.in/storage/uploads/pdf/Compendium-Prices-2022pdf-464b22085495ff4e3f8700c0e00cf45d.pdf,2026-08-04T09:01:12+00:00,statutory ceiling under DPCO 2013
Furosemide,18.1,Oral liquid 10 mg/ml,1 ml,3.07,1499(E),30.03.2022,NPPA Compendium of Prices 2022 (ceiling prices under DPCO 2013),https://nppa.gov.in/en/compendiumofprice,https://nppa.gov.in/storage/uploads/pdf/Compendium-Prices-2022pdf-464b22085495ff4e3f8700c0e00cf45d.pdf,2026-08-04T09:01:12+00:00,statutory ceiling under DPCO 2013
Furosemide,18.1,Injection 10 mg/ ml,1 ml,2.76,1499(E),30.03.2022,NPPA Compendium of Prices 2022 (ceiling prices under DPCO 2013),https://nppa.gov.in/en/compendiumofprice,https://nppa.gov.in/storage/uploads/pdf/Compendium-Prices-2022pdf-464b22085495ff4e3f8700c0e00cf45d.pdf,2026-08-04T09:01:12+00:00,statutory ceiling under DPCO 2013
Hydrochlorothiazide,18.2,Tablet 25 mg,1 Tablet,1.87,1499(E),30.03.2022,NPPA Compendium of Prices 2022 (ceiling prices under DPCO 2013),https://nppa.gov.in/en/compendiumofprice,https://nppa.gov.in/storage/uploads/pdf/Compendium-Prices-2022pdf-464b22085495ff4e3f8700c0e00cf45d.pdf,2026-08-04T09:01:12+00:00,statutory ceiling under DPCO 2013
Hydrochlorothiazide,18.2,Tablet 50 mg,1 Tablet,0.09,1499(E),30.03.2022,NPPA Compendium of Prices 2022 (ceiling prices under DPCO 2013),https://nppa.gov.in/en/compendiumofprice,https://nppa.gov.in/storage/uploads/pdf/Compendium-Prices-2022pdf-464b22085495ff4e3f8700c0e00cf45d.pdf,2026-08-04T09:01:12+00:00,statutory ceiling under DPCO 2013
Hydrochlorothiazide,18.2,Tablet 12.5 mg,1 Tablet,1.1,1499(E),30.03.2022,NPPA Compendium of Prices 2022 (ceiling prices under DPCO 2013),https://nppa.gov.in/en/compendiumofprice,https://nppa.gov.in/storage/uploads/pdf/Compendium-Prices-2022pdf-464b22085495ff4e3f8700c0e00cf45d.pdf,2026-08-04T09:01:12+00:00,statutory ceiling under DPCO 2013
Mannitol,18.3,Injection 10%,1 ml,0.18,1499(E),30.03.2022,NPPA Compendium of Prices 2022 (ceiling prices under DPCO 2013),https://nppa.gov.in/en/compendiumofprice,https://nppa.gov.in/storage/uploads/pdf/Compendium-Prices-2022pdf-464b22085495ff4e3f8700c0e00cf45d.pdf,2026-08-04T09:01:12+00:00,statutory ceiling under DPCO 2013
Mannitol,18.3,Injection 20%,1 ml,0.33,1499(E),30.03.2022,NPPA Compendium of Prices 2022 (ceiling prices under DPCO 2013),https://nppa.gov.in/en/compendiumofprice,https://nppa.gov.in/storage/uploads/pdf/Compendium-Prices-2022pdf-464b22085495ff4e3f8700c0e00cf45d.pdf,2026-08-04T09:01:12+00:00,statutory ceiling under DPCO 2013
Spironolactone,18.4,Tablet 25 mg,1 Tablet,2.13,1499(E),30.03.2022,NPPA Compendium of Prices 2022 (ceiling prices under DPCO 2013),https://nppa.gov.in/en/compendiumofprice,https://nppa.gov.in/storage/uploads/pdf/Compendium-Prices-2022pdf-464b22085495ff4e3f8700c0e00cf45d.pdf,2026-08-04T09:01:12+00:00,statutory ceiling under DPCO 2013
Spironolactone,18.4,Tablet 50 mg,1 Tablet,4.22,1499(E),30.03.2022,NPPA Compendium of Prices 2022 (ceiling prices under DPCO 2013),https://nppa.gov.in/en/compendiumofprice,https://nppa.gov.in/storage/uploads/pdf/Compendium-Prices-2022pdf-464b22085495ff4e3f8700c0e00cf45d.pdf,2026-08-04T09:01:12+00:00,statutory ceiling under DPCO 2013
Budesonide,19.1,Nasal Spray 50 mcg/dose 1 Dose,,1.13,1499(E),30.03.2022,NPPA Compendium of Prices 2022 (ceiling prices under DPCO 2013),https://nppa.gov.in/en/compendiumofprice,https://nppa.gov.in/storage/uploads/pdf/Compendium-Prices-2022pdf-464b22085495ff4e3f8700c0e00cf45d.pdf,2026-08-04T09:01:12+00:00,statutory ceiling under DPCO 2013
Budesonide,19.1,Nasal Spray 100 mcg/dose 1 Dose,,1.01,1499(E),30.03.2022,NPPA Compendium of Prices 2022 (ceiling prices under DPCO 2013),https://nppa.gov.in/en/compendiumofprice,https://nppa.gov.in/storage/uploads/pdf/Compendium-Prices-2022pdf-464b22085495ff4e3f8700c0e00cf45d.pdf,2026-08-04T09:01:12+00:00,statutory ceiling under DPCO 2013
Ciprofloxacin,19.2,Drops 0.3 %,1 ml,1.69,1499(E),30.03.2022,NPPA Compendium of Prices 2022 (ceiling prices under DPCO 2013),https://nppa.gov.in/en/compendiumofprice,https://nppa.gov.in/storage/uploads/pdf/Compendium-Prices-2022pdf-464b22085495ff4e3f8700c0e00cf45d.pdf,2026-08-04T09:01:12+00:00,statutory ceiling under DPCO 2013
Clotrimazole,19.3,Drops 1%,1 ml,3.37,1499(E),30.03.2022,NPPA Compendium of Prices 2022 (ceiling prices under DPCO 2013),https://nppa.gov.in/en/compendiumofprice,https://nppa.gov.in/storage/uploads/pdf/Compendium-Prices-2022pdf-464b22085495ff4e3f8700c0e00cf45d.pdf,2026-08-04T09:01:12+00:00,statutory ceiling under DPCO 2013
Xylometazoline,19.4,Nasal drops 0.05 %,1 ml,4.36,1499(E),30.03.2022,NPPA Compendium of Prices 2022 (ceiling prices under DPCO 2013),https://nppa.gov.in/en/compendiumofprice,https://nppa.gov.in/storage/uploads/pdf/Compendium-Prices-2022pdf-464b22085495ff4e3f8700c0e00cf45d.pdf,2026-08-04T09:01:12+00:00,statutory ceiling under DPCO 2013
Xylometazoline,19.4,Nasal drops 0.1 %,1 ml,5.78,1499(E),30.03.2022,NPPA Compendium of Prices 2022 (ceiling prices under DPCO 2013),https://nppa.gov.in/en/compendiumofprice,https://nppa.gov.in/storage/uploads/pdf/Compendium-Prices-2022pdf-464b22085495ff4e3f8700c0e00cf45d.pdf,2026-08-04T09:01:12+00:00,statutory ceiling under DPCO 2013
Omeprazole,20.1.1,Capsule 10 mg,1 Capsule,2.35,1499(E),30.03.2022,NPPA Compendium of Prices 2022 (ceiling prices under DPCO 2013),https://nppa.gov.in/en/compendiumofprice,https://nppa.gov.in/storage/uploads/pdf/Compendium-Prices-2022pdf-464b22085495ff4e3f8700c0e00cf45d.pdf,2026-08-04T09:01:12+00:00,statutory ceiling under DPCO 2013
Omeprazole,20.1.1,Capsule 20 mg,1 Capsule,2.77,1499(E),30.03.2022,NPPA Compendium of Prices 2022 (ceiling prices under DPCO 2013),https://nppa.gov.in/en/compendiumofprice,https://nppa.gov.in/storage/uploads/pdf/Compendium-Prices-2022pdf-464b22085495ff4e3f8700c0e00cf45d.pdf,2026-08-04T09:01:12+00:00,statutory ceiling under DPCO 2013
Omeprazole,20.1.1,Capsule 40 mg,1 Capsule,5.48,1499(E),30.03.2022,NPPA Compendium of Prices 2022 (ceiling prices under DPCO 2013),https://nppa.gov.in/en/compendiumofprice,https://nppa.gov.in/storage/uploads/pdf/Compendium-Prices-2022pdf-464b22085495ff4e3f8700c0e00cf45d.pdf,2026-08-04T09:01:12+00:00,statutory ceiling under DPCO 2013
Omeprazole,20.1.1,Powder for oral Liquid 20 mg,1 gm,1.36,1499(E),30.03.2022,NPPA Compendium of Prices 2022 (ceiling prices under DPCO 2013),https://nppa.gov.in/en/compendiumofprice,https://nppa.gov.in/storage/uploads/pdf/Compendium-Prices-2022pdf-464b22085495ff4e3f8700c0e00cf45d.pdf,2026-08-04T09:01:12+00:00,statutory ceiling under DPCO 2013
Omeprazole,20.1.1,Tablet 10 mg,1 Tablet,4.92,1499(E),30.03.2022,NPPA Compendium of Prices 2022 (ceiling prices under DPCO 2013),https://nppa.gov.in/en/compendiumofprice,https://nppa.gov.in/storage/uploads/pdf/Compendium-Prices-2022pdf-464b22085495ff4e3f8700c0e00cf45d.pdf,2026-08-04T09:01:12+00:00,statutory ceiling under DPCO 2013
Omeprazole,20.1.1,Tablet 20 mg,1 Tablet,5.47,1499(E),30.03.2022,NPPA Compendium of Prices 2022 (ceiling prices under DPCO 2013),https://nppa.gov.in/en/compendiumofprice,https://nppa.gov.in/storage/uploads/pdf/Compendium-Prices-2022pdf-464b22085495ff4e3f8700c0e00cf45d.pdf,2026-08-04T09:01:12+00:00,statutory ceiling under DPCO 2013
Omeprazole,20.1.1,Tablet 40 mg,1 Tablet,9.25,1499(E),30.03.2022,NPPA Compendium of Prices 2022 (ceiling prices under DPCO 2013),https://nppa.gov.in/en/compendiumofprice,https://nppa.gov.in/storage/uploads/pdf/Compendium-Prices-2022pdf-464b22085495ff4e3f8700c0e00cf45d.pdf,2026-08-04T09:01:12+00:00,statutory ceiling under DPCO 2013
Pantoprazole,20.1.2,Injection 40 mg,Each Pack,49.43,1499(E),30.03.2022,NPPA Compendium of Prices 2022 (ceiling prices under DPCO 2013),https://nppa.gov.in/en/compendiumofprice,https://nppa.gov.in/storage/uploads/pdf/Compendium-Prices-2022pdf-464b22085495ff4e3f8700c0e00cf45d.pdf,2026-08-04T09:01:12+00:00,statutory ceiling under DPCO 2013
Ranitidine,20.1.3,Tablet 150 mg,1 Tablet,1.22,1499(E),30.03.2022,NPPA Compendium of Prices 2022 (ceiling prices under DPCO 2013),https://nppa.gov.in/en/compendiumofprice,https://nppa.gov.in/storage/uploads/pdf/Compendium-Prices-2022pdf-464b22085495ff4e3f8700c0e00cf45d.pdf,2026-08-04T09:01:12+00:00,statutory ceiling under DPCO 2013
Ranitidine,20.1.3,Oral liquid 75 mg/5 ml,1 ml,1.2,1499(E),30.03.2022,NPPA Compendium of Prices 2022 (ceiling prices under DPCO 2013),https://nppa.gov.in/en/compendiumofprice,https://nppa.gov.in/storage/uploads/pdf/Compendium-Prices-2022pdf-464b22085495ff4e3f8700c0e00cf45d.pdf,2026-08-04T09:01:12+00:00,statutory ceiling under DPCO 2013
Ranitidine,20.1.3,Injection 25 mg/ml,1 ml,2.69,1499(E),30.03.2022,NPPA Compendium of Prices 2022 (ceiling prices under DPCO 2013),https://nppa.gov.in/en/compendiumofprice,https://nppa.gov.in/storage/uploads/pdf/Compendium-Prices-2022pdf-464b22085495ff4e3f8700c0e00cf45d.pdf,2026-08-04T09:01:12+00:00,statutory ceiling under DPCO 2013
Sucralfate,20.1.4,Oral liquid 1 g,1 ml,0.78,1499(E),30.03.2022,NPPA Compendium of Prices 2022 (ceiling prices under DPCO 2013),https://nppa.gov.in/en/compendiumofprice,https://nppa.gov.in/storage/uploads/pdf/Compendium-Prices-2022pdf-464b22085495ff4e3f8700c0e00cf45d.pdf,2026-08-04T09:01:12+00:00,statutory ceiling under DPCO 2013
Domperidone,20.2.1,Tablet 10 mg,1 Tablet,2.68,1499(E),30.03.2022,NPPA Compendium of Prices 2022 (ceiling prices under DPCO 2013),https://nppa.gov.in/en/compendiumofprice,https://nppa.gov.in/storage/uploads/pdf/Compendium-Prices-2022pdf-464b22085495ff4e3f8700c0e00cf45d.pdf,2026-08-04T09:01:12+00:00,statutory ceiling under DPCO 2013
Domperidone,20.2.1,Oral liquid 1 mg/ml,1 ml,1.2,1499(E),30.03.2022,NPPA Compendium of Prices 2022 (ceiling prices under DPCO 2013),https://nppa.gov.in/en/compendiumofprice,https://nppa.gov.in/storage/uploads/pdf/Compendium-Prices-2022pdf-464b22085495ff4e3f8700c0e00cf45d.pdf,2026-08-04T09:01:12+00:00,statutory ceiling under DPCO 2013
Metoclopramide,20.2.2,Injection 5 mg/ml Injection 5 mg/ml (10 ml Pack),1 ml,1.58,1499(E),30.03.2022,NPPA Compendium of Prices 2022 (ceiling prices under DPCO 2013),https://nppa.gov.in/en/compendiumofprice,https://nppa.gov.in/storage/uploads/pdf/Compendium-Prices-2022pdf-464b22085495ff4e3f8700c0e00cf45d.pdf,2026-08-04T09:01:12+00:00,statutory ceiling under DPCO 2013
Metoclopramide,20.2.2,Injection 5 mg/ml (2 ml Pack),1 ml,2.59,1499(E),30.03.2022,NPPA Compendium of Prices 2022 (ceiling prices under DPCO 2013),https://nppa.gov.in/en/compendiumofprice,https://nppa.gov.in/storage/uploads/pdf/Compendium-Prices-2022pdf-464b22085495ff4e3f8700c0e00cf45d.pdf,2026-08-04T09:01:12+00:00,statutory ceiling under DPCO 2013
Metoclopramide,20.2.2,Tablet 4 mg 20.2.3 Ondansetron Oral liquid 2 mg/5 ml,1 ml,1.26,1499(E),30.03.2022,NPPA Compendium of Prices 2022 (ceiling prices under DPCO 2013),https://nppa.gov.in/en/compendiumofprice,https://nppa.gov.in/storage/uploads/pdf/Compendium-Prices-2022pdf-464b22085495ff4e3f8700c0e00cf45d.pdf,2026-08-04T09:01:12+00:00,statutory ceiling under DPCO 2013
Metoclopramide,20.2.2,Injection 2 mg/ml,1 ml,6.49,1499(E),30.03.2022,NPPA Compendium of Prices 2022 (ceiling prices under DPCO 2013),https://nppa.gov.in/en/compendiumofprice,https://nppa.gov.in/storage/uploads/pdf/Compendium-Prices-2022pdf-464b22085495ff4e3f8700c0e00cf45d.pdf,2026-08-04T09:01:12+00:00,statutory ceiling under DPCO 2013
5-aminosalicylic acid,20.3.1,Tablet 400 mg,1 Tablet,8.3,1499(E),30.03.2022,NPPA Compendium of Prices 2022 (ceiling prices under DPCO 2013),https://nppa.gov.in/en/compendiumofprice,https://nppa.gov.in/storage/uploads/pdf/Compendium-Prices-2022pdf-464b22085495ff4e3f8700c0e00cf45d.pdf,2026-08-04T09:01:12+00:00,statutory ceiling under DPCO 2013
Dicyclomine,20.4.1,Tablet 10 mg,1 Tablet,0.12,1499(E),30.03.2022,NPPA Compendium of Prices 2022 (ceiling prices under DPCO 2013),https://nppa.gov.in/en/compendiumofprice,https://nppa.gov.in/storage/uploads/pdf/Compendium-Prices-2022pdf-464b22085495ff4e3f8700c0e00cf45d.pdf,2026-08-04T09:01:12+00:00,statutory ceiling under DPCO 2013
Dicyclomine,20.4.1,Oral Solution 10mg/5ml,1 ml,0.18,1499(E),30.03.2022,NPPA Compendium of Prices 2022 (ceiling prices under DPCO 2013),https://nppa.gov.in/en/compendiumofprice,https://nppa.gov.in/storage/uploads/pdf/Compendium-Prices-2022pdf-464b22085495ff4e3f8700c0e00cf45d.pdf,2026-08-04T09:01:12+00:00,statutory ceiling under DPCO 2013
Dicyclomine,20.4.1,Injection 10 mg/ml Injection 10 mg/ml (10ml & 30ml Pack),1 ml,2.28,1499(E),30.03.2022,NPPA Compendium of Prices 2022 (ceiling prices under DPCO 2013),https://nppa.gov.in/en/compendiumofprice,https://nppa.gov.in/storage/uploads/pdf/Compendium-Prices-2022pdf-464b22085495ff4e3f8700c0e00cf45d.pdf,2026-08-04T09:01:12+00:00,statutory ceiling under DPCO 2013
Dicyclomine,20.4.1,Injection 10 mg/ml (1ml & 2ml Pack),1 ml,3.54,1499(E),30.03.2022,NPPA Compendium of Prices 2022 (ceiling prices under DPCO 2013),https://nppa.gov.in/en/compendiumofprice,https://nppa.gov.in/storage/uploads/pdf/Compendium-Prices-2022pdf-464b22085495ff4e3f8700c0e00cf45d.pdf,2026-08-04T09:01:12+00:00,statutory ceiling under DPCO 2013
Hyoscine butylbromide,20.4.2,Tablet 10 mg,1 Tablet,3.3,1499(E),30.03.2022,NPPA Compendium of Prices 2022 (ceiling prices under DPCO 2013),https://nppa.gov.in/en/compendiumofprice,https://nppa.gov.in/storage/uploads/pdf/Compendium-Prices-2022pdf-464b22085495ff4e3f8700c0e00cf45d.pdf,2026-08-04T09:01:12+00:00,statutory ceiling under DPCO 2013
Hyoscine butylbromide,20.4.2,Injection 20 mg/ml,1 ml,11.59,1499(E),30.03.2022,NPPA Compendium of Prices 2022 (ceiling prices under DPCO 2013),https://nppa.gov.in/en/compendiumofprice,https://nppa.gov.in/storage/uploads/pdf/Compendium-Prices-2022pdf-464b22085495ff4e3f8700c0e00cf45d.pdf,2026-08-04T09:01:12+00:00,statutory ceiling under DPCO 2013
Bisacodyl,20.5.1,Tablet 5 mg,1 Tablet,1.12,1499(E),30.03.2022,NPPA Compendium of Prices 2022 (ceiling prices under DPCO 2013),https://nppa.gov.in/en/compendiumofprice,https://nppa.gov.in/storage/uploads/pdf/Compendium-Prices-2022pdf-464b22085495ff4e3f8700c0e00cf45d.pdf,2026-08-04T09:01:12+00:00,statutory ceiling under DPCO 2013
Bisacodyl,20.5.1,Suppository 5 mg 1 Suppository,,9.37,1499(E),30.03.2022,NPPA Compendium of Prices 2022 (ceiling prices under DPCO 2013),https://nppa.gov.in/en/compendiumofprice,https://nppa.gov.in/storage/uploads/pdf/Compendium-Prices-2022pdf-464b22085495ff4e3f8700c0e00cf45d.pdf,2026-08-04T09:01:12+00:00,statutory ceiling under DPCO 2013
Ispaghula,20.5.2,Granules/ Husk/ Powder,1 gm,0.85,1499(E),30.03.2022,NPPA Compendium of Prices 2022 (ceiling prices under DPCO 2013),https://nppa.gov.in/en/compendiumofprice,https://nppa.gov.in/storage/uploads/pdf/Compendium-Prices-2022pdf-464b22085495ff4e3f8700c0e00cf45d.pdf,2026-08-04T09:01:12+00:00,statutory ceiling under DPCO 2013
Lactulose,20.5.3,Oral liquid 10 g/15 ml,1 ml,1.22,1499(E),30.03.2022,NPPA Compendium of Prices 2022 (ceiling prices under DPCO 2013),https://nppa.gov.in/en/compendiumofprice,https://nppa.gov.in/storage/uploads/pdf/Compendium-Prices-2022pdf-464b22085495ff4e3f8700c0e00cf45d.pdf,2026-08-04T09:01:12+00:00,statutory ceiling under DPCO 2013
Oral rehydration saltsAs licensed 1 gm,20.6.1,,,0.99,1499(E),30.03.2022,NPPA Compendium of Prices 2022 (ceiling prices under DPCO 2013),https://nppa.gov.in/en/compendiumofprice,https://nppa.gov.in/storage/uploads/pdf/Compendium-Prices-2022pdf-464b22085495ff4e3f8700c0e00cf45d.pdf,2026-08-04T09:01:12+00:00,statutory ceiling under DPCO 2013
Oral rehydration saltsAs licensed 1 gm,20.6.1,,1 ml,0.16,1499(E),30.03.2022,NPPA Compendium of Prices 2022 (ceiling prices under DPCO 2013),https://nppa.gov.in/en/compendiumofprice,https://nppa.gov.in/storage/uploads/pdf/Compendium-Prices-2022pdf-464b22085495ff4e3f8700c0e00cf45d.pdf,2026-08-04T09:01:12+00:00,statutory ceiling under DPCO 2013
Zinc sulphate,20.6.2,Dispersible Tablet 20 mg,1 Tablet,3.49,1499(E),30.03.2022,NPPA Compendium of Prices 2022 (ceiling prices under DPCO 2013),https://nppa.gov.in/en/compendiumofprice,https://nppa.gov.in/storage/uploads/pdf/Compendium-Prices-2022pdf-464b22085495ff4e3f8700c0e00cf45d.pdf,2026-08-04T09:01:12+00:00,statutory ceiling under DPCO 2013
Somatostatin,20.7.1,Powder for Injection 3 mg,Each pack,1759.69,1499(E),30.03.2022,NPPA Compendium of Prices 2022 (ceiling prices under DPCO 2013),https://nppa.gov.in/en/compendiumofprice,https://nppa.gov.in/storage/uploads/pdf/Compendium-Prices-2022pdf-464b22085495ff4e3f8700c0e00cf45d.pdf,2026-08-04T09:01:12+00:00,statutory ceiling under DPCO 2013
Dexamethasone,21.1.1,Tablet 0.5 mg,1 Tablet,0.21,1499(E),30.03.2022,NPPA Compendium of Prices 2022 (ceiling prices under DPCO 2013),https://nppa.gov.in/en/compendiumofprice,https://nppa.gov.in/storage/uploads/pdf/Compendium-Prices-2022pdf-464b22085495ff4e3f8700c0e00cf45d.pdf,2026-08-04T09:01:12+00:00,statutory ceiling under DPCO 2013
Dexamethasone,21.1.1,Injection 4 mg/ml,Each Pack (10 ml),15.29,1499(E),30.03.2022,NPPA Compendium of Prices 2022 (ceiling prices under DPCO 2013),https://nppa.gov.in/en/compendiumofprice,https://nppa.gov.in/storage/uploads/pdf/Compendium-Prices-2022pdf-464b22085495ff4e3f8700c0e00cf45d.pdf,2026-08-04T09:01:12+00:00,statutory ceiling under DPCO 2013
Dexamethasone,21.1.1,Injection 4 mg/ml,Each Pack (2 ml),10.35,1499(E),30.03.2022,NPPA Compendium of Prices 2022 (ceiling prices under DPCO 2013),https://nppa.gov.in/en/compendiumofprice,https://nppa.gov.in/storage/uploads/pdf/Compendium-Prices-2022pdf-464b22085495ff4e3f8700c0e00cf45d.pdf,2026-08-04T09:01:12+00:00,statutory ceiling under DPCO 2013
Dexamethasone,21.1.1,Injection 4 mg/ml,Each Pack (20 ml),29.31,1499(E),30.03.2022,NPPA Compendium of Prices 2022 (ceiling prices under DPCO 2013),https://nppa.gov.in/en/compendiumofprice,https://nppa.gov.in/storage/uploads/pdf/Compendium-Prices-2022pdf-464b22085495ff4e3f8700c0e00cf45d.pdf,2026-08-04T09:01:12+00:00,statutory ceiling under DPCO 2013
Dexamethasone,21.1.1,Injection 4 mg/ml,Each Pack (30 ml),39.17,1499(E),30.03.2022,NPPA Compendium of Prices 2022 (ceiling prices under DPCO 2013),https://nppa.gov.in/en/compendiumofprice,https://nppa.gov.in/storage/uploads/pdf/Compendium-Prices-2022pdf-464b22085495ff4e3f8700c0e00cf45d.pdf,2026-08-04T09:01:12+00:00,statutory ceiling under DPCO 2013
Human chorionic gonadotropin,21.1.2,Injection 1000 IU,Each Pack,235.98,1499(E),30.03.2022,NPPA Compendium of Prices 2022 (ceiling prices under DPCO 2013),https://nppa.gov.in/en/compendiumofprice,https://nppa.gov.in/storage/uploads/pdf/Compendium-Prices-2022pdf-464b22085495ff4e3f8700c0e00cf45d.pdf,2026-08-04T09:01:12+00:00,statutory ceiling under DPCO 2013
Human chorionic gonadotropin,21.1.2,Injection 5000 IU,Each Pack,463.41,1499(E),30.03.2022,NPPA Compendium of Prices 2022 (ceiling prices under DPCO 2013),https://nppa.gov.in/en/compendiumofprice,https://nppa.gov.in/storage/uploads/pdf/Compendium-Prices-2022pdf-464b22085495ff4e3f8700c0e00cf45d.pdf,2026-08-04T09:01:12+00:00,statutory ceiling under DPCO 2013
Hydrocortisone,21.1.3,Tablet 10 mg,1 Tablet,6.54,1499(E),30.03.2022,NPPA Compendium of Prices 2022 (ceiling prices under DPCO 2013),https://nppa.gov.in/en/compendiumofprice,https://nppa.gov.in/storage/uploads/pdf/Compendium-Prices-2022pdf-464b22085495ff4e3f8700c0e00cf45d.pdf,2026-08-04T09:01:12+00:00,statutory ceiling under DPCO 2013
Hydrocortisone,21.1.3,Tablet 5 mg,1 Tablet,3.37,1499(E),30.03.2022,NPPA Compendium of Prices 2022 (ceiling prices under DPCO 2013),https://nppa.gov.in/en/compendiumofprice,https://nppa.gov.in/storage/uploads/pdf/Compendium-Prices-2022pdf-464b22085495ff4e3f8700c0e00cf45d.pdf,2026-08-04T09:01:12+00:00,statutory ceiling under DPCO 2013
Hydrocortisone,21.1.3,Injection 100 mg,Each Pack,43.21,1499(E),30.03.2022,NPPA Compendium of Prices 2022 (ceiling prices under DPCO 2013),https://nppa.gov.in/en/compendiumofprice,https://nppa.gov.in/storage/uploads/pdf/Compendium-Prices-2022pdf-464b22085495ff4e3f8700c0e00cf45d.pdf,2026-08-04T09:01:12+00:00,statutory ceiling under DPCO 2013
Hydrocortisone,21.1.3,Injection 200 mg,Each Pack,66.61,1499(E),30.03.2022,NPPA Compendium of Prices 2022 (ceiling prices under DPCO 2013),https://nppa.gov.in/en/compendiumofprice,https://nppa.gov.in/storage/uploads/pdf/Compendium-Prices-2022pdf-464b22085495ff4e3f8700c0e00cf45d.pdf,2026-08-04T09:01:12+00:00,statutory ceiling under DPCO 2013
Hydrocortisone,21.1.3,Powder for Injection 100 mg,Each Pack,43.21,1499(E),30.03.2022,NPPA Compendium of Prices 2022 (ceiling prices under DPCO 2013),https://nppa.gov.in/en/compendiumofprice,https://nppa.gov.in/storage/uploads/pdf/Compendium-Prices-2022pdf-464b22085495ff4e3f8700c0e00cf45d.pdf,2026-08-04T09:01:12+00:00,statutory ceiling under DPCO 2013
Methylprednisolone,21.1.4,Tablet 8 mg,1 Tablet,5.66,1499(E),30.03.2022,NPPA Compendium of Prices 2022 (ceiling prices under DPCO 2013),https://nppa.gov.in/en/compendiumofprice,https://nppa.gov.in/storage/uploads/pdf/Compendium-Prices-2022pdf-464b22085495ff4e3f8700c0e00cf45d.pdf,2026-08-04T09:01:12+00:00,statutory ceiling under DPCO 2013
Methylprednisolone,21.1.4,Tablet 16 mg,1 Tablet,9.9,1499(E),30.03.2022,NPPA Compendium of Prices 2022 (ceiling prices under DPCO 2013),https://nppa.gov.in/en/compendiumofprice,https://nppa.gov.in/storage/uploads/pdf/Compendium-Prices-2022pdf-464b22085495ff4e3f8700c0e00cf45d.pdf,2026-08-04T09:01:12+00:00,statutory ceiling under DPCO 2013
Methylprednisolone,21.1.4,Tablet 32 mg Injection 40 mg/ml,1 ml,59.92,1499(E),30.03.2022,NPPA Compendium of Prices 2022 (ceiling prices under DPCO 2013),https://nppa.gov.in/en/compendiumofprice,https://nppa.gov.in/storage/uploads/pdf/Compendium-Prices-2022pdf-464b22085495ff4e3f8700c0e00cf45d.pdf,2026-08-04T09:01:12+00:00,statutory ceiling under DPCO 2013
Prednisolone,21.1.5,Drops 1%,1 ml,5.58,1499(E),30.03.2022,NPPA Compendium of Prices 2022 (ceiling prices under DPCO 2013),https://nppa.gov.in/en/compendiumofprice,https://nppa.gov.in/storage/uploads/pdf/Compendium-Prices-2022pdf-464b22085495ff4e3f8700c0e00cf45d.pdf,2026-08-04T09:01:12+00:00,statutory ceiling under DPCO 2013
Prednisolone,21.1.5,Injection 20 mg/2ml,1 ml,3.98,1499(E),30.03.2022,NPPA Compendium of Prices 2022 (ceiling prices under DPCO 2013),https://nppa.gov.in/en/compendiumofprice,https://nppa.gov.in/storage/uploads/pdf/Compendium-Prices-2022pdf-464b22085495ff4e3f8700c0e00cf45d.pdf,2026-08-04T09:01:12+00:00,statutory ceiling under DPCO 2013
Prednisolone,21.1.5,Oral Liquid 15 mg/ 5ml,1 ml,0.83,1499(E),30.03.2022,NPPA Compendium of Prices 2022 (ceiling prices under DPCO 2013),https://nppa.gov.in/en/compendiumofprice,https://nppa.gov.in/storage/uploads/pdf/Compendium-Prices-2022pdf-464b22085495ff4e3f8700c0e00cf45d.pdf,2026-08-04T09:01:12+00:00,statutory ceiling under DPCO 2013
Prednisolone,21.1.5,Oral Liquid 5 mg/ 5ml,1 ml,0.48,1499(E),30.03.2022,NPPA Compendium of Prices 2022 (ceiling prices under DPCO 2013),https://nppa.gov.in/en/compendiumofprice,https://nppa.gov.in/storage/uploads/pdf/Compendium-Prices-2022pdf-464b22085495ff4e3f8700c0e00cf45d.pdf,2026-08-04T09:01:12+00:00,statutory ceiling under DPCO 2013
Prednisolone,21.1.5,Tablet 10 mg,1 Tablet,1.09,1499(E),30.03.2022,NPPA Compendium of Prices 2022 (ceiling prices under DPCO 2013),https://nppa.gov.in/en/compendiumofprice,https://nppa.gov.in/storage/uploads/pdf/Compendium-Prices-2022pdf-464b22085495ff4e3f8700c0e00cf45d.pdf,2026-08-04T09:01:12+00:00,statutory ceiling under DPCO 2013
Prednisolone,21.1.5,Tablet 20 mg,1 Tablet,2.17,1499(E),30.03.2022,NPPA Compendium of Prices 2022 (ceiling prices under DPCO 2013),https://nppa.gov.in/en/compendiumofprice,https://nppa.gov.in/storage/uploads/pdf/Compendium-Prices-2022pdf-464b22085495ff4e3f8700c0e00cf45d.pdf,2026-08-04T09:01:12+00:00,statutory ceiling under DPCO 2013
Prednisolone,21.1.5,Tablet 40 mg,1 Tablet,3.12,1499(E),30.03.2022,NPPA Compendium of Prices 2022 (ceiling prices under DPCO 2013),https://nppa.gov.in/en/compendiumofprice,https://nppa.gov.in/storage/uploads/pdf/Compendium-Prices-2022pdf-464b22085495ff4e3f8700c0e00cf45d.pdf,2026-08-04T09:01:12+00:00,statutory ceiling under DPCO 2013
Prednisolone,21.1.5,Tablet 5 mg,1 Tablet,0.62,1499(E),30.03.2022,NPPA Compendium of Prices 2022 (ceiling prices under DPCO 2013),https://nppa.gov.in/en/compendiumofprice,https://nppa.gov.in/storage/uploads/pdf/Compendium-Prices-2022pdf-464b22085495ff4e3f8700c0e00cf45d.pdf,2026-08-04T09:01:12+00:00,statutory ceiling under DPCO 2013
Prednisolone,21.1.5,21.2.1.2Ethinylestradiol(A) + Norethisterone Tablet 0.035 mg (A) + 1 mg (B) 21.2.2.1Hormone releasing IUDContains 52 mg of Levonorgestrel 1 IUD,,4295.01,1499(E),30.03.2022,NPPA Compendium of Prices 2022 (ceiling prices under DPCO 2013),https://nppa.gov.in/en/compendiumofprice,https://nppa.gov.in/storage/uploads/pdf/Compendium-Prices-2022pdf-464b22085495ff4e3f8700c0e00cf45d.pdf,2026-08-04T09:01:12+00:00,statutory ceiling under DPCO 2013
Prednisolone,21.1.5,21.2.2.2IUD containing CopperAs licensed 1 IUD,,319.22,1499(E),30.03.2022,NPPA Compendium of Prices 2022 (ceiling prices under DPCO 2013),https://nppa.gov.in/en/compendiumofprice,https://nppa.gov.in/storage/uploads/pdf/Compendium-Prices-2022pdf-464b22085495ff4e3f8700c0e00cf45d.pdf,2026-08-04T09:01:12+00:00,statutory ceiling under DPCO 2013
Prednisolone,21.1.5,"21.2.3.1Condom As per the standards prescribed in Schedule R of Drugs and Cosmetics rules, 1945 21.3.1 Ethinylestradiol Tablet 0.01 mg",1 Tablet,2.6,1499(E),30.03.2022,NPPA Compendium of Prices 2022 (ceiling prices under DPCO 2013),https://nppa.gov.in/en/compendiumofprice,https://nppa.gov.in/storage/uploads/pdf/Compendium-Prices-2022pdf-464b22085495ff4e3f8700c0e00cf45d.pdf,2026-08-04T09:01:12+00:00,statutory ceiling under DPCO 2013
Prednisolone,21.1.5,Tablet 0.05 mg,1 Tablet,4.16,1499(E),30.03.2022,NPPA Compendium of Prices 2022 (ceiling prices under DPCO 2013),https://nppa.gov.in/en/compendiumofprice,https://nppa.gov.in/storage/uploads/pdf/Compendium-Prices-2022pdf-464b22085495ff4e3f8700c0e00cf45d.pdf,2026-08-04T09:01:12+00:00,statutory ceiling under DPCO 2013
Levonorgestrel,21.3.2,Tablet 0.75 mg,1 Tablet,25.55,1499(E),30.03.2022,NPPA Compendium of Prices 2022 (ceiling prices under DPCO 2013),https://nppa.gov.in/en/compendiumofprice,https://nppa.gov.in/storage/uploads/pdf/Compendium-Prices-2022pdf-464b22085495ff4e3f8700c0e00cf45d.pdf,2026-08-04T09:01:12+00:00,statutory ceiling under DPCO 2013
Levonorgestrel,21.3.2,21.4.1.1Glimepiride Tablet 1 mg,1 Tablet,3.99,1499(E),30.03.2022,NPPA Compendium of Prices 2022 (ceiling prices under DPCO 2013),https://nppa.gov.in/en/compendiumofprice,https://nppa.gov.in/storage/uploads/pdf/Compendium-Prices-2022pdf-464b22085495ff4e3f8700c0e00cf45d.pdf,2026-08-04T09:01:12+00:00,statutory ceiling under DPCO 2013
Levonorgestrel,21.3.2,Tablet 2 mg,1 Tablet,6.34,1499(E),30.03.2022,NPPA Compendium of Prices 2022 (ceiling prices under DPCO 2013),https://nppa.gov.in/en/compendiumofprice,https://nppa.gov.in/storage/uploads/pdf/Compendium-Prices-2022pdf-464b22085495ff4e3f8700c0e00cf45d.pdf,2026-08-04T09:01:12+00:00,statutory ceiling under DPCO 2013
Levonorgestrel,21.3.2,21.4.1.2Insulin (Soluble) Injection 40 IU/ml,1 ml,16.71,1499(E),30.03.2022,NPPA Compendium of Prices 2022 (ceiling prices under DPCO 2013),https://nppa.gov.in/en/compendiumofprice,https://nppa.gov.in/storage/uploads/pdf/Compendium-Prices-2022pdf-464b22085495ff4e3f8700c0e00cf45d.pdf,2026-08-04T09:01:12+00:00,statutory ceiling under DPCO 2013
Levonorgestrel,21.3.2,21.4.1.3Intermediate Acting (NPH) Insulin Injection 40 IU/ml,1 ml,16.71,1499(E),30.03.2022,NPPA Compendium of Prices 2022 (ceiling prices under DPCO 2013),https://nppa.gov.in/en/compendiumofprice,https://nppa.gov.in/storage/uploads/pdf/Compendium-Prices-2022pdf-464b22085495ff4e3f8700c0e00cf45d.pdf,2026-08-04T09:01:12+00:00,statutory ceiling under DPCO 2013
Levonorgestrel,21.3.2,21.4.1.4Metformin Tablet 500 mg(Controlled release),1 Tablet,2.13,1499(E),30.03.2022,NPPA Compendium of Prices 2022 (ceiling prices under DPCO 2013),https://nppa.gov.in/en/compendiumofprice,https://nppa.gov.in/storage/uploads/pdf/Compendium-Prices-2022pdf-464b22085495ff4e3f8700c0e00cf45d.pdf,2026-08-04T09:01:12+00:00,statutory ceiling under DPCO 2013
Levonorgestrel,21.3.2,Tablet 500 mg(Immediate release),1 Tablet,1.67,1499(E),30.03.2022,NPPA Compendium of Prices 2022 (ceiling prices under DPCO 2013),https://nppa.gov.in/en/compendiumofprice,https://nppa.gov.in/storage/uploads/pdf/Compendium-Prices-2022pdf-464b22085495ff4e3f8700c0e00cf45d.pdf,2026-08-04T09:01:12+00:00,statutory ceiling under DPCO 2013
Levonorgestrel,21.3.2,Tablet 750 mg(Controlled release),1 Tablet,2.66,1499(E),30.03.2022,NPPA Compendium of Prices 2022 (ceiling prices under DPCO 2013),https://nppa.gov.in/en/compendiumofprice,https://nppa.gov.in/storage/uploads/pdf/Compendium-Prices-2022pdf-464b22085495ff4e3f8700c0e00cf45d.pdf,2026-08-04T09:01:12+00:00,statutory ceiling under DPCO 2013
Levonorgestrel,21.3.2,Tablet 750 mg(Immediate release),1 Tablet,3.38,1499(E),30.03.2022,NPPA Compendium of Prices 2022 (ceiling prices under DPCO 2013),https://nppa.gov.in/en/compendiumofprice,https://nppa.gov.in/storage/uploads/pdf/Compendium-Prices-2022pdf-464b22085495ff4e3f8700c0e00cf45d.pdf,2026-08-04T09:01:12+00:00,statutory ceiling under DPCO 2013
Levonorgestrel,21.3.2,Tablet 1000 mg(Immediate and ),1 Tablet,4.0,1499(E),30.03.2022,NPPA Compendium of Prices 2022 (ceiling prices under DPCO 2013),https://nppa.gov.in/en/compendiumofprice,https://nppa.gov.in/storage/uploads/pdf/Compendium-Prices-2022pdf-464b22085495ff4e3f8700c0e00cf45d.pdf,2026-08-04T09:01:12+00:00,statutory ceiling under DPCO 2013
Levonorgestrel,21.3.2,Tablet 1000 mg(Controlled release,1 Tablet,4.05,1499(E),30.03.2022,NPPA Compendium of Prices 2022 (ceiling prices under DPCO 2013),https://nppa.gov.in/en/compendiumofprice,https://nppa.gov.in/storage/uploads/pdf/Compendium-Prices-2022pdf-464b22085495ff4e3f8700c0e00cf45d.pdf,2026-08-04T09:01:12+00:00,statutory ceiling under DPCO 2013
Levonorgestrel,21.3.2,21.4.1.5Premix Insulin 30:70 Injection (Regular:NPH) Injection 40 IU/ml,1 ml,16.71,1499(E),30.03.2022,NPPA Compendium of Prices 2022 (ceiling prices under DPCO 2013),https://nppa.gov.in/en/compendiumofprice,https://nppa.gov.in/storage/uploads/pdf/Compendium-Prices-2022pdf-464b22085495ff4e3f8700c0e00cf45d.pdf,2026-08-04T09:01:12+00:00,statutory ceiling under DPCO 2013
Levonorgestrel,21.3.2,21.4.2.1Glucose Injection 25 %,1 ml,0.19,1499(E),30.03.2022,NPPA Compendium of Prices 2022 (ceiling prices under DPCO 2013),https://nppa.gov.in/en/compendiumofprice,https://nppa.gov.in/storage/uploads/pdf/Compendium-Prices-2022pdf-464b22085495ff4e3f8700c0e00cf45d.pdf,2026-08-04T09:01:12+00:00,statutory ceiling under DPCO 2013
Clomiphene,21.5.1,Tablet 50 mg,1 Tablet,9.24,1499(E),30.03.2022,NPPA Compendium of Prices 2022 (ceiling prices under DPCO 2013),https://nppa.gov.in/en/compendiumofprice,https://nppa.gov.in/storage/uploads/pdf/Compendium-Prices-2022pdf-464b22085495ff4e3f8700c0e00cf45d.pdf,2026-08-04T09:01:12+00:00,statutory ceiling under DPCO 2013
Clomiphene,21.5.1,Tablet 100 mg,1 Tablet,13.57,1499(E),30.03.2022,NPPA Compendium of Prices 2022 (ceiling prices under DPCO 2013),https://nppa.gov.in/en/compendiumofprice,https://nppa.gov.in/storage/uploads/pdf/Compendium-Prices-2022pdf-464b22085495ff4e3f8700c0e00cf45d.pdf,2026-08-04T09:01:12+00:00,statutory ceiling under DPCO 2013
Clomiphene,21.5.1,Capsule 100 mg,1 Capsule,61.81,1499(E),30.03.2022,NPPA Compendium of Prices 2022 (ceiling prices under DPCO 2013),https://nppa.gov.in/en/compendiumofprice,https://nppa.gov.in/storage/uploads/pdf/Compendium-Prices-2022pdf-464b22085495ff4e3f8700c0e00cf45d.pdf,2026-08-04T09:01:12+00:00,statutory ceiling under DPCO 2013
Clomiphene,21.5.1,Capsule 50 mg,1 Capsule,33.99,1499(E),30.03.2022,NPPA Compendium of Prices 2022 (ceiling prices under DPCO 2013),https://nppa.gov.in/en/compendiumofprice,https://nppa.gov.in/storage/uploads/pdf/Compendium-Prices-2022pdf-464b22085495ff4e3f8700c0e00cf45d.pdf,2026-08-04T09:01:12+00:00,statutory ceiling under DPCO 2013
Medroxyprogesterone acetate,21.6.1,Tablet 5 mg Tablet 10 mg,1 Tablet,5.98,1499(E),30.03.2022,NPPA Compendium of Prices 2022 (ceiling prices under DPCO 2013),https://nppa.gov.in/en/compendiumofprice,https://nppa.gov.in/storage/uploads/pdf/Compendium-Prices-2022pdf-464b22085495ff4e3f8700c0e00cf45d.pdf,2026-08-04T09:01:12+00:00,statutory ceiling under DPCO 2013
Norethisterone,21.6.2,Tablet 5 mg,1 Tablet,5.67,1499(E),30.03.2022,NPPA Compendium of Prices 2022 (ceiling prices under DPCO 2013),https://nppa.gov.in/en/compendiumofprice,https://nppa.gov.in/storage/uploads/pdf/Compendium-Prices-2022pdf-464b22085495ff4e3f8700c0e00cf45d.pdf,2026-08-04T09:01:12+00:00,statutory ceiling under DPCO 2013
Carbimazole,21.7.1,Tablet 5 mg,1 Tablet,2.12,1499(E),30.03.2022,NPPA Compendium of Prices 2022 (ceiling prices under DPCO 2013),https://nppa.gov.in/en/compendiumofprice,https://nppa.gov.in/storage/uploads/pdf/Compendium-Prices-2022pdf-464b22085495ff4e3f8700c0e00cf45d.pdf,2026-08-04T09:01:12+00:00,statutory ceiling under DPCO 2013
Carbimazole,21.7.1,Tablet 10 mg,1 Tablet,4.11,1499(E),30.03.2022,NPPA Compendium of Prices 2022 (ceiling prices under DPCO 2013),https://nppa.gov.in/en/compendiumofprice,https://nppa.gov.in/storage/uploads/pdf/Compendium-Prices-2022pdf-464b22085495ff4e3f8700c0e00cf45d.pdf,2026-08-04T09:01:12+00:00,statutory ceiling under DPCO 2013
Carbimazole,21.7.1,Tablet 25 mcg,1 Tablet,1.45,1499(E),30.03.2022,NPPA Compendium of Prices 2022 (ceiling prices under DPCO 2013),https://nppa.gov.in/en/compendiumofprice,https://nppa.gov.in/storage/uploads/pdf/Compendium-Prices-2022pdf-464b22085495ff4e3f8700c0e00cf45d.pdf,2026-08-04T09:01:12+00:00,statutory ceiling under DPCO 2013
Carbimazole,21.7.1,Tablet 37.50 mcg,1 Tablet,1.31,1499(E),30.03.2022,NPPA Compendium of Prices 2022 (ceiling prices under DPCO 2013),https://nppa.gov.in/en/compendiumofprice,https://nppa.gov.in/storage/uploads/pdf/Compendium-Prices-2022pdf-464b22085495ff4e3f8700c0e00cf45d.pdf,2026-08-04T09:01:12+00:00,statutory ceiling under DPCO 2013
Carbimazole,21.7.1,Tablet 50 mcg,1 Tablet,1.1,1499(E),30.03.2022,NPPA Compendium of Prices 2022 (ceiling prices under DPCO 2013),https://nppa.gov.in/en/compendiumofprice,https://nppa.gov.in/storage/uploads/pdf/Compendium-Prices-2022pdf-464b22085495ff4e3f8700c0e00cf45d.pdf,2026-08-04T09:01:12+00:00,statutory ceiling under DPCO 2013
Carbimazole,21.7.1,Tablet 62.5mcg,1 Tablet,1.56,1499(E),30.03.2022,NPPA Compendium of Prices 2022 (ceiling prices under DPCO 2013),https://nppa.gov.in/en/compendiumofprice,https://nppa.gov.in/storage/uploads/pdf/Compendium-Prices-2022pdf-464b22085495ff4e3f8700c0e00cf45d.pdf,2026-08-04T09:01:12+00:00,statutory ceiling under DPCO 2013
Carbimazole,21.7.1,Tablet 75 mcg,1 Tablet,1.44,1499(E),30.03.2022,NPPA Compendium of Prices 2022 (ceiling prices under DPCO 2013),https://nppa.gov.in/en/compendiumofprice,https://nppa.gov.in/storage/uploads/pdf/Compendium-Prices-2022pdf-464b22085495ff4e3f8700c0e00cf45d.pdf,2026-08-04T09:01:12+00:00,statutory ceiling under DPCO 2013
Carbimazole,21.7.1,Tablet 88 mcg,1 Tablet,1.71,1499(E),30.03.2022,NPPA Compendium of Prices 2022 (ceiling prices under DPCO 2013),https://nppa.gov.in/en/compendiumofprice,https://nppa.gov.in/storage/uploads/pdf/Compendium-Prices-2022pdf-464b22085495ff4e3f8700c0e00cf45d.pdf,2026-08-04T09:01:12+00:00,statutory ceiling under DPCO 2013
Carbimazole,21.7.1,Tablet 100 mcg,1 Tablet,1.33,1499(E),30.03.2022,NPPA Compendium of Prices 2022 (ceiling prices under DPCO 2013),https://nppa.gov.in/en/compendiumofprice,https://nppa.gov.in/storage/uploads/pdf/Compendium-Prices-2022pdf-464b22085495ff4e3f8700c0e00cf45d.pdf,2026-08-04T09:01:12+00:00,statutory ceiling under DPCO 2013
Carbimazole,21.7.1,Tablet 112mcg,1 Tablet,1.6,1499(E),30.03.2022,NPPA Compendium of Prices 2022 (ceiling prices under DPCO 2013),https://nppa.gov.in/en/compendiumofprice,https://nppa.gov.in/storage/uploads/pdf/Compendium-Prices-2022pdf-464b22085495ff4e3f8700c0e00cf45d.pdf,2026-08-04T09:01:12+00:00,statutory ceiling under DPCO 2013
Carbimazole,21.7.1,Tablet 125 mcg,1 Tablet,1.71,1499(E),30.03.2022,NPPA Compendium of Prices 2022 (ceiling prices under DPCO 2013),https://nppa.gov.in/en/compendiumofprice,https://nppa.gov.in/storage/uploads/pdf/Compendium-Prices-2022pdf-464b22085495ff4e3f8700c0e00cf45d.pdf,2026-08-04T09:01:12+00:00,statutory ceiling under DPCO 2013
Carbimazole,21.7.1,Tablet 150 mcg,1 Tablet,1.72,1499(E),30.03.2022,NPPA Compendium of Prices 2022 (ceiling prices under DPCO 2013),https://nppa.gov.in/en/compendiumofprice,https://nppa.gov.in/storage/uploads/pdf/Compendium-Prices-2022pdf-464b22085495ff4e3f8700c0e00cf45d.pdf,2026-08-04T09:01:12+00:00,statutory ceiling under DPCO 2013
"Tuberculin, Purified Protein derivative 22.2.1 Anti-rabies immunoglobulin",22.1.1,Injection 150 IU/ml,1 ml,3080.46,1499(E),30.03.2022,NPPA Compendium of Prices 2022 (ceiling prices under DPCO 2013),https://nppa.gov.in/en/compendiumofprice,https://nppa.gov.in/storage/uploads/pdf/Compendium-Prices-2022pdf-464b22085495ff4e3f8700c0e00cf45d.pdf,2026-08-04T09:01:12+00:00,statutory ceiling under DPCO 2013
"Tuberculin, Purified Protein derivative 22.2.1 Anti-rabies immunoglobulin",22.1.1,Injection 300 IU/ml,1 ml,108.6,1499(E),30.03.2022,NPPA Compendium of Prices 2022 (ceiling prices under DPCO 2013),https://nppa.gov.in/en/compendiumofprice,https://nppa.gov.in/storage/uploads/pdf/Compendium-Prices-2022pdf-464b22085495ff4e3f8700c0e00cf45d.pdf,2026-08-04T09:01:12+00:00,statutory ceiling under DPCO 2013
Anti-tetanus immunoglobulin 250IU Each Pack,22.2.2,,,1233.92,1499(E),30.03.2022,NPPA Compendium of Prices 2022 (ceiling prices under DPCO 2013),https://nppa.gov.in/en/compendiumofprice,https://nppa.gov.in/storage/uploads/pdf/Compendium-Prices-2022pdf-464b22085495ff4e3f8700c0e00cf45d.pdf,2026-08-04T09:01:12+00:00,statutory ceiling under DPCO 2013
Anti-D immunoglobulin,22.2.3,Injection 300mcg,Each Pack,2370.03,1499(E),30.03.2022,NPPA Compendium of Prices 2022 (ceiling prices under DPCO 2013),https://nppa.gov.in/en/compendiumofprice,https://nppa.gov.in/storage/uploads/pdf/Compendium-Prices-2022pdf-464b22085495ff4e3f8700c0e00cf45d.pdf,2026-08-04T09:01:12+00:00,statutory ceiling under DPCO 2013
Anti-D immunoglobulin,22.2.3,Injection 150mcg Each Vial,,1847.36,1499(E),30.03.2022,NPPA Compendium of Prices 2022 (ceiling prices under DPCO 2013),https://nppa.gov.in/en/compendiumofprice,https://nppa.gov.in/storage/uploads/pdf/Compendium-Prices-2022pdf-464b22085495ff4e3f8700c0e00cf45d.pdf,2026-08-04T09:01:12+00:00,statutory ceiling under DPCO 2013
Diphtheria antitoxin 10000 IU Each Pack,22.2.4,,,1455.21,1499(E),30.03.2022,NPPA Compendium of Prices 2022 (ceiling prices under DPCO 2013),https://nppa.gov.in/en/compendiumofprice,https://nppa.gov.in/storage/uploads/pdf/Compendium-Prices-2022pdf-464b22085495ff4e3f8700c0e00cf45d.pdf,2026-08-04T09:01:12+00:00,statutory ceiling under DPCO 2013
Hepatitis B immunoglobulin Each Pack,22.2.5,,,6116.13,1499(E),30.03.2022,NPPA Compendium of Prices 2022 (ceiling prices under DPCO 2013),https://nppa.gov.in/en/compendiumofprice,https://nppa.gov.in/storage/uploads/pdf/Compendium-Prices-2022pdf-464b22085495ff4e3f8700c0e00cf45d.pdf,2026-08-04T09:01:12+00:00,statutory ceiling under DPCO 2013
Human normal immunoglobulin,22.2.6,Solution for infusion 5%,1 ml,171.3,1499(E),30.03.2022,NPPA Compendium of Prices 2022 (ceiling prices under DPCO 2013),https://nppa.gov.in/en/compendiumofprice,https://nppa.gov.in/storage/uploads/pdf/Compendium-Prices-2022pdf-464b22085495ff4e3f8700c0e00cf45d.pdf,2026-08-04T09:01:12+00:00,statutory ceiling under DPCO 2013
Human normal immunoglobulin,22.2.6,Solution for infusion 10%,1 ml,231.92,1499(E),30.03.2022,NPPA Compendium of Prices 2022 (ceiling prices under DPCO 2013),https://nppa.gov.in/en/compendiumofprice,https://nppa.gov.in/storage/uploads/pdf/Compendium-Prices-2022pdf-464b22085495ff4e3f8700c0e00cf45d.pdf,2026-08-04T09:01:12+00:00,statutory ceiling under DPCO 2013
Human normal immunoglobulin,22.2.6,Solution for infusion 16.5%,1 ml,441.03,1499(E),31.03.2021,NPPA Compendium of Prices 2022 (ceiling prices under DPCO 2013),https://nppa.gov.in/en/compendiumofprice,https://nppa.gov.in/storage/uploads/pdf/Compendium-Prices-2022pdf-464b22085495ff4e3f8700c0e00cf45d.pdf,2026-08-04T09:01:12+00:00,statutory ceiling under DPCO 2013
Snake venom antiserum a)   Soluble/ liquid polyvalent,22.2.7,Injection,Each Pack (10 ML),480.46,1499(E),30.03.2022,NPPA Compendium of Prices 2022 (ceiling prices under DPCO 2013),https://nppa.gov.in/en/compendiumofprice,https://nppa.gov.in/storage/uploads/pdf/Compendium-Prices-2022pdf-464b22085495ff4e3f8700c0e00cf45d.pdf,2026-08-04T09:01:12+00:00,statutory ceiling under DPCO 2013
Snake venom antiserum a)   Soluble/ liquid polyvalent,22.2.7,b)  Lyophilized polyvalentPowder for Injection 10 ml Pack,,618.71,1499(E),30.03.2022,NPPA Compendium of Prices 2022 (ceiling prices under DPCO 2013),https://nppa.gov.in/en/compendiumofprice,https://nppa.gov.in/storage/uploads/pdf/Compendium-Prices-2022pdf-464b22085495ff4e3f8700c0e00cf45d.pdf,2026-08-04T09:01:12+00:00,statutory ceiling under DPCO 2013
Snake venom antiserum a)   Soluble/ liquid polyvalent,22.2.7,22.3.1.2DPT + Hib + Hep B vaccine Per 0.,1 ml,89.18,1499(E),30.03.2022,NPPA Compendium of Prices 2022 (ceiling prices under DPCO 2013),https://nppa.gov.in/en/compendiumofprice,https://nppa.gov.in/storage/uploads/pdf/Compendium-Prices-2022pdf-464b22085495ff4e3f8700c0e00cf45d.pdf,2026-08-04T09:01:12+00:00,statutory ceiling under DPCO 2013
Snake venom antiserum a)   Soluble/ liquid polyvalent,22.2.7,22.3.1.3DPT vaccine Per 0.,5 ml,15.73,1499(E),30.03.2022,NPPA Compendium of Prices 2022 (ceiling prices under DPCO 2013),https://nppa.gov.in/en/compendiumofprice,https://nppa.gov.in/storage/uploads/pdf/Compendium-Prices-2022pdf-464b22085495ff4e3f8700c0e00cf45d.pdf,2026-08-04T09:01:12+00:00,statutory ceiling under DPCO 2013
Snake venom antiserum a)   Soluble/ liquid polyvalent,22.2.7,22.3.1.4Hepatitis B vaccine,1 ml,86.95,1499(E),30.03.2022,NPPA Compendium of Prices 2022 (ceiling prices under DPCO 2013),https://nppa.gov.in/en/compendiumofprice,https://nppa.gov.in/storage/uploads/pdf/Compendium-Prices-2022pdf-464b22085495ff4e3f8700c0e00cf45d.pdf,2026-08-04T09:01:12+00:00,statutory ceiling under DPCO 2013
Snake venom antiserum a)   Soluble/ liquid polyvalent,22.2.7,22.3.1.5Japanese encephalitis vaccine 4mcg to 6mcg,Each Pack,774.52,1499(E),30.03.2022,NPPA Compendium of Prices 2022 (ceiling prices under DPCO 2013),https://nppa.gov.in/en/compendiumofprice,https://nppa.gov.in/storage/uploads/pdf/Compendium-Prices-2022pdf-464b22085495ff4e3f8700c0e00cf45d.pdf,2026-08-04T09:01:12+00:00,statutory ceiling under DPCO 2013
Snake venom antiserum a)   Soluble/ liquid polyvalent,22.2.7,up to 3mcg,Each Pack,590.07,1499(E),30.03.2022,NPPA Compendium of Prices 2022 (ceiling prices under DPCO 2013),https://nppa.gov.in/en/compendiumofprice,https://nppa.gov.in/storage/uploads/pdf/Compendium-Prices-2022pdf-464b22085495ff4e3f8700c0e00cf45d.pdf,2026-08-04T09:01:12+00:00,statutory ceiling under DPCO 2013
Snake venom antiserum a)   Soluble/ liquid polyvalent,22.2.7,22.3.1.6Measles vaccine Vaccine,Each Pack,56.61,1499(E),30.03.2022,NPPA Compendium of Prices 2022 (ceiling prices under DPCO 2013),https://nppa.gov.in/en/compendiumofprice,https://nppa.gov.in/storage/uploads/pdf/Compendium-Prices-2022pdf-464b22085495ff4e3f8700c0e00cf45d.pdf,2026-08-04T09:01:12+00:00,statutory ceiling under DPCO 2013
Snake venom antiserum a)   Soluble/ liquid polyvalent,22.2.7,22.3.1.7Oral poliomyelitis vaccine,1 ml,113.86,1499(E),30.03.2022,NPPA Compendium of Prices 2022 (ceiling prices under DPCO 2013),https://nppa.gov.in/en/compendiumofprice,https://nppa.gov.in/storage/uploads/pdf/Compendium-Prices-2022pdf-464b22085495ff4e3f8700c0e00cf45d.pdf,2026-08-04T09:01:12+00:00,statutory ceiling under DPCO 2013
Snake venom antiserum a)   Soluble/ liquid polyvalent,22.2.7,22.3.1.8Tetanus toxoid Injection,Each Pack (0.5ml),12.04,1499(E),30.03.2022,NPPA Compendium of Prices 2022 (ceiling prices under DPCO 2013),https://nppa.gov.in/en/compendiumofprice,https://nppa.gov.in/storage/uploads/pdf/Compendium-Prices-2022pdf-464b22085495ff4e3f8700c0e00cf45d.pdf,2026-08-04T09:01:12+00:00,statutory ceiling under DPCO 2013
Snake venom antiserum a)   Soluble/ liquid polyvalent,22.2.7,Injection,Each Pack (5 ml),26.03,1499(E),30.03.2022,NPPA Compendium of Prices 2022 (ceiling prices under DPCO 2013),https://nppa.gov.in/en/compendiumofprice,https://nppa.gov.in/storage/uploads/pdf/Compendium-Prices-2022pdf-464b22085495ff4e3f8700c0e00cf45d.pdf,2026-08-04T09:01:12+00:00,statutory ceiling under DPCO 2013
Snake venom antiserum a)   Soluble/ liquid polyvalent,22.2.7,22.3.2.1Rabies vaccine,Each Pack,379.43,1499(E),30.03.2022,NPPA Compendium of Prices 2022 (ceiling prices under DPCO 2013),https://nppa.gov.in/en/compendiumofprice,https://nppa.gov.in/storage/uploads/pdf/Compendium-Prices-2022pdf-464b22085495ff4e3f8700c0e00cf45d.pdf,2026-08-04T09:01:12+00:00,statutory ceiling under DPCO 2013
Atracurium,23.1,Injection 10 mg/ml,Each Pack,58.21,1499(E),30.03.2022,NPPA Compendium of Prices 2022 (ceiling prices under DPCO 2013),https://nppa.gov.in/en/compendiumofprice,https://nppa.gov.in/storage/uploads/pdf/Compendium-Prices-2022pdf-464b22085495ff4e3f8700c0e00cf45d.pdf,2026-08-04T09:01:12+00:00,statutory ceiling under DPCO 2013
Baclofen,23.2,Tablet 5 mg,1 Tablet,6.15,1499(E),30.03.2022,NPPA Compendium of Prices 2022 (ceiling prices under DPCO 2013),https://nppa.gov.in/en/compendiumofprice,https://nppa.gov.in/storage/uploads/pdf/Compendium-Prices-2022pdf-464b22085495ff4e3f8700c0e00cf45d.pdf,2026-08-04T09:01:12+00:00,statutory ceiling under DPCO 2013
Baclofen,23.2,Tablet 10 mg,1 Tablet,11.94,1499(E),30.03.2022,NPPA Compendium of Prices 2022 (ceiling prices under DPCO 2013),https://nppa.gov.in/en/compendiumofprice,https://nppa.gov.in/storage/uploads/pdf/Compendium-Prices-2022pdf-464b22085495ff4e3f8700c0e00cf45d.pdf,2026-08-04T09:01:12+00:00,statutory ceiling under DPCO 2013
Baclofen,23.2,Tablet 20 mg,1 Tablet,16.43,1499(E),30.03.2022,NPPA Compendium of Prices 2022 (ceiling prices under DPCO 2013),https://nppa.gov.in/en/compendiumofprice,https://nppa.gov.in/storage/uploads/pdf/Compendium-Prices-2022pdf-464b22085495ff4e3f8700c0e00cf45d.pdf,2026-08-04T09:01:12+00:00,statutory ceiling under DPCO 2013
Neostigmine,23.3,Tablet 15 mg,1 Tablet,5.18,1499(E),30.03.2022,NPPA Compendium of Prices 2022 (ceiling prices under DPCO 2013),https://nppa.gov.in/en/compendiumofprice,https://nppa.gov.in/storage/uploads/pdf/Compendium-Prices-2022pdf-464b22085495ff4e3f8700c0e00cf45d.pdf,2026-08-04T09:01:12+00:00,statutory ceiling under DPCO 2013
Neostigmine,23.3,Injection 0.5 mg/ml,1 ml,4.83,1499(E),30.03.2022,NPPA Compendium of Prices 2022 (ceiling prices under DPCO 2013),https://nppa.gov.in/en/compendiumofprice,https://nppa.gov.in/storage/uploads/pdf/Compendium-Prices-2022pdf-464b22085495ff4e3f8700c0e00cf45d.pdf,2026-08-04T09:01:12+00:00,statutory ceiling under DPCO 2013
Succinylcholine,23.4,Injection 50 mg/ml,1 ml,5.37,1499(E),30.03.2022,NPPA Compendium of Prices 2022 (ceiling prices under DPCO 2013),https://nppa.gov.in/en/compendiumofprice,https://nppa.gov.in/storage/uploads/pdf/Compendium-Prices-2022pdf-464b22085495ff4e3f8700c0e00cf45d.pdf,2026-08-04T09:01:12+00:00,statutory ceiling under DPCO 2013
Vecuronium,23.5,Powder for Injection 4 mg,Each Pack,101.32,1499(E),30.03.2022,NPPA Compendium of Prices 2022 (ceiling prices under DPCO 2013),https://nppa.gov.in/en/compendiumofprice,https://nppa.gov.in/storage/uploads/pdf/Compendium-Prices-2022pdf-464b22085495ff4e3f8700c0e00cf45d.pdf,2026-08-04T09:01:12+00:00,statutory ceiling under DPCO 2013
Vecuronium,23.5,Powder for Injection 10 mg,Each Pack,209.93,1499(E),30.03.2022,NPPA Compendium of Prices 2022 (ceiling prices under DPCO 2013),https://nppa.gov.in/en/compendiumofprice,https://nppa.gov.in/storage/uploads/pdf/Compendium-Prices-2022pdf-464b22085495ff4e3f8700c0e00cf45d.pdf,2026-08-04T09:01:12+00:00,statutory ceiling under DPCO 2013
Alprostadil,24.1,Injection 0.5 mg/ml,1 ml,6288.11,1499(E),30.03.2022,NPPA Compendium of Prices 2022 (ceiling prices under DPCO 2013),https://nppa.gov.in/en/compendiumofprice,https://nppa.gov.in/storage/uploads/pdf/Compendium-Prices-2022pdf-464b22085495ff4e3f8700c0e00cf45d.pdf,2026-08-04T09:01:12+00:00,statutory ceiling under DPCO 2013
Caffeine,24.2,Oral liquid 20 mg/ml,1 ml,236.71,1499(E),30.03.2022,NPPA Compendium of Prices 2022 (ceiling prices under DPCO 2013),https://nppa.gov.in/en/compendiumofprice,https://nppa.gov.in/storage/uploads/pdf/Compendium-Prices-2022pdf-464b22085495ff4e3f8700c0e00cf45d.pdf,2026-08-04T09:01:12+00:00,statutory ceiling under DPCO 2013
Caffeine,24.2,Injection 20 mg/ml,1 ml,278.7,1499(E),30.03.2022,NPPA Compendium of Prices 2022 (ceiling prices under DPCO 2013),https://nppa.gov.in/en/compendiumofprice,https://nppa.gov.in/storage/uploads/pdf/Compendium-Prices-2022pdf-464b22085495ff4e3f8700c0e00cf45d.pdf,2026-08-04T09:01:12+00:00,statutory ceiling under DPCO 2013
Surfactant,24.3,Suspension for intratracheal instillation (As liensed) Per mg of Phospholipid s in the pack,,74.27,1499(E),30.03.2022,NPPA Compendium of Prices 2022 (ceiling prices under DPCO 2013),https://nppa.gov.in/en/compendiumofprice,https://nppa.gov.in/storage/uploads/pdf/Compendium-Prices-2022pdf-464b22085495ff4e3f8700c0e00cf45d.pdf,2026-08-04T09:01:12+00:00,statutory ceiling under DPCO 2013
Acyclovir,25.1.1,Ointment 3%,1 gm,11.56,1499(E),30.03.2022,NPPA Compendium of Prices 2022 (ceiling prices under DPCO 2013),https://nppa.gov.in/en/compendiumofprice,https://nppa.gov.in/storage/uploads/pdf/Compendium-Prices-2022pdf-464b22085495ff4e3f8700c0e00cf45d.pdf,2026-08-04T09:01:12+00:00,statutory ceiling under DPCO 2013
Ciprofloxacin,25.1.2,Drops 0.3 %,1 ml,1.69,1499(E),30.03.2022,NPPA Compendium of Prices 2022 (ceiling prices under DPCO 2013),https://nppa.gov.in/en/compendiumofprice,https://nppa.gov.in/storage/uploads/pdf/Compendium-Prices-2022pdf-464b22085495ff4e3f8700c0e00cf45d.pdf,2026-08-04T09:01:12+00:00,statutory ceiling under DPCO 2013
Ciprofloxacin,25.1.2,Ointment 0.3%,1 gm,1.26,1499(E),30.03.2022,NPPA Compendium of Prices 2022 (ceiling prices under DPCO 2013),https://nppa.gov.in/en/compendiumofprice,https://nppa.gov.in/storage/uploads/pdf/Compendium-Prices-2022pdf-464b22085495ff4e3f8700c0e00cf45d.pdf,2026-08-04T09:01:12+00:00,statutory ceiling under DPCO 2013
Erythromycin,25.1.3,Ointment 0.5% 25.1.4 Gentamicin Drops 0.3%,1 ml,1.01,1499(E),30.03.2022,NPPA Compendium of Prices 2022 (ceiling prices under DPCO 2013),https://nppa.gov.in/en/compendiumofprice,https://nppa.gov.in/storage/uploads/pdf/Compendium-Prices-2022pdf-464b22085495ff4e3f8700c0e00cf45d.pdf,2026-08-04T09:01:12+00:00,statutory ceiling under DPCO 2013
Natamycin,25.1.5,Drops 5%,1 ml,25.32,1499(E),30.03.2022,NPPA Compendium of Prices 2022 (ceiling prices under DPCO 2013),https://nppa.gov.in/en/compendiumofprice,https://nppa.gov.in/storage/uploads/pdf/Compendium-Prices-2022pdf-464b22085495ff4e3f8700c0e00cf45d.pdf,2026-08-04T09:01:12+00:00,statutory ceiling under DPCO 2013
Povidone iodine,25.1.6,Drops 0.6% Drops 5% 25.2.1 Prednisolone Drops 1%,1 ml,5.58,1499(E),30.03.2022,NPPA Compendium of Prices 2022 (ceiling prices under DPCO 2013),https://nppa.gov.in/en/compendiumofprice,https://nppa.gov.in/storage/uploads/pdf/Compendium-Prices-2022pdf-464b22085495ff4e3f8700c0e00cf45d.pdf,2026-08-04T09:01:12+00:00,statutory ceiling under DPCO 2013
Proparacaine,25.3.1,Drops 0.5%,1 ml,11.07,1499(E),30.03.2022,NPPA Compendium of Prices 2022 (ceiling prices under DPCO 2013),https://nppa.gov.in/en/compendiumofprice,https://nppa.gov.in/storage/uploads/pdf/Compendium-Prices-2022pdf-464b22085495ff4e3f8700c0e00cf45d.pdf,2026-08-04T09:01:12+00:00,statutory ceiling under DPCO 2013
Acetazolamide,25.4.1,Tablet 250 mg,1 Tablet,4.07,1499(E),30.03.2022,NPPA Compendium of Prices 2022 (ceiling prices under DPCO 2013),https://nppa.gov.in/en/compendiumofprice,https://nppa.gov.in/storage/uploads/pdf/Compendium-Prices-2022pdf-464b22085495ff4e3f8700c0e00cf45d.pdf,2026-08-04T09:01:12+00:00,statutory ceiling under DPCO 2013
Acetazolamide,25.4.1,Capsule 250 mg,1 Capsule,5.02,1499(E),30.03.2022,NPPA Compendium of Prices 2022 (ceiling prices under DPCO 2013),https://nppa.gov.in/en/compendiumofprice,https://nppa.gov.in/storage/uploads/pdf/Compendium-Prices-2022pdf-464b22085495ff4e3f8700c0e00cf45d.pdf,2026-08-04T09:01:12+00:00,statutory ceiling under DPCO 2013
Pilocarpine,25.4.2,Drops 2%,1 ml,11.22,1499(E),30.03.2022,NPPA Compendium of Prices 2022 (ceiling prices under DPCO 2013),https://nppa.gov.in/en/compendiumofprice,https://nppa.gov.in/storage/uploads/pdf/Compendium-Prices-2022pdf-464b22085495ff4e3f8700c0e00cf45d.pdf,2026-08-04T09:01:12+00:00,statutory ceiling under DPCO 2013
Pilocarpine,25.4.2,Drops 4%,1 ml,12.97,1499(E),30.03.2022,NPPA Compendium of Prices 2022 (ceiling prices under DPCO 2013),https://nppa.gov.in/en/compendiumofprice,https://nppa.gov.in/storage/uploads/pdf/Compendium-Prices-2022pdf-464b22085495ff4e3f8700c0e00cf45d.pdf,2026-08-04T09:01:12+00:00,statutory ceiling under DPCO 2013
Timolol,25.4.3,Drops 0.25%,1 ml,5.74,1499(E),30.03.2022,NPPA Compendium of Prices 2022 (ceiling prices under DPCO 2013),https://nppa.gov.in/en/compendiumofprice,https://nppa.gov.in/storage/uploads/pdf/Compendium-Prices-2022pdf-464b22085495ff4e3f8700c0e00cf45d.pdf,2026-08-04T09:01:12+00:00,statutory ceiling under DPCO 2013
Atropine,25.5.1,Drops 1%,1 ml,3.81,1499(E),30.03.2022,NPPA Compendium of Prices 2022 (ceiling prices under DPCO 2013),https://nppa.gov.in/en/compendiumofprice,https://nppa.gov.in/storage/uploads/pdf/Compendium-Prices-2022pdf-464b22085495ff4e3f8700c0e00cf45d.pdf,2026-08-04T09:01:12+00:00,statutory ceiling under DPCO 2013
Atropine,25.5.1,Ointment 1%,1 gm,4.2,1499(E),30.03.2022,NPPA Compendium of Prices 2022 (ceiling prices under DPCO 2013),https://nppa.gov.in/en/compendiumofprice,https://nppa.gov.in/storage/uploads/pdf/Compendium-Prices-2022pdf-464b22085495ff4e3f8700c0e00cf45d.pdf,2026-08-04T09:01:12+00:00,statutory ceiling under DPCO 2013
Homatropine,25.5.2,Drops 2%,1 ml,6.89,1499(E),30.03.2022,NPPA Compendium of Prices 2022 (ceiling prices under DPCO 2013),https://nppa.gov.in/en/compendiumofprice,https://nppa.gov.in/storage/uploads/pdf/Compendium-Prices-2022pdf-464b22085495ff4e3f8700c0e00cf45d.pdf,2026-08-04T09:01:12+00:00,statutory ceiling under DPCO 2013
Phenylephrine,25.5.3,Drops 5%,1 ml,4.14,1499(E),30.03.2022,NPPA Compendium of Prices 2022 (ceiling prices under DPCO 2013),https://nppa.gov.in/en/compendiumofprice,https://nppa.gov.in/storage/uploads/pdf/Compendium-Prices-2022pdf-464b22085495ff4e3f8700c0e00cf45d.pdf,2026-08-04T09:01:12+00:00,statutory ceiling under DPCO 2013
Phenylephrine,25.5.3,Drops 10 %,1 ml,8.97,1499(E),30.03.2022,NPPA Compendium of Prices 2022 (ceiling prices under DPCO 2013),https://nppa.gov.in/en/compendiumofprice,https://nppa.gov.in/storage/uploads/pdf/Compendium-Prices-2022pdf-464b22085495ff4e3f8700c0e00cf45d.pdf,2026-08-04T09:01:12+00:00,statutory ceiling under DPCO 2013
Tropicamide,25.5.4,Drops 1%,1 ml,11.17,1499(E),30.03.2022,NPPA Compendium of Prices 2022 (ceiling prices under DPCO 2013),https://nppa.gov.in/en/compendiumofprice,https://nppa.gov.in/storage/uploads/pdf/Compendium-Prices-2022pdf-464b22085495ff4e3f8700c0e00cf45d.pdf,2026-08-04T09:01:12+00:00,statutory ceiling under DPCO 2013
Hydroxypropyl methylcellulose,25.6.1,Injection 2%,1 ml,41.64,1499(E),30.03.2022,NPPA Compendium of Prices 2022 (ceiling prices under DPCO 2013),https://nppa.gov.in/en/compendiumofprice,https://nppa.gov.in/storage/uploads/pdf/Compendium-Prices-2022pdf-464b22085495ff4e3f8700c0e00cf45d.pdf,2026-08-04T09:01:12+00:00,statutory ceiling under DPCO 2013
Carboxymethylcell ulose,25.7.1,Drops 0.5%,1 ml,14.19,1499(E),30.03.2022,NPPA Compendium of Prices 2022 (ceiling prices under DPCO 2013),https://nppa.gov.in/en/compendiumofprice,https://nppa.gov.in/storage/uploads/pdf/Compendium-Prices-2022pdf-464b22085495ff4e3f8700c0e00cf45d.pdf,2026-08-04T09:01:12+00:00,statutory ceiling under DPCO 2013
Carboxymethylcell ulose,25.7.1,Drops 1 %,1 ml,19.66,1499(E),30.03.2022,NPPA Compendium of Prices 2022 (ceiling prices under DPCO 2013),https://nppa.gov.in/en/compendiumofprice,https://nppa.gov.in/storage/uploads/pdf/Compendium-Prices-2022pdf-464b22085495ff4e3f8700c0e00cf45d.pdf,2026-08-04T09:01:12+00:00,statutory ceiling under DPCO 2013
Dinoprostone,26.1.1,Tablet 0.5 mg,1 Tablet,55.57,1499(E),30.03.2022,NPPA Compendium of Prices 2022 (ceiling prices under DPCO 2013),https://nppa.gov.in/en/compendiumofprice,https://nppa.gov.in/storage/uploads/pdf/Compendium-Prices-2022pdf-464b22085495ff4e3f8700c0e00cf45d.pdf,2026-08-04T09:01:12+00:00,statutory ceiling under DPCO 2013
Dinoprostone,26.1.1,Gel 0.5 mg,1 gm,90.01,1499(E),30.03.2022,NPPA Compendium of Prices 2022 (ceiling prices under DPCO 2013),https://nppa.gov.in/en/compendiumofprice,https://nppa.gov.in/storage/uploads/pdf/Compendium-Prices-2022pdf-464b22085495ff4e3f8700c0e00cf45d.pdf,2026-08-04T09:01:12+00:00,statutory ceiling under DPCO 2013
Methylergometrine,26.1.2,Tablet 0.125 mg,1 Tablet,8.79,1499(E),30.03.2022,NPPA Compendium of Prices 2022 (ceiling prices under DPCO 2013),https://nppa.gov.in/en/compendiumofprice,https://nppa.gov.in/storage/uploads/pdf/Compendium-Prices-2022pdf-464b22085495ff4e3f8700c0e00cf45d.pdf,2026-08-04T09:01:12+00:00,statutory ceiling under DPCO 2013
Methylergometrine,26.1.2,Injection 0.2 mg/ml,1 ml,15.85,1499(E),30.03.2022,NPPA Compendium of Prices 2022 (ceiling prices under DPCO 2013),https://nppa.gov.in/en/compendiumofprice,https://nppa.gov.in/storage/uploads/pdf/Compendium-Prices-2022pdf-464b22085495ff4e3f8700c0e00cf45d.pdf,2026-08-04T09:01:12+00:00,statutory ceiling under DPCO 2013
Mifepristone,26.1.3,Tablet 200 mg,1 Tablet,357.21,1499(E),30.03.2022,NPPA Compendium of Prices 2022 (ceiling prices under DPCO 2013),https://nppa.gov.in/en/compendiumofprice,https://nppa.gov.in/storage/uploads/pdf/Compendium-Prices-2022pdf-464b22085495ff4e3f8700c0e00cf45d.pdf,2026-08-04T09:01:12+00:00,statutory ceiling under DPCO 2013
Misoprostol,26.1.4,Tablet 100 mcg,1 Tablet,9.67,1499(E),30.03.2022,NPPA Compendium of Prices 2022 (ceiling prices under DPCO 2013),https://nppa.gov.in/en/compendiumofprice,https://nppa.gov.in/storage/uploads/pdf/Compendium-Prices-2022pdf-464b22085495ff4e3f8700c0e00cf45d.pdf,2026-08-04T09:01:12+00:00,statutory ceiling under DPCO 2013
Misoprostol,26.1.4,Tablet 200 mcg,1 Tablet,18.54,1499(E),30.03.2022,NPPA Compendium of Prices 2022 (ceiling prices under DPCO 2013),https://nppa.gov.in/en/compendiumofprice,https://nppa.gov.in/storage/uploads/pdf/Compendium-Prices-2022pdf-464b22085495ff4e3f8700c0e00cf45d.pdf,2026-08-04T09:01:12+00:00,statutory ceiling under DPCO 2013
Oxytocin,26.1.5,Injection 5 IU/ml,1 ml,19.59,1499(E),30.03.2022,NPPA Compendium of Prices 2022 (ceiling prices under DPCO 2013),https://nppa.gov.in/en/compendiumofprice,https://nppa.gov.in/storage/uploads/pdf/Compendium-Prices-2022pdf-464b22085495ff4e3f8700c0e00cf45d.pdf,2026-08-04T09:01:12+00:00,statutory ceiling under DPCO 2013
Oxytocin,26.1.5,Injection 10 IU/ml,1 ml,43.74,1499(E),30.03.2022,NPPA Compendium of Prices 2022 (ceiling prices under DPCO 2013),https://nppa.gov.in/en/compendiumofprice,https://nppa.gov.in/storage/uploads/pdf/Compendium-Prices-2022pdf-464b22085495ff4e3f8700c0e00cf45d.pdf,2026-08-04T09:01:12+00:00,statutory ceiling under DPCO 2013
Betamethasone,26.2.1,Injection 4 mg/ml,1 ml,4.66,1499(E),30.03.2022,NPPA Compendium of Prices 2022 (ceiling prices under DPCO 2013),https://nppa.gov.in/en/compendiumofprice,https://nppa.gov.in/storage/uploads/pdf/Compendium-Prices-2022pdf-464b22085495ff4e3f8700c0e00cf45d.pdf,2026-08-04T09:01:12+00:00,statutory ceiling under DPCO 2013
Nifedipine,26.2.2,Tablet 10 mg,1 Tablet,1.37,1499(E),30.03.2022,NPPA Compendium of Prices 2022 (ceiling prices under DPCO 2013),https://nppa.gov.in/en/compendiumofprice,https://nppa.gov.in/storage/uploads/pdf/Compendium-Prices-2022pdf-464b22085495ff4e3f8700c0e00cf45d.pdf,2026-08-04T09:01:12+00:00,statutory ceiling under DPCO 2013
Nifedipine,26.2.2,Capsule 10 mg,1 Capsule,0.95,1499(E),30.03.2022,NPPA Compendium of Prices 2022 (ceiling prices under DPCO 2013),https://nppa.gov.in/en/compendiumofprice,https://nppa.gov.in/storage/uploads/pdf/Compendium-Prices-2022pdf-464b22085495ff4e3f8700c0e00cf45d.pdf,2026-08-04T09:01:12+00:00,statutory ceiling under DPCO 2013
Clozapine,27.1.1,Tablet 25 mg,1 Tablet,2.79,1499(E),30.03.2022,NPPA Compendium of Prices 2022 (ceiling prices under DPCO 2013),https://nppa.gov.in/en/compendiumofprice,https://nppa.gov.in/storage/uploads/pdf/Compendium-Prices-2022pdf-464b22085495ff4e3f8700c0e00cf45d.pdf,2026-08-04T09:01:12+00:00,statutory ceiling under DPCO 2013
Clozapine,27.1.1,Tablet 50 mg,1 Tablet,5.34,1499(E),30.03.2022,NPPA Compendium of Prices 2022 (ceiling prices under DPCO 2013),https://nppa.gov.in/en/compendiumofprice,https://nppa.gov.in/storage/uploads/pdf/Compendium-Prices-2022pdf-464b22085495ff4e3f8700c0e00cf45d.pdf,2026-08-04T09:01:12+00:00,statutory ceiling under DPCO 2013
Clozapine,27.1.1,Tablet 100 mg,1 Tablet,8.6,1499(E),30.03.2022,NPPA Compendium of Prices 2022 (ceiling prices under DPCO 2013),https://nppa.gov.in/en/compendiumofprice,https://nppa.gov.in/storage/uploads/pdf/Compendium-Prices-2022pdf-464b22085495ff4e3f8700c0e00cf45d.pdf,2026-08-04T09:01:12+00:00,statutory ceiling under DPCO 2013
Fluphenazine Depot,27.1.2,Injection 25 mg/ml,1 ml,55.55,1499(E),30.03.2022,NPPA Compendium of Prices 2022 (ceiling prices under DPCO 2013),https://nppa.gov.in/en/compendiumofprice,https://nppa.gov.in/storage/uploads/pdf/Compendium-Prices-2022pdf-464b22085495ff4e3f8700c0e00cf45d.pdf,2026-08-04T09:01:12+00:00,statutory ceiling under DPCO 2013
Haloperidol,27.1.3,Tablet 5 mg,1 Tablet,3.82,1499(E),30.03.2022,NPPA Compendium of Prices 2022 (ceiling prices under DPCO 2013),https://nppa.gov.in/en/compendiumofprice,https://nppa.gov.in/storage/uploads/pdf/Compendium-Prices-2022pdf-464b22085495ff4e3f8700c0e00cf45d.pdf,2026-08-04T09:01:12+00:00,statutory ceiling under DPCO 2013
Haloperidol,27.1.3,Tablet 10 mg,1 Tablet,4.9,1499(E),30.03.2022,NPPA Compendium of Prices 2022 (ceiling prices under DPCO 2013),https://nppa.gov.in/en/compendiumofprice,https://nppa.gov.in/storage/uploads/pdf/Compendium-Prices-2022pdf-464b22085495ff4e3f8700c0e00cf45d.pdf,2026-08-04T09:01:12+00:00,statutory ceiling under DPCO 2013
Haloperidol,27.1.3,Tablet 20 mg,1 Tablet,5.47,1499(E),30.03.2022,NPPA Compendium of Prices 2022 (ceiling prices under DPCO 2013),https://nppa.gov.in/en/compendiumofprice,https://nppa.gov.in/storage/uploads/pdf/Compendium-Prices-2022pdf-464b22085495ff4e3f8700c0e00cf45d.pdf,2026-08-04T09:01:12+00:00,statutory ceiling under DPCO 2013
Haloperidol,27.1.3,Oral liquid 2 mg/ 5ml,1 ml,2.28,1499(E),30.03.2022,NPPA Compendium of Prices 2022 (ceiling prices under DPCO 2013),https://nppa.gov.in/en/compendiumofprice,https://nppa.gov.in/storage/uploads/pdf/Compendium-Prices-2022pdf-464b22085495ff4e3f8700c0e00cf45d.pdf,2026-08-04T09:01:12+00:00,statutory ceiling under DPCO 2013
Risperidone,27.1.4,Tablet 1 mg,1 Tablet,3.42,1499(E),30.03.2022,NPPA Compendium of Prices 2022 (ceiling prices under DPCO 2013),https://nppa.gov.in/en/compendiumofprice,https://nppa.gov.in/storage/uploads/pdf/Compendium-Prices-2022pdf-464b22085495ff4e3f8700c0e00cf45d.pdf,2026-08-04T09:01:12+00:00,statutory ceiling under DPCO 2013
Risperidone,27.1.4,Tablet 2 mg,1 Tablet,5.47,1499(E),30.03.2022,NPPA Compendium of Prices 2022 (ceiling prices under DPCO 2013),https://nppa.gov.in/en/compendiumofprice,https://nppa.gov.in/storage/uploads/pdf/Compendium-Prices-2022pdf-464b22085495ff4e3f8700c0e00cf45d.pdf,2026-08-04T09:01:12+00:00,statutory ceiling under DPCO 2013
Risperidone,27.1.4,Tablet 4 mg,1 Tablet,11.1,1499(E),30.03.2022,NPPA Compendium of Prices 2022 (ceiling prices under DPCO 2013),https://nppa.gov.in/en/compendiumofprice,https://nppa.gov.in/storage/uploads/pdf/Compendium-Prices-2022pdf-464b22085495ff4e3f8700c0e00cf45d.pdf,2026-08-04T09:01:12+00:00,statutory ceiling under DPCO 2013
Risperidone,27.1.4,Oral liquid 1 mg/ml,1 ml,2.15,1499(E),30.03.2022,NPPA Compendium of Prices 2022 (ceiling prices under DPCO 2013),https://nppa.gov.in/en/compendiumofprice,https://nppa.gov.in/storage/uploads/pdf/Compendium-Prices-2022pdf-464b22085495ff4e3f8700c0e00cf45d.pdf,2026-08-04T09:01:12+00:00,statutory ceiling under DPCO 2013
Risperidone,27.1.4,27.2.1.1Amitriptyline Tablet 10 mg,1 Tablet,2.54,1499(E),30.03.2022,NPPA Compendium of Prices 2022 (ceiling prices under DPCO 2013),https://nppa.gov.in/en/compendiumofprice,https://nppa.gov.in/storage/uploads/pdf/Compendium-Prices-2022pdf-464b22085495ff4e3f8700c0e00cf45d.pdf,2026-08-04T09:01:12+00:00,statutory ceiling under DPCO 2013
Risperidone,27.1.4,Tablet 25 mg,1 Tablet,2.5,1499(E),30.03.2022,NPPA Compendium of Prices 2022 (ceiling prices under DPCO 2013),https://nppa.gov.in/en/compendiumofprice,https://nppa.gov.in/storage/uploads/pdf/Compendium-Prices-2022pdf-464b22085495ff4e3f8700c0e00cf45d.pdf,2026-08-04T09:01:12+00:00,statutory ceiling under DPCO 2013
Risperidone,27.1.4,Tablet 50 mg,1 Tablet,6.45,1499(E),30.03.2022,NPPA Compendium of Prices 2022 (ceiling prices under DPCO 2013),https://nppa.gov.in/en/compendiumofprice,https://nppa.gov.in/storage/uploads/pdf/Compendium-Prices-2022pdf-464b22085495ff4e3f8700c0e00cf45d.pdf,2026-08-04T09:01:12+00:00,statutory ceiling under DPCO 2013
Risperidone,27.1.4,Tablet 75 mg,1 Tablet,6.23,1499(E),30.03.2022,NPPA Compendium of Prices 2022 (ceiling prices under DPCO 2013),https://nppa.gov.in/en/compendiumofprice,https://nppa.gov.in/storage/uploads/pdf/Compendium-Prices-2022pdf-464b22085495ff4e3f8700c0e00cf45d.pdf,2026-08-04T09:01:12+00:00,statutory ceiling under DPCO 2013
Risperidone,27.1.4,27.2.1.2Escitalopram Tablet 5 mg,1 Tablet,5.06,1499(E),30.03.2022,NPPA Compendium of Prices 2022 (ceiling prices under DPCO 2013),https://nppa.gov.in/en/compendiumofprice,https://nppa.gov.in/storage/uploads/pdf/Compendium-Prices-2022pdf-464b22085495ff4e3f8700c0e00cf45d.pdf,2026-08-04T09:01:12+00:00,statutory ceiling under DPCO 2013
Risperidone,27.1.4,Tablet 10 mg,1 Tablet,8.99,1499(E),30.03.2022,NPPA Compendium of Prices 2022 (ceiling prices under DPCO 2013),https://nppa.gov.in/en/compendiumofprice,https://nppa.gov.in/storage/uploads/pdf/Compendium-Prices-2022pdf-464b22085495ff4e3f8700c0e00cf45d.pdf,2026-08-04T09:01:12+00:00,statutory ceiling under DPCO 2013
Risperidone,27.1.4,Tablet 20 mg,1 Tablet,14.21,1499(E),30.03.2022,NPPA Compendium of Prices 2022 (ceiling prices under DPCO 2013),https://nppa.gov.in/en/compendiumofprice,https://nppa.gov.in/storage/uploads/pdf/Compendium-Prices-2022pdf-464b22085495ff4e3f8700c0e00cf45d.pdf,2026-08-04T09:01:12+00:00,statutory ceiling under DPCO 2013
Risperidone,27.1.4,27.2.1.3Fluoxetine Capsule 10 mg,1 Capsule,3.3,1499(E),30.03.2022,NPPA Compendium of Prices 2022 (ceiling prices under DPCO 2013),https://nppa.gov.in/en/compendiumofprice,https://nppa.gov.in/storage/uploads/pdf/Compendium-Prices-2022pdf-464b22085495ff4e3f8700c0e00cf45d.pdf,2026-08-04T09:01:12+00:00,statutory ceiling under DPCO 2013
Risperidone,27.1.4,Capsule 20 mg,1 Capsule,4.05,1499(E),30.03.2022,NPPA Compendium of Prices 2022 (ceiling prices under DPCO 2013),https://nppa.gov.in/en/compendiumofprice,https://nppa.gov.in/storage/uploads/pdf/Compendium-Prices-2022pdf-464b22085495ff4e3f8700c0e00cf45d.pdf,2026-08-04T09:01:12+00:00,statutory ceiling under DPCO 2013
Risperidone,27.1.4,Capsule 40 mg,1 Capsule,6.15,1499(E),30.03.2022,NPPA Compendium of Prices 2022 (ceiling prices under DPCO 2013),https://nppa.gov.in/en/compendiumofprice,https://nppa.gov.in/storage/uploads/pdf/Compendium-Prices-2022pdf-464b22085495ff4e3f8700c0e00cf45d.pdf,2026-08-04T09:01:12+00:00,statutory ceiling under DPCO 2013
Risperidone,27.1.4,Tablet 10 mg,1 Tablet,2.77,1499(E),30.03.2022,NPPA Compendium of Prices 2022 (ceiling prices under DPCO 2013),https://nppa.gov.in/en/compendiumofprice,https://nppa.gov.in/storage/uploads/pdf/Compendium-Prices-2022pdf-464b22085495ff4e3f8700c0e00cf45d.pdf,2026-08-04T09:01:12+00:00,statutory ceiling under DPCO 2013
Risperidone,27.1.4,Tablet 20 mg,1 Tablet,4.4,1499(E),30.03.2022,NPPA Compendium of Prices 2022 (ceiling prices under DPCO 2013),https://nppa.gov.in/en/compendiumofprice,https://nppa.gov.in/storage/uploads/pdf/Compendium-Prices-2022pdf-464b22085495ff4e3f8700c0e00cf45d.pdf,2026-08-04T09:01:12+00:00,statutory ceiling under DPCO 2013
Risperidone,27.1.4,Tablet 40 mg,1 Tablet,5.93,1499(E),30.03.2022,NPPA Compendium of Prices 2022 (ceiling prices under DPCO 2013),https://nppa.gov.in/en/compendiumofprice,https://nppa.gov.in/storage/uploads/pdf/Compendium-Prices-2022pdf-464b22085495ff4e3f8700c0e00cf45d.pdf,2026-08-04T09:01:12+00:00,statutory ceiling under DPCO 2013
Risperidone,27.1.4,Tablet 60 mg,1 Tablet,8.22,1499(E),30.03.2022,NPPA Compendium of Prices 2022 (ceiling prices under DPCO 2013),https://nppa.gov.in/en/compendiumofprice,https://nppa.gov.in/storage/uploads/pdf/Compendium-Prices-2022pdf-464b22085495ff4e3f8700c0e00cf45d.pdf,2026-08-04T09:01:12+00:00,statutory ceiling under DPCO 2013
Risperidone,27.1.4,27.2.2.1Lithium Tablet 300 mg,1 Tablet,1.63,1499(E),30.03.2022,NPPA Compendium of Prices 2022 (ceiling prices under DPCO 2013),https://nppa.gov.in/en/compendiumofprice,https://nppa.gov.in/storage/uploads/pdf/Compendium-Prices-2022pdf-464b22085495ff4e3f8700c0e00cf45d.pdf,2026-08-04T09:01:12+00:00,statutory ceiling under DPCO 2013
Risperidone,27.1.4,27.2.2.2Sodium valproate Tablet 200 mg,1 Tablet,3.44,1499(E),30.03.2022,NPPA Compendium of Prices 2022 (ceiling prices under DPCO 2013),https://nppa.gov.in/en/compendiumofprice,https://nppa.gov.in/storage/uploads/pdf/Compendium-Prices-2022pdf-464b22085495ff4e3f8700c0e00cf45d.pdf,2026-08-04T09:01:12+00:00,statutory ceiling under DPCO 2013
Risperidone,27.1.4,Tablet 500 mg,1 Tablet,7.71,1499(E),30.03.2022,NPPA Compendium of Prices 2022 (ceiling prices under DPCO 2013),https://nppa.gov.in/en/compendiumofprice,https://nppa.gov.in/storage/uploads/pdf/Compendium-Prices-2022pdf-464b22085495ff4e3f8700c0e00cf45d.pdf,2026-08-04T09:01:12+00:00,statutory ceiling under DPCO 2013
Clonazepam,27.3.1,Tablet 0.25 mg,1 Tablet,2.03,1499(E),30.03.2022,NPPA Compendium of Prices 2022 (ceiling prices under DPCO 2013),https://nppa.gov.in/en/compendiumofprice,https://nppa.gov.in/storage/uploads/pdf/Compendium-Prices-2022pdf-464b22085495ff4e3f8700c0e00cf45d.pdf,2026-08-04T09:01:12+00:00,statutory ceiling under DPCO 2013
Clonazepam,27.3.1,Tablet 0.5 mg,1 Tablet,3.46,1499(E),30.03.2022,NPPA Compendium of Prices 2022 (ceiling prices under DPCO 2013),https://nppa.gov.in/en/compendiumofprice,https://nppa.gov.in/storage/uploads/pdf/Compendium-Prices-2022pdf-464b22085495ff4e3f8700c0e00cf45d.pdf,2026-08-04T09:01:12+00:00,statutory ceiling under DPCO 2013
Clonazepam,27.3.1,Tablet 1 mg,1 Tablet,4.7,1499(E),30.03.2022,NPPA Compendium of Prices 2022 (ceiling prices under DPCO 2013),https://nppa.gov.in/en/compendiumofprice,https://nppa.gov.in/storage/uploads/pdf/Compendium-Prices-2022pdf-464b22085495ff4e3f8700c0e00cf45d.pdf,2026-08-04T09:01:12+00:00,statutory ceiling under DPCO 2013
Zolpidem,27.3.2,Tablet 5 mg,1 Tablet,5.98,1499(E),30.03.2022,NPPA Compendium of Prices 2022 (ceiling prices under DPCO 2013),https://nppa.gov.in/en/compendiumofprice,https://nppa.gov.in/storage/uploads/pdf/Compendium-Prices-2022pdf-464b22085495ff4e3f8700c0e00cf45d.pdf,2026-08-04T09:01:12+00:00,statutory ceiling under DPCO 2013
Zolpidem,27.3.2,Tablet 10 mg,1 Tablet,9.38,1499(E),30.03.2022,NPPA Compendium of Prices 2022 (ceiling prices under DPCO 2013),https://nppa.gov.in/en/compendiumofprice,https://nppa.gov.in/storage/uploads/pdf/Compendium-Prices-2022pdf-464b22085495ff4e3f8700c0e00cf45d.pdf,2026-08-04T09:01:12+00:00,statutory ceiling under DPCO 2013
Zolpidem,27.3.2,Capsule 5 mg,1 Capsule,8.16,1499(E),30.03.2022,NPPA Compendium of Prices 2022 (ceiling prices under DPCO 2013),https://nppa.gov.in/en/compendiumofprice,https://nppa.gov.in/storage/uploads/pdf/Compendium-Prices-2022pdf-464b22085495ff4e3f8700c0e00cf45d.pdf,2026-08-04T09:01:12+00:00,statutory ceiling under DPCO 2013
Clomipramine,27.4.1,Tablet 10 mg,1 Tablet,2.79,1499(E),30.03.2022,NPPA Compendium of Prices 2022 (ceiling prices under DPCO 2013),https://nppa.gov.in/en/compendiumofprice,https://nppa.gov.in/storage/uploads/pdf/Compendium-Prices-2022pdf-464b22085495ff4e3f8700c0e00cf45d.pdf,2026-08-04T09:01:12+00:00,statutory ceiling under DPCO 2013
Clomipramine,27.4.1,Tablet 25 mg,1 Tablet,6.16,1499(E),30.03.2022,NPPA Compendium of Prices 2022 (ceiling prices under DPCO 2013),https://nppa.gov.in/en/compendiumofprice,https://nppa.gov.in/storage/uploads/pdf/Compendium-Prices-2022pdf-464b22085495ff4e3f8700c0e00cf45d.pdf,2026-08-04T09:01:12+00:00,statutory ceiling under DPCO 2013
Clomipramine,27.4.1,Tablet 75 mg,1 Tablet,15.93,1499(E),30.03.2022,NPPA Compendium of Prices 2022 (ceiling prices under DPCO 2013),https://nppa.gov.in/en/compendiumofprice,https://nppa.gov.in/storage/uploads/pdf/Compendium-Prices-2022pdf-464b22085495ff4e3f8700c0e00cf45d.pdf,2026-08-04T09:01:12+00:00,statutory ceiling under DPCO 2013
Fluoxetine,27.4.2,Capsule 10 mg,1 Capsule,3.3,1499(E),30.03.2022,NPPA Compendium of Prices 2022 (ceiling prices under DPCO 2013),https://nppa.gov.in/en/compendiumofprice,https://nppa.gov.in/storage/uploads/pdf/Compendium-Prices-2022pdf-464b22085495ff4e3f8700c0e00cf45d.pdf,2026-08-04T09:01:12+00:00,statutory ceiling under DPCO 2013
Fluoxetine,27.4.2,Capsule 20 mg,1 Capsule,4.05,1499(E),30.03.2022,NPPA Compendium of Prices 2022 (ceiling prices under DPCO 2013),https://nppa.gov.in/en/compendiumofprice,https://nppa.gov.in/storage/uploads/pdf/Compendium-Prices-2022pdf-464b22085495ff4e3f8700c0e00cf45d.pdf,2026-08-04T09:01:12+00:00,statutory ceiling under DPCO 2013
Fluoxetine,27.4.2,Capsule 40 mg,1 Capsule,6.15,1499(E),30.03.2022,NPPA Compendium of Prices 2022 (ceiling prices under DPCO 2013),https://nppa.gov.in/en/compendiumofprice,https://nppa.gov.in/storage/uploads/pdf/Compendium-Prices-2022pdf-464b22085495ff4e3f8700c0e00cf45d.pdf,2026-08-04T09:01:12+00:00,statutory ceiling under DPCO 2013
Fluoxetine,27.4.2,Capsule 60 mg,1 Capsule,10.87,1499(E),30.03.2022,NPPA Compendium of Prices 2022 (ceiling prices under DPCO 2013),https://nppa.gov.in/en/compendiumofprice,https://nppa.gov.in/storage/uploads/pdf/Compendium-Prices-2022pdf-464b22085495ff4e3f8700c0e00cf45d.pdf,2026-08-04T09:01:12+00:00,statutory ceiling under DPCO 2013
Fluoxetine,27.4.2,Tablet 10 mg,1 Tablet,2.77,1499(E),30.03.2022,NPPA Compendium of Prices 2022 (ceiling prices under DPCO 2013),https://nppa.gov.in/en/compendiumofprice,https://nppa.gov.in/storage/uploads/pdf/Compendium-Prices-2022pdf-464b22085495ff4e3f8700c0e00cf45d.pdf,2026-08-04T09:01:12+00:00,statutory ceiling under DPCO 2013
Fluoxetine,27.4.2,Tablet 20 mg,1 Tablet,4.4,1499(E),30.03.2022,NPPA Compendium of Prices 2022 (ceiling prices under DPCO 2013),https://nppa.gov.in/en/compendiumofprice,https://nppa.gov.in/storage/uploads/pdf/Compendium-Prices-2022pdf-464b22085495ff4e3f8700c0e00cf45d.pdf,2026-08-04T09:01:12+00:00,statutory ceiling under DPCO 2013
Fluoxetine,27.4.2,Tablet 40 mg,1 Tablet,5.93,1499(E),30.03.2022,NPPA Compendium of Prices 2022 (ceiling prices under DPCO 2013),https://nppa.gov.in/en/compendiumofprice,https://nppa.gov.in/storage/uploads/pdf/Compendium-Prices-2022pdf-464b22085495ff4e3f8700c0e00cf45d.pdf,2026-08-04T09:01:12+00:00,statutory ceiling under DPCO 2013
Fluoxetine,27.4.2,Tablet 60 mg,1 Tablet,8.22,1499(E),30.03.2022,NPPA Compendium of Prices 2022 (ceiling prices under DPCO 2013),https://nppa.gov.in/en/compendiumofprice,https://nppa.gov.in/storage/uploads/pdf/Compendium-Prices-2022pdf-464b22085495ff4e3f8700c0e00cf45d.pdf,2026-08-04T09:01:12+00:00,statutory ceiling under DPCO 2013
Budesonide,28.1.1,Inhalation (MDI/DPI) 100 mcg/dose Per Metered Dose,,1.41,1499(E),30.03.2022,NPPA Compendium of Prices 2022 (ceiling prices under DPCO 2013),https://nppa.gov.in/en/compendiumofprice,https://nppa.gov.in/storage/uploads/pdf/Compendium-Prices-2022pdf-464b22085495ff4e3f8700c0e00cf45d.pdf,2026-08-04T09:01:12+00:00,statutory ceiling under DPCO 2013
Budesonide,28.1.1,Per Dose,,2.22,1499(E),30.03.2022,NPPA Compendium of Prices 2022 (ceiling prices under DPCO 2013),https://nppa.gov.in/en/compendiumofprice,https://nppa.gov.in/storage/uploads/pdf/Compendium-Prices-2022pdf-464b22085495ff4e3f8700c0e00cf45d.pdf,2026-08-04T09:01:12+00:00,statutory ceiling under DPCO 2013
Budesonide,28.1.1,Inhalation (MDI/DPI) 200 mcg/dose Per metered Dose,,1.96,1499(E),30.03.2022,NPPA Compendium of Prices 2022 (ceiling prices under DPCO 2013),https://nppa.gov.in/en/compendiumofprice,https://nppa.gov.in/storage/uploads/pdf/Compendium-Prices-2022pdf-464b22085495ff4e3f8700c0e00cf45d.pdf,2026-08-04T09:01:12+00:00,statutory ceiling under DPCO 2013
Budesonide,28.1.1,Per Dose,,3.21,1499(E),30.03.2022,NPPA Compendium of Prices 2022 (ceiling prices under DPCO 2013),https://nppa.gov.in/en/compendiumofprice,https://nppa.gov.in/storage/uploads/pdf/Compendium-Prices-2022pdf-464b22085495ff4e3f8700c0e00cf45d.pdf,2026-08-04T09:01:12+00:00,statutory ceiling under DPCO 2013
Budesonide,28.1.1,Respirator solution for use in nebulizer 0.5 mg/ml,1 ml,11.9,1499(E),30.03.2022,NPPA Compendium of Prices 2022 (ceiling prices under DPCO 2013),https://nppa.gov.in/en/compendiumofprice,https://nppa.gov.in/storage/uploads/pdf/Compendium-Prices-2022pdf-464b22085495ff4e3f8700c0e00cf45d.pdf,2026-08-04T09:01:12+00:00,statutory ceiling under DPCO 2013
Budesonide,28.1.1,Respirator solution for use in nebulizer 1 mg/ml,1 ml,14.34,1499(E),30.03.2022,NPPA Compendium of Prices 2022 (ceiling prices under DPCO 2013),https://nppa.gov.in/en/compendiumofprice,https://nppa.gov.in/storage/uploads/pdf/Compendium-Prices-2022pdf-464b22085495ff4e3f8700c0e00cf45d.pdf,2026-08-04T09:01:12+00:00,statutory ceiling under DPCO 2013
Budesonide (A)+ Formoterol (B),28.1.2,Inhalation (MDI/DPI) 100 mcg (A)+ 6 mcg (B) Per Metered Dose,,2.09,1499(E),30.03.2022,NPPA Compendium of Prices 2022 (ceiling prices under DPCO 2013),https://nppa.gov.in/en/compendiumofprice,https://nppa.gov.in/storage/uploads/pdf/Compendium-Prices-2022pdf-464b22085495ff4e3f8700c0e00cf45d.pdf,2026-08-04T09:01:12+00:00,statutory ceiling under DPCO 2013
Budesonide (A)+ Formoterol (B),28.1.2,Per Dose,,4.21,1499(E),30.03.2022,NPPA Compendium of Prices 2022 (ceiling prices under DPCO 2013),https://nppa.gov.in/en/compendiumofprice,https://nppa.gov.in/storage/uploads/pdf/Compendium-Prices-2022pdf-464b22085495ff4e3f8700c0e00cf45d.pdf,2026-08-04T09:01:12+00:00,statutory ceiling under DPCO 2013
Budesonide (A)+ Formoterol (B),28.1.2,Inhalation (MDI/DPI) 200 mcg (A)+ 6 mcg (B) Per Metered Dose,,2.97,1499(E),30.03.2022,NPPA Compendium of Prices 2022 (ceiling prices under DPCO 2013),https://nppa.gov.in/en/compendiumofprice,https://nppa.gov.in/storage/uploads/pdf/Compendium-Prices-2022pdf-464b22085495ff4e3f8700c0e00cf45d.pdf,2026-08-04T09:01:12+00:00,statutory ceiling under DPCO 2013
Budesonide (A)+ Formoterol (B),28.1.2,Per Dose,,5.59,1499(E),30.03.2022,NPPA Compendium of Prices 2022 (ceiling prices under DPCO 2013),https://nppa.gov.in/en/compendiumofprice,https://nppa.gov.in/storage/uploads/pdf/Compendium-Prices-2022pdf-464b22085495ff4e3f8700c0e00cf45d.pdf,2026-08-04T09:01:12+00:00,statutory ceiling under DPCO 2013
Budesonide (A)+ Formoterol (B),28.1.2,Inhalation (MDI/DPI) 400 mcg (A)+ 6 mcg (B) Per Metered Dose,,3.39,1499(E),30.03.2022,NPPA Compendium of Prices 2022 (ceiling prices under DPCO 2013),https://nppa.gov.in/en/compendiumofprice,https://nppa.gov.in/storage/uploads/pdf/Compendium-Prices-2022pdf-464b22085495ff4e3f8700c0e00cf45d.pdf,2026-08-04T09:01:12+00:00,statutory ceiling under DPCO 2013
Budesonide (A)+ Formoterol (B),28.1.2,Per Dose,,7.14,1499(E),30.03.2022,NPPA Compendium of Prices 2022 (ceiling prices under DPCO 2013),https://nppa.gov.in/en/compendiumofprice,https://nppa.gov.in/storage/uploads/pdf/Compendium-Prices-2022pdf-464b22085495ff4e3f8700c0e00cf45d.pdf,2026-08-04T09:01:12+00:00,statutory ceiling under DPCO 2013
Hydrocortisone,28.1.3,Injection 100 mg,Each Pack,43.21,1499(E),30.03.2022,NPPA Compendium of Prices 2022 (ceiling prices under DPCO 2013),https://nppa.gov.in/en/compendiumofprice,https://nppa.gov.in/storage/uploads/pdf/Compendium-Prices-2022pdf-464b22085495ff4e3f8700c0e00cf45d.pdf,2026-08-04T09:01:12+00:00,statutory ceiling under DPCO 2013
Hydrocortisone,28.1.3,Injection 200 mg,Each Pack,66.61,1499(E),30.03.2022,NPPA Compendium of Prices 2022 (ceiling prices under DPCO 2013),https://nppa.gov.in/en/compendiumofprice,https://nppa.gov.in/storage/uploads/pdf/Compendium-Prices-2022pdf-464b22085495ff4e3f8700c0e00cf45d.pdf,2026-08-04T09:01:12+00:00,statutory ceiling under DPCO 2013
Ipratropium,28.1.4,Inhalation (MDI/DPI) 20 mcg/dose 1 Dose,,0.68,1499(E),30.03.2022,NPPA Compendium of Prices 2022 (ceiling prices under DPCO 2013),https://nppa.gov.in/en/compendiumofprice,https://nppa.gov.in/storage/uploads/pdf/Compendium-Prices-2022pdf-464b22085495ff4e3f8700c0e00cf45d.pdf,2026-08-04T09:01:12+00:00,statutory ceiling under DPCO 2013
Ipratropium,28.1.4,Respirator solution for use in nebulizer 250 mcg/ml,1 ml,2.81,1499(E),30.03.2022,NPPA Compendium of Prices 2022 (ceiling prices under DPCO 2013),https://nppa.gov.in/en/compendiumofprice,https://nppa.gov.in/storage/uploads/pdf/Compendium-Prices-2022pdf-464b22085495ff4e3f8700c0e00cf45d.pdf,2026-08-04T09:01:12+00:00,statutory ceiling under DPCO 2013
Salbutamol,28.1.5,Tablet 2 mg,1 Tablet,0.18,1499(E),30.03.2022,NPPA Compendium of Prices 2022 (ceiling prices under DPCO 2013),https://nppa.gov.in/en/compendiumofprice,https://nppa.gov.in/storage/uploads/pdf/Compendium-Prices-2022pdf-464b22085495ff4e3f8700c0e00cf45d.pdf,2026-08-04T09:01:12+00:00,statutory ceiling under DPCO 2013
Salbutamol,28.1.5,Oral liquid 2 mg/5 ml,1 ml,0.17,1499(E),30.03.2022,NPPA Compendium of Prices 2022 (ceiling prices under DPCO 2013),https://nppa.gov.in/en/compendiumofprice,https://nppa.gov.in/storage/uploads/pdf/Compendium-Prices-2022pdf-464b22085495ff4e3f8700c0e00cf45d.pdf,2026-08-04T09:01:12+00:00,statutory ceiling under DPCO 2013
Salbutamol,28.1.5,Inhalation (MDI/DPI) 100 mcg/dose 1 Dose,,0.44,1499(E),30.03.2022,NPPA Compendium of Prices 2022 (ceiling prices under DPCO 2013),https://nppa.gov.in/en/compendiumofprice,https://nppa.gov.in/storage/uploads/pdf/Compendium-Prices-2022pdf-464b22085495ff4e3f8700c0e00cf45d.pdf,2026-08-04T09:01:12+00:00,statutory ceiling under DPCO 2013
Salbutamol,28.1.5,Respirator solution for use in nebulizer 5mg/ml,1 ml,0.78,1499(E),30.03.2022,NPPA Compendium of Prices 2022 (ceiling prices under DPCO 2013),https://nppa.gov.in/en/compendiumofprice,https://nppa.gov.in/storage/uploads/pdf/Compendium-Prices-2022pdf-464b22085495ff4e3f8700c0e00cf45d.pdf,2026-08-04T09:01:12+00:00,statutory ceiling under DPCO 2013
Salbutamol,28.1.5,Capsule 4 mg,1 Capsule,0.66,1499(E),30.03.2022,NPPA Compendium of Prices 2022 (ceiling prices under DPCO 2013),https://nppa.gov.in/en/compendiumofprice,https://nppa.gov.in/storage/uploads/pdf/Compendium-Prices-2022pdf-464b22085495ff4e3f8700c0e00cf45d.pdf,2026-08-04T09:01:12+00:00,statutory ceiling under DPCO 2013
Tiotropium,28.1.6,Inhalation (MDI) 9 mcg/dose Per Metered Dose,,2.67,1499(E),30.03.2022,NPPA Compendium of Prices 2022 (ceiling prices under DPCO 2013),https://nppa.gov.in/en/compendiumofprice,https://nppa.gov.in/storage/uploads/pdf/Compendium-Prices-2022pdf-464b22085495ff4e3f8700c0e00cf45d.pdf,2026-08-04T09:01:12+00:00,statutory ceiling under DPCO 2013
Tiotropium,28.1.6,Inhalation (DPI) 18 mcg/dosePer Dose,,10.31,1499(E),30.03.2022,NPPA Compendium of Prices 2022 (ceiling prices under DPCO 2013),https://nppa.gov.in/en/compendiumofprice,https://nppa.gov.in/storage/uploads/pdf/Compendium-Prices-2022pdf-464b22085495ff4e3f8700c0e00cf45d.pdf,2026-08-04T09:01:12+00:00,statutory ceiling under DPCO 2013
Tiotropium,28.1.6,MDI- Metered dose inhaler DPI- Dry Powder inhaler 29.1 Glucose Injection 5% 1000ml Glass,,71.31,1499(E),30.03.2022,NPPA Compendium of Prices 2022 (ceiling prices under DPCO 2013),https://nppa.gov.in/en/compendiumofprice,https://nppa.gov.in/storage/uploads/pdf/Compendium-Prices-2022pdf-464b22085495ff4e3f8700c0e00cf45d.pdf,2026-08-04T09:01:12+00:00,statutory ceiling under DPCO 2013
Tiotropium,28.1.6,Injection 5% 1000ml Non- Glass,,57.57,1499(E),30.03.2022,NPPA Compendium of Prices 2022 (ceiling prices under DPCO 2013),https://nppa.gov.in/en/compendiumofprice,https://nppa.gov.in/storage/uploads/pdf/Compendium-Prices-2022pdf-464b22085495ff4e3f8700c0e00cf45d.pdf,2026-08-04T09:01:12+00:00,statutory ceiling under DPCO 2013
Tiotropium,28.1.6,Injection 5% 100ml Glass,,20.02,1499(E),30.03.2022,NPPA Compendium of Prices 2022 (ceiling prices under DPCO 2013),https://nppa.gov.in/en/compendiumofprice,https://nppa.gov.in/storage/uploads/pdf/Compendium-Prices-2022pdf-464b22085495ff4e3f8700c0e00cf45d.pdf,2026-08-04T09:01:12+00:00,statutory ceiling under DPCO 2013
Tiotropium,28.1.6,Injection 5% 100ml Non- Glass,,18.12,1499(E),30.03.2022,NPPA Compendium of Prices 2022 (ceiling prices under DPCO 2013),https://nppa.gov.in/en/compendiumofprice,https://nppa.gov.in/storage/uploads/pdf/Compendium-Prices-2022pdf-464b22085495ff4e3f8700c0e00cf45d.pdf,2026-08-04T09:01:12+00:00,statutory ceiling under DPCO 2013
Tiotropium,28.1.6,Injection 5% 250ml Glass,,27.66,1499(E),30.03.2022,NPPA Compendium of Prices 2022 (ceiling prices under DPCO 2013),https://nppa.gov.in/en/compendiumofprice,https://nppa.gov.in/storage/uploads/pdf/Compendium-Prices-2022pdf-464b22085495ff4e3f8700c0e00cf45d.pdf,2026-08-04T09:01:12+00:00,statutory ceiling under DPCO 2013
Tiotropium,28.1.6,Injection 5% 250ml Non- Glass,,24.99,1499(E),30.03.2022,NPPA Compendium of Prices 2022 (ceiling prices under DPCO 2013),https://nppa.gov.in/en/compendiumofprice,https://nppa.gov.in/storage/uploads/pdf/Compendium-Prices-2022pdf-464b22085495ff4e3f8700c0e00cf45d.pdf,2026-08-04T09:01:12+00:00,statutory ceiling under DPCO 2013
Tiotropium,28.1.6,Injection 5% 500ml Glass,,39.26,1499(E),30.03.2022,NPPA Compendium of Prices 2022 (ceiling prices under DPCO 2013),https://nppa.gov.in/en/compendiumofprice,https://nppa.gov.in/storage/uploads/pdf/Compendium-Prices-2022pdf-464b22085495ff4e3f8700c0e00cf45d.pdf,2026-08-04T09:01:12+00:00,statutory ceiling under DPCO 2013
Tiotropium,28.1.6,Injection 5% 500ml Non- Glass,,33.87,1499(E),30.03.2022,NPPA Compendium of Prices 2022 (ceiling prices under DPCO 2013),https://nppa.gov.in/en/compendiumofprice,https://nppa.gov.in/storage/uploads/pdf/Compendium-Prices-2022pdf-464b22085495ff4e3f8700c0e00cf45d.pdf,2026-08-04T09:01:12+00:00,statutory ceiling under DPCO 2013
Tiotropium,28.1.6,Injection 5% 1000ml Non- Glass with special features,,84.82,1500(E),30.03.2022,NPPA Compendium of Prices 2022 (ceiling prices under DPCO 2013),https://nppa.gov.in/en/compendiumofprice,https://nppa.gov.in/storage/uploads/pdf/Compendium-Prices-2022pdf-464b22085495ff4e3f8700c0e00cf45d.pdf,2026-08-04T09:01:12+00:00,statutory ceiling under DPCO 2013
Tiotropium,28.1.6,Injection 5% 500ml Non- Glass with special features,,73.38,1500(E),30.03.2022,NPPA Compendium of Prices 2022 (ceiling prices under DPCO 2013),https://nppa.gov.in/en/compendiumofprice,https://nppa.gov.in/storage/uploads/pdf/Compendium-Prices-2022pdf-464b22085495ff4e3f8700c0e00cf45d.pdf,2026-08-04T09:01:12+00:00,statutory ceiling under DPCO 2013
Tiotropium,28.1.6,Injection 10%,Each Pack (1000 ml),28.68,1499(E),30.03.2022,NPPA Compendium of Prices 2022 (ceiling prices under DPCO 2013),https://nppa.gov.in/en/compendiumofprice,https://nppa.gov.in/storage/uploads/pdf/Compendium-Prices-2022pdf-464b22085495ff4e3f8700c0e00cf45d.pdf,2026-08-04T09:01:12+00:00,statutory ceiling under DPCO 2013
Tiotropium,28.1.6,Injection 10%,Each Pack (500 ml),31.19,1499(E),30.03.2022,NPPA Compendium of Prices 2022 (ceiling prices under DPCO 2013),https://nppa.gov.in/en/compendiumofprice,https://nppa.gov.in/storage/uploads/pdf/Compendium-Prices-2022pdf-464b22085495ff4e3f8700c0e00cf45d.pdf,2026-08-04T09:01:12+00:00,statutory ceiling under DPCO 2013
Tiotropium,28.1.6,Injection 25%,1 ml,0.19,1499(E),30.03.2022,NPPA Compendium of Prices 2022 (ceiling prices under DPCO 2013),https://nppa.gov.in/en/compendiumofprice,https://nppa.gov.in/storage/uploads/pdf/Compendium-Prices-2022pdf-464b22085495ff4e3f8700c0e00cf45d.pdf,2026-08-04T09:01:12+00:00,statutory ceiling under DPCO 2013
Tiotropium,28.1.6,Injection 50%,1 ml,0.54,1499(E),30.03.2022,NPPA Compendium of Prices 2022 (ceiling prices under DPCO 2013),https://nppa.gov.in/en/compendiumofprice,https://nppa.gov.in/storage/uploads/pdf/Compendium-Prices-2022pdf-464b22085495ff4e3f8700c0e00cf45d.pdf,2026-08-04T09:01:12+00:00,statutory ceiling under DPCO 2013
Glucose (A) + Sodium chloride (B),29.2,Injection 5% (A) + 0.9% (B)1000ml Glass,,71.78,1499(E),30.03.2022,NPPA Compendium of Prices 2022 (ceiling prices under DPCO 2013),https://nppa.gov.in/en/compendiumofprice,https://nppa.gov.in/storage/uploads/pdf/Compendium-Prices-2022pdf-464b22085495ff4e3f8700c0e00cf45d.pdf,2026-08-04T09:01:12+00:00,statutory ceiling under DPCO 2013
Glucose (A) + Sodium chloride (B),29.2,Injection 5% (A) + 0.9% (B)1000ml Non- Glass,,58.0,1499(E),30.03.2022,NPPA Compendium of Prices 2022 (ceiling prices under DPCO 2013),https://nppa.gov.in/en/compendiumofprice,https://nppa.gov.in/storage/uploads/pdf/Compendium-Prices-2022pdf-464b22085495ff4e3f8700c0e00cf45d.pdf,2026-08-04T09:01:12+00:00,statutory ceiling under DPCO 2013
Glucose (A) + Sodium chloride (B),29.2,Injection 5% (A) + 0.9% (B)100ml Glass,,20.07,1499(E),30.03.2022,NPPA Compendium of Prices 2022 (ceiling prices under DPCO 2013),https://nppa.gov.in/en/compendiumofprice,https://nppa.gov.in/storage/uploads/pdf/Compendium-Prices-2022pdf-464b22085495ff4e3f8700c0e00cf45d.pdf,2026-08-04T09:01:12+00:00,statutory ceiling under DPCO 2013
Glucose (A) + Sodium chloride (B),29.2,Injection 5% (A) + 0.9% (B)100ml Non- Glass,,18.14,1499(E),30.03.2022,NPPA Compendium of Prices 2022 (ceiling prices under DPCO 2013),https://nppa.gov.in/en/compendiumofprice,https://nppa.gov.in/storage/uploads/pdf/Compendium-Prices-2022pdf-464b22085495ff4e3f8700c0e00cf45d.pdf,2026-08-04T09:01:12+00:00,statutory ceiling under DPCO 2013
Glucose (A) + Sodium chloride (B),29.2,Injection 5% (A) + 0.9% (B)250ml Glass,,27.77,1499(E),30.03.2022,NPPA Compendium of Prices 2022 (ceiling prices under DPCO 2013),https://nppa.gov.in/en/compendiumofprice,https://nppa.gov.in/storage/uploads/pdf/Compendium-Prices-2022pdf-464b22085495ff4e3f8700c0e00cf45d.pdf,2026-08-04T09:01:12+00:00,statutory ceiling under DPCO 2013
Glucose (A) + Sodium chloride (B),29.2,Injection 5% (A) + 0.9% (B)250ml Non- Glass,,25.08,1499(E),30.03.2022,NPPA Compendium of Prices 2022 (ceiling prices under DPCO 2013),https://nppa.gov.in/en/compendiumofprice,https://nppa.gov.in/storage/uploads/pdf/Compendium-Prices-2022pdf-464b22085495ff4e3f8700c0e00cf45d.pdf,2026-08-04T09:01:12+00:00,statutory ceiling under DPCO 2013
Glucose (A) + Sodium chloride (B),29.2,Injection 5% (A) + 0.9% (B)500ml Glass,,39.45,1499(E),30.03.2022,NPPA Compendium of Prices 2022 (ceiling prices under DPCO 2013),https://nppa.gov.in/en/compendiumofprice,https://nppa.gov.in/storage/uploads/pdf/Compendium-Prices-2022pdf-464b22085495ff4e3f8700c0e00cf45d.pdf,2026-08-04T09:01:12+00:00,statutory ceiling under DPCO 2013
Glucose (A) + Sodium chloride (B),29.2,Injection 5% (A) + 0.9% (B)500ml Non- Glass,,34.08,1499(E),30.03.2022,NPPA Compendium of Prices 2022 (ceiling prices under DPCO 2013),https://nppa.gov.in/en/compendiumofprice,https://nppa.gov.in/storage/uploads/pdf/Compendium-Prices-2022pdf-464b22085495ff4e3f8700c0e00cf45d.pdf,2026-08-04T09:01:12+00:00,statutory ceiling under DPCO 2013
Oral rehydration saltsAs licensed 1 gm,29.3,,,0.99,1499(E),30.03.2022,NPPA Compendium of Prices 2022 (ceiling prices under DPCO 2013),https://nppa.gov.in/en/compendiumofprice,https://nppa.gov.in/storage/uploads/pdf/Compendium-Prices-2022pdf-464b22085495ff4e3f8700c0e00cf45d.pdf,2026-08-04T09:01:12+00:00,statutory ceiling under DPCO 2013
Oral rehydration saltsAs licensed 1 gm,29.3,,1 ml,0.16,1499(E),30.03.2022,NPPA Compendium of Prices 2022 (ceiling prices under DPCO 2013),https://nppa.gov.in/en/compendiumofprice,https://nppa.gov.in/storage/uploads/pdf/Compendium-Prices-2022pdf-464b22085495ff4e3f8700c0e00cf45d.pdf,2026-08-04T09:01:12+00:00,statutory ceiling under DPCO 2013
Potassium chloride,29.4,Injection 150 mg/ml,1 ml,2.69,1499(E),30.03.2022,NPPA Compendium of Prices 2022 (ceiling prices under DPCO 2013),https://nppa.gov.in/en/compendiumofprice,https://nppa.gov.in/storage/uploads/pdf/Compendium-Prices-2022pdf-464b22085495ff4e3f8700c0e00cf45d.pdf,2026-08-04T09:01:12+00:00,statutory ceiling under DPCO 2013
Potassium chloride,29.4,Oral liquid 500 mg/5 ml,1 ml,0.32,1499(E),30.03.2022,NPPA Compendium of Prices 2022 (ceiling prices under DPCO 2013),https://nppa.gov.in/en/compendiumofprice,https://nppa.gov.in/storage/uploads/pdf/Compendium-Prices-2022pdf-464b22085495ff4e3f8700c0e00cf45d.pdf,2026-08-04T09:01:12+00:00,statutory ceiling under DPCO 2013
Ringer lactate,29.5,Injection (as per IP) Injection 1000ml,Each Pack,88.57,1499(E),30.03.2022,NPPA Compendium of Prices 2022 (ceiling prices under DPCO 2013),https://nppa.gov.in/en/compendiumofprice,https://nppa.gov.in/storage/uploads/pdf/Compendium-Prices-2022pdf-464b22085495ff4e3f8700c0e00cf45d.pdf,2026-08-04T09:01:12+00:00,statutory ceiling under DPCO 2013
Ringer lactate,29.5,Injection 100ml,Each Pack,23.19,1499(E),30.03.2022,NPPA Compendium of Prices 2022 (ceiling prices under DPCO 2013),https://nppa.gov.in/en/compendiumofprice,https://nppa.gov.in/storage/uploads/pdf/Compendium-Prices-2022pdf-464b22085495ff4e3f8700c0e00cf45d.pdf,2026-08-04T09:01:12+00:00,statutory ceiling under DPCO 2013
Ringer lactate,29.5,Injection 250ml,Each Pack,39.54,1499(E),30.03.2022,NPPA Compendium of Prices 2022 (ceiling prices under DPCO 2013),https://nppa.gov.in/en/compendiumofprice,https://nppa.gov.in/storage/uploads/pdf/Compendium-Prices-2022pdf-464b22085495ff4e3f8700c0e00cf45d.pdf,2026-08-04T09:01:12+00:00,statutory ceiling under DPCO 2013
Ringer lactate,29.5,Injection 500ml,Each Pack,50.39,1499(E),30.03.2022,NPPA Compendium of Prices 2022 (ceiling prices under DPCO 2013),https://nppa.gov.in/en/compendiumofprice,https://nppa.gov.in/storage/uploads/pdf/Compendium-Prices-2022pdf-464b22085495ff4e3f8700c0e00cf45d.pdf,2026-08-04T09:01:12+00:00,statutory ceiling under DPCO 2013
Sodium bicarbonate,29.6,Injection (as per IP) Injection 7.5%,1 ml,1.56,1499(E),30.03.2022,NPPA Compendium of Prices 2022 (ceiling prices under DPCO 2013),https://nppa.gov.in/en/compendiumofprice,https://nppa.gov.in/storage/uploads/pdf/Compendium-Prices-2022pdf-464b22085495ff4e3f8700c0e00cf45d.pdf,2026-08-04T09:01:12+00:00,statutory ceiling under DPCO 2013
Sodium chloride,29.7,Injection 0.9% 1000ml Glass,,65.89,1499(E),30.03.2022,NPPA Compendium of Prices 2022 (ceiling prices under DPCO 2013),https://nppa.gov.in/en/compendiumofprice,https://nppa.gov.in/storage/uploads/pdf/Compendium-Prices-2022pdf-464b22085495ff4e3f8700c0e00cf45d.pdf,2026-08-04T09:01:12+00:00,statutory ceiling under DPCO 2013
Sodium chloride,29.7,Injection 0.9% 1000ml Non- Glass,,51.97,1499(E),30.03.2022,NPPA Compendium of Prices 2022 (ceiling prices under DPCO 2013),https://nppa.gov.in/en/compendiumofprice,https://nppa.gov.in/storage/uploads/pdf/Compendium-Prices-2022pdf-464b22085495ff4e3f8700c0e00cf45d.pdf,2026-08-04T09:01:12+00:00,statutory ceiling under DPCO 2013
Sodium chloride,29.7,Injection 0.9% 100ml Glass,,19.48,1499(E),30.03.2022,NPPA Compendium of Prices 2022 (ceiling prices under DPCO 2013),https://nppa.gov.in/en/compendiumofprice,https://nppa.gov.in/storage/uploads/pdf/Compendium-Prices-2022pdf-464b22085495ff4e3f8700c0e00cf45d.pdf,2026-08-04T09:01:12+00:00,statutory ceiling under DPCO 2013
Sodium chloride,29.7,Injection 0.9% 100ml Non- Glass,,17.55,1499(E),30.03.2022,NPPA Compendium of Prices 2022 (ceiling prices under DPCO 2013),https://nppa.gov.in/en/compendiumofprice,https://nppa.gov.in/storage/uploads/pdf/Compendium-Prices-2022pdf-464b22085495ff4e3f8700c0e00cf45d.pdf,2026-08-04T09:01:12+00:00,statutory ceiling under DPCO 2013
Sodium chloride,29.7,Injection 0.9% 250ml Glass,,26.28,1499(E),30.03.2022,NPPA Compendium of Prices 2022 (ceiling prices under DPCO 2013),https://nppa.gov.in/en/compendiumofprice,https://nppa.gov.in/storage/uploads/pdf/Compendium-Prices-2022pdf-464b22085495ff4e3f8700c0e00cf45d.pdf,2026-08-04T09:01:12+00:00,statutory ceiling under DPCO 2013
Sodium chloride,29.7,Injection 0.9% 250ml Non- Glass,,23.59,1499(E),30.03.2022,NPPA Compendium of Prices 2022 (ceiling prices under DPCO 2013),https://nppa.gov.in/en/compendiumofprice,https://nppa.gov.in/storage/uploads/pdf/Compendium-Prices-2022pdf-464b22085495ff4e3f8700c0e00cf45d.pdf,2026-08-04T09:01:12+00:00,statutory ceiling under DPCO 2013
Sodium chloride,29.7,Injection 0.9% 500ml Glass,,36.54,1499(E),30.03.2022,NPPA Compendium of Prices 2022 (ceiling prices under DPCO 2013),https://nppa.gov.in/en/compendiumofprice,https://nppa.gov.in/storage/uploads/pdf/Compendium-Prices-2022pdf-464b22085495ff4e3f8700c0e00cf45d.pdf,2026-08-04T09:01:12+00:00,statutory ceiling under DPCO 2013
Sodium chloride,29.7,Injection 0.9% 500ml Non- Glass,,31.1,1499(E),30.03.2022,NPPA Compendium of Prices 2022 (ceiling prices under DPCO 2013),https://nppa.gov.in/en/compendiumofprice,https://nppa.gov.in/storage/uploads/pdf/Compendium-Prices-2022pdf-464b22085495ff4e3f8700c0e00cf45d.pdf,2026-08-04T09:01:12+00:00,statutory ceiling under DPCO 2013
Sodium chloride,29.7,Injection 0.45% Injection 3% 29.3.1 Water for Injection Injection,Each Pack (10 ml),2.58,1499(E),30.03.2022,NPPA Compendium of Prices 2022 (ceiling prices under DPCO 2013),https://nppa.gov.in/en/compendiumofprice,https://nppa.gov.in/storage/uploads/pdf/Compendium-Prices-2022pdf-464b22085495ff4e3f8700c0e00cf45d.pdf,2026-08-04T09:01:12+00:00,statutory ceiling under DPCO 2013
Sodium chloride,29.7,Injection,Each Pack (5 ml),2.49,1499(E),30.03.2022,NPPA Compendium of Prices 2022 (ceiling prices under DPCO 2013),https://nppa.gov.in/en/compendiumofprice,https://nppa.gov.in/storage/uploads/pdf/Compendium-Prices-2022pdf-464b22085495ff4e3f8700c0e00cf45d.pdf,2026-08-04T09:01:12+00:00,statutory ceiling under DPCO 2013
Sodium chloride,29.7,Injection Per 500 ml Pack,,51.19,1499(E),30.03.2022,NPPA Compendium of Prices 2022 (ceiling prices under DPCO 2013),https://nppa.gov.in/en/compendiumofprice,https://nppa.gov.in/storage/uploads/pdf/Compendium-Prices-2022pdf-464b22085495ff4e3f8700c0e00cf45d.pdf,2026-08-04T09:01:12+00:00,statutory ceiling under DPCO 2013
Sodium chloride,29.7,Injection Per 1000 ml Pack,,89.84,1499(E),30.03.2022,NPPA Compendium of Prices 2022 (ceiling prices under DPCO 2013),https://nppa.gov.in/en/compendiumofprice,https://nppa.gov.in/storage/uploads/pdf/Compendium-Prices-2022pdf-464b22085495ff4e3f8700c0e00cf45d.pdf,2026-08-04T09:01:12+00:00,statutory ceiling under DPCO 2013
Ascorbic acid (Vitamin C),30.1,Tablet 100 mg,1 Tablet,0.21,1499(E),30.03.2022,NPPA Compendium of Prices 2022 (ceiling prices under DPCO 2013),https://nppa.gov.in/en/compendiumofprice,https://nppa.gov.in/storage/uploads/pdf/Compendium-Prices-2022pdf-464b22085495ff4e3f8700c0e00cf45d.pdf,2026-08-04T09:01:12+00:00,statutory ceiling under DPCO 2013
Ascorbic acid (Vitamin C),30.1,Tablet 500 mg,1 Tablet,1.53,1499(E),30.03.2022,NPPA Compendium of Prices 2022 (ceiling prices under DPCO 2013),https://nppa.gov.in/en/compendiumofprice,https://nppa.gov.in/storage/uploads/pdf/Compendium-Prices-2022pdf-464b22085495ff4e3f8700c0e00cf45d.pdf,2026-08-04T09:01:12+00:00,statutory ceiling under DPCO 2013
Calcium carbonate,30.2,Tablet 250 mg Tablet 500 mg,1 Tablet,1.92,1499(E),30.03.2022,NPPA Compendium of Prices 2022 (ceiling prices under DPCO 2013),https://nppa.gov.in/en/compendiumofprice,https://nppa.gov.in/storage/uploads/pdf/Compendium-Prices-2022pdf-464b22085495ff4e3f8700c0e00cf45d.pdf,2026-08-04T09:01:12+00:00,statutory ceiling under DPCO 2013
Calcium gluconate,30.3,Injection 100 mg/ml,1 ml,0.61,1499(E),30.03.2022,NPPA Compendium of Prices 2022 (ceiling prices under DPCO 2013),https://nppa.gov.in/en/compendiumofprice,https://nppa.gov.in/storage/uploads/pdf/Compendium-Prices-2022pdf-464b22085495ff4e3f8700c0e00cf45d.pdf,2026-08-04T09:01:12+00:00,statutory ceiling under DPCO 2013
Cholecalciferol,30.4,"Tablet 1000 IU,",1 Tablet,4.16,1499(E),30.03.2022,NPPA Compendium of Prices 2022 (ceiling prices under DPCO 2013),https://nppa.gov.in/en/compendiumofprice,https://nppa.gov.in/storage/uploads/pdf/Compendium-Prices-2022pdf-464b22085495ff4e3f8700c0e00cf45d.pdf,2026-08-04T09:01:12+00:00,statutory ceiling under DPCO 2013
Cholecalciferol,30.4,Tablet 60000 IU,1 Tablet,26.93,1499(E),30.03.2022,NPPA Compendium of Prices 2022 (ceiling prices under DPCO 2013),https://nppa.gov.in/en/compendiumofprice,https://nppa.gov.in/storage/uploads/pdf/Compendium-Prices-2022pdf-464b22085495ff4e3f8700c0e00cf45d.pdf,2026-08-04T09:01:12+00:00,statutory ceiling under DPCO 2013
Cholecalciferol,30.4,Capsule 1000 IU,1 Capsule,5.31,1499(E),30.03.2022,NPPA Compendium of Prices 2022 (ceiling prices under DPCO 2013),https://nppa.gov.in/en/compendiumofprice,https://nppa.gov.in/storage/uploads/pdf/Compendium-Prices-2022pdf-464b22085495ff4e3f8700c0e00cf45d.pdf,2026-08-04T09:01:12+00:00,statutory ceiling under DPCO 2013
Cholecalciferol,30.4,Capsule 60000 IU,1 Capsule,32.79,1499(E),30.03.2022,NPPA Compendium of Prices 2022 (ceiling prices under DPCO 2013),https://nppa.gov.in/en/compendiumofprice,https://nppa.gov.in/storage/uploads/pdf/Compendium-Prices-2022pdf-464b22085495ff4e3f8700c0e00cf45d.pdf,2026-08-04T09:01:12+00:00,statutory ceiling under DPCO 2013
Cholecalciferol,30.4,Oral liquid 400 IU/ml,1 ml,2.6,1499(E),30.03.2022,NPPA Compendium of Prices 2022 (ceiling prices under DPCO 2013),https://nppa.gov.in/en/compendiumofprice,https://nppa.gov.in/storage/uploads/pdf/Compendium-Prices-2022pdf-464b22085495ff4e3f8700c0e00cf45d.pdf,2026-08-04T09:01:12+00:00,statutory ceiling under DPCO 2013
Nicotinamide,30.5,Tablet 50 mg 30.6 Pyridoxine Tablet 10 mg,1 Tablet,0.12,1499(E),30.03.2022,NPPA Compendium of Prices 2022 (ceiling prices under DPCO 2013),https://nppa.gov.in/en/compendiumofprice,https://nppa.gov.in/storage/uploads/pdf/Compendium-Prices-2022pdf-464b22085495ff4e3f8700c0e00cf45d.pdf,2026-08-04T09:01:12+00:00,statutory ceiling under DPCO 2013
Nicotinamide,30.5,Tablet 50 mg Tablet 100 mg,1 Tablet,6.2,1499(E),30.03.2022,NPPA Compendium of Prices 2022 (ceiling prices under DPCO 2013),https://nppa.gov.in/en/compendiumofprice,https://nppa.gov.in/storage/uploads/pdf/Compendium-Prices-2022pdf-464b22085495ff4e3f8700c0e00cf45d.pdf,2026-08-04T09:01:12+00:00,statutory ceiling under DPCO 2013
Riboflavin,30.7,Tablet 5 mg 30.8 Thiamine Tablet 100 mg,1 Tablet,4.16,1499(E),30.03.2022,NPPA Compendium of Prices 2022 (ceiling prices under DPCO 2013),https://nppa.gov.in/en/compendiumofprice,https://nppa.gov.in/storage/uploads/pdf/Compendium-Prices-2022pdf-464b22085495ff4e3f8700c0e00cf45d.pdf,2026-08-04T09:01:12+00:00,statutory ceiling under DPCO 2013
Riboflavin,30.7,Injection 100 mg/ml,1 ml,27.54,1499(E),30.03.2022,NPPA Compendium of Prices 2022 (ceiling prices under DPCO 2013),https://nppa.gov.in/en/compendiumofprice,https://nppa.gov.in/storage/uploads/pdf/Compendium-Prices-2022pdf-464b22085495ff4e3f8700c0e00cf45d.pdf,2026-08-04T09:01:12+00:00,statutory ceiling under DPCO 2013
Vitamin A,30.9,Capsule 5000 IU Capsule 50000 IU,1 Capsule,0.61,1499(E),30.03.2022,NPPA Compendium of Prices 2022 (ceiling prices under DPCO 2013),https://nppa.gov.in/en/compendiumofprice,https://nppa.gov.in/storage/uploads/pdf/Compendium-Prices-2022pdf-464b22085495ff4e3f8700c0e00cf45d.pdf,2026-08-04T09:01:12+00:00,statutory ceiling under DPCO 2013
Vitamin A,30.9,Capsule 100000 IU Oral liquid 100000 IU/ml Injection 50000 IU/ml,1 ml,2.13,1499(E),30.03.2022,NPPA Compendium of Prices 2022 (ceiling prices under DPCO 2013),https://nppa.gov.in/en/compendiumofprice,https://nppa.gov.in/storage/uploads/pdf/Compendium-Prices-2022pdf-464b22085495ff4e3f8700c0e00cf45d.pdf,2026-08-04T09:01:12+00:00,statutory ceiling under DPCO 2013
Vitamin A,30.9,Tablet 50000 IU,1 Tablet,0.78,1499(E),30.03.2022,NPPA Compendium of Prices 2022 (ceiling prices under DPCO 2013),https://nppa.gov.in/en/compendiumofprice,https://nppa.gov.in/storage/uploads/pdf/Compendium-Prices-2022pdf-464b22085495ff4e3f8700c0e00cf45d.pdf,2026-08-04T09:01:12+00:00,statutory ceiling under DPCO 2013
Bare Metal Stents (BMS) 1,31.1,,,9373.03,1502(E),30.03.2022,NPPA Compendium of Prices 2022 (ceiling prices under DPCO 2013),https://nppa.gov.in/en/compendiumofprice,https://nppa.gov.in/storage/uploads/pdf/Compendium-Prices-2022pdf-464b22085495ff4e3f8700c0e00cf45d.pdf,2026-08-04T09:01:12+00:00,statutory ceiling under DPCO 2013
Drug Eluting Stents (DES) which include metallic DES and Bioresorbable Vascular Scaffold (BVS)/ Biodegradable stents” 1,31.2,,,34128.13,1502(E),30.03.2022,NPPA Compendium of Prices 2022 (ceiling prices under DPCO 2013),https://nppa.gov.in/en/compendiumofprice,https://nppa.gov.in/storage/uploads/pdf/Compendium-Prices-2022pdf-464b22085495ff4e3f8700c0e00cf45d.pdf,2026-08-04T09:01:12+00:00,statutory ceiling under DPCO 2013
